{"assayID":3220,"uniqueID":"pubchemAID:493223","text":"SAR analysis for compounds that allosterically potentiate transient receptor potential cation channel C4 (TRPC4): Primary HTS assay CRC\n\nPossible artifacts of this assay can include, but are not limited to: non-intended chemicals, dust in or on wells of the microtiter plate, or compounds that quench or emit light or fluorescence within the well. All test compound concentrations reported are nominal; the specific concentration for a particular test compound may vary based upon the actual sample provided by the MLSMR.\n\nThe purpose of this assay is to test dose dependent responses for compounds that allosterically potentiate the transient receptor potential cation channel C4 (TRPC4). The same protocol is employed for this assay as the primary screen, except that each compound is tested at multiple concentrations. Compound potentiation of TRPC4 is tested in duplicate using a calcium-sensitive fluorescent dye.\n\nProtocol:\n1. Cell culture: Cells are routinely cultured in DMEM/high glucose medium, supplemented with 10% Fetal Bovine Serum (FBS), 50 IU/ml penicillin, 50 ug/mL streptomycin, and 500 ug/mL G418 and 40 ug/mL hygromycin.\n2. Cell plating: Add 50 ul/well of 300,000 cells/ml re-suspended in DMEM/high glucose medium with 10% FBS.\n3. Incubate overnight at 37C and 5% CO2\n4. Remove medium and add 20 ul/well of 1x Fluo 4 solution to cells \n5. Incubate 45 minutes at room temperature (RT) in the dark\n6. Prepare 7.5X compound plates and control plates on Cybi-Well system: test compounds are prepared using assay buffer; controls are assay buffer (EC0), and ECmax of DAMGO\n7. Remove Fluo 4 dye solution and add 40 ul/well of assay buffer to cells\n8. Remove 40 ul solution and add 20 ul/well of assay buffer to cells\n9. Load cell plates to Hamamatsu FDSS 6000 kinetic imaging plate reader\n10. Add 4 ul of 7.5x compound stock into the cell plates.\n11. Incubate all cell plates for 110 seconds at RT in the dark\n12. Prepare EC20 DAMGO stimulus solution \n13. Measure fluorescence for 5 seconds at 1Hz to establish baseline\n14. Add 6 ul/well of EC20 DAMGO stimulus solution and continue measuring fluorescence for 110 seconds\n15. Calculate ratio readout as F(max-min)/F0 and integrated ratio readout. \n16. Calculate the average and standard deviation for negative and positive controls in each plate, as well as Z and Z' factors\n17. EC50 and Hill Constant calculation from replicates was generated using Microcol Origin 6.0\n18. Outcome assignment: If the test compound causes allosteric activation of TRPC4 in any concentration tested, and a dose response is generated, the compound is considered to be active (outcome=2). \nIf the test compound does not cause allosteric activation of TRPC4 at any concentration tested or a dose response is not generated, the compound is designated as inactive (outcome=1). \n\n19. Score assignment: Compounds with an EC50 less than 1uM are given a score of 100, 1uM-5uM a score of 75, 5uM-10uM a score of 50, 10uM-20uM a score of 25 and any compound with an EC50 greater than 20uM or those that are designated inactive in the outcome are given a score of 0.\n\nList of reagents\n1. TRPC4 and mu-Opioid Receptor-expressing HEK293 Cells (provided by Assay Provider Michael Zhu, Ohio State University)\n2. PBS: pH7.4 (Invitrogen Cat#10010023)\n3. Medium: Dulbecco's Modified Eagle Medium (D-MEM) (1X), liquid (high glucose) w/L-Glut (Sigma D5796-500ML)\n4. Heat Inactivated Fetal Bovine Serum (Sigma, Cat# F2442)\n5. L-Glutamine (Invitrogen, Cat#25030081)\n6. 100x Penicillin-Streptomycin (Mediatech, Cat#30-001-CI)\n7. CellStripper (Mediatech 25-056-Cl)\n8. G418: (Invitrogen, Cat#11811-031)\n9. Hygromycin#(Mediatech, Cat#30-240-CR)\n10. HEPES (Sigma, Cat#H4034)\n11. 10XHBSS (#Invitrogen Cat#14065056)\n12. Pluronic F-127 (20% solution in DMSO) (Invitrogen Cat#P3000MP)\n13. [D-Ala2, N-Me-Phe4, Gly5-ol]-Enkephalin acetate salt (DAMGO) (Sigma Cat#E7384-10mg10MG) \n14. Fluo-4 Calcium Assay Kit (Invitrogen, Cat # F14202)\n15. Triple-layer flask (VWR, Cat #62407-082)\n16. BD Biocoat 384-well plates (BD, Cat# (35)4663 and Lot #7346273)","schemaURI":"http://www.bioassayontology.org/bas#","annotations":[{"propURI":"http://www.bioassayontology.org/bao#BAO_0000205","propLabel":"assay format","propAbbrev":"bao:BAO_0000205","valueURI":"http://www.bioassayontology.org/bao#BAO_0000219","valueLabel":"cell based format","valueAbbrev":"bao:BAO_0000219","valueDescr":"Involves the use of living cells of eukaryotic origin, derived from a multicellular organism, and is a heterogeneous assay type. Typically, this refers to permanent (immortal) cell lines, or primary cells, or some form of stem cells. This is distinct from a single-celled organism-based format (classically bacteria or yeast).","groupNest":[],"groupLabel":[],"valueHier":["http://www.bioassayontology.org/bao#BAO_0000019"],"labelHier":["assay format"]},{"propURI":"http://www.bioassayontology.org/bao#BAO_0002854","propLabel":"bioassay type","propAbbrev":"bao:BAO_0002854","valueURI":"http://www.bioassayontology.org/bao#BAO_0000010","valueLabel":"functional","valueAbbrev":"bao:BAO_0000010","valueDescr":"An assay where the measured signal corresponds to a complex response such as cell survival, proliferation, localization of a protein, nuclear translocation etc. The molecular target is not assumed.","groupNest":[],"groupLabel":[],"valueHier":["http://www.bioassayontology.org/bao#BAO_0000008"],"labelHier":["bioassay type"]},{"propURI":"http://www.bioassayontology.org/bao#BAO_0002800","propLabel":"assay cell line","propAbbrev":"bao:BAO_0002800","valueURI":"http://purl.obolibrary.org/obo/CLO_0001230","valueLabel":"HEK-293 cell","valueAbbrev":"obo:CLO_0001230","valueDescr":"Established from a human primary embryonal kidney transformed by adenovirus type 5.","groupNest":[],"groupLabel":[],"altLabels":["人胚肾 293","HEK 293","293 细胞","HEK-293","293 HEK","293","293 cell","Human Embryonic Kidney 293"],"valueHier":["http://dto.org/DTO/DTO_000"],"labelHier":["BRENDA tissues and cell lines"]},{"propURI":"http://www.bioassayontology.org/bao#BAO_0002921","propLabel":"organism","propAbbrev":"bao:BAO_0002921","valueURI":"http://purl.obolibrary.org/obo/NCBITaxon_10090","valueLabel":"Mus musculus","valueAbbrev":"obo:NCBITaxon_10090","valueDescr":"","groupNest":[],"groupLabel":[],"altLabels":["mouse","mice C57BL/6xCBA/CaJ hybrid","house mouse","Mus muscaris"],"valueHier":["http://www.bioassayontology.org/bao#BAO_0000362","http://www.bioassayontology.org/bao#BAO_0000510","http://www.bioassayontology.org/bao#BAO_0000659","http://www.bioassayontology.org/bao#BAO_0000509","http://www.bioassayontology.org/bao#BAO_0000658","http://www.bioassayontology.org/bao#BAO_0000551"],"labelHier":["mammalian","vertebrate","metazoa","eukaryote","cellular organisms","organism"]},{"propURI":"http://www.bioassayontology.org/bao#BAO_0000211","propLabel":"target","propAbbrev":"bao:BAO_0000211","valueURI":"http://www.bioassayontology.org/bat#SeeGeneID","valueLabel":"see Gene ID","valueAbbrev":"bat:SeeGeneID","valueDescr":"The target is present in the Gene ID section, but needs to be mapped to a formal ontology.","groupNest":[],"groupLabel":[],"valueHier":["http://www.bioassayontology.org/bat#SeeAlso"],"labelHier":["see also"]},{"propURI":"http://www.bioassayontology.org/bao#BAO_0000211","propLabel":"target","propAbbrev":"bao:BAO_0000211","valueURI":"http://www.bioassayontology.org/bat#NeedsChecking","valueLabel":"needs checking","valueAbbrev":"bat:NeedsChecking","valueDescr":"These terms need to be checked by an expert.","groupNest":[],"groupLabel":[],"valueHier":[],"labelHier":[]},{"propURI":"http://www.bioassayontology.org/bao#BAO_0002867","propLabel":"assay footprint","propAbbrev":"bao:BAO_0002867","valueURI":"http://www.bioassayontology.org/bao#BAO_0000515","valueLabel":"384 well plate","valueAbbrev":"bao:BAO_0000515","valueDescr":"This microplate contains 384 wells. It is suitable for a HTS assay.","groupNest":[],"groupLabel":[],"valueHier":["http://www.bioassayontology.org/bao#BAO_0000508","http://www.bioassayontology.org/bao#BAO_0000512"],"labelHier":["microplate","assay footprint"]},{"propURI":"http://www.bioassayontology.org/bao#BAO_0000207","propLabel":"physical detection method","propAbbrev":"bao:BAO_0000207","valueURI":"http://www.bioassayontology.org/bao#BAO_0000363","valueLabel":"fluorescence intensity","valueAbbrev":"bao:BAO_0000363","valueDescr":"Fluorescence intensity is the measure of fluorescence from a sample.","groupNest":[],"groupLabel":[],"valueHier":["http://www.bioassayontology.org/bao#BAO_0000046","http://www.bioassayontology.org/bao#BAO_0000035"],"labelHier":["fluorescence method","physical detection method"]},{"propURI":"http://www.bioassayontology.org/bao#BAO_0002865","propLabel":"detection instrument","propAbbrev":"bao:BAO_0002865","valueURI":"http://www.bioassayontology.org/bao#BAO_0000903","valueLabel":"FDSS6000","valueAbbrev":"bao:BAO_0000903","valueDescr":"","groupNest":[],"groupLabel":[],"valueHier":["http://www.bioassayontology.org/bao#BAO_0000697"],"labelHier":["detection instrument"]},{"propURI":"http://www.bioassayontology.org/bao#BAO_0000185","propLabel":"perturbagen type","propAbbrev":"bao:BAO_0000185","valueURI":"http://www.bioassayontology.org/bao#BAO_0000733","valueLabel":"MLSMR library","valueAbbrev":"bao:BAO_0000733","valueDescr":"","groupNest":[],"groupLabel":[],"valueHier":["http://www.bioassayontology.org/bao#BAO_0000648","http://www.bioassayontology.org/bao#BAO_0000661","http://www.bioassayontology.org/bao#BAO_0003120"],"labelHier":["compound library","perturbagen library","assay screened entity component"]},{"propURI":"http://www.bioassayontology.org/bao#BAO_0000211","propLabel":"target","propAbbrev":"bao:BAO_0000211","valueURI":"http://www.drugtargetontology.org/dto/DTO_01100322","valueLabel":"Short transient receptor potential channel 4","valueAbbrev":"dto:DTO_01100322","valueDescr":"","groupNest":[],"groupLabel":[],"valueHier":["http://www.drugtargetontology.org/dto/DTO_01300579","http://www.drugtargetontology.org/dto/DTO_01300482","http://www.drugtargetontology.org/dto/DTO_01300360","http://www.drugtargetontology.org/dto/DTO_01300327","http://www.drugtargetontology.org/dto/DTO_00100000"],"labelHier":["TRPC4 sub-subfamily","STrpC subfamily","Transient receptor potential calcium channel (TRP-CC) family","Ion channel","Protein"]},{"propURI":"http://www.bioassayontology.org/bao#BAO_0002009","propLabel":"biological process","propAbbrev":"bao:BAO_0002009","valueURI":"http://purl.obolibrary.org/obo/GO_0090280","valueLabel":"positive regulation of calcium ion import","valueAbbrev":"obo:GO_0090280","valueDescr":"Any process that increases the rate, frequency, or extent of the directed movement of calcium ions into a cell or organelle.","groupNest":[],"groupLabel":[],"valueHier":["http://purl.obolibrary.org/obo/GO_0034767","http://purl.obolibrary.org/obo/GO_0043270","http://purl.obolibrary.org/obo/GO_0043269","http://purl.obolibrary.org/obo/GO_0051049","http://purl.obolibrary.org/obo/GO_0032879","http://purl.obolibrary.org/obo/GO_0050789","http://purl.obolibrary.org/obo/GO_0065007","http://purl.obolibrary.org/obo/GO_0008150","http://www.bioassayontology.org/bao#BAO_0003114"],"labelHier":["positive regulation of ion transmembrane transport","positive regulation of ion transport","regulation of ion transport","regulation of transport","regulation of localization","regulation of biological process","biological regulation","biological process","assay biology component"]},{"propURI":"http://www.bioassayontology.org/bao#BAO_0002848","propLabel":"applies to disease","propAbbrev":"bao:BAO_0002848","valueURI":"http://purl.obolibrary.org/obo/DOID_1287","valueLabel":"cardiovascular system disease","valueAbbrev":"obo:DOID_1287","valueDescr":"\nA disease of anatomical entity which occurs in the blood, heart, blood vessels or the lymphatic system that passes nutrients (such as amino acids and electrolytes), gases, hormones, blood cells or lymph to and from cells in the body to help fight diseases and help stabilize body temperature and pH to maintain homeostasis.\n","groupNest":[],"groupLabel":[],"valueHier":["http://purl.obolibrary.org/obo/DOID_7","http://purl.obolibrary.org/obo/DOID_4"],"labelHier":["disease of anatomical entity","Disease"]},{"propURI":"http://www.bioassayontology.org/bao#BAO_0002848","propLabel":"applies to disease","propAbbrev":"bao:BAO_0002848","valueURI":"http://purl.obolibrary.org/obo/DOID_863","valueLabel":"nervous system disease","valueAbbrev":"obo:DOID_863","valueDescr":"A disease of anatomical entity that is located_in the central nervous system or located_in the peripheral nervous system.","groupNest":[],"groupLabel":[],"valueHier":["http://purl.obolibrary.org/obo/DOID_7","http://purl.obolibrary.org/obo/DOID_4"],"labelHier":["disease of anatomical entity","Disease"]},{"propURI":"http://www.bioassayontology.org/bao#BAO_0002848","propLabel":"applies to disease","propAbbrev":"bao:BAO_0002848","valueURI":"http://purl.obolibrary.org/obo/DOID_0050155","valueLabel":"sensory system disease","valueAbbrev":"obo:DOID_0050155","valueDescr":"A nervous system disease which is located in a part of the nervous system responsible for processing sensory information that consists of sensory receptors, neural pathways, and parts of the brain involved in sensory perception. Commonly recognized sensory systems are those for vision, hearing, somatic sensation (touch), taste and olfaction (smell).","groupNest":[],"groupLabel":[],"valueHier":["http://purl.obolibrary.org/obo/DOID_863","http://purl.obolibrary.org/obo/DOID_7","http://purl.obolibrary.org/obo/DOID_4"],"labelHier":["nervous system disease","disease of anatomical entity","Disease"]},{"propURI":"http://www.bioassayontology.org/bao#BAO_0002663","propLabel":"assay kit","propAbbrev":"bao:BAO_0002663","valueURI":"http://www.bioassayontology.org/bao#BAO_0003091","valueLabel":"Fluo-4 Calcium Assay Kit","valueAbbrev":"bao:BAO_0003091","valueDescr":"","groupNest":[],"groupLabel":[],"valueHier":["http://www.bioassayontology.org/bao#BAO_0000248"],"labelHier":["assay kit"]},{"propURI":"http://www.bioassayontology.org/bao#BAO_0002855","propLabel":"bioassay","propAbbrev":"bao:BAO_0002855","valueURI":"http://www.bioassayontology.org/bao#BAO_0000649","valueLabel":"calcium redistribution assay","valueAbbrev":"bao:BAO_0000649","valueDescr":"Calcium functions as second messenger in cell signaling.","groupNest":[],"groupLabel":[],"valueHier":["http://www.bioassayontology.org/bao#BAO_0000819","http://www.bioassayontology.org/bao#BAO_0002999","http://www.bioassayontology.org/bao#BAO_0000015"],"labelHier":["ion redistribution assay","redistribution assay","bioassay"]},{"propURI":"http://www.bioassayontology.org/bao#BAO_0095009","propLabel":"assay design method","propAbbrev":"bao:BAO_0095009","valueURI":"http://www.bioassayontology.org/bao#BAO_0002888","valueLabel":"ion redistribution determination method","valueAbbrev":"bao:BAO_0002888","valueDescr":"","groupNest":[],"groupLabel":[],"valueHier":["http://www.bioassayontology.org/bao#BAO_0000126","http://www.bioassayontology.org/bao#BAO_0002202"],"labelHier":["molecular redistribution determination method","assay design method"]},{"propURI":"http://www.bioassayontology.org/bao#BAO_0000196","propLabel":"assay mode of action","propAbbrev":"bao:BAO_0000196","valueURI":"http://www.bioassayontology.org/bao#BAO_0002907","valueLabel":"allosteric activation","valueAbbrev":"bao:BAO_0002907","valueDescr":"Small molecule that can bind to sites other than the receptor active site and affect activity of the receptor.","groupNest":[],"groupLabel":[],"valueHier":["http://www.bioassayontology.org/bao#BAO_0000087","http://www.bioassayontology.org/bao#BAO_0000084","http://www.bioassayontology.org/bao#BAO_0000074"],"labelHier":["activation","ligand function mode of action","mode of action"]},{"propURI":"http://www.bioassayontology.org/bao#BAO_0000210","propLabel":"screening campaign stage","propAbbrev":"bao:BAO_0000210","valueURI":"http://www.bioassayontology.org/bao#BAO_0000030","valueLabel":"confirmatory assay","valueAbbrev":"bao:BAO_0000030","valueDescr":"Assay performed to confirm activity of compounds identified in the primary screen.  It can be performed as replicate measurements at a single screening concentration or as concentration-response assay.","groupNest":[],"groupLabel":[],"valueHier":["http://www.bioassayontology.org/bao#BAO_0000029"],"labelHier":["assay screening campaign stage"]},{"propURI":"http://www.bioassayontology.org/bao#BAO_0000208","propLabel":"result","propAbbrev":"bao:BAO_0000208","valueURI":"http://www.bioassayontology.org/bao#BAO_0000188","valueLabel":"EC50","valueAbbrev":"bao:BAO_0000188","valueDescr":"The effective concentration of an agonist, which produces 50% of the maximum possible response for that agonist.","groupNest":[],"groupLabel":[],"valueHier":["http://www.bioassayontology.org/bao#BAO_0002162","http://www.bioassayontology.org/bao#BAO_0000180","http://www.bioassayontology.org/bao#BAO_0000179"],"labelHier":["concentration response endpoint","concentration endpoint","endpoint"]},{"propURI":"http://www.bioassayontology.org/bao#BAO_0002874","propLabel":"units","propAbbrev":"bao:BAO_0002874","valueURI":"http://purl.obolibrary.org/obo/UO_0000064","valueLabel":"micromolar","valueAbbrev":"obo:UO_0000064","valueDescr":"A unit of molarity which is equal to one millionth of a molar or 10^[-6] M.","groupNest":["http://www.bioassayontology.org/bao#BAX_0000017"],"groupLabel":["measurement"],"valueHier":["http://purl.obolibrary.org/obo/UO_0000061","http://purl.obolibrary.org/obo/UO_0000051","http://purl.obolibrary.org/obo/UO_0000000"],"labelHier":["unit of molarity","concentration unit","unit"]},{"propURI":"http://www.bioassayontology.org/bao#BAX_0000012","propLabel":"protein identity","propAbbrev":"bao:BAX_0000012","valueURI":"http://www.bioassayontology.org/protein#2935630","valueLabel":"alternatively spliced Trp4 [Mus musculus]","valueAbbrev":"protein:2935630","valueDescr":"Protein: alternatively spliced Trp4 [Mus musculus], Organism: Mus musculus","groupNest":[],"groupLabel":[],"externalURLs":["https://www.ncbi.nlm.nih.gov/protein/2935630"],"valueHier":["http://www.bioassayontology.org/taxon#10090","http://www.bioassayontology.org/taxon#10088","http://www.bioassayontology.org/taxon#39107","http://www.bioassayontology.org/taxon#10066","http://www.bioassayontology.org/taxon#1963758","http://www.bioassayontology.org/taxon#9989","http://www.bioassayontology.org/taxon#314147","http://www.bioassayontology.org/taxon#314146","http://www.bioassayontology.org/taxon#40674","http://www.bioassayontology.org/taxon#32524","http://www.bioassayontology.org/taxon#8287","http://www.bioassayontology.org/taxon#117570","http://www.bioassayontology.org/taxon#7711","http://www.bioassayontology.org/taxon#33511","http://www.bioassayontology.org/taxon#33213","http://www.bioassayontology.org/taxon#33208","http://www.bioassayontology.org/taxon#33154","http://www.bioassayontology.org/taxon#2759","http://www.bioassayontology.org/taxon#131567","http://www.bioassayontology.org/taxon#Root"],"labelHier":["Mus musculus","Mus / Mus","Murinae","Muridae","Myomorpha / Muroidea","Rodentia","Glires","Euarchontoglires","Mammalia / Theria / Eutheria / Boreoeutheria","Amniota","Sarcopterygii / Dipnotetrapodomorpha / Tetrapoda","Teleostomi / Euteleostomi","Chordata / Craniata / Vertebrata / Gnathostomata","Deuterostomia","Bilateria","Metazoa / Eumetazoa","Opisthokonta","Eukaryota","cellular organisms","Faux ProteinID"]},{"propURI":"http://www.bioassayontology.org/bao#BAX_0000011","propLabel":"gene identity","propAbbrev":"bao:BAX_0000011","valueURI":"http://www.bioassayontology.org/geneid#22066","valueLabel":"Trpc4: transient receptor potential cation channel, subfamily C, member 4","valueAbbrev":"geneid:22066","valueDescr":"","groupNest":[],"groupLabel":[],"altLabels":["CCE1 , STRPC4 , Trp4 , Trrp4"],"externalURLs":["https://www.ncbi.nlm.nih.gov/gene/22066"],"valueHier":["http://www.bioassayontology.org/geneid#Mus_musculus","http://www.bioassayontology.org/geneid#Mammalia","http://www.bioassayontology.org/geneid#Root"],"labelHier":["Mus musculus","Mammalia","Faux GeneID"]},{"propURI":"http://www.bioassayontology.org/bao#BAO_0002852","propLabel":"assay sources","propAbbrev":"bao:BAO_0002852","valueURI":"http://www.bioassayexpress.org/sources#SRC_0000011","valueLabel":"Ion Channel Center (Johns Hopkins)","valueAbbrev":"src:SRC_0000011","valueDescr":"Johns Hopkins Ion Channel Center.","groupNest":[],"groupLabel":[],"externalURLs":["http://www.jhicc.org"],"valueHier":["http://www.bioassayexpress.org/sources#pubchem_sources","http://www.bioassayontology.org/bao#BAO_0002934"],"labelHier":["PubChem Sources","organization"]},{"propURI":"http://www.bioassayontology.org/bao#BAO_0000211","propLabel":"target","propAbbrev":"bao:BAO_0000211","valueURI":"http://purl.obolibrary.org/obo/PR_Q9UBN4","valueLabel":"short transient receptor potential channel 4 (human)","valueAbbrev":"obo:PR_Q9UBN4","valueDescr":"A short transient receptor potential cation channel TRPC4 that is encoded in the genome of human.","groupNest":[],"groupLabel":[],"altLabels":["Trp-related protein 4 (human)","TrpC4 (human)","hTrp4","hTrp-4","hTRPC4"],"valueHier":["http://purl.obolibrary.org/obo/PR_000029067","http://purl.obolibrary.org/obo/PR_000036194","http://purl.obolibrary.org/obo/PR_000000001"],"labelHier":["Homo sapiens protein","eukaryotic protein","protein"]},{"propURI":"http://www.bioassayontology.org/bao#BAO_0000211","valueLabel":"The protein IDs in target and GeneID do not match possibly due to alternatively spliced form used","propAbbrev":"bao:BAO_0000211","groupNest":[],"propLabel":"target","groupLabel":[]},{"propURI":"http://www.bioassayontology.org/bao#BAO_0000539","valueLabel":"pubchemAID:2227","propAbbrev":"bao:BAO_0000539","groupNest":[],"propLabel":"related assays","groupLabel":[]},{"propURI":"http://www.bioassayontology.org/bao#BAO_0002853","valueLabel":"SAR analysis for compounds that allosterically potentiate transient receptor potential cation channel C4 (TRPC4): Primary HTS assay CRC","propAbbrev":"bao:BAO_0002853","groupNest":[],"propLabel":"assay title","groupLabel":[]}],"pubchemXRef":[{"type":"aid","id":"2227","comment":"Primary HTS assay for TRPC4 allosteric potentiators with 305616 compounds where 1291 were identified as active."},{"type":"dburl","id":"http://www.jhicc.org","comment":""},{"type":"gene","id":"22066","comment":"Trpc4 transient receptor potential cation channel, subfamily C, member 4 [Mus musculus] "},{"type":"protein_gi","id":"2935630","comment":"alternatively spliced Trp4 [Mus musculus]"}],"curationTime":1584620532632,"curatorID":"google:108375455890260223170","curatorName":"","curatorEmail":"aclark.xyz@gmail.com","history":[{"curationTime":1492468125648,"curatorID":"admin","annotsAdded":[{"propURI":"http://www.bioassayontology.org/bao#BAO_0002854","propLabel":"bioassay type","propAbbrev":"bao:BAO_0002854","valueURI":"http://www.bioassayontology.org/bao#BAO_0000010","valueLabel":"functional","valueAbbrev":"bao:BAO_0000010","valueDescr":"An assay where the measured signal corresponds to a complex response such as cell survival, proliferation, localization of a protein, nuclear translocation etc. The molecular target is not assumed.","valueHier":["http://www.bioassayontology.org/bao#BAO_0000008"],"labelHier":["bioassay type"]}],"annotsRemoved":[{"propURI":"http://www.bioassayontology.org/bao#BAX_0000002","propLabel":"has bioassay type","propAbbrev":"bao:BAX_0000002","valueURI":"http://www.bioassayontology.org/bao#BAO_0000010","valueLabel":"functional","valueAbbrev":"bao:BAO_0000010","valueDescr":"An assay where the measured signal corresponds to a complex response such as cell survival, proliferation, localization of a protein, nuclear translocation etc. The molecular target is not assumed.","valueHier":[],"labelHier":[],"outOfSchema":true}],"labelsAdded":[{"propURI":"http://www.bioassayontology.org/bao#BAO_0002854","valueLabel":"functional","propAbbrev":"bao:BAO_0002854","propLabel":"bioassay type"}],"labelsRemoved":[{"propURI":"http://www.bioassayontology.org/bao#BAX_0000002","valueLabel":"functional","propAbbrev":"bao:BAX_0000002","propLabel":"has bioassay type"}]},{"curationTime":1492468125648,"curatorID":"admin","annotsAdded":[{"propURI":"http://www.bioassayontology.org/bao#BAO_0002009","propLabel":"biological process","propAbbrev":"bao:BAO_0002009","valueURI":"http://purl.obolibrary.org/obo/GO_0090280","valueLabel":"positive regulation of calcium ion import","valueAbbrev":"obo:GO_0090280","valueDescr":"Any process that increases the rate, frequency, or extent of the directed movement of calcium ions into a cell or organelle.","valueHier":["http://purl.obolibrary.org/obo/GO_0034767","http://purl.obolibrary.org/obo/GO_0043270","http://purl.obolibrary.org/obo/GO_0043269","http://purl.obolibrary.org/obo/GO_0051049","http://purl.obolibrary.org/obo/GO_0032879","http://purl.obolibrary.org/obo/GO_0050789","http://purl.obolibrary.org/obo/GO_0065007","http://purl.obolibrary.org/obo/GO_0008150","http://www.bioassayontology.org/bao#BAO_0003114"],"labelHier":["positive regulation of ion transmembrane transport","positive regulation of ion transport","regulation of ion transport","regulation of transport","regulation of localization","regulation of biological process","biological regulation","biological process","assay biology component"]}],"annotsRemoved":[{"propURI":"http://www.bioassayontology.org/bao#BAX_0000004","propAbbrev":"bao:BAX_0000004","valueURI":"http://purl.obolibrary.org/obo/GO_0090280","valueLabel":"positive regulation of calcium ion import","valueAbbrev":"obo:GO_0090280","valueDescr":"Any process that increases the rate, frequency, or extent of the directed movement of calcium ions into a cell or organelle.","valueHier":[],"labelHier":[],"outOfSchema":true}],"labelsAdded":[{"propURI":"http://www.bioassayontology.org/bao#BAO_0002009","valueLabel":"positive regulation of calcium ion import","propAbbrev":"bao:BAO_0002009","propLabel":"biological process"}],"labelsRemoved":[{"propURI":"http://www.bioassayontology.org/bao#BAX_0000004","valueLabel":"positive regulation of calcium ion import","propAbbrev":"bao:BAX_0000004"}]},{"curationTime":1492468125648,"curatorID":"admin","annotsAdded":[{"propURI":"http://www.bioassayontology.org/bao#BAO_0002848","propLabel":"applies to disease","propAbbrev":"bao:BAO_0002848","valueURI":"http://purl.obolibrary.org/obo/DOID_863","valueLabel":"nervous system disease","valueAbbrev":"obo:DOID_863","valueDescr":"A disease of anatomical entity that is located_in the central nervous system or located_in the peripheral nervous system.","valueHier":["http://purl.obolibrary.org/obo/DOID_7","http://purl.obolibrary.org/obo/DOID_4"],"labelHier":["disease of anatomical entity","Disease"]},{"propURI":"http://www.bioassayontology.org/bao#BAO_0002848","propLabel":"applies to disease","propAbbrev":"bao:BAO_0002848","valueURI":"http://purl.obolibrary.org/obo/DOID_0050155","valueLabel":"sensory system disease","valueAbbrev":"obo:DOID_0050155","valueDescr":"A nervous system disease which is located in a part of the nervous system responsible for processing sensory information that consists of sensory receptors, neural pathways, and parts of the brain involved in sensory perception. Commonly recognized sensory systems are those for vision, hearing, somatic sensation (touch), taste and olfaction (smell).","valueHier":["http://purl.obolibrary.org/obo/DOID_863","http://purl.obolibrary.org/obo/DOID_7","http://purl.obolibrary.org/obo/DOID_4"],"labelHier":["nervous system disease","disease of anatomical entity","Disease"]},{"propURI":"http://www.bioassayontology.org/bao#BAO_0002848","propLabel":"applies to disease","propAbbrev":"bao:BAO_0002848","valueURI":"http://purl.obolibrary.org/obo/DOID_1287","valueLabel":"cardiovascular system disease","valueAbbrev":"obo:DOID_1287","valueDescr":"\nA disease of anatomical entity which occurs in the blood, heart, blood vessels or the lymphatic system that passes nutrients (such as amino acids and electrolytes), gases, hormones, blood cells or lymph to and from cells in the body to help fight diseases and help stabilize body temperature and pH to maintain homeostasis.\n","valueHier":["http://purl.obolibrary.org/obo/DOID_7","http://purl.obolibrary.org/obo/DOID_4"],"labelHier":["disease of anatomical entity","Disease"]}],"annotsRemoved":[{"propURI":"http://www.bioassayontology.org/bao#BAX_0000010","propAbbrev":"bao:BAX_0000010","valueURI":"http://purl.obolibrary.org/obo/DOID_1287","valueLabel":"cardiovascular system disease","valueAbbrev":"obo:DOID_1287","valueDescr":"\nA disease of anatomical entity which occurs in the blood, heart, blood vessels or the lymphatic system that passes nutrients (such as amino acids and electrolytes), gases, hormones, blood cells or lymph to and from cells in the body to help fight diseases and help stabilize body temperature and pH to maintain homeostasis.\n","valueHier":[],"labelHier":[],"outOfSchema":true},{"propURI":"http://www.bioassayontology.org/bao#BAX_0000010","propAbbrev":"bao:BAX_0000010","valueURI":"http://purl.obolibrary.org/obo/DOID_863","valueLabel":"nervous system disease","valueAbbrev":"obo:DOID_863","valueDescr":"A disease of anatomical entity that is located_in the central nervous system or located_in the peripheral nervous system.","valueHier":[],"labelHier":[],"outOfSchema":true},{"propURI":"http://www.bioassayontology.org/bao#BAX_0000010","propAbbrev":"bao:BAX_0000010","valueURI":"http://purl.obolibrary.org/obo/DOID_0050155","valueLabel":"sensory system disease","valueAbbrev":"obo:DOID_0050155","valueDescr":"A nervous system disease which is located in a part of the nervous system responsible for processing sensory information that consists of sensory receptors, neural pathways, and parts of the brain involved in sensory perception. Commonly recognized sensory systems are those for vision, hearing, somatic sensation (touch), taste and olfaction (smell).","valueHier":[],"labelHier":[],"outOfSchema":true}],"labelsAdded":[{"propURI":"http://www.bioassayontology.org/bao#BAO_0002848","valueLabel":"nervous system disease","propAbbrev":"bao:BAO_0002848","propLabel":"applies to disease"},{"propURI":"http://www.bioassayontology.org/bao#BAO_0002848","valueLabel":"sensory system disease","propAbbrev":"bao:BAO_0002848","propLabel":"applies to disease"},{"propURI":"http://www.bioassayontology.org/bao#BAO_0002848","valueLabel":"cardiovascular system disease","propAbbrev":"bao:BAO_0002848","propLabel":"applies to disease"}],"labelsRemoved":[{"propURI":"http://www.bioassayontology.org/bao#BAX_0000010","valueLabel":"cardiovascular system disease","propAbbrev":"bao:BAX_0000010"},{"propURI":"http://www.bioassayontology.org/bao#BAX_0000010","valueLabel":"nervous system disease","propAbbrev":"bao:BAX_0000010"},{"propURI":"http://www.bioassayontology.org/bao#BAX_0000010","valueLabel":"sensory system disease","propAbbrev":"bao:BAX_0000010"}]},{"curationTime":1492468125648,"curatorID":"admin","annotsAdded":[{"propURI":"http://www.bioassayontology.org/bao#BAO_0000208","propLabel":"result","propAbbrev":"bao:BAO_0000208","valueURI":"http://www.bioassayontology.org/bao#BAO_0000188","valueLabel":"EC50","valueAbbrev":"bao:BAO_0000188","valueDescr":"The effective concentration of an agonist, which produces 50% of the maximum possible response for that agonist.","valueHier":["http://www.bioassayontology.org/bao#BAO_0002162","http://www.bioassayontology.org/bao#BAO_0000180","http://www.bioassayontology.org/bao#BAO_0000179"],"labelHier":["concentration response endpoint","concentration endpoint","endpoint"]}],"annotsRemoved":[{"propURI":"http://www.bioassayontology.org/bao#BAX_0000006","propAbbrev":"bao:BAX_0000006","valueURI":"http://www.bioassayontology.org/bao#BAO_0000188","valueLabel":"EC50","valueAbbrev":"bao:BAO_0000188","valueDescr":"The effective concentration of an agonist, which produces 50% of the maximum possible response for that agonist.","valueHier":[],"labelHier":[],"outOfSchema":true}],"labelsAdded":[{"propURI":"http://www.bioassayontology.org/bao#BAO_0000208","valueLabel":"EC50","propAbbrev":"bao:BAO_0000208","propLabel":"result"}],"labelsRemoved":[{"propURI":"http://www.bioassayontology.org/bao#BAX_0000006","valueLabel":"EC50","propAbbrev":"bao:BAX_0000006"}]},{"curationTime":1492468125648,"curatorID":"admin","annotsAdded":[{"propURI":"http://www.bioassayontology.org/bao#BAO_0002874","propLabel":"units","propAbbrev":"bao:BAO_0002874","valueURI":"http://purl.org/obo/owl/UO#UO_0000064","valueLabel":"micromolar","valueAbbrev":"uo:UO_0000064","valueDescr":"","valueHier":[],"labelHier":[],"outOfSchema":true}],"annotsRemoved":[{"propURI":"http://www.bioassayontology.org/bao#BAX_0000007","propAbbrev":"bao:BAX_0000007","valueURI":"http://purl.org/obo/owl/UO#UO_0000064","valueLabel":"micromolar","valueAbbrev":"uo:UO_0000064","valueDescr":"","valueHier":[],"labelHier":[],"outOfSchema":true}],"labelsAdded":[{"propURI":"http://www.bioassayontology.org/bao#BAO_0002874","valueLabel":"micromolar","propAbbrev":"bao:BAO_0002874","propLabel":"units"}],"labelsRemoved":[{"propURI":"http://www.bioassayontology.org/bao#BAX_0000007","valueLabel":"micromolar","propAbbrev":"bao:BAX_0000007"}]},{"curationTime":1492468125648,"curatorID":"admin","annotsAdded":[{"propURI":"http://www.bioassayontology.org/bao#BAO_0095009","propLabel":"assay design method","propAbbrev":"bao:BAO_0095009","valueURI":"http://www.bioassayontology.org/bao#BAO_0002888","valueLabel":"ion redistribution determination method","valueAbbrev":"bao:BAO_0002888","valueDescr":"","valueHier":["http://www.bioassayontology.org/bao#BAO_0000126","http://www.bioassayontology.org/bao#BAO_0002202"],"labelHier":["molecular redistribution determination method","assay design method"]}],"annotsRemoved":[{"propURI":"http://www.bioassayontology.org/bao#BAX_0000003","propAbbrev":"bao:BAX_0000003","valueURI":"http://www.bioassayontology.org/bao#BAO_0002888","valueLabel":"ion redistribution determination method","valueAbbrev":"bao:BAO_0002888","valueDescr":"","valueHier":[],"labelHier":[],"outOfSchema":true}],"labelsAdded":[{"propURI":"http://www.bioassayontology.org/bao#BAO_0095009","valueLabel":"ion redistribution determination method","propAbbrev":"bao:BAO_0095009","propLabel":"assay design method"}],"labelsRemoved":[{"propURI":"http://www.bioassayontology.org/bao#BAX_0000003","valueLabel":"ion redistribution determination method","propAbbrev":"bao:BAX_0000003"}]},{"curationTime":1492468125648,"curatorID":"admin","annotsAdded":[{"propURI":"http://www.bioassayontology.org/bao#BAO_0000211","propLabel":"target","propAbbrev":"bao:BAO_0000211","valueURI":"http://www.bioassayontology.org/bat#NeedsChecking","valueLabel":"needs checking","valueAbbrev":"bat:NeedsChecking","valueDescr":"These terms need to be checked by an expert.","valueHier":[],"labelHier":[]},{"propURI":"http://www.bioassayontology.org/bao#BAO_0000211","propLabel":"target","propAbbrev":"bao:BAO_0000211","valueURI":"http://www.bioassayontology.org/bat#SeeGeneID","valueLabel":"see Gene ID","valueAbbrev":"bat:SeeGeneID","valueDescr":"The target is present in the Gene ID section, but needs to be mapped to a formal ontology.","valueHier":["http://www.bioassayontology.org/bat#SeeAlso"],"labelHier":["see also"]},{"propURI":"http://www.bioassayontology.org/bao#BAO_0000211","propLabel":"target","propAbbrev":"bao:BAO_0000211","valueURI":"http://www.drugtargetontology.org/dto/DTO_01100322","valueLabel":"Short transient receptor potential channel 4","valueAbbrev":"dto:DTO_01100322","valueDescr":"","valueHier":["http://www.drugtargetontology.org/dto/DTO_01300579","http://www.drugtargetontology.org/dto/DTO_01300482","http://www.drugtargetontology.org/dto/DTO_01300360","http://www.drugtargetontology.org/dto/DTO_01300327","http://www.drugtargetontology.org/dto/DTO_00100000"],"labelHier":["TRPC4 sub-subfamily","STrpC subfamily","Transient receptor potential calcium channel (TRP-CC) family","Ion channel","Protein"]}],"annotsRemoved":[{"propURI":"http://www.bioassayontology.org/bao#BAX_0000005","propAbbrev":"bao:BAX_0000005","valueURI":"http://www.bioassayontology.org/bat#NeedsChecking","valueLabel":"needs checking","valueAbbrev":"bat:NeedsChecking","valueDescr":"These terms need to be checked by an expert.","valueHier":[],"labelHier":[]},{"propURI":"http://www.bioassayontology.org/bao#BAX_0000005","propAbbrev":"bao:BAX_0000005","valueURI":"http://www.bioassayontology.org/bat#SeeGeneID","valueLabel":"see Gene ID","valueAbbrev":"bat:SeeGeneID","valueDescr":"The target is present in the Gene ID section, but needs to be mapped to a formal ontology.","valueHier":[],"labelHier":[],"outOfSchema":true},{"propURI":"http://www.bioassayontology.org/bao#BAX_0000005","propAbbrev":"bao:BAX_0000005","valueURI":"http://www.drugtargetontology.org/dto/DTO_01100322","valueLabel":"Short transient receptor potential channel 4","valueAbbrev":"dto:DTO_01100322","valueDescr":"","valueHier":[],"labelHier":[],"outOfSchema":true}],"labelsAdded":[{"propURI":"http://www.bioassayontology.org/bao#BAO_0000211","valueLabel":"needs checking","propAbbrev":"bao:BAO_0000211","propLabel":"target"},{"propURI":"http://www.bioassayontology.org/bao#BAO_0000211","valueLabel":"see Gene ID","propAbbrev":"bao:BAO_0000211","propLabel":"target"},{"propURI":"http://www.bioassayontology.org/bao#BAO_0000211","valueLabel":"Short transient receptor potential channel 4","propAbbrev":"bao:BAO_0000211","propLabel":"target"}],"labelsRemoved":[{"propURI":"http://www.bioassayontology.org/bao#BAX_0000005","valueLabel":"needs checking","propAbbrev":"bao:BAX_0000005"},{"propURI":"http://www.bioassayontology.org/bao#BAX_0000005","valueLabel":"see Gene ID","propAbbrev":"bao:BAX_0000005"},{"propURI":"http://www.bioassayontology.org/bao#BAX_0000005","valueLabel":"Short transient receptor potential channel 4","propAbbrev":"bao:BAX_0000005"}]},{"curationTime":1492468125648,"curatorID":"admin","annotsAdded":[{"propURI":"http://www.bioassayontology.org/bao#BAO_0002855","propLabel":"bioassay","propAbbrev":"bao:BAO_0002855","valueURI":"http://www.bioassayontology.org/bao#BAO_0000649","valueLabel":"calcium redistribution assay","valueAbbrev":"bao:BAO_0000649","valueDescr":"Calcium functions as second messenger in cell signaling.","valueHier":["http://www.bioassayontology.org/bao#BAO_0000819","http://www.bioassayontology.org/bao#BAO_0002999","http://www.bioassayontology.org/bao#BAO_0000015"],"labelHier":["ion redistribution assay","redistribution assay","bioassay"]}],"annotsRemoved":[{"propURI":"http://www.bioassayontology.org/bao#BAX_0000002","propLabel":"has bioassay type","propAbbrev":"bao:BAX_0000002","valueURI":"http://www.bioassayontology.org/bao#BAO_0000649","valueLabel":"calcium redistribution assay","valueAbbrev":"bao:BAO_0000649","valueDescr":"Calcium functions as second messenger in cell signaling.","valueHier":[],"labelHier":[],"outOfSchema":true}],"labelsAdded":[{"propURI":"http://www.bioassayontology.org/bao#BAO_0002855","valueLabel":"calcium redistribution assay","propAbbrev":"bao:BAO_0002855","propLabel":"bioassay"}],"labelsRemoved":[{"propURI":"http://www.bioassayontology.org/bao#BAX_0000002","valueLabel":"calcium redistribution assay","propAbbrev":"bao:BAX_0000002","propLabel":"has bioassay type"}]},{"curationTime":1492468125648,"curatorID":"admin","annotsAdded":[{"propURI":"http://www.bioassayontology.org/bao#BAO_0002874","propLabel":"units","propAbbrev":"bao:BAO_0002874","valueURI":"http://purl.obolibrary.org/obo/UO_0000064","valueLabel":"micromolar","valueAbbrev":"obo:UO_0000064","valueDescr":"A unit of molarity which is equal to one millionth of a molar or 10^[-6] M.","valueHier":["http://purl.obolibrary.org/obo/UO_0000061","http://purl.obolibrary.org/obo/UO_0000051","http://purl.obolibrary.org/obo/UO_0000000"],"labelHier":["unit of molarity","concentration unit","unit"]}],"annotsRemoved":[{"propURI":"http://www.bioassayontology.org/bao#BAO_0002874","propLabel":"units","propAbbrev":"bao:BAO_0002874","valueURI":"http://purl.org/obo/owl/UO#UO_0000064","valueLabel":"micromolar","valueAbbrev":"uo:UO_0000064","valueDescr":"","valueHier":[],"labelHier":[],"outOfSchema":true}],"labelsAdded":[{"propURI":"http://www.bioassayontology.org/bao#BAO_0002874","valueLabel":"micromolar","propAbbrev":"bao:BAO_0002874","propLabel":"units"}],"labelsRemoved":[{"propURI":"http://www.bioassayontology.org/bao#BAO_0002874","valueLabel":"micromolar","propAbbrev":"bao:BAO_0002874","propLabel":"units"}]},{"curationTime":1520356871610,"curatorID":"google:108375455890260223170","curatorName":"","curatorEmail":"aclark.xyz@gmail.com","annotsAdded":[{"propURI":"http://www.bioassayontology.org/bao#BAO_0002800","propLabel":"assay cell line","propAbbrev":"bao:BAO_0002800","valueURI":"http://purl.obolibrary.org/obo/CLO_0001230","valueLabel":"HEK-293 cell","valueAbbrev":"obo:CLO_0001230","valueDescr":"Established from a human primary embryonal kidney transformed by adenovirus type 5.","altLabels":["人胚肾 293","HEK 293","293 细胞","HEK-293","293 HEK","293","293 cell","Human Embryonic Kidney 293"],"valueHier":["http://dto.org/DTO/DTO_000"],"labelHier":["BRENDA tissues and cell lines"]}],"annotsRemoved":[],"labelsAdded":[],"labelsRemoved":[]},{"curationTime":1584620532632,"curatorID":"google:108375455890260223170","curatorName":"","curatorEmail":"aclark.xyz@gmail.com","annotsAdded":[{"propURI":"http://www.bioassayontology.org/bao#BAO_0000211","propLabel":"target","propAbbrev":"bao:BAO_0000211","valueURI":"http://purl.obolibrary.org/obo/PR_Q9UBN4","valueLabel":"short transient receptor potential channel 4 (human)","valueAbbrev":"obo:PR_Q9UBN4","valueDescr":"A short transient receptor potential cation channel TRPC4 that is encoded in the genome of human.","altLabels":["Trp-related protein 4 (human)","TrpC4 (human)","hTrp4","hTrp-4","hTRPC4"],"valueHier":["http://purl.obolibrary.org/obo/PR_000029067","http://purl.obolibrary.org/obo/PR_000036194","http://purl.obolibrary.org/obo/PR_000000001"],"labelHier":["Homo sapiens protein","eukaryotic protein","protein"]}],"annotsRemoved":[],"labelsAdded":[],"labelsRemoved":[]}],"holdingIDList":[]}