{"assayID":3019,"uniqueID":"pubchemAID:493020","text":"Cytotoxicity screening for potential Inhibitors of Bacterial Capsule Biogenesis\n\nCytoxicity Assay Rationale and Summary: acquired urinary tract infections (UTIs). Over 100 million UTIs occur annually throughout the world, including more than 7 million cases in U.S. adolescents and adults. UTIs in younger children are associated with greater risk of morbidity and mortality than in older children and adults. Antimicrobial resistance among UPEC is on the rise, driving efforts to elucidate vulnerable targets in the molecular pathogenesis of infection. New insights into the roles of K capsules in UPEC virulence during UTI make capsules an attractive target.  Uropathogenic Escherichia coli (UPEC) produces 80% of community-acquired urinary tract infections (UTI). UPEC is also a leading cause of nosocomial UTI, the most prevalent hospital acquired infection. Dissemination of UPEC from the lower urinary tract is associated with morbidity and mortality through infection of the kidneys, bloodstream, and central nervous system. In recent years, the treatment of outpatient and inpatient UTI has been severely compromised by the rising incidence of antibiotic-resistant UPEC.\n\nInvestigators have found that encapsulation is an important UPEC virulence factor. The K1 capsule type is closely associated with pathogenic isolates; not only is it the leading type in UTI, but it also accounts for much of the extra-urinary tract complications. Animals studies of E. coli K1 sepsis demonstrated that injection of K1 capsule degrading enzyme abrogates infection. However, the enzyme treatment is immunogenic; accordingly, chemical inhibition may prove to be a superior approach.\n\nOf the different K types, the Group 2 and Group 3 capsules are most prevalent among UPEC isolates, with K1 and K5 being leading types. Although the capsules have different compositions, they are synthesized, assembled, and exported by functionally homologous factors, leading us to hypothesize that we can develop small molecular inhibitors of K-type encapsulation that target the most medically important K types. Furthermore, the medically important infectious agents Campylobacter jejuni, Hemophilus influenzae, Neisseria meningitides, and Salmonella typhimurium among others, use these homologues in the biogenesis of their capsules. By exploiting the properties of a K-type specific phage, we performed a small scale high-throughput screen of >2,100 molecules from the NCI that uncovered several promising inhibitors of K1 and K5 encapsulation. This assay will identify a larger number of inhibitors with different mechanisms of action from which we may determine the optimal targets for capsule biogenesis inhibition and develop analogues with pharmacologically optimized properties.\n\nChemical modulators of K1 encapsulation might represent a new avenue to combat the catastrophic effects K1 diseases. To this end, this team has successfully developed a 1536-well high-throughput primary screen suitable for the discovery of novel capsule biogenesis inhibitors. This 384-well format counter-screen for hit toxicity in Bladder 5637 cells, along with the secondary assays for target validation will allow a prioritization of \"hits\" from the primary screen. \n\nCompounds that showed cell viability < 80% were considered Active (or Toxic).\n\nThe following tiered system has been implemented at Southern Research Institute for use with the PubChem Score. Compounds in the primary screen are scored on a scale of 0-40 based on inhibitory activity where a score of 40 corresponds to 100% inhibition. In this confirmatory (dose response) screen, active compounds were scored on a scale of 41-80 based on the CC50 result compounds that did not show activity were given the score 0.\n\nBladder 5637 Cell Cytotoxicity Dose Response Screen.  The dose response testing established the hit cytotoxicity and TC50 data necessary to determine the hits advanced to secondary screens and target localization studies. Primary screen hits were plated in 384-well microplates in a stacked dose response format using the same doses used in the confirmatory dose response. Bladder carcinoma 5637 cells were added to the compounds, and 72 hrs later cell viability was measured using CellTiter Glo.  Hyamine was used as a positive cytotoxic control. Hit cytotoxicity and the 50% toxic concentration (TC50) was determined and compared to IC50 to calculate the therapeutic index.\n\nCell viability was calculated relative to the mean of the cell control. Viability at each of 10 tested concentrations ranging from 100 uM to 0.375 uM. Compounds that showed cell viability < 80% were considered Active (or Toxic). CC50 values were calculated only for active compounds using a 4 parameter Levenburg-Marquardt algorithm, with the maximum and minimum locked at 0 and 100 respectively.","schemaURI":"http://www.bioassayontology.org/bas#","annotations":[{"propURI":"http://www.bioassayontology.org/bao#BAO_0002854","propLabel":"bioassay type","propAbbrev":"bao:BAO_0002854","valueURI":"http://www.bioassayontology.org/bao#BAO_0000010","valueLabel":"functional","valueAbbrev":"bao:BAO_0000010","valueDescr":"An assay where the measured signal corresponds to a complex response such as cell survival, proliferation, localization of a protein, nuclear translocation etc. The molecular target is not assumed.","groupNest":[],"groupLabel":[],"valueHier":["http://www.bioassayontology.org/bao#BAO_0000008"],"labelHier":["bioassay type"]},{"propURI":"http://www.bioassayontology.org/bao#BAO_0000205","propLabel":"assay format","propAbbrev":"bao:BAO_0000205","valueURI":"http://www.bioassayontology.org/bao#BAO_0000219","valueLabel":"cell based format","valueAbbrev":"bao:BAO_0000219","valueDescr":"Involves the use of living cells of eukaryotic origin, derived from a multicellular organism, and is a heterogeneous assay type. Typically, this refers to permanent (immortal) cell lines, or primary cells, or some form of stem cells. This is distinct from a single-celled organism-based format (classically bacteria or yeast).","groupNest":[],"groupLabel":[],"valueHier":["http://www.bioassayontology.org/bao#BAO_0000019"],"labelHier":["assay format"]},{"propURI":"http://www.bioassayontology.org/bao#BAO_0095009","propLabel":"assay design method","propAbbrev":"bao:BAO_0095009","valueURI":"http://www.bioassayontology.org/bao#BAO_0000127","valueLabel":"viability measurement method","valueAbbrev":"bao:BAO_0000127","valueDescr":"Compound cytotoxicity is an important parameter to measure when developing potential human therapeutics. Cytotoxicity is determined as a measure of radioisotope (3H thymidine or 51Cr) release, lactate dehydrogenase release from damaged cells, tetrazolium salt and alamar blue reduction, fluorescent dyes that selectively stain live or dead cells, and decrease in ATP content. The viability reporter technologies measure cell life or death by quantitating ATP content, caspase activity, membrane potential, and so on.","groupNest":[],"groupLabel":[],"valueHier":["http://www.bioassayontology.org/bao#BAO_0002202"],"labelHier":["assay design method"]},{"propURI":"http://www.bioassayontology.org/bao#BAO_0002921","propLabel":"organism","propAbbrev":"bao:BAO_0002921","valueURI":"http://purl.obolibrary.org/obo/NCBITaxon_562","valueLabel":"Escherichia coli","valueAbbrev":"obo:NCBITaxon_562","valueDescr":"","groupNest":[],"groupLabel":[],"altLabels":["Escherichia/Shigella coli","Bacillus coli","Eschericia coli","Bacterium coli commune","Escherchia coli","E. coli","Bacterium coli","Enterococcus coli"],"valueHier":["http://www.bioassayontology.org/bao#BAO_0000364","http://www.bioassayexpress.org/bae#BAE_0000064","http://www.bioassayontology.org/bao#BAO_0000658","http://www.bioassayontology.org/bao#BAO_0000551"],"labelHier":["bacterium","prokaryote","cellular organisms","organism"]},{"propURI":"http://www.bioassayontology.org/bao#BAO_0002009","propLabel":"biological process","propAbbrev":"bao:BAO_0002009","valueURI":"http://purl.obolibrary.org/obo/GO_0009405","valueLabel":"pathogenesis","valueAbbrev":"obo:GO_0009405","valueDescr":"The set of specific processes that generate the ability of an organism to cause disease in another.","groupNest":[],"groupLabel":[],"valueHier":["http://purl.obolibrary.org/obo/GO_0051704","http://purl.obolibrary.org/obo/GO_0008150","http://www.bioassayontology.org/bao#BAO_0003114"],"labelHier":["multi-organism process","biological process","assay biology component"]},{"propURI":"http://www.bioassayontology.org/bao#BAO_0002009","propLabel":"biological process","propAbbrev":"bao:BAO_0002009","valueURI":"http://purl.obolibrary.org/obo/GO_0045230","valueLabel":"capsule organization","valueAbbrev":"obo:GO_0045230","valueDescr":"A process that is carried out at the cellular level which results in the assembly, arrangement of constituent parts, or disassembly of the capsule, a protective structure surrounding some species of bacteria and fungi.","groupNest":[],"groupLabel":[],"valueHier":["http://purl.obolibrary.org/obo/GO_0045229","http://purl.obolibrary.org/obo/GO_0016043","http://purl.obolibrary.org/obo/GO_0071840","http://purl.obolibrary.org/obo/GO_0008150","http://www.bioassayontology.org/bao#BAO_0003114"],"labelHier":["external encapsulating structure organization","cellular component organization","cellular component organization or biogenesis","biological process","assay biology component"]},{"propURI":"http://www.bioassayontology.org/bao#BAO_0002009","propLabel":"biological process","propAbbrev":"bao:BAO_0002009","valueURI":"http://purl.obolibrary.org/obo/GO_0035010","valueLabel":"encapsulation of foreign target","valueAbbrev":"obo:GO_0035010","valueDescr":"Events resulting in the formation of a multilayered cellular sheath surrounding an invader and thus preventing its development. This defense mechanism is often seen in insects in response to nematodes or parasitoids, which are too large to be phagocytosed by individual hemocytes. In some organisms the capsule is blackened due to melanization.","groupNest":[],"groupLabel":[],"valueHier":["http://purl.obolibrary.org/obo/GO_0002252","http://purl.obolibrary.org/obo/GO_0002376","http://purl.obolibrary.org/obo/GO_0008150","http://www.bioassayontology.org/bao#BAO_0003114"],"labelHier":["immune effector process","immune system process","biological process","assay biology component"]},{"propURI":"http://www.bioassayontology.org/bao#BAO_0002848","propLabel":"applies to disease","propAbbrev":"bao:BAO_0002848","valueURI":"http://purl.obolibrary.org/obo/DOID_104","valueLabel":"bacterial infectious disease","valueAbbrev":"obo:DOID_104","valueDescr":"\nA disease by infectious agent that results_in infection, has_material_basis_in Bacteria.\n","groupNest":[],"groupLabel":[],"valueHier":["http://purl.obolibrary.org/obo/DOID_0050117","http://purl.obolibrary.org/obo/DOID_4"],"labelHier":["disease by infectious agent","Disease"]},{"propURI":"http://www.bioassayontology.org/bao#BAO_0002848","propLabel":"applies to disease","propAbbrev":"bao:BAO_0002848","valueURI":"http://purl.obolibrary.org/obo/DOID_18","valueLabel":"urinary system disease","valueAbbrev":"obo:DOID_18","valueDescr":"\nA disease of anatomical entity that is located_in kidney, ureter, bladder and urethra.\n","groupNest":[],"groupLabel":[],"valueHier":["http://purl.obolibrary.org/obo/DOID_7","http://purl.obolibrary.org/obo/DOID_4"],"labelHier":["disease of anatomical entity","Disease"]},{"propURI":"http://www.bioassayontology.org/bao#BAO_0000196","propLabel":"assay mode of action","propAbbrev":"bao:BAO_0000196","valueURI":"http://www.bioassayontology.org/bao#BAO_0000091","valueLabel":"inhibition","valueAbbrev":"bao:BAO_0000091","valueDescr":"Reduction of a predefined stimulus. Unit of Measure is always % when normalized to the dynamic range of the assay.","groupNest":[],"groupLabel":[],"valueHier":["http://www.bioassayontology.org/bao#BAO_0000084","http://www.bioassayontology.org/bao#BAO_0000074"],"labelHier":["ligand function mode of action","mode of action"]},{"propURI":"http://www.bioassayontology.org/bao#BAO_0002874","propLabel":"units","propAbbrev":"bao:BAO_0002874","valueURI":"http://purl.obolibrary.org/obo/UO_0000064","valueLabel":"micromolar","valueAbbrev":"obo:UO_0000064","valueDescr":"A unit of molarity which is equal to one millionth of a molar or 10^[-6] M.","groupNest":["http://www.bioassayontology.org/bao#BAX_0000017"],"groupLabel":["measurement"],"valueHier":["http://purl.obolibrary.org/obo/UO_0000061","http://purl.obolibrary.org/obo/UO_0000051","http://purl.obolibrary.org/obo/UO_0000000"],"labelHier":["unit of molarity","concentration unit","unit"]},{"propURI":"http://www.bioassayontology.org/bao#BAO_0000185","propLabel":"perturbagen type","propAbbrev":"bao:BAO_0000185","valueURI":"http://www.bioassayontology.org/bao#BAO_0000733","valueLabel":"MLSMR library","valueAbbrev":"bao:BAO_0000733","valueDescr":"","groupNest":[],"groupLabel":[],"valueHier":["http://www.bioassayontology.org/bao#BAO_0000648","http://www.bioassayontology.org/bao#BAO_0000661","http://www.bioassayontology.org/bao#BAO_0003120"],"labelHier":["compound library","perturbagen library","assay screened entity component"]},{"propURI":"http://www.bioassayontology.org/bao#BAO_0000210","propLabel":"screening campaign stage","propAbbrev":"bao:BAO_0000210","valueURI":"http://www.bioassayontology.org/bao#BAO_0000032","valueLabel":"secondary assay","valueAbbrev":"bao:BAO_0000032","valueDescr":"Additional assays following the confirmatory stage to confirm the biological activity of chemical entities via a different type of assay or to eliminate certain active compounds based on their mechanism of action, toxicity or activity profile.  Secondary assays can also include selectivity and specificity assays.","groupNest":[],"groupLabel":[],"valueHier":["http://www.bioassayontology.org/bao#BAO_0000029"],"labelHier":["assay screening campaign stage"]},{"propURI":"http://www.bioassayontology.org/bao#BAO_0002865","propLabel":"detection instrument","propAbbrev":"bao:BAO_0002865","valueURI":"http://www.bioassayontology.org/bat#Missing","valueLabel":"missing","valueAbbrev":"bat:Missing","valueDescr":"The information is missing from the source data, presumed to be a communication error.","groupNest":[],"groupLabel":[],"valueHier":[],"labelHier":[]},{"propURI":"http://www.bioassayontology.org/bao#BAO_0002855","propLabel":"bioassay","propAbbrev":"bao:BAO_0002855","valueURI":"http://www.bioassayontology.org/bao#BAO_0002993","valueLabel":"cytotoxicity assay","valueAbbrev":"bao:BAO_0002993","valueDescr":"","groupNest":[],"groupLabel":[],"valueHier":["http://www.bioassayontology.org/bao#BAO_0000015"],"labelHier":["bioassay"]},{"propURI":"http://www.bioassayontology.org/bao#BAO_0095009","propLabel":"assay design method","propAbbrev":"bao:BAO_0095009","valueURI":"http://www.bioassayontology.org/bao#BAO_0002079","valueLabel":"ATP quantitation using luciferase","valueAbbrev":"bao:BAO_0002079","valueDescr":"","groupNest":[],"groupLabel":[],"valueHier":["http://www.bioassayontology.org/bao#BAO_0000164","http://www.bioassayontology.org/bao#BAO_0000127","http://www.bioassayontology.org/bao#BAO_0002202"],"labelHier":["ATP quantitation","viability measurement method","assay design method"]},{"propURI":"http://www.bioassayontology.org/bao#BAO_0002800","propLabel":"assay cell line","propAbbrev":"bao:BAO_0002800","valueURI":"http://purl.obolibrary.org/obo/CLO_0001421","valueLabel":"5637 cell","valueAbbrev":"obo:CLO_0001421","valueDescr":"Human urinary bladder carcinoma cell line; established from the primary bladder carcinoma of a 68-year-old man in 1974.","groupNest":[],"groupLabel":[],"valueHier":["http://purl.obolibrary.org/obo/CLO_0000564","http://purl.obolibrary.org/obo/CLO_0000255","http://purl.obolibrary.org/obo/CLO_0000019","http://purl.obolibrary.org/obo/CLO_0000001"],"labelHier":["immortal human urinary bladder-derived cell line cell","immortal urinary bladder-derived cell line cell","immortal cell line cell","cell line cell"]},{"propURI":"http://www.bioassayontology.org/bao#BAO_0000208","propLabel":"result","propAbbrev":"bao:BAO_0000208","valueURI":"http://www.bioassayontology.org/bao#BAO_0000187","valueLabel":"CC50","valueAbbrev":"bao:BAO_0000187","valueDescr":"The effective concentration of a cytotoxic compound, which produces 50% of the maximum possible cell death for that compound.  Although the cytotoxic compound induces cell death, we define CC50 as subclass of IC50, because critical cellular processes are inhibited and CC50 is often used as a more specific description of IC50 for cell toxicity assays.\nCompound cytotoxicity is an important parameter to measure when developing potential human therapeutics. Cytotoxicity can be determined for example as a measure of radioisotope (3H thymidine or 51Cr) release, lactate dehydrogenase release from damaged cells, tetrazolium salt and alamar blue reduction, fluorescent dyes that selectively stain live or dead cells,  or decrease in ATP content. ATP levels are detected using a luminescence based assay kit such as CellTiter-Glo (Promega). ATP values higher than controls (untreated cells) indicate proliferation and cultures with ATP concentrations lower than controls indicate cytotoxicity.\n","groupNest":[],"groupLabel":[],"valueHier":["http://www.bioassayontology.org/bao#BAO_0002162","http://www.bioassayontology.org/bao#BAO_0000180","http://www.bioassayontology.org/bao#BAO_0000179"],"labelHier":["concentration response endpoint","concentration endpoint","endpoint"]},{"propURI":"http://www.bioassayontology.org/bao#BAO_0000210","propLabel":"screening campaign stage","propAbbrev":"bao:BAO_0000210","valueURI":"http://www.bioassayontology.org/bao#BAO_0000623","valueLabel":"compound toxicity assay","valueAbbrev":"bao:BAO_0000623","valueDescr":"This assay is performed to identify compounds that have an ability to kill the cells (cytotoxic).","groupNest":[],"groupLabel":[],"valueHier":["http://www.bioassayontology.org/bao#BAO_0000803","http://www.bioassayontology.org/bao#BAO_0000032","http://www.bioassayontology.org/bao#BAO_0000029"],"labelHier":["counter screening assay","secondary assay","assay screening campaign stage"]},{"propURI":"http://www.bioassayontology.org/bao#BAO_0002867","propLabel":"assay footprint","propAbbrev":"bao:BAO_0002867","valueURI":"http://www.bioassayontology.org/bao#BAO_0000515","valueLabel":"384 well plate","valueAbbrev":"bao:BAO_0000515","valueDescr":"This microplate contains 384 wells. It is suitable for a HTS assay.","groupNest":[],"groupLabel":[],"valueHier":["http://www.bioassayontology.org/bao#BAO_0000508","http://www.bioassayontology.org/bao#BAO_0000512"],"labelHier":["microplate","assay footprint"]},{"propURI":"http://www.bioassayontology.org/bao#BAO_0002663","propLabel":"assay kit","propAbbrev":"bao:BAO_0002663","valueURI":"http://www.bioassayontology.org/bao#BAO_0000682","valueLabel":"CellTiter-Glo Luminescent Cell Viability Assay","valueAbbrev":"bao:BAO_0000682","valueDescr":"","groupNest":[],"groupLabel":[],"valueHier":["http://www.bioassayontology.org/bao#BAO_0140017","http://www.bioassayontology.org/bao#BAO_0000248"],"labelHier":["Luciferase-based ('Glo') Assay System (Promega)","assay kit"]},{"propURI":"http://www.bioassayontology.org/bao#BAO_0000207","propLabel":"physical detection method","propAbbrev":"bao:BAO_0000207","valueURI":"http://www.bioassayontology.org/bao#BAO_0000050","valueLabel":"bioluminescence","valueAbbrev":"bao:BAO_0000050","valueDescr":"Bioluminescence refers to the production and emission of light by a living organism. Bioluminescence is a naturally occurring form of chemiluminescence whereby energy is released by a chemical reaction in the form of light emission. The chemical reaction can occur either inside or outside the cell, and can be detected using a plate reader or a charge-coupled device (CCD) camera.","groupNest":[],"groupLabel":[],"valueHier":["http://www.bioassayontology.org/bao#BAO_0000045","http://www.bioassayontology.org/bao#BAO_0000035"],"labelHier":["luminescence method","physical detection method"]},{"propURI":"http://www.bioassayontology.org/bao#BAO_0002852","propLabel":"assay sources","propAbbrev":"bao:BAO_0002852","valueURI":"http://www.bioassayexpress.org/sources#SRC_0000023","valueLabel":"Southern Research Institute, Specialized Biocontainment Screening Center","valueAbbrev":"src:SRC_0000023","valueDescr":"Southern Research Institute, Specialized Biocontainment Screening Center.","groupNest":[],"groupLabel":[],"externalURLs":["http://www.southernresearch.org"],"valueHier":["http://www.bioassayexpress.org/sources#pubchem_sources","http://www.bioassayontology.org/bao#BAO_0002934"],"labelHier":["PubChem Sources","organization"]},{"propURI":"http://www.bioassayontology.org/bao#BAO_0002853","valueLabel":"Cytotoxicity screening for potential Inhibitors of Bacterial Capsule Biogenesis","propAbbrev":"bao:BAO_0002853","groupNest":[],"propLabel":"assay title","groupLabel":[]}],"pubchemXRef":[{"type":"taxonomy","id":"187764","comment":""},{"type":"taxonomy","id":"364106","comment":""},{"type":"dburl","id":"www.southernresearch.org","comment":""},{"type":"pmid","id":"21178466","comment":""},{"type":"pmid","id":"20657847","comment":""}],"curationTime":1492468130986,"curatorID":"admin","history":[{"curationTime":1492468130986,"curatorID":"admin","annotsAdded":[{"propURI":"http://www.bioassayontology.org/bao#BAO_0002854","propLabel":"bioassay type","propAbbrev":"bao:BAO_0002854","valueURI":"http://www.bioassayontology.org/bao#BAO_0000010","valueLabel":"functional","valueAbbrev":"bao:BAO_0000010","valueDescr":"An assay where the measured signal corresponds to a complex response such as cell survival, proliferation, localization of a protein, nuclear translocation etc. The molecular target is not assumed.","valueHier":["http://www.bioassayontology.org/bao#BAO_0000008"],"labelHier":["bioassay type"]}],"annotsRemoved":[{"propURI":"http://www.bioassayontology.org/bao#BAX_0000002","propLabel":"has bioassay type","propAbbrev":"bao:BAX_0000002","valueURI":"http://www.bioassayontology.org/bao#BAO_0000010","valueLabel":"functional","valueAbbrev":"bao:BAO_0000010","valueDescr":"An assay where the measured signal corresponds to a complex response such as cell survival, proliferation, localization of a protein, nuclear translocation etc. The molecular target is not assumed.","valueHier":[],"labelHier":[],"outOfSchema":true}],"labelsAdded":[{"propURI":"http://www.bioassayontology.org/bao#BAO_0002854","valueLabel":"functional","propAbbrev":"bao:BAO_0002854","propLabel":"bioassay type"}],"labelsRemoved":[{"propURI":"http://www.bioassayontology.org/bao#BAX_0000002","valueLabel":"functional","propAbbrev":"bao:BAX_0000002","propLabel":"has bioassay type"}]},{"curationTime":1492468130986,"curatorID":"admin","annotsAdded":[{"propURI":"http://www.bioassayontology.org/bao#BAO_0002009","propLabel":"biological process","propAbbrev":"bao:BAO_0002009","valueURI":"http://purl.obolibrary.org/obo/GO_0045230","valueLabel":"capsule organization","valueAbbrev":"obo:GO_0045230","valueDescr":"A process that is carried out at the cellular level which results in the assembly, arrangement of constituent parts, or disassembly of the capsule, a protective structure surrounding some species of bacteria and fungi.","valueHier":["http://purl.obolibrary.org/obo/GO_0045229","http://purl.obolibrary.org/obo/GO_0016043","http://purl.obolibrary.org/obo/GO_0071840","http://purl.obolibrary.org/obo/GO_0008150","http://www.bioassayontology.org/bao#BAO_0003114"],"labelHier":["external encapsulating structure organization","cellular component organization","cellular component organization or biogenesis","biological process","assay biology component"]},{"propURI":"http://www.bioassayontology.org/bao#BAO_0002009","propLabel":"biological process","propAbbrev":"bao:BAO_0002009","valueURI":"http://purl.obolibrary.org/obo/GO_0009405","valueLabel":"pathogenesis","valueAbbrev":"obo:GO_0009405","valueDescr":"The set of specific processes that generate the ability of an organism to cause disease in another.","valueHier":["http://purl.obolibrary.org/obo/GO_0051704","http://purl.obolibrary.org/obo/GO_0008150","http://www.bioassayontology.org/bao#BAO_0003114"],"labelHier":["multi-organism process","biological process","assay biology component"]},{"propURI":"http://www.bioassayontology.org/bao#BAO_0002009","propLabel":"biological process","propAbbrev":"bao:BAO_0002009","valueURI":"http://purl.obolibrary.org/obo/GO_0035010","valueLabel":"encapsulation of foreign target","valueAbbrev":"obo:GO_0035010","valueDescr":"Events resulting in the formation of a multilayered cellular sheath surrounding an invader and thus preventing its development. This defense mechanism is often seen in insects in response to nematodes or parasitoids, which are too large to be phagocytosed by individual hemocytes. In some organisms the capsule is blackened due to melanization.","valueHier":["http://purl.obolibrary.org/obo/GO_0002252","http://purl.obolibrary.org/obo/GO_0002376","http://purl.obolibrary.org/obo/GO_0008150","http://www.bioassayontology.org/bao#BAO_0003114"],"labelHier":["immune effector process","immune system process","biological process","assay biology component"]}],"annotsRemoved":[{"propURI":"http://www.bioassayontology.org/bao#BAX_0000004","propAbbrev":"bao:BAX_0000004","valueURI":"http://purl.obolibrary.org/obo/GO_0009405","valueLabel":"pathogenesis","valueAbbrev":"obo:GO_0009405","valueDescr":"The set of specific processes that generate the ability of an organism to cause disease in another.","valueHier":[],"labelHier":[],"outOfSchema":true},{"propURI":"http://www.bioassayontology.org/bao#BAX_0000004","propAbbrev":"bao:BAX_0000004","valueURI":"http://purl.obolibrary.org/obo/GO_0045230","valueLabel":"capsule organization","valueAbbrev":"obo:GO_0045230","valueDescr":"A process that is carried out at the cellular level which results in the assembly, arrangement of constituent parts, or disassembly of the capsule, a protective structure surrounding some species of bacteria and fungi.","valueHier":[],"labelHier":[],"outOfSchema":true},{"propURI":"http://www.bioassayontology.org/bao#BAX_0000004","propAbbrev":"bao:BAX_0000004","valueURI":"http://purl.obolibrary.org/obo/GO_0035010","valueLabel":"encapsulation of foreign target","valueAbbrev":"obo:GO_0035010","valueDescr":"Events resulting in the formation of a multilayered cellular sheath surrounding an invader and thus preventing its development. This defense mechanism is often seen in insects in response to nematodes or parasitoids, which are too large to be phagocytosed by individual hemocytes. In some organisms the capsule is blackened due to melanization.","valueHier":[],"labelHier":[],"outOfSchema":true}],"labelsAdded":[{"propURI":"http://www.bioassayontology.org/bao#BAO_0002009","valueLabel":"capsule organization","propAbbrev":"bao:BAO_0002009","propLabel":"biological process"},{"propURI":"http://www.bioassayontology.org/bao#BAO_0002009","valueLabel":"pathogenesis","propAbbrev":"bao:BAO_0002009","propLabel":"biological process"},{"propURI":"http://www.bioassayontology.org/bao#BAO_0002009","valueLabel":"encapsulation of foreign target","propAbbrev":"bao:BAO_0002009","propLabel":"biological process"}],"labelsRemoved":[{"propURI":"http://www.bioassayontology.org/bao#BAX_0000004","valueLabel":"pathogenesis","propAbbrev":"bao:BAX_0000004"},{"propURI":"http://www.bioassayontology.org/bao#BAX_0000004","valueLabel":"capsule organization","propAbbrev":"bao:BAX_0000004"},{"propURI":"http://www.bioassayontology.org/bao#BAX_0000004","valueLabel":"encapsulation of foreign target","propAbbrev":"bao:BAX_0000004"}]},{"curationTime":1492468130986,"curatorID":"admin","annotsAdded":[{"propURI":"http://www.bioassayontology.org/bao#BAO_0002848","propLabel":"applies to disease","propAbbrev":"bao:BAO_0002848","valueURI":"http://purl.obolibrary.org/obo/DOID_104","valueLabel":"bacterial infectious disease","valueAbbrev":"obo:DOID_104","valueDescr":"\nA disease by infectious agent that results_in infection, has_material_basis_in Bacteria.\n","valueHier":["http://purl.obolibrary.org/obo/DOID_0050117","http://purl.obolibrary.org/obo/DOID_4"],"labelHier":["disease by infectious agent","Disease"]},{"propURI":"http://www.bioassayontology.org/bao#BAO_0002848","propLabel":"applies to disease","propAbbrev":"bao:BAO_0002848","valueURI":"http://purl.obolibrary.org/obo/DOID_18","valueLabel":"urinary system disease","valueAbbrev":"obo:DOID_18","valueDescr":"\nA disease of anatomical entity that is located_in kidney, ureter, bladder and urethra.\n","valueHier":["http://purl.obolibrary.org/obo/DOID_7","http://purl.obolibrary.org/obo/DOID_4"],"labelHier":["disease of anatomical entity","Disease"]}],"annotsRemoved":[{"propURI":"http://www.bioassayontology.org/bao#BAX_0000010","propAbbrev":"bao:BAX_0000010","valueURI":"http://purl.obolibrary.org/obo/DOID_18","valueLabel":"urinary system disease","valueAbbrev":"obo:DOID_18","valueDescr":"\nA disease of anatomical entity that is located_in kidney, ureter, bladder and urethra.\n","valueHier":[],"labelHier":[],"outOfSchema":true},{"propURI":"http://www.bioassayontology.org/bao#BAX_0000010","propAbbrev":"bao:BAX_0000010","valueURI":"http://purl.obolibrary.org/obo/DOID_104","valueLabel":"bacterial infectious disease","valueAbbrev":"obo:DOID_104","valueDescr":"\nA disease by infectious agent that results_in infection, has_material_basis_in Bacteria.\n","valueHier":[],"labelHier":[],"outOfSchema":true}],"labelsAdded":[{"propURI":"http://www.bioassayontology.org/bao#BAO_0002848","valueLabel":"bacterial infectious disease","propAbbrev":"bao:BAO_0002848","propLabel":"applies to disease"},{"propURI":"http://www.bioassayontology.org/bao#BAO_0002848","valueLabel":"urinary system disease","propAbbrev":"bao:BAO_0002848","propLabel":"applies to disease"}],"labelsRemoved":[{"propURI":"http://www.bioassayontology.org/bao#BAX_0000010","valueLabel":"urinary system disease","propAbbrev":"bao:BAX_0000010"},{"propURI":"http://www.bioassayontology.org/bao#BAX_0000010","valueLabel":"bacterial infectious disease","propAbbrev":"bao:BAX_0000010"}]},{"curationTime":1492468130986,"curatorID":"admin","annotsAdded":[{"propURI":"http://www.bioassayontology.org/bao#BAO_0000208","propLabel":"result","propAbbrev":"bao:BAO_0000208","valueURI":"http://www.bioassayontology.org/bao#BAO_0000187","valueLabel":"CC50","valueAbbrev":"bao:BAO_0000187","valueDescr":"The effective concentration of a cytotoxic compound, which produces 50% of the maximum possible cell death for that compound.  Although the cytotoxic compound induces cell death, we define CC50 as subclass of IC50, because critical cellular processes are inhibited and CC50 is often used as a more specific description of IC50 for cell toxicity assays.\nCompound cytotoxicity is an important parameter to measure when developing potential human therapeutics. Cytotoxicity can be determined for example as a measure of radioisotope (3H thymidine or 51Cr) release, lactate dehydrogenase release from damaged cells, tetrazolium salt and alamar blue reduction, fluorescent dyes that selectively stain live or dead cells,  or decrease in ATP content. ATP levels are detected using a luminescence based assay kit such as CellTiter-Glo (Promega). ATP values higher than controls (untreated cells) indicate proliferation and cultures with ATP concentrations lower than controls indicate cytotoxicity.\n","valueHier":["http://www.bioassayontology.org/bao#BAO_0002162","http://www.bioassayontology.org/bao#BAO_0000180","http://www.bioassayontology.org/bao#BAO_0000179"],"labelHier":["concentration response endpoint","concentration endpoint","endpoint"]}],"annotsRemoved":[{"propURI":"http://www.bioassayontology.org/bao#BAX_0000006","propAbbrev":"bao:BAX_0000006","valueURI":"http://www.bioassayontology.org/bao#BAO_0000187","valueLabel":"CC50","valueAbbrev":"bao:BAO_0000187","valueDescr":"The effective concentration of a cytotoxic compound, which produces 50% of the maximum possible cell death for that compound.  Although the cytotoxic compound induces cell death, we define CC50 as subclass of IC50, because critical cellular processes are inhibited and CC50 is often used as a more specific description of IC50 for cell toxicity assays.\nCompound cytotoxicity is an important parameter to measure when developing potential human therapeutics. Cytotoxicity can be determined for example as a measure of radioisotope (3H thymidine or 51Cr) release, lactate dehydrogenase release from damaged cells, tetrazolium salt and alamar blue reduction, fluorescent dyes that selectively stain live or dead cells,  or decrease in ATP content. ATP levels are detected using a luminescence based assay kit such as CellTiter-Glo (Promega). ATP values higher than controls (untreated cells) indicate proliferation and cultures with ATP concentrations lower than controls indicate cytotoxicity.\n","valueHier":[],"labelHier":[],"outOfSchema":true}],"labelsAdded":[{"propURI":"http://www.bioassayontology.org/bao#BAO_0000208","valueLabel":"CC50","propAbbrev":"bao:BAO_0000208","propLabel":"result"}],"labelsRemoved":[{"propURI":"http://www.bioassayontology.org/bao#BAX_0000006","valueLabel":"CC50","propAbbrev":"bao:BAX_0000006"}]},{"curationTime":1492468130986,"curatorID":"admin","annotsAdded":[{"propURI":"http://www.bioassayontology.org/bao#BAO_0002874","propLabel":"units","propAbbrev":"bao:BAO_0002874","valueURI":"http://purl.org/obo/owl/UO#UO_0000064","valueLabel":"micromolar","valueAbbrev":"uo:UO_0000064","valueDescr":"","valueHier":[],"labelHier":[],"outOfSchema":true}],"annotsRemoved":[{"propURI":"http://www.bioassayontology.org/bao#BAX_0000007","propAbbrev":"bao:BAX_0000007","valueURI":"http://purl.org/obo/owl/UO#UO_0000064","valueLabel":"micromolar","valueAbbrev":"uo:UO_0000064","valueDescr":"","valueHier":[],"labelHier":[],"outOfSchema":true}],"labelsAdded":[{"propURI":"http://www.bioassayontology.org/bao#BAO_0002874","valueLabel":"micromolar","propAbbrev":"bao:BAO_0002874","propLabel":"units"}],"labelsRemoved":[{"propURI":"http://www.bioassayontology.org/bao#BAX_0000007","valueLabel":"micromolar","propAbbrev":"bao:BAX_0000007"}]},{"curationTime":1492468130986,"curatorID":"admin","annotsAdded":[{"propURI":"http://www.bioassayontology.org/bao#BAO_0095009","propLabel":"assay design method","propAbbrev":"bao:BAO_0095009","valueURI":"http://www.bioassayontology.org/bao#BAO_0000127","valueLabel":"viability measurement method","valueAbbrev":"bao:BAO_0000127","valueDescr":"Compound cytotoxicity is an important parameter to measure when developing potential human therapeutics. Cytotoxicity is determined as a measure of radioisotope (3H thymidine or 51Cr) release, lactate dehydrogenase release from damaged cells, tetrazolium salt and alamar blue reduction, fluorescent dyes that selectively stain live or dead cells, and decrease in ATP content. The viability reporter technologies measure cell life or death by quantitating ATP content, caspase activity, membrane potential, and so on.","valueHier":["http://www.bioassayontology.org/bao#BAO_0002202"],"labelHier":["assay design method"]},{"propURI":"http://www.bioassayontology.org/bao#BAO_0095009","propLabel":"assay design method","propAbbrev":"bao:BAO_0095009","valueURI":"http://www.bioassayontology.org/bao#BAO_0002079","valueLabel":"ATP quantitation using luciferase","valueAbbrev":"bao:BAO_0002079","valueDescr":"","valueHier":["http://www.bioassayontology.org/bao#BAO_0000164","http://www.bioassayontology.org/bao#BAO_0000127","http://www.bioassayontology.org/bao#BAO_0002202"],"labelHier":["ATP quantitation","viability measurement method","assay design method"]}],"annotsRemoved":[{"propURI":"http://www.bioassayontology.org/bao#BAX_0000003","propAbbrev":"bao:BAX_0000003","valueURI":"http://www.bioassayontology.org/bao#BAO_0000127","valueLabel":"viability measurement method","valueAbbrev":"bao:BAO_0000127","valueDescr":"Compound cytotoxicity is an important parameter to measure when developing potential human therapeutics. Cytotoxicity is determined as a measure of radioisotope (3H thymidine or 51Cr) release, lactate dehydrogenase release from damaged cells, tetrazolium salt and alamar blue reduction, fluorescent dyes that selectively stain live or dead cells, and decrease in ATP content. The viability reporter technologies measure cell life or death by quantitating ATP content, caspase activity, membrane potential, and so on.","valueHier":[],"labelHier":[],"outOfSchema":true},{"propURI":"http://www.bioassayontology.org/bao#BAX_0000003","propAbbrev":"bao:BAX_0000003","valueURI":"http://www.bioassayontology.org/bao#BAO_0002079","valueLabel":"ATP quantitation using luciferase","valueAbbrev":"bao:BAO_0002079","valueDescr":"","valueHier":[],"labelHier":[],"outOfSchema":true}],"labelsAdded":[{"propURI":"http://www.bioassayontology.org/bao#BAO_0095009","valueLabel":"viability measurement method","propAbbrev":"bao:BAO_0095009","propLabel":"assay design method"},{"propURI":"http://www.bioassayontology.org/bao#BAO_0095009","valueLabel":"ATP quantitation using luciferase","propAbbrev":"bao:BAO_0095009","propLabel":"assay design method"}],"labelsRemoved":[{"propURI":"http://www.bioassayontology.org/bao#BAX_0000003","valueLabel":"viability measurement method","propAbbrev":"bao:BAX_0000003"},{"propURI":"http://www.bioassayontology.org/bao#BAX_0000003","valueLabel":"ATP quantitation using luciferase","propAbbrev":"bao:BAX_0000003"}]},{"curationTime":1492468130986,"curatorID":"admin","annotsAdded":[{"propURI":"http://www.bioassayontology.org/bao#BAO_0002855","propLabel":"bioassay","propAbbrev":"bao:BAO_0002855","valueURI":"http://www.bioassayontology.org/bao#BAO_0002993","valueLabel":"cytotoxicity assay","valueAbbrev":"bao:BAO_0002993","valueDescr":"","valueHier":["http://www.bioassayontology.org/bao#BAO_0000015"],"labelHier":["bioassay"]}],"annotsRemoved":[{"propURI":"http://www.bioassayontology.org/bao#BAX_0000002","propLabel":"has bioassay type","propAbbrev":"bao:BAX_0000002","valueURI":"http://www.bioassayontology.org/bao#BAO_0002993","valueLabel":"cytotoxicity assay","valueAbbrev":"bao:BAO_0002993","valueDescr":"","valueHier":[],"labelHier":[],"outOfSchema":true}],"labelsAdded":[{"propURI":"http://www.bioassayontology.org/bao#BAO_0002855","valueLabel":"cytotoxicity assay","propAbbrev":"bao:BAO_0002855","propLabel":"bioassay"}],"labelsRemoved":[{"propURI":"http://www.bioassayontology.org/bao#BAX_0000002","valueLabel":"cytotoxicity assay","propAbbrev":"bao:BAX_0000002","propLabel":"has bioassay type"}]},{"curationTime":1492468130986,"curatorID":"admin","annotsAdded":[{"propURI":"http://www.bioassayontology.org/bao#BAO_0002874","propLabel":"units","propAbbrev":"bao:BAO_0002874","valueURI":"http://purl.obolibrary.org/obo/UO_0000064","valueLabel":"micromolar","valueAbbrev":"obo:UO_0000064","valueDescr":"A unit of molarity which is equal to one millionth of a molar or 10^[-6] M.","valueHier":["http://purl.obolibrary.org/obo/UO_0000061","http://purl.obolibrary.org/obo/UO_0000051","http://purl.obolibrary.org/obo/UO_0000000"],"labelHier":["unit of molarity","concentration unit","unit"]}],"annotsRemoved":[{"propURI":"http://www.bioassayontology.org/bao#BAO_0002874","propLabel":"units","propAbbrev":"bao:BAO_0002874","valueURI":"http://purl.org/obo/owl/UO#UO_0000064","valueLabel":"micromolar","valueAbbrev":"uo:UO_0000064","valueDescr":"","valueHier":[],"labelHier":[],"outOfSchema":true}],"labelsAdded":[{"propURI":"http://www.bioassayontology.org/bao#BAO_0002874","valueLabel":"micromolar","propAbbrev":"bao:BAO_0002874","propLabel":"units"}],"labelsRemoved":[{"propURI":"http://www.bioassayontology.org/bao#BAO_0002874","valueLabel":"micromolar","propAbbrev":"bao:BAO_0002874","propLabel":"units"}]}],"holdingIDList":[]}