{"assayID":3024,"uniqueID":"pubchemAID:493025","text":"Confirmatory screen for compounds that inhibit KCNQ2 potassium channels\n\nAssay overview: \n\nThe purpose of this assay is to validate compounds identified as inhibitors in primary screen assay (PubChem AID 2156). This assay employs the same experimental conditions as presented in the primary screen assay. Compounds were tested in duplicates and their effects were evaluated by the calculated fluorescence ratio percentage, normalized with negative control. If the compound causes 3SD (of negative controls) or more activity decrease (from mean of negative controls) in both duplicates, and is active in the primary screen, the compound is considered to be active. \n\nKeywords:\n\nKCNQ2, HTS assay, 384, primary, antagonist, inhibitor, blocker, FDSS, Thallium, fluorescence, Kinetic, FluxOR, JHICC, Johns Hopkins, Molecular Libraries Probe Production Centers Network, MLPCN.\n\nPossible artifacts of this assay may include, but are not limited to: unintended chemicals or dust in or under the wells of the microtiter plate, compounds that non-specifically modulate the cell host or the targeted activity, compounds that induce K/Tl flux independent of KCNQ2, compounds that directly interact with the Tl sensitive dye molecule, and compounds that quench or emit light or fluorescence within the well. All test compound concentrations reported are nominal; the specific concentration for a particular test compound may vary based upon the actual sample provided by the MLSMR.\n\nProtocol for the KCNQ2 screen:\n1. Cell culture: Cells are routinely cultured in DMEM/F12 medium, supplemented with 10% Fetal Bovine Serum (FBS), 50 IU/ml penicillin, 50 ug/ml streptomycin, and 500 ug/ml G418.\n2. Cell plating: Add 50 ul/well of 120,000 cells/ml re-suspended in DMEM/F12 medium with 10% FBS.\n3. Incubate overnight at 37C and 5% CO2.\n4. Remove medium and add 25 ul /well of 1x FluxOR solution to cells. \n5. Incubate 90 minutes at room temperature (RT) in darkness.\n6. Prepare 7.5X compound plates and control plates on the Cybi-Well system: test compounds are prepared using assay buffer; controls are assay buffer (IC0), ICmax of XE991  (all with DMSO concentrations matched to that of test compounds).\n7. Remove FluxOR dye solution and add 20 ul /well of assay buffer to cells.\n8. Add 4 ul of 7.5x compound stock into the cell plates via Cybi-Well system.\n9. Incubate all cell plates for 20 minutes at RT in darkness.\n10. Prepare 5x stimulus buffer containing 12.5 mM K2SO4 and 12.5 mM Tl2SO4.\n11. Load cell plates to Hamamatsu FDSS 6000 kinetic imaging plate reader.\n12. Measure fluorescence for 10 seconds at 1Hz to establish baseline.\n13. Depolarize cells with 6 ul/well of stimulus buffer and continue measuring fluorescence for 110 seconds.\n14. Calculate ratio readout as F(max-min)/F0.\n15. Calculate the average and standard deviation for negative and positive controls in each plate, as well as Z and Z'.\n16. Calculate the percentage of tested compounds with the following formula:\nPercentage (%)=100*(Ratio(cmpd)-AvgRatio(NC))/(AvgRatio(NC)-AvgRatio(Blank))\nPercentage(%): percentage change of compound readout over those of negative controls (vehicle control), The effect of inhibition is reflected by the negative Percentage (%).\nRatio(cmpd): Ratio of the test compound.\nAvgRatio(NC): Ratio average of the negative controls with stimulus buffer.\nRatio(Blank): Ratio of the blank control without stimulus buffer.\n\n17. Outcome assignment: \nIf the compound causes 3SD (of negative controls) or more activity decrease (from mean of negative controls) in both duplicates, and is active in the primary screen, the compound is considered to be active.  (Value=2) Otherwise, it is designated as inactive (Value=1).\n\n18. Score assignment\nAn inactive test compound is assigned the score of 0.\nAn active test compound is assigned a score between 0 and 100 by calculation of INT (100*(Percentage(%)-Min(%))/(Max(%)-Min(%))), where: Percentage (%) is the percentage average of the duplicates of the test compound over the negative controls, as in Result Definitions; Min(%) is the percentage(%) of the compound with the minimal inhibition effect among the active compounds; Max(%) is the percentage(%) of the compound with the maximal inhibition effect among the active compounds.\n\nList of reagents\n\n1. KCNQ2-CHO cell line (provided by JHICC)\n2. PBS: pH7.4 (Gibco, Cat#10010)\n3. Medium: DMEM/F12 50/50 (Mediatech, Cat#15-090-CV)\n4. Fetal Bovine Serum (Gemini, Cat# 100-106)\n5. 200 mM L-Glutamine (Gibco, Cat#25030)\n6. 100x Penicillin-Streptomycin (Mediatech, Cat#30-001-CI)\n7. 0.05% Trypsin-EDTA (Gibco, Cat#25300)\n8. Geneticin: (Gibco, Cat#11811-031)\n9. HEPES (Sigma, Cat#H4034)\n10.XE991 (Tocris,Cat#2000) \n11.FluxOR detection kit (Invitrogen, Cat #F10017): FluxOR, assay buffer and\nstimulus buffer.\n12. Triple-layer flask (VWR, Cat #62407-082)\n13. BD Biocoat 384-well plates (BD, Cat# (35)4663 and Lot #7346273)","schemaURI":"http://www.bioassayontology.org/bas#","annotations":[{"propURI":"http://www.bioassayontology.org/bao#BAO_0000205","propLabel":"assay format","propAbbrev":"bao:BAO_0000205","valueURI":"http://www.bioassayontology.org/bao#BAO_0000219","valueLabel":"cell based format","valueAbbrev":"bao:BAO_0000219","valueDescr":"Involves the use of living cells of eukaryotic origin, derived from a multicellular organism, and is a heterogeneous assay type. Typically, this refers to permanent (immortal) cell lines, or primary cells, or some form of stem cells. This is distinct from a single-celled organism-based format (classically bacteria or yeast).","groupNest":[],"groupLabel":[],"valueHier":["http://www.bioassayontology.org/bao#BAO_0000019"],"labelHier":["assay format"]},{"propURI":"http://www.bioassayontology.org/bao#BAO_0002854","propLabel":"bioassay type","propAbbrev":"bao:BAO_0002854","valueURI":"http://www.bioassayontology.org/bao#BAO_0000010","valueLabel":"functional","valueAbbrev":"bao:BAO_0000010","valueDescr":"An assay where the measured signal corresponds to a complex response such as cell survival, proliferation, localization of a protein, nuclear translocation etc. The molecular target is not assumed.","groupNest":[],"groupLabel":[],"valueHier":["http://www.bioassayontology.org/bao#BAO_0000008"],"labelHier":["bioassay type"]},{"propURI":"http://www.bioassayontology.org/bao#BAO_0002867","propLabel":"assay footprint","propAbbrev":"bao:BAO_0002867","valueURI":"http://www.bioassayontology.org/bao#BAO_0000515","valueLabel":"384 well plate","valueAbbrev":"bao:BAO_0000515","valueDescr":"This microplate contains 384 wells. It is suitable for a HTS assay.","groupNest":[],"groupLabel":[],"valueHier":["http://www.bioassayontology.org/bao#BAO_0000508","http://www.bioassayontology.org/bao#BAO_0000512"],"labelHier":["microplate","assay footprint"]},{"propURI":"http://www.bioassayontology.org/bao#BAO_0002800","propLabel":"assay cell line","propAbbrev":"bao:BAO_0002800","valueURI":"http://purl.obolibrary.org/obo/CLO_0002462","valueLabel":"CHO-K1 细胞","valueAbbrev":"obo:CLO_0002462","valueDescr":"Chinese hamster ovary cells, subclone from parental CHO cell line that was initiated from an ovary biopsy of an adult Chinese hamster in 1957.","groupNest":[],"groupLabel":[],"altLabels":["CHO-K1"],"valueHier":["http://purl.obolibrary.org/obo/CLO_0000019","http://purl.obolibrary.org/obo/CLO_0000001"],"labelHier":["immortal cell line cell","cell line cell"]},{"propURI":"http://www.bioassayontology.org/bao#BAO_0002921","propLabel":"organism","propAbbrev":"bao:BAO_0002921","valueURI":"http://purl.obolibrary.org/obo/NCBITaxon_10116","valueLabel":"Rattus norvegicus","valueAbbrev":"obo:NCBITaxon_10116","valueDescr":"","groupNest":[],"groupLabel":[],"altLabels":["Rattus rattiscus","Rattus norwegicus","rat","Norway rat","Gunn rats","Rattus norvegicus8","brown rat","rats","Rattus sp. strain Wistar"],"valueHier":["http://www.bioassayontology.org/bao#BAO_0000362","http://www.bioassayontology.org/bao#BAO_0000510","http://www.bioassayontology.org/bao#BAO_0000659","http://www.bioassayontology.org/bao#BAO_0000509","http://www.bioassayontology.org/bao#BAO_0000658","http://www.bioassayontology.org/bao#BAO_0000551"],"labelHier":["mammalian","vertebrate","metazoa","eukaryote","cellular organisms","organism"]},{"propURI":"http://www.bioassayontology.org/bao#BAO_0002663","propLabel":"assay kit","propAbbrev":"bao:BAO_0002663","valueURI":"http://www.bioassayontology.org/bao#BAO_0000917","valueLabel":"FluxOR Thallium Detection Kit","valueAbbrev":"bao:BAO_0000917","valueDescr":"","groupNest":[],"groupLabel":[],"valueHier":["http://www.bioassayontology.org/bao#BAO_0000248"],"labelHier":["assay kit"]},{"propURI":"http://www.bioassayontology.org/bao#BAO_0002865","propLabel":"detection instrument","propAbbrev":"bao:BAO_0002865","valueURI":"http://www.bioassayontology.org/bao#BAO_0000903","valueLabel":"FDSS6000","valueAbbrev":"bao:BAO_0000903","valueDescr":"","groupNest":[],"groupLabel":[],"valueHier":["http://www.bioassayontology.org/bao#BAO_0000697"],"labelHier":["detection instrument"]},{"propURI":"http://www.bioassayontology.org/bao#BAO_0000196","propLabel":"assay mode of action","propAbbrev":"bao:BAO_0000196","valueURI":"http://www.bioassayontology.org/bao#BAO_0000091","valueLabel":"inhibition","valueAbbrev":"bao:BAO_0000091","valueDescr":"Reduction of a predefined stimulus. Unit of Measure is always % when normalized to the dynamic range of the assay.","groupNest":[],"groupLabel":[],"valueHier":["http://www.bioassayontology.org/bao#BAO_0000084","http://www.bioassayontology.org/bao#BAO_0000074"],"labelHier":["ligand function mode of action","mode of action"]},{"propURI":"http://www.bioassayontology.org/bao#BAO_0002848","propLabel":"applies to disease","propAbbrev":"bao:BAO_0002848","valueURI":"http://purl.obolibrary.org/obo/DOID_14777","valueLabel":"benign familial neonatal epilepsy","valueAbbrev":"obo:DOID_14777","valueDescr":"","groupNest":[],"groupLabel":[],"valueHier":["http://purl.obolibrary.org/obo/DOID_0050702","http://purl.obolibrary.org/obo/DOID_0050701","http://purl.obolibrary.org/obo/DOID_1826","http://purl.obolibrary.org/obo/DOID_936","http://purl.obolibrary.org/obo/DOID_331","http://purl.obolibrary.org/obo/DOID_863","http://purl.obolibrary.org/obo/DOID_7","http://purl.obolibrary.org/obo/DOID_4"],"labelHier":["neonatal period electroclinical syndrome","electroclinical syndrome","epilepsy","brain disease","central nervous system disease","nervous system disease","disease of anatomical entity","Disease"]},{"propURI":"http://www.bioassayontology.org/bao#BAO_0002855","propLabel":"bioassay","propAbbrev":"bao:BAO_0002855","valueURI":"http://www.bioassayontology.org/bao#BAO_0002997","valueLabel":"ion channel assay","valueAbbrev":"bao:BAO_0002997","valueDescr":"Ion channel assays are performed in electrically active cells: neurons, muscle, and endocrine cells.","groupNest":[],"groupLabel":[],"valueHier":["http://www.bioassayontology.org/bao#BAO_0000015"],"labelHier":["bioassay"]},{"propURI":"http://www.bioassayontology.org/bao#BAO_0095009","propLabel":"assay design method","propAbbrev":"bao:BAO_0095009","valueURI":"http://www.bioassayontology.org/bao#BAO_0002888","valueLabel":"ion redistribution determination method","valueAbbrev":"bao:BAO_0002888","valueDescr":"","groupNest":[],"groupLabel":[],"valueHier":["http://www.bioassayontology.org/bao#BAO_0000126","http://www.bioassayontology.org/bao#BAO_0002202"],"labelHier":["molecular redistribution determination method","assay design method"]},{"propURI":"http://www.bioassayontology.org/bao#BAO_0002855","propLabel":"bioassay","propAbbrev":"bao:BAO_0002855","valueURI":"http://www.bioassayontology.org/bao#BAO_0000819","valueLabel":"ion redistribution assay","valueAbbrev":"bao:BAO_0000819","valueDescr":"Radiolabeled flux assays to study ion channel activity by chemically initiating the opening of channels in the presence of a fixed amount of radiolabeled cation or anion, and a potential ion channel modulator compound.","groupNest":[],"groupLabel":[],"valueHier":["http://www.bioassayontology.org/bao#BAO_0002999","http://www.bioassayontology.org/bao#BAO_0000015"],"labelHier":["redistribution assay","bioassay"]},{"propURI":"http://www.bioassayontology.org/bao#BAO_0002009","propLabel":"biological process","propAbbrev":"bao:BAO_0002009","valueURI":"http://purl.obolibrary.org/obo/GO_0043267","valueLabel":"negative regulation of potassium ion transport","valueAbbrev":"obo:GO_0043267","valueDescr":"Any process that stops, prevents, or reduces the frequency, rate or extent of the directed movement of potassium ions (K+) into, out of or within a cell, or between cells, by means of some agent such as a transporter or pore.","groupNest":[],"groupLabel":[],"valueHier":["http://purl.obolibrary.org/obo/GO_0043271","http://purl.obolibrary.org/obo/GO_0051051","http://purl.obolibrary.org/obo/GO_0048519","http://purl.obolibrary.org/obo/GO_0050789","http://purl.obolibrary.org/obo/GO_0065007","http://purl.obolibrary.org/obo/GO_0008150","http://www.bioassayontology.org/bao#BAO_0003114"],"labelHier":["negative regulation of ion transport","negative regulation of transport","negative regulation of biological process","regulation of biological process","biological regulation","biological process","assay biology component"]},{"propURI":"http://www.bioassayontology.org/bao#BAO_0000211","propLabel":"target","propAbbrev":"bao:BAO_0000211","valueURI":"http://www.drugtargetontology.org/dto/DTO_01100233","valueLabel":"Potassium voltage-gated channel subfamily KQT member 2","valueAbbrev":"dto:DTO_01100233","valueDescr":"","groupNest":[],"groupLabel":[],"valueHier":["http://www.drugtargetontology.org/dto/DTO_01300562","http://www.drugtargetontology.org/dto/DTO_01300449","http://www.drugtargetontology.org/dto/DTO_01300355","http://www.drugtargetontology.org/dto/DTO_01300327","http://www.drugtargetontology.org/dto/DTO_00100000"],"labelHier":["Kv7.2/KCNQ2 sub-subfamily","KQT subfamily","Potassium channel family","Ion channel","Protein"]},{"propURI":"http://www.bioassayontology.org/bao#BAO_0000207","propLabel":"physical detection method","propAbbrev":"bao:BAO_0000207","valueURI":"http://www.bioassayontology.org/bao#BAO_0000363","valueLabel":"fluorescence intensity","valueAbbrev":"bao:BAO_0000363","valueDescr":"Fluorescence intensity is the measure of fluorescence from a sample.","groupNest":[],"groupLabel":[],"valueHier":["http://www.bioassayontology.org/bao#BAO_0000046","http://www.bioassayontology.org/bao#BAO_0000035"],"labelHier":["fluorescence method","physical detection method"]},{"propURI":"http://www.bioassayontology.org/bao#BAO_0000185","propLabel":"perturbagen type","propAbbrev":"bao:BAO_0000185","valueURI":"http://www.bioassayontology.org/bao#BAO_0000733","valueLabel":"MLSMR library","valueAbbrev":"bao:BAO_0000733","valueDescr":"","groupNest":[],"groupLabel":[],"valueHier":["http://www.bioassayontology.org/bao#BAO_0000648","http://www.bioassayontology.org/bao#BAO_0000661","http://www.bioassayontology.org/bao#BAO_0003120"],"labelHier":["compound library","perturbagen library","assay screened entity component"]},{"propURI":"http://www.bioassayontology.org/bao#BAO_0000208","propLabel":"result","propAbbrev":"bao:BAO_0000208","valueURI":"http://www.bioassayontology.org/bao#BAO_0000201","valueLabel":"percent inhibition","valueAbbrev":"bao:BAO_0000201","valueDescr":"Percent decrease of a measureable response as a consequence of compound treatment.  Unit of Measure is always % when normalized to the dynamic range of the assay. Percent inhibition is expressed relative to a positive control (which results in total inhibition).","groupNest":[],"groupLabel":[],"valueHier":["http://www.bioassayontology.org/bao#BAO_0000082","http://www.bioassayontology.org/bao#BAO_0000181","http://www.bioassayontology.org/bao#BAO_0000179"],"labelHier":["percent response","response endpoint","endpoint"]},{"propURI":"http://www.bioassayontology.org/bao#BAO_0002874","propLabel":"units","propAbbrev":"bao:BAO_0002874","valueURI":"http://purl.obolibrary.org/obo/UO_0000187","valueLabel":"percent","valueAbbrev":"obo:UO_0000187","valueDescr":"A dimensionless ratio unit which denotes numbers as fractions of 100.","groupNest":["http://www.bioassayontology.org/bao#BAX_0000017"],"groupLabel":["measurement"],"valueHier":["http://purl.obolibrary.org/obo/UO_0000190","http://purl.obolibrary.org/obo/UO_0000186","http://purl.obolibrary.org/obo/UO_0000000"],"labelHier":["ratio","dimensionless unit","unit"]},{"propURI":"http://www.bioassayontology.org/bao#BAO_0000210","propLabel":"screening campaign stage","propAbbrev":"bao:BAO_0000210","valueURI":"http://www.bioassayontology.org/bao#BAO_0000030","valueLabel":"confirmatory assay","valueAbbrev":"bao:BAO_0000030","valueDescr":"Assay performed to confirm activity of compounds identified in the primary screen.  It can be performed as replicate measurements at a single screening concentration or as concentration-response assay.","groupNest":[],"groupLabel":[],"valueHier":["http://www.bioassayontology.org/bao#BAO_0000029"],"labelHier":["assay screening campaign stage"]},{"propURI":"http://www.bioassayontology.org/bao#BAX_0000012","propLabel":"protein identity","propAbbrev":"bao:BAX_0000012","valueURI":"http://www.bioassayontology.org/protein#18959272","valueLabel":"potassium voltage-gated channel subfamily KQT member 2 [Rattus norvegicus]","valueAbbrev":"protein:18959272","valueDescr":"Protein: potassium voltage-gated channel subfamily KQT member 2 [Rattus norvegicus], Organism: Rattus norvegicus","groupNest":[],"groupLabel":[],"externalURLs":["https://www.ncbi.nlm.nih.gov/protein/18959272"],"valueHier":["http://www.bioassayontology.org/taxon#10116","http://www.bioassayontology.org/taxon#10114","http://www.bioassayontology.org/taxon#39107","http://www.bioassayontology.org/taxon#10066","http://www.bioassayontology.org/taxon#1963758","http://www.bioassayontology.org/taxon#9989","http://www.bioassayontology.org/taxon#314147","http://www.bioassayontology.org/taxon#314146","http://www.bioassayontology.org/taxon#40674","http://www.bioassayontology.org/taxon#32524","http://www.bioassayontology.org/taxon#8287","http://www.bioassayontology.org/taxon#117570","http://www.bioassayontology.org/taxon#7711","http://www.bioassayontology.org/taxon#33511","http://www.bioassayontology.org/taxon#33213","http://www.bioassayontology.org/taxon#33208","http://www.bioassayontology.org/taxon#33154","http://www.bioassayontology.org/taxon#2759","http://www.bioassayontology.org/taxon#131567","http://www.bioassayontology.org/taxon#Root"],"labelHier":["Rattus norvegicus","Rattus","Murinae","Muridae","Myomorpha / Muroidea","Rodentia","Glires","Euarchontoglires","Mammalia / Theria / Eutheria / Boreoeutheria","Amniota","Sarcopterygii / Dipnotetrapodomorpha / Tetrapoda","Teleostomi / Euteleostomi","Chordata / Craniata / Vertebrata / Gnathostomata","Deuterostomia","Bilateria","Metazoa / Eumetazoa","Opisthokonta","Eukaryota","cellular organisms","Faux ProteinID"]},{"propURI":"http://www.bioassayontology.org/bao#BAX_0000011","propLabel":"gene identity","propAbbrev":"bao:BAX_0000011","valueURI":"http://www.bioassayontology.org/geneid#170848","valueLabel":"Kcnq2: potassium voltage-gated channel subfamily Q member 2","valueAbbrev":"geneid:170848","valueDescr":"","groupNest":[],"groupLabel":[],"externalURLs":["https://www.ncbi.nlm.nih.gov/gene/170848"],"valueHier":["http://www.bioassayontology.org/geneid#Rattus_norvegicus","http://www.bioassayontology.org/geneid#Mammalia","http://www.bioassayontology.org/geneid#Root"],"labelHier":["Rattus norvegicus","Mammalia","Faux GeneID"]},{"propURI":"http://www.bioassayontology.org/bao#BAO_0002852","propLabel":"assay sources","propAbbrev":"bao:BAO_0002852","valueURI":"http://www.bioassayexpress.org/sources#SRC_0000011","valueLabel":"Ion Channel Center (Johns Hopkins)","valueAbbrev":"src:SRC_0000011","valueDescr":"Johns Hopkins Ion Channel Center.","groupNest":[],"groupLabel":[],"externalURLs":["http://www.jhicc.org"],"valueHier":["http://www.bioassayexpress.org/sources#pubchem_sources","http://www.bioassayontology.org/bao#BAO_0002934"],"labelHier":["PubChem Sources","organization"]},{"propURI":"http://www.bioassayontology.org/bao#BAO_0000211","propLabel":"target","propAbbrev":"bao:BAO_0000211","valueURI":"http://purl.obolibrary.org/obo/PR_O43526","valueLabel":"potassium voltage-gated channel subfamily KQT member 2 (human)","valueAbbrev":"obo:PR_O43526","valueDescr":"A voltage-gated potassium channel subunit KCNQ2 that is encoded in the genome of human.","groupNest":[],"groupLabel":[],"altLabels":["neuroblastoma-specific potassium channel subunit alpha KvLQT2 (human)","voltage-gated potassium channel subunit Kv7.2 (human)","KQT-like 2 (human)","hKCNQ2"],"valueHier":["http://purl.obolibrary.org/obo/PR_000029067","http://purl.obolibrary.org/obo/PR_000036194","http://purl.obolibrary.org/obo/PR_000000001"],"labelHier":["Homo sapiens protein","eukaryotic protein","protein"]},{"propURI":"http://www.bioassayontology.org/bao#BAO_0000539","valueLabel":"pubchemAID:2262","propAbbrev":"bao:BAO_0000539","groupNest":[],"propLabel":"related assays","groupLabel":[]},{"propURI":"http://www.bioassayontology.org/bao#BAO_0000539","valueLabel":"pubchemAID:2156","propAbbrev":"bao:BAO_0000539","groupNest":[],"propLabel":"related assays","groupLabel":[]},{"propURI":"http://www.bioassayontology.org/bao#BAO_0002853","valueLabel":"Confirmatory screen for compounds that inhibit KCNQ2 potassium channels","propAbbrev":"bao:BAO_0002853","groupNest":[],"propLabel":"assay title","groupLabel":[]}],"pubchemXRef":[{"type":"aid","id":"2262","comment":"Summary assay for KCNQ2 inhibitor assays."},{"type":"aid","id":"2156","comment":""},{"type":"dburl","id":"http://www.jhicc.org","comment":""},{"type":"gene","id":"170848","comment":"Potassium voltage-gated channel, subfamily Q, member 2 (KCNQ2)"},{"type":"pmid","id":"9425900","comment":""},{"type":"pmid","id":"14657415","comment":""},{"type":"pmid","id":"10025409","comment":""},{"type":"pmid","id":"10816588","comment":""},{"type":"pmid","id":"9425895","comment":""},{"type":"pmid","id":"8528244","comment":""},{"type":"pmid","id":"6965523","comment":""},{"type":"pmid","id":"9074774","comment":""},{"type":"pmid","id":"18238816","comment":""},{"type":"pmid","id":"19279215","comment":""},{"type":"pmid","id":"15634793","comment":""},{"type":"pmid","id":"18171729","comment":""},{"type":"pmid","id":"10838414","comment":""},{"type":"pmid","id":"16465162","comment":""},{"type":"protein_gi","id":"18959272","comment":"potassium voltage-gated channel KQT-like protein 2 [Rattus norvegicus]"}],"curationTime":1584620531967,"curatorID":"google:108375455890260223170","curatorName":"","curatorEmail":"aclark.xyz@gmail.com","history":[{"curationTime":1492468131292,"curatorID":"admin","annotsAdded":[{"propURI":"http://www.bioassayontology.org/bao#BAO_0002854","propLabel":"bioassay type","propAbbrev":"bao:BAO_0002854","valueURI":"http://www.bioassayontology.org/bao#BAO_0000010","valueLabel":"functional","valueAbbrev":"bao:BAO_0000010","valueDescr":"An assay where the measured signal corresponds to a complex response such as cell survival, proliferation, localization of a protein, nuclear translocation etc. The molecular target is not assumed.","valueHier":["http://www.bioassayontology.org/bao#BAO_0000008"],"labelHier":["bioassay type"]}],"annotsRemoved":[{"propURI":"http://www.bioassayontology.org/bao#BAX_0000002","propLabel":"has bioassay type","propAbbrev":"bao:BAX_0000002","valueURI":"http://www.bioassayontology.org/bao#BAO_0000010","valueLabel":"functional","valueAbbrev":"bao:BAO_0000010","valueDescr":"An assay where the measured signal corresponds to a complex response such as cell survival, proliferation, localization of a protein, nuclear translocation etc. The molecular target is not assumed.","valueHier":[],"labelHier":[],"outOfSchema":true}],"labelsAdded":[{"propURI":"http://www.bioassayontology.org/bao#BAO_0002854","valueLabel":"functional","propAbbrev":"bao:BAO_0002854","propLabel":"bioassay type"}],"labelsRemoved":[{"propURI":"http://www.bioassayontology.org/bao#BAX_0000002","valueLabel":"functional","propAbbrev":"bao:BAX_0000002","propLabel":"has bioassay type"}]},{"curationTime":1492468131292,"curatorID":"admin","annotsAdded":[{"propURI":"http://www.bioassayontology.org/bao#BAO_0002009","propLabel":"biological process","propAbbrev":"bao:BAO_0002009","valueURI":"http://purl.obolibrary.org/obo/GO_0043267","valueLabel":"negative regulation of potassium ion transport","valueAbbrev":"obo:GO_0043267","valueDescr":"Any process that stops, prevents, or reduces the frequency, rate or extent of the directed movement of potassium ions (K+) into, out of or within a cell, or between cells, by means of some agent such as a transporter or pore.","valueHier":["http://purl.obolibrary.org/obo/GO_0043271","http://purl.obolibrary.org/obo/GO_0051051","http://purl.obolibrary.org/obo/GO_0048519","http://purl.obolibrary.org/obo/GO_0050789","http://purl.obolibrary.org/obo/GO_0065007","http://purl.obolibrary.org/obo/GO_0008150","http://www.bioassayontology.org/bao#BAO_0003114"],"labelHier":["negative regulation of ion transport","negative regulation of transport","negative regulation of biological process","regulation of biological process","biological regulation","biological process","assay biology component"]}],"annotsRemoved":[{"propURI":"http://www.bioassayontology.org/bao#BAX_0000004","propAbbrev":"bao:BAX_0000004","valueURI":"http://purl.obolibrary.org/obo/GO_0043267","valueLabel":"negative regulation of potassium ion transport","valueAbbrev":"obo:GO_0043267","valueDescr":"Any process that stops, prevents, or reduces the frequency, rate or extent of the directed movement of potassium ions (K+) into, out of or within a cell, or between cells, by means of some agent such as a transporter or pore.","valueHier":[],"labelHier":[],"outOfSchema":true}],"labelsAdded":[{"propURI":"http://www.bioassayontology.org/bao#BAO_0002009","valueLabel":"negative regulation of potassium ion transport","propAbbrev":"bao:BAO_0002009","propLabel":"biological process"}],"labelsRemoved":[{"propURI":"http://www.bioassayontology.org/bao#BAX_0000004","valueLabel":"negative regulation of potassium ion transport","propAbbrev":"bao:BAX_0000004"}]},{"curationTime":1492468131292,"curatorID":"admin","annotsAdded":[{"propURI":"http://www.bioassayontology.org/bao#BAO_0002848","propLabel":"applies to disease","propAbbrev":"bao:BAO_0002848","valueURI":"http://purl.obolibrary.org/obo/DOID_14777","valueLabel":"benign familial neonatal epilepsy","valueAbbrev":"obo:DOID_14777","valueDescr":"","valueHier":["http://purl.obolibrary.org/obo/DOID_0050702","http://purl.obolibrary.org/obo/DOID_0050701","http://purl.obolibrary.org/obo/DOID_1826","http://purl.obolibrary.org/obo/DOID_936","http://purl.obolibrary.org/obo/DOID_331","http://purl.obolibrary.org/obo/DOID_863","http://purl.obolibrary.org/obo/DOID_7","http://purl.obolibrary.org/obo/DOID_4"],"labelHier":["neonatal period electroclinical syndrome","electroclinical syndrome","epilepsy","brain disease","central nervous system disease","nervous system disease","disease of anatomical entity","Disease"]}],"annotsRemoved":[{"propURI":"http://www.bioassayontology.org/bao#BAX_0000010","propAbbrev":"bao:BAX_0000010","valueURI":"http://purl.obolibrary.org/obo/DOID_14777","valueLabel":"benign familial neonatal epilepsy","valueAbbrev":"obo:DOID_14777","valueDescr":"","valueHier":[],"labelHier":[],"outOfSchema":true}],"labelsAdded":[{"propURI":"http://www.bioassayontology.org/bao#BAO_0002848","valueLabel":"benign familial neonatal epilepsy","propAbbrev":"bao:BAO_0002848","propLabel":"applies to disease"}],"labelsRemoved":[{"propURI":"http://www.bioassayontology.org/bao#BAX_0000010","valueLabel":"benign familial neonatal epilepsy","propAbbrev":"bao:BAX_0000010"}]},{"curationTime":1492468131292,"curatorID":"admin","annotsAdded":[{"propURI":"http://www.bioassayontology.org/bao#BAO_0000208","propLabel":"result","propAbbrev":"bao:BAO_0000208","valueURI":"http://www.bioassayontology.org/bao#BAO_0000201","valueLabel":"percent inhibition","valueAbbrev":"bao:BAO_0000201","valueDescr":"Percent decrease of a measureable response as a consequence of compound treatment.  Unit of Measure is always % when normalized to the dynamic range of the assay. Percent inhibition is expressed relative to a positive control (which results in total inhibition).","valueHier":["http://www.bioassayontology.org/bao#BAO_0000082","http://www.bioassayontology.org/bao#BAO_0000181","http://www.bioassayontology.org/bao#BAO_0000179"],"labelHier":["percent response","response endpoint","endpoint"]}],"annotsRemoved":[{"propURI":"http://www.bioassayontology.org/bao#BAX_0000006","propAbbrev":"bao:BAX_0000006","valueURI":"http://www.bioassayontology.org/bao#BAO_0000201","valueLabel":"percent inhibition","valueAbbrev":"bao:BAO_0000201","valueDescr":"Percent decrease of a measureable response as a consequence of compound treatment.  Unit of Measure is always % when normalized to the dynamic range of the assay. Percent inhibition is expressed relative to a positive control (which results in total inhibition).","valueHier":[],"labelHier":[],"outOfSchema":true}],"labelsAdded":[{"propURI":"http://www.bioassayontology.org/bao#BAO_0000208","valueLabel":"percent inhibition","propAbbrev":"bao:BAO_0000208","propLabel":"result"}],"labelsRemoved":[{"propURI":"http://www.bioassayontology.org/bao#BAX_0000006","valueLabel":"percent inhibition","propAbbrev":"bao:BAX_0000006"}]},{"curationTime":1492468131292,"curatorID":"admin","annotsAdded":[{"propURI":"http://www.bioassayontology.org/bao#BAO_0002874","propLabel":"units","propAbbrev":"bao:BAO_0002874","valueURI":"http://purl.org/obo/owl/UO#UO_0000187","valueLabel":"percent","valueAbbrev":"uo:UO_0000187","valueDescr":"","valueHier":[],"labelHier":[],"outOfSchema":true}],"annotsRemoved":[{"propURI":"http://www.bioassayontology.org/bao#BAX_0000007","propAbbrev":"bao:BAX_0000007","valueURI":"http://purl.org/obo/owl/UO#UO_0000187","valueLabel":"percent","valueAbbrev":"uo:UO_0000187","valueDescr":"","valueHier":[],"labelHier":[],"outOfSchema":true}],"labelsAdded":[{"propURI":"http://www.bioassayontology.org/bao#BAO_0002874","valueLabel":"percent","propAbbrev":"bao:BAO_0002874","propLabel":"units"}],"labelsRemoved":[{"propURI":"http://www.bioassayontology.org/bao#BAX_0000007","valueLabel":"percent","propAbbrev":"bao:BAX_0000007"}]},{"curationTime":1492468131292,"curatorID":"admin","annotsAdded":[{"propURI":"http://www.bioassayontology.org/bao#BAO_0095009","propLabel":"assay design method","propAbbrev":"bao:BAO_0095009","valueURI":"http://www.bioassayontology.org/bao#BAO_0002888","valueLabel":"ion redistribution determination method","valueAbbrev":"bao:BAO_0002888","valueDescr":"","valueHier":["http://www.bioassayontology.org/bao#BAO_0000126","http://www.bioassayontology.org/bao#BAO_0002202"],"labelHier":["molecular redistribution determination method","assay design method"]}],"annotsRemoved":[{"propURI":"http://www.bioassayontology.org/bao#BAX_0000003","propAbbrev":"bao:BAX_0000003","valueURI":"http://www.bioassayontology.org/bao#BAO_0002888","valueLabel":"ion redistribution determination method","valueAbbrev":"bao:BAO_0002888","valueDescr":"","valueHier":[],"labelHier":[],"outOfSchema":true}],"labelsAdded":[{"propURI":"http://www.bioassayontology.org/bao#BAO_0095009","valueLabel":"ion redistribution determination method","propAbbrev":"bao:BAO_0095009","propLabel":"assay design method"}],"labelsRemoved":[{"propURI":"http://www.bioassayontology.org/bao#BAX_0000003","valueLabel":"ion redistribution determination method","propAbbrev":"bao:BAX_0000003"}]},{"curationTime":1492468131292,"curatorID":"admin","annotsAdded":[{"propURI":"http://www.bioassayontology.org/bao#BAO_0000211","propLabel":"target","propAbbrev":"bao:BAO_0000211","valueURI":"http://www.drugtargetontology.org/dto/DTO_01100233","valueLabel":"Potassium voltage-gated channel subfamily KQT member 2","valueAbbrev":"dto:DTO_01100233","valueDescr":"","valueHier":["http://www.drugtargetontology.org/dto/DTO_01300562","http://www.drugtargetontology.org/dto/DTO_01300449","http://www.drugtargetontology.org/dto/DTO_01300355","http://www.drugtargetontology.org/dto/DTO_01300327","http://www.drugtargetontology.org/dto/DTO_00100000"],"labelHier":["Kv7.2/KCNQ2 sub-subfamily","KQT subfamily","Potassium channel family","Ion channel","Protein"]}],"annotsRemoved":[{"propURI":"http://www.bioassayontology.org/bao#BAX_0000005","propAbbrev":"bao:BAX_0000005","valueURI":"http://www.drugtargetontology.org/dto/DTO_01100233","valueLabel":"Potassium voltage-gated channel subfamily KQT member 2","valueAbbrev":"dto:DTO_01100233","valueDescr":"","valueHier":[],"labelHier":[],"outOfSchema":true}],"labelsAdded":[{"propURI":"http://www.bioassayontology.org/bao#BAO_0000211","valueLabel":"Potassium voltage-gated channel subfamily KQT member 2","propAbbrev":"bao:BAO_0000211","propLabel":"target"}],"labelsRemoved":[{"propURI":"http://www.bioassayontology.org/bao#BAX_0000005","valueLabel":"Potassium voltage-gated channel subfamily KQT member 2","propAbbrev":"bao:BAX_0000005"}]},{"curationTime":1492468131292,"curatorID":"admin","annotsAdded":[{"propURI":"http://www.bioassayontology.org/bao#BAO_0002855","propLabel":"bioassay","propAbbrev":"bao:BAO_0002855","valueURI":"http://www.bioassayontology.org/bao#BAO_0000819","valueLabel":"ion redistribution assay","valueAbbrev":"bao:BAO_0000819","valueDescr":"Radiolabeled flux assays to study ion channel activity by chemically initiating the opening of channels in the presence of a fixed amount of radiolabeled cation or anion, and a potential ion channel modulator compound.","valueHier":["http://www.bioassayontology.org/bao#BAO_0002999","http://www.bioassayontology.org/bao#BAO_0000015"],"labelHier":["redistribution assay","bioassay"]},{"propURI":"http://www.bioassayontology.org/bao#BAO_0002855","propLabel":"bioassay","propAbbrev":"bao:BAO_0002855","valueURI":"http://www.bioassayontology.org/bao#BAO_0002997","valueLabel":"ion channel assay","valueAbbrev":"bao:BAO_0002997","valueDescr":"Ion channel assays are performed in electrically active cells: neurons, muscle, and endocrine cells.","valueHier":["http://www.bioassayontology.org/bao#BAO_0000015"],"labelHier":["bioassay"]}],"annotsRemoved":[{"propURI":"http://www.bioassayontology.org/bao#BAX_0000002","propLabel":"has bioassay type","propAbbrev":"bao:BAX_0000002","valueURI":"http://www.bioassayontology.org/bao#BAO_0000819","valueLabel":"ion redistribution assay","valueAbbrev":"bao:BAO_0000819","valueDescr":"Radiolabeled flux assays to study ion channel activity by chemically initiating the opening of channels in the presence of a fixed amount of radiolabeled cation or anion, and a potential ion channel modulator compound.","valueHier":[],"labelHier":[],"outOfSchema":true},{"propURI":"http://www.bioassayontology.org/bao#BAX_0000002","propLabel":"has bioassay type","propAbbrev":"bao:BAX_0000002","valueURI":"http://www.bioassayontology.org/bao#BAO_0002997","valueLabel":"ion channel assay","valueAbbrev":"bao:BAO_0002997","valueDescr":"Ion channel assays are performed in electrically active cells: neurons, muscle, and endocrine cells.","valueHier":[],"labelHier":[],"outOfSchema":true}],"labelsAdded":[{"propURI":"http://www.bioassayontology.org/bao#BAO_0002855","valueLabel":"ion redistribution assay","propAbbrev":"bao:BAO_0002855","propLabel":"bioassay"},{"propURI":"http://www.bioassayontology.org/bao#BAO_0002855","valueLabel":"ion channel assay","propAbbrev":"bao:BAO_0002855","propLabel":"bioassay"}],"labelsRemoved":[{"propURI":"http://www.bioassayontology.org/bao#BAX_0000002","valueLabel":"ion redistribution assay","propAbbrev":"bao:BAX_0000002","propLabel":"has bioassay type"},{"propURI":"http://www.bioassayontology.org/bao#BAX_0000002","valueLabel":"ion channel assay","propAbbrev":"bao:BAX_0000002","propLabel":"has bioassay type"}]},{"curationTime":1492468131292,"curatorID":"admin","annotsAdded":[{"propURI":"http://www.bioassayontology.org/bao#BAO_0002874","propLabel":"units","propAbbrev":"bao:BAO_0002874","valueURI":"http://purl.obolibrary.org/obo/UO_0000187","valueLabel":"percent","valueAbbrev":"obo:UO_0000187","valueDescr":"A dimensionless ratio unit which denotes numbers as fractions of 100.","valueHier":["http://purl.obolibrary.org/obo/UO_0000190","http://purl.obolibrary.org/obo/UO_0000186","http://purl.obolibrary.org/obo/UO_0000000"],"labelHier":["ratio","dimensionless unit","unit"]}],"annotsRemoved":[{"propURI":"http://www.bioassayontology.org/bao#BAO_0002874","propLabel":"units","propAbbrev":"bao:BAO_0002874","valueURI":"http://purl.org/obo/owl/UO#UO_0000187","valueLabel":"percent","valueAbbrev":"uo:UO_0000187","valueDescr":"","valueHier":[],"labelHier":[],"outOfSchema":true}],"labelsAdded":[{"propURI":"http://www.bioassayontology.org/bao#BAO_0002874","valueLabel":"percent","propAbbrev":"bao:BAO_0002874","propLabel":"units"}],"labelsRemoved":[{"propURI":"http://www.bioassayontology.org/bao#BAO_0002874","valueLabel":"percent","propAbbrev":"bao:BAO_0002874","propLabel":"units"}]},{"curationTime":1520356870695,"curatorID":"google:108375455890260223170","curatorName":"","curatorEmail":"aclark.xyz@gmail.com","annotsAdded":[{"propURI":"http://www.bioassayontology.org/bao#BAO_0002800","propLabel":"assay cell line","propAbbrev":"bao:BAO_0002800","valueURI":"http://purl.obolibrary.org/obo/BTO_0000457","valueAbbrev":"obo:BTO_0000457","valueHier":[],"labelHier":[],"outOfSchema":true}],"annotsRemoved":[],"labelsAdded":[],"labelsRemoved":[]},{"curationTime":1584620531967,"curatorID":"google:108375455890260223170","curatorName":"","curatorEmail":"aclark.xyz@gmail.com","annotsAdded":[{"propURI":"http://www.bioassayontology.org/bao#BAO_0000211","propLabel":"target","propAbbrev":"bao:BAO_0000211","valueURI":"http://purl.obolibrary.org/obo/PR_O43526","valueLabel":"potassium voltage-gated channel subfamily KQT member 2 (human)","valueAbbrev":"obo:PR_O43526","valueDescr":"A voltage-gated potassium channel subunit KCNQ2 that is encoded in the genome of human.","altLabels":["neuroblastoma-specific potassium channel subunit alpha KvLQT2 (human)","voltage-gated potassium channel subunit Kv7.2 (human)","KQT-like 2 (human)","hKCNQ2"],"valueHier":["http://purl.obolibrary.org/obo/PR_000029067","http://purl.obolibrary.org/obo/PR_000036194","http://purl.obolibrary.org/obo/PR_000000001"],"labelHier":["Homo sapiens protein","eukaryotic protein","protein"]}],"annotsRemoved":[],"labelsAdded":[],"labelsRemoved":[]}],"holdingIDList":[]}