{"assayID":3674,"uniqueID":"pubchemAID:504740","text":"Inhibitors of Bloom's syndrome helicase: Mouse Plasma Stability Profiling\n\nSurvival of cells and the faithful propagation of the genome depend on elaborate mechanisms of detecting and repairing DNA damage. Treatment of advanced cancer relies on radiation therapy or chemotherapy, which kill cancer cells by causing extensive DNA damage. It is often found, that cancer cells develop resistance to therapy through enhanced activity of DNA repair functions; this has led to an increased interest in developing drugs that interfere with DNA repair, which could sensitize cancer cells to conventional therapy. Bloom syndrome helicase (BLM), is important in resolving abnormal DNA structures formed during replication or homologous recombination. Shutting down the expression of BLM leads to chromosomal instability and higher radiation sensitivity in cultured cells. After the completion of a qHTS campaign, secondary assays, and rounds of medicinal chemistry, a compound was identified to be further characterized through in vitro ADME assays.\n\nThe stability of the lead compound in mouse plasma is tested because this parameter has a significant impact on many ADME-concerned properties of drugs, such as uptake, distribution, transport, and bioavailability.\n\nNIH Chemical Genomics Center [NCGC]\nNIH Molecular Libraries Probe Production Centers Network [MLPCN]\n\nMLSCN Grant: MH087284\nPI Name: Dr. Opher Gileadi, Structural Genomics Consortium, University of Oxford, UK\n\nCompounds are \"active\" if percent remaining after 48 h is equal or more than 90%; \"inactive\" if percent remaining after 48 h is less than 90%.\n\nPUBCHEM_ACTIVITY_SCORE is the closets whole number of percent remaining after 48 hours.\n\n2uM of compound is incubated in mouse plasma; the reference compound is procaine. Compounds are incubated at 37 deg C for the pre-determined time periods and the when aliquots are removed. Samples are analyzed with LC-MS/MS.","schemaURI":"http://www.bioassayontology.org/bas#","annotations":[{"propURI":"http://www.bioassayontology.org/bao#BAO_0002854","propLabel":"bioassay type","propAbbrev":"bao:BAO_0002854","valueURI":"http://www.bioassayontology.org/bao#BAO_0000009","valueLabel":"ADMET","valueAbbrev":"bao:BAO_0000009","valueDescr":"ADMET stands for absorption, distribution, metabolism, excretion and toxicity. Admet assays are performed for verifying the bio-availability,  toxicity, metabolic stability, and drug-drug interaction potential of drugs: They quantify absorption of drugs in the intestine which is dependent on their solubility; distribution which ascertains their binding to plasma proteins, central nervous system penetration; metabolism where the in vivo clearance is monitored; and finally, toxicity in terms of inhibition of liver cytochrome p450 enzymes or hERG which could cause drug-drug interactions and cardiac arrhythmias, respectively.","groupNest":[],"groupLabel":[],"valueHier":["http://www.bioassayontology.org/bao#BAO_0000008"],"labelHier":["bioassay type"]},{"propURI":"http://www.bioassayontology.org/bao#BAO_0002800","propLabel":"assay cell line","propAbbrev":"bao:BAO_0002800","valueURI":"http://www.bioassayontology.org/bat#NotApplicable","valueLabel":"not applicable","valueAbbrev":"bat:NotApplicable","valueDescr":"This property does not apply to this assay.","groupNest":[],"groupLabel":[],"valueHier":[],"labelHier":[]},{"propURI":"http://www.bioassayontology.org/bao#BAO_0002921","propLabel":"organism","propAbbrev":"bao:BAO_0002921","valueURI":"http://purl.obolibrary.org/obo/NCBITaxon_10090","valueLabel":"Mus musculus","valueAbbrev":"obo:NCBITaxon_10090","valueDescr":"","groupNest":[],"groupLabel":[],"altLabels":["mouse","mice C57BL/6xCBA/CaJ hybrid","house mouse","Mus muscaris"],"valueHier":["http://www.bioassayontology.org/bao#BAO_0000362","http://www.bioassayontology.org/bao#BAO_0000510","http://www.bioassayontology.org/bao#BAO_0000659","http://www.bioassayontology.org/bao#BAO_0000509","http://www.bioassayontology.org/bao#BAO_0000658","http://www.bioassayontology.org/bao#BAO_0000551"],"labelHier":["mammalian","vertebrate","metazoa","eukaryote","cellular organisms","organism"]},{"propURI":"http://www.bioassayontology.org/bao#BAO_0002009","propLabel":"biological process","propAbbrev":"bao:BAO_0002009","valueURI":"http://www.bioassayontology.org/bat#NotApplicable","valueLabel":"not applicable","valueAbbrev":"bat:NotApplicable","valueDescr":"This property does not apply to this assay.","groupNest":[],"groupLabel":[],"valueHier":[],"labelHier":[]},{"propURI":"http://www.bioassayontology.org/bao#BAO_0000211","propLabel":"target","propAbbrev":"bao:BAO_0000211","valueURI":"http://www.bioassayontology.org/bat#NotApplicable","valueLabel":"not applicable","valueAbbrev":"bat:NotApplicable","valueDescr":"This property does not apply to this assay.","groupNest":[],"groupLabel":[],"valueHier":[],"labelHier":[]},{"propURI":"http://www.bioassayontology.org/bao#BAO_0000196","propLabel":"assay mode of action","propAbbrev":"bao:BAO_0000196","valueURI":"http://www.bioassayontology.org/bao#BAO_0000091","valueLabel":"inhibition","valueAbbrev":"bao:BAO_0000091","valueDescr":"Reduction of a predefined stimulus. Unit of Measure is always % when normalized to the dynamic range of the assay.","groupNest":[],"groupLabel":[],"valueHier":["http://www.bioassayontology.org/bao#BAO_0000084","http://www.bioassayontology.org/bao#BAO_0000074"],"labelHier":["ligand function mode of action","mode of action"]},{"propURI":"http://www.bioassayontology.org/bao#BAO_0000208","propLabel":"result","propAbbrev":"bao:BAO_0000208","valueURI":"http://www.bioassayontology.org/bao#BAO_0002148","valueLabel":"percent recovery","valueAbbrev":"bao:BAO_0002148","valueDescr":"In a purification assay, percent recovery is the ratio of mass of the entity obtained after the affinity purification to the mass of the unpurified entity originally added in the assay, multiplied by 100.","groupNest":[],"groupLabel":[],"valueHier":["http://www.bioassayontology.org/bao#BAO_0000082","http://www.bioassayontology.org/bao#BAO_0000181","http://www.bioassayontology.org/bao#BAO_0000179"],"labelHier":["percent response","response endpoint","endpoint"]},{"propURI":"http://www.bioassayontology.org/bao#BAO_0002874","propLabel":"units","propAbbrev":"bao:BAO_0002874","valueURI":"http://purl.obolibrary.org/obo/UO_0000187","valueLabel":"percent","valueAbbrev":"obo:UO_0000187","valueDescr":"A dimensionless ratio unit which denotes numbers as fractions of 100.","groupNest":["http://www.bioassayontology.org/bao#BAX_0000017"],"groupLabel":["measurement"],"valueHier":["http://purl.obolibrary.org/obo/UO_0000190","http://purl.obolibrary.org/obo/UO_0000186","http://purl.obolibrary.org/obo/UO_0000000"],"labelHier":["ratio","dimensionless unit","unit"]},{"propURI":"http://www.bioassayontology.org/bao#BAO_0000210","propLabel":"screening campaign stage","propAbbrev":"bao:BAO_0000210","valueURI":"http://www.bioassayontology.org/bao#BAO_0000538","valueLabel":"lead optimization assay","valueAbbrev":"bao:BAO_0000538","valueDescr":"Assays performed in the lead optimization stage. They are typically concentration-response high quality assays. They can involve a number of different assays depending on the required profile of the desired lead compound.","groupNest":[],"groupLabel":[],"valueHier":["http://www.bioassayontology.org/bao#BAO_0000029"],"labelHier":["assay screening campaign stage"]},{"propURI":"http://www.bioassayontology.org/bao#BAO_0002867","propLabel":"assay footprint","propAbbrev":"bao:BAO_0002867","valueURI":"http://www.bioassayontology.org/bat#Unknown","valueLabel":"unknown","valueAbbrev":"bat:Unknown","valueDescr":"There should be a term assigned to this property but the value was not specified in the source information.","groupNest":[],"groupLabel":[],"valueHier":[],"labelHier":[]},{"propURI":"http://www.bioassayontology.org/bao#BAO_0002663","propLabel":"assay kit","propAbbrev":"bao:BAO_0002663","valueURI":"http://www.bioassayontology.org/bat#NotApplicable","valueLabel":"not applicable","valueAbbrev":"bat:NotApplicable","valueDescr":"This property does not apply to this assay.","groupNest":[],"groupLabel":[],"valueHier":[],"labelHier":[]},{"propURI":"http://www.bioassayontology.org/bao#BAO_0000207","propLabel":"physical detection method","propAbbrev":"bao:BAO_0000207","valueURI":"http://www.bioassayontology.org/bao#BAO_0000055","valueLabel":"mass spectrometry","valueAbbrev":"bao:BAO_0000055","valueDescr":"This method is used to detect compounds that are bound to the protein targets. The unbound compounds are separated by affinity based, size exclusion, or ultrafiltration methods. The bound compounds are eluted from the protein and detected by mass spectrometry. Based on the separation method, the throughput varies: between 200-2700 compounds can be loaded in each run for separation.\nMass spectrometry is used to determine the chemical structure of molecules. The samples are vaporized, followed by ionization and then the mass to charge ratio of the particles is analyzed.","groupNest":[],"groupLabel":[],"altLabels":["MS"],"valueHier":["http://www.bioassayontology.org/bao#BAO_0000427","http://www.bioassayontology.org/bao#BAO_0000035"],"labelHier":["label free method","physical detection method"]},{"propURI":"http://www.bioassayontology.org/bao#BAO_0002865","propLabel":"detection instrument","propAbbrev":"bao:BAO_0002865","valueURI":"http://www.bioassayontology.org/bat#Unknown","valueLabel":"unknown","valueAbbrev":"bat:Unknown","valueDescr":"There should be a term assigned to this property but the value was not specified in the source information.","groupNest":[],"groupLabel":[],"valueHier":[],"labelHier":[]},{"propURI":"http://www.bioassayontology.org/bao#BAO_0000185","propLabel":"perturbagen type","propAbbrev":"bao:BAO_0000185","valueURI":"http://www.bioassayontology.org/bao#BAO_0000733","valueLabel":"MLSMR library","valueAbbrev":"bao:BAO_0000733","valueDescr":"","groupNest":[],"groupLabel":[],"valueHier":["http://www.bioassayontology.org/bao#BAO_0000648","http://www.bioassayontology.org/bao#BAO_0000661","http://www.bioassayontology.org/bao#BAO_0003120"],"labelHier":["compound library","perturbagen library","assay screened entity component"]},{"propURI":"http://www.bioassayontology.org/bao#BAO_0002848","propLabel":"applies to disease","propAbbrev":"bao:BAO_0002848","valueURI":"http://purl.obolibrary.org/obo/DOID_162","valueLabel":"cancer","valueAbbrev":"obo:DOID_162","valueDescr":"A disease of cellular proliferation that is malignant and primary, characterized by uncontrolled cellular proliferation, local cell invasion and metastasis.","groupNest":[],"groupLabel":[],"valueHier":["http://purl.obolibrary.org/obo/DOID_14566","http://purl.obolibrary.org/obo/DOID_4"],"labelHier":["disease of cellular proliferation","Disease"]},{"propURI":"http://www.bioassayontology.org/bao#BAX_0000011","propLabel":"gene identity","propAbbrev":"bao:BAX_0000011","valueURI":"http://www.bioassayontology.org/geneid#641","valueLabel":"BLM: BLM RecQ like helicase","valueAbbrev":"geneid:641","valueDescr":"","groupNest":[],"groupLabel":[],"altLabels":["BS , MGRISCE1 , RECQ2 , RECQL2 , RECQL3"],"externalURLs":["https://www.ncbi.nlm.nih.gov/gene/641"],"valueHier":["http://www.bioassayontology.org/geneid#Homo_sapiens","http://www.bioassayontology.org/geneid#Mammalia","http://www.bioassayontology.org/geneid#Root"],"labelHier":["Homo sapiens","Mammalia","Faux GeneID"]},{"propURI":"http://www.bioassayontology.org/bao#BAX_0000012","propLabel":"protein identity","propAbbrev":"bao:BAX_0000012","valueURI":"http://www.bioassayontology.org/protein#4557365","valueLabel":"Bloom syndrome protein isoform 1 [Homo sapiens]","valueAbbrev":"protein:4557365","valueDescr":"Protein: Bloom syndrome protein isoform 1 [Homo sapiens], Organism: Homo sapiens","groupNest":[],"groupLabel":[],"externalURLs":["https://www.ncbi.nlm.nih.gov/protein/4557365"],"valueHier":["http://www.bioassayontology.org/taxon#9606","http://www.bioassayontology.org/taxon#9605","http://www.bioassayontology.org/taxon#314295","http://www.bioassayontology.org/taxon#9526","http://www.bioassayontology.org/taxon#9443","http://www.bioassayontology.org/taxon#314146","http://www.bioassayontology.org/taxon#40674","http://www.bioassayontology.org/taxon#32524","http://www.bioassayontology.org/taxon#8287","http://www.bioassayontology.org/taxon#117570","http://www.bioassayontology.org/taxon#7711","http://www.bioassayontology.org/taxon#33511","http://www.bioassayontology.org/taxon#33213","http://www.bioassayontology.org/taxon#33208","http://www.bioassayontology.org/taxon#33154","http://www.bioassayontology.org/taxon#2759","http://www.bioassayontology.org/taxon#131567","http://www.bioassayontology.org/taxon#Root"],"labelHier":["Homo sapiens","Homo","Hominoidea / Hominidae / Homininae","Catarrhini","Primates / Haplorrhini / Simiiformes","Euarchontoglires","Mammalia / Theria / Eutheria / Boreoeutheria","Amniota","Sarcopterygii / Dipnotetrapodomorpha / Tetrapoda","Teleostomi / Euteleostomi","Chordata / Craniata / Vertebrata / Gnathostomata","Deuterostomia","Bilateria","Metazoa / Eumetazoa","Opisthokonta","Eukaryota","cellular organisms","Faux ProteinID"]},{"propURI":"http://www.bioassayontology.org/bao#BAO_0002855","propLabel":"bioassay","propAbbrev":"bao:BAO_0002855","valueURI":"http://www.bioassayontology.org/bao#BAO_0010007","valueLabel":"plasma stability assay","valueAbbrev":"bao:BAO_0010007","valueDescr":"A common in vitro ADME assay that tests the stability of compounds when incubated with plasma.  Assay is used to measure stability of new chemical entities in plasma, as compounds that rapidly degrade in plasma generally show poor in vivo efficacy. Typically lplasma from one or more mammalian species (mouse, rat, dog, monkey, human) are analyzed. Can be reported as % recovery after a set time (single timepoint), or as half-life (multiple timepoints).","groupNest":[],"groupLabel":[],"valueHier":["http://www.bioassayontology.org/bao#BAO_0002182","http://www.bioassayontology.org/bao#BAO_0000015"],"labelHier":["pharmacokinetic assay","bioassay"]},{"propURI":"http://www.bioassayontology.org/bao#BAO_0000205","propLabel":"assay format","propAbbrev":"bao:BAO_0000205","valueURI":"http://www.bioassayontology.org/bao#BAO_0020003","valueLabel":"plasma format","valueAbbrev":"bao:BAO_0020003","valueDescr":"Plasma is the liquid part of the blood and lymphatic fluid, which makes up about half of the volume of blood. Plasma is devoid of cells and, unlike serum, has not clotted.","groupNest":[],"groupLabel":[],"valueHier":["http://www.bioassayontology.org/bao#BAO_0000366","http://www.bioassayontology.org/bao#BAO_0000019"],"labelHier":["cell-free format","assay format"]},{"propURI":"http://www.bioassayontology.org/bao#BAO_0095009","propLabel":"assay design method","propAbbrev":"bao:BAO_0095009","valueURI":"http://www.bioassayontology.org/bao#BAO_0040018","valueLabel":"small molecule abundance method","valueAbbrev":"bao:BAO_0040018","valueDescr":"Any  method that simply measures the overall abundance (concentration, relative amount, etc) of a small molecule, such as LC-MS/MS or LC-UV. Typically used in both in vitro and in vivo ADME assays to monitor compound.","groupNest":[],"groupLabel":[],"valueHier":["http://www.bioassayontology.org/bao#BAO_0040011","http://www.bioassayontology.org/bao#BAO_0002202"],"labelHier":["molecular abundance method","assay design method"]},{"propURI":"http://www.bioassayontology.org/bao#BAO_0002852","propLabel":"assay sources","propAbbrev":"bao:BAO_0002852","valueURI":"http://www.bioassayexpress.org/sources#SRC_0000015","valueLabel":"NCATS Chemical Genomics Center (NCGC)","valueAbbrev":"src:SRC_0000015","valueDescr":"The NCATS Chemical Genomics Center (NCGC), formerly known as the NIH Chemical Genomics Center, was created in 2008 as a comprehensive screening center in the Molecular Libraries Probe Production Centers Network, part of the NIH Common Fund's Molecular Libraries Program. The NCGC's goal is to uncover new small molecule therapeutics and advance the process of therapeutic development through a model of collaborative research.","groupNest":[],"groupLabel":[],"externalURLs":["https://ncats.nih.gov/ncgc"],"valueHier":["http://www.bioassayexpress.org/sources#pubchem_sources","http://www.bioassayontology.org/bao#BAO_0002934"],"labelHier":["PubChem Sources","organization"]},{"propURI":"http://www.bioassayontology.org/bao#BAO_0000539","valueLabel":"pubchemAID:2386","propAbbrev":"bao:BAO_0000539","groupNest":[],"propLabel":"related assays","groupLabel":[]},{"propURI":"http://www.bioassayontology.org/bao#BAO_0002853","valueLabel":"Inhibitors of Bloom's syndrome helicase: Mouse Plasma Stability Profiling","propAbbrev":"bao:BAO_0002853","groupNest":[],"propLabel":"assay title","groupLabel":[]}],"pubchemXRef":[{"type":"aid","id":"2386","comment":"Summary AID"},{"type":"pmid","id":"16864780","comment":""},{"type":"pmid","id":"9388193","comment":""},{"type":"pmid","id":"18188578","comment":""},{"type":"pmid","id":"18448429","comment":""},{"type":"pmid","id":"19442250","comment":""},{"type":"pmid","id":"19657341","comment":""},{"type":"pmid","id":"20071248","comment":""},{"type":"protein_gi","id":"4557365","comment":""},{"type":"gene","id":"641","comment":""},{"type":"mim","id":"210900","comment":""},{"type":"taxonomy","id":"9606","comment":""}],"curationTime":1492468125665,"curatorID":"admin","history":[{"curationTime":1481412947788,"curatorID":"orcid:0000-0003-2629-5583","annotsAdded":[{"propURI":"http://www.bioassayontology.org/bao#BAX_0000002","propLabel":"has bioassay type","propAbbrev":"bao:BAX_0000002","valueURI":"http://www.bioassayontology.org/bao#BAO_0010007","valueLabel":"plasma stability assay","valueAbbrev":"bao:BAO_0010007","valueDescr":"A common in vitro ADME assay that tests the stability of compounds when incubated with plasma.  Assay is used to measure stability of new chemical entities in plasma, as compounds that rapidly degrade in plasma generally show poor in vivo efficacy. Typically lplasma from one or more mammalian species (mouse, rat, dog, monkey, human) are analyzed. Can be reported as % recovery after a set time (single timepoint), or as half-life (multiple timepoints).","valueHier":[],"labelHier":[],"outOfSchema":true},{"propURI":"http://www.bioassayontology.org/bao#BAX_0000003","propAbbrev":"bao:BAX_0000003","valueURI":"http://www.bioassayontology.org/bao#BAO_0040018","valueLabel":"small molecule abundance method","valueAbbrev":"bao:BAO_0040018","valueDescr":"Any  method that simply measures the overall abundance (concentration, relative amount, etc) of a small molecule, such as LC-MS/MS or LC-UV. Typically used in both in vitro and in vivo ADME assays to monitor compound.","valueHier":[],"labelHier":[],"outOfSchema":true},{"propURI":"http://www.bioassayontology.org/bao#BAO_0000205","propLabel":"assay format","propAbbrev":"bao:BAO_0000205","valueURI":"http://www.bioassayontology.org/bao#BAO_0020003","valueLabel":"plasma format","valueAbbrev":"bao:BAO_0020003","valueDescr":"Plasma is the liquid part of the blood and lymphatic fluid, which makes up about half of the volume of blood. Plasma is devoid of cells and, unlike serum, has not clotted.","valueHier":["http://www.bioassayontology.org/bao#BAO_0000366","http://www.bioassayontology.org/bao#BAO_0000019"],"labelHier":["cell-free format","assay format"]}],"annotsRemoved":[{"propURI":"http://www.bioassayontology.org/bao#BAX_0000003","propAbbrev":"bao:BAX_0000003","valueURI":"http://www.bioassayontology.org/bat#RequiresTerm","valueLabel":"requires term","valueAbbrev":"bat:RequiresTerm","valueDescr":"An appropriate term could not be found in the underlying ontologies: it may be necessary to create a new one.","valueHier":[],"labelHier":[]},{"propURI":"http://www.bioassayontology.org/bao#BAO_0000207","propLabel":"physical detection method","propAbbrev":"bao:BAO_0000207","valueURI":"http://www.bioassayontology.org/bat#RequiresTerm","valueLabel":"requires term","valueAbbrev":"bat:RequiresTerm","valueDescr":"An appropriate term could not be found in the underlying ontologies: it may be necessary to create a new one.","valueHier":[],"labelHier":[]},{"propURI":"http://www.bioassayontology.org/bao#BAX_0000002","propLabel":"has bioassay type","propAbbrev":"bao:BAX_0000002","valueURI":"http://www.bioassayontology.org/bao#BAO_0002182","valueLabel":"pharmacokinetic assay","valueAbbrev":"bao:BAO_0002182","valueDescr":"","valueHier":[],"labelHier":[],"outOfSchema":true},{"propURI":"http://www.bioassayontology.org/bao#BAO_0000205","propLabel":"assay format","propAbbrev":"bao:BAO_0000205","valueURI":"http://www.bioassayontology.org/bat#RequiresTerm","valueLabel":"requires term","valueAbbrev":"bat:RequiresTerm","valueDescr":"An appropriate term could not be found in the underlying ontologies: it may be necessary to create a new one.","valueHier":[],"labelHier":[]},{"propURI":"http://www.bioassayontology.org/bao#BAX_0000002","propLabel":"has bioassay type","propAbbrev":"bao:BAX_0000002","valueURI":"http://www.bioassayontology.org/bat#RequiresTerm","valueLabel":"requires term","valueAbbrev":"bat:RequiresTerm","valueDescr":"An appropriate term could not be found in the underlying ontologies: it may be necessary to create a new one.","valueHier":[],"labelHier":[]},{"propURI":"http://www.bioassayontology.org/bao#BAO_0000205","propLabel":"assay format","propAbbrev":"bao:BAO_0000205","valueURI":"http://www.bioassayontology.org/bao#BAO_0000221","valueLabel":"tissue-based format","valueAbbrev":"bao:BAO_0000221","valueDescr":"Involves the use of a tissue derived from a living organism and is a heterogeneous assay type.","valueHier":["http://www.bioassayontology.org/bao#BAO_0000019"],"labelHier":["assay format"]}],"labelsAdded":[{"propURI":"http://www.bioassayontology.org/bao#BAX_0000002","valueLabel":"plasma stability assay","propAbbrev":"bao:BAX_0000002","propLabel":"has bioassay type"},{"propURI":"http://www.bioassayontology.org/bao#BAX_0000003","valueLabel":"small molecule abundance method","propAbbrev":"bao:BAX_0000003"},{"propURI":"http://www.bioassayontology.org/bao#BAO_0000205","valueLabel":"plasma format","propAbbrev":"bao:BAO_0000205","propLabel":"assay format"}],"labelsRemoved":[{"propURI":"http://www.bioassayontology.org/bao#BAX_0000003","valueLabel":"requires term","propAbbrev":"bao:BAX_0000003"},{"propURI":"http://www.bioassayontology.org/bao#BAO_0000207","valueLabel":"requires term","propAbbrev":"bao:BAO_0000207","propLabel":"physical detection method"},{"propURI":"http://www.bioassayontology.org/bao#BAX_0000002","valueLabel":"pharmacokinetic assay","propAbbrev":"bao:BAX_0000002","propLabel":"has bioassay type"},{"propURI":"http://www.bioassayontology.org/bao#BAO_0000205","valueLabel":"requires term","propAbbrev":"bao:BAO_0000205","propLabel":"assay format"},{"propURI":"http://www.bioassayontology.org/bao#BAX_0000002","valueLabel":"requires term","propAbbrev":"bao:BAX_0000002","propLabel":"has bioassay type"},{"propURI":"http://www.bioassayontology.org/bao#BAO_0000205","valueLabel":"tissue-based format","propAbbrev":"bao:BAO_0000205","propLabel":"assay format"}]},{"curationTime":1492468125665,"curatorID":"admin","annotsAdded":[{"propURI":"http://www.bioassayontology.org/bao#BAO_0002854","propLabel":"bioassay type","propAbbrev":"bao:BAO_0002854","valueURI":"http://www.bioassayontology.org/bao#BAO_0000009","valueLabel":"ADMET","valueAbbrev":"bao:BAO_0000009","valueDescr":"ADMET stands for absorption, distribution, metabolism, excretion and toxicity. Admet assays are performed for verifying the bio-availability,  toxicity, metabolic stability, and drug-drug interaction potential of drugs: They quantify absorption of drugs in the intestine which is dependent on their solubility; distribution which ascertains their binding to plasma proteins, central nervous system penetration; metabolism where the in vivo clearance is monitored; and finally, toxicity in terms of inhibition of liver cytochrome p450 enzymes or hERG which could cause drug-drug interactions and cardiac arrhythmias, respectively.","valueHier":["http://www.bioassayontology.org/bao#BAO_0000008"],"labelHier":["bioassay type"]}],"annotsRemoved":[{"propURI":"http://www.bioassayontology.org/bao#BAX_0000002","propLabel":"has bioassay type","propAbbrev":"bao:BAX_0000002","valueURI":"http://www.bioassayontology.org/bao#BAO_0000009","valueLabel":"ADMET","valueAbbrev":"bao:BAO_0000009","valueDescr":"ADMET stands for absorption, distribution, metabolism, excretion and toxicity. Admet assays are performed for verifying the bio-availability,  toxicity, metabolic stability, and drug-drug interaction potential of drugs: They quantify absorption of drugs in the intestine which is dependent on their solubility; distribution which ascertains their binding to plasma proteins, central nervous system penetration; metabolism where the in vivo clearance is monitored; and finally, toxicity in terms of inhibition of liver cytochrome p450 enzymes or hERG which could cause drug-drug interactions and cardiac arrhythmias, respectively.","valueHier":[],"labelHier":[],"outOfSchema":true}],"labelsAdded":[{"propURI":"http://www.bioassayontology.org/bao#BAO_0002854","valueLabel":"ADMET","propAbbrev":"bao:BAO_0002854","propLabel":"bioassay type"}],"labelsRemoved":[{"propURI":"http://www.bioassayontology.org/bao#BAX_0000002","valueLabel":"ADMET","propAbbrev":"bao:BAX_0000002","propLabel":"has bioassay type"}]},{"curationTime":1492468125665,"curatorID":"admin","annotsAdded":[{"propURI":"http://www.bioassayontology.org/bao#BAO_0002009","propLabel":"biological process","propAbbrev":"bao:BAO_0002009","valueURI":"http://www.bioassayontology.org/bat#NotApplicable","valueLabel":"not applicable","valueAbbrev":"bat:NotApplicable","valueDescr":"This property does not apply to this assay.","valueHier":[],"labelHier":[]}],"annotsRemoved":[{"propURI":"http://www.bioassayontology.org/bao#BAX_0000004","propAbbrev":"bao:BAX_0000004","valueURI":"http://www.bioassayontology.org/bat#NotApplicable","valueLabel":"not applicable","valueAbbrev":"bat:NotApplicable","valueDescr":"This property does not apply to this assay.","valueHier":[],"labelHier":[]}],"labelsAdded":[{"propURI":"http://www.bioassayontology.org/bao#BAO_0002009","valueLabel":"not applicable","propAbbrev":"bao:BAO_0002009","propLabel":"biological process"}],"labelsRemoved":[{"propURI":"http://www.bioassayontology.org/bao#BAX_0000004","valueLabel":"not applicable","propAbbrev":"bao:BAX_0000004"}]},{"curationTime":1492468125665,"curatorID":"admin","annotsAdded":[{"propURI":"http://www.bioassayontology.org/bao#BAO_0002848","propLabel":"applies to disease","propAbbrev":"bao:BAO_0002848","valueURI":"http://purl.obolibrary.org/obo/DOID_162","valueLabel":"cancer","valueAbbrev":"obo:DOID_162","valueDescr":"A disease of cellular proliferation that is malignant and primary, characterized by uncontrolled cellular proliferation, local cell invasion and metastasis.","valueHier":["http://purl.obolibrary.org/obo/DOID_14566","http://purl.obolibrary.org/obo/DOID_4"],"labelHier":["disease of cellular proliferation","Disease"]}],"annotsRemoved":[{"propURI":"http://www.bioassayontology.org/bao#BAX_0000010","propAbbrev":"bao:BAX_0000010","valueURI":"http://purl.obolibrary.org/obo/DOID_162","valueLabel":"cancer","valueAbbrev":"obo:DOID_162","valueDescr":"A disease of cellular proliferation that is malignant and primary, characterized by uncontrolled cellular proliferation, local cell invasion and metastasis.","valueHier":[],"labelHier":[],"outOfSchema":true}],"labelsAdded":[{"propURI":"http://www.bioassayontology.org/bao#BAO_0002848","valueLabel":"cancer","propAbbrev":"bao:BAO_0002848","propLabel":"applies to disease"}],"labelsRemoved":[{"propURI":"http://www.bioassayontology.org/bao#BAX_0000010","valueLabel":"cancer","propAbbrev":"bao:BAX_0000010"}]},{"curationTime":1492468125665,"curatorID":"admin","annotsAdded":[{"propURI":"http://www.bioassayontology.org/bao#BAO_0000208","propLabel":"result","propAbbrev":"bao:BAO_0000208","valueURI":"http://www.bioassayontology.org/bao#BAO_0002148","valueLabel":"percent recovery","valueAbbrev":"bao:BAO_0002148","valueDescr":"In a purification assay, percent recovery is the ratio of mass of the entity obtained after the affinity purification to the mass of the unpurified entity originally added in the assay, multiplied by 100.","valueHier":["http://www.bioassayontology.org/bao#BAO_0000082","http://www.bioassayontology.org/bao#BAO_0000181","http://www.bioassayontology.org/bao#BAO_0000179"],"labelHier":["percent response","response endpoint","endpoint"]}],"annotsRemoved":[{"propURI":"http://www.bioassayontology.org/bao#BAX_0000006","propAbbrev":"bao:BAX_0000006","valueURI":"http://www.bioassayontology.org/bao#BAO_0002148","valueLabel":"percent recovery","valueAbbrev":"bao:BAO_0002148","valueDescr":"In a purification assay, percent recovery is the ratio of mass of the entity obtained after the affinity purification to the mass of the unpurified entity originally added in the assay, multiplied by 100.","valueHier":[],"labelHier":[],"outOfSchema":true}],"labelsAdded":[{"propURI":"http://www.bioassayontology.org/bao#BAO_0000208","valueLabel":"percent recovery","propAbbrev":"bao:BAO_0000208","propLabel":"result"}],"labelsRemoved":[{"propURI":"http://www.bioassayontology.org/bao#BAX_0000006","valueLabel":"percent recovery","propAbbrev":"bao:BAX_0000006"}]},{"curationTime":1492468125665,"curatorID":"admin","annotsAdded":[{"propURI":"http://www.bioassayontology.org/bao#BAO_0002874","propLabel":"units","propAbbrev":"bao:BAO_0002874","valueURI":"http://purl.org/obo/owl/UO#UO_0000187","valueLabel":"percent","valueAbbrev":"uo:UO_0000187","valueDescr":"","valueHier":[],"labelHier":[],"outOfSchema":true}],"annotsRemoved":[{"propURI":"http://www.bioassayontology.org/bao#BAX_0000007","propAbbrev":"bao:BAX_0000007","valueURI":"http://purl.org/obo/owl/UO#UO_0000187","valueLabel":"percent","valueAbbrev":"uo:UO_0000187","valueDescr":"","valueHier":[],"labelHier":[],"outOfSchema":true}],"labelsAdded":[{"propURI":"http://www.bioassayontology.org/bao#BAO_0002874","valueLabel":"percent","propAbbrev":"bao:BAO_0002874","propLabel":"units"}],"labelsRemoved":[{"propURI":"http://www.bioassayontology.org/bao#BAX_0000007","valueLabel":"percent","propAbbrev":"bao:BAX_0000007"}]},{"curationTime":1492468125665,"curatorID":"admin","annotsAdded":[{"propURI":"http://www.bioassayontology.org/bao#BAO_0095009","propLabel":"assay design method","propAbbrev":"bao:BAO_0095009","valueURI":"http://www.bioassayontology.org/bao#BAO_0040018","valueLabel":"small molecule abundance method","valueAbbrev":"bao:BAO_0040018","valueDescr":"Any  method that simply measures the overall abundance (concentration, relative amount, etc) of a small molecule, such as LC-MS/MS or LC-UV. Typically used in both in vitro and in vivo ADME assays to monitor compound.","valueHier":["http://www.bioassayontology.org/bao#BAO_0040011","http://www.bioassayontology.org/bao#BAO_0002202"],"labelHier":["molecular abundance method","assay design method"]}],"annotsRemoved":[{"propURI":"http://www.bioassayontology.org/bao#BAX_0000003","propAbbrev":"bao:BAX_0000003","valueURI":"http://www.bioassayontology.org/bao#BAO_0040018","valueLabel":"small molecule abundance method","valueAbbrev":"bao:BAO_0040018","valueDescr":"Any  method that simply measures the overall abundance (concentration, relative amount, etc) of a small molecule, such as LC-MS/MS or LC-UV. Typically used in both in vitro and in vivo ADME assays to monitor compound.","valueHier":[],"labelHier":[],"outOfSchema":true}],"labelsAdded":[{"propURI":"http://www.bioassayontology.org/bao#BAO_0095009","valueLabel":"small molecule abundance method","propAbbrev":"bao:BAO_0095009","propLabel":"assay design method"}],"labelsRemoved":[{"propURI":"http://www.bioassayontology.org/bao#BAX_0000003","valueLabel":"small molecule abundance method","propAbbrev":"bao:BAX_0000003"}]},{"curationTime":1492468125665,"curatorID":"admin","annotsAdded":[{"propURI":"http://www.bioassayontology.org/bao#BAO_0000211","propLabel":"target","propAbbrev":"bao:BAO_0000211","valueURI":"http://www.bioassayontology.org/bat#NotApplicable","valueLabel":"not applicable","valueAbbrev":"bat:NotApplicable","valueDescr":"This property does not apply to this assay.","valueHier":[],"labelHier":[]}],"annotsRemoved":[{"propURI":"http://www.bioassayontology.org/bao#BAX_0000005","propAbbrev":"bao:BAX_0000005","valueURI":"http://www.bioassayontology.org/bat#NotApplicable","valueLabel":"not applicable","valueAbbrev":"bat:NotApplicable","valueDescr":"This property does not apply to this assay.","valueHier":[],"labelHier":[]}],"labelsAdded":[{"propURI":"http://www.bioassayontology.org/bao#BAO_0000211","valueLabel":"not applicable","propAbbrev":"bao:BAO_0000211","propLabel":"target"}],"labelsRemoved":[{"propURI":"http://www.bioassayontology.org/bao#BAX_0000005","valueLabel":"not applicable","propAbbrev":"bao:BAX_0000005"}]},{"curationTime":1492468125665,"curatorID":"admin","annotsAdded":[{"propURI":"http://www.bioassayontology.org/bao#BAO_0002855","propLabel":"bioassay","propAbbrev":"bao:BAO_0002855","valueURI":"http://www.bioassayontology.org/bao#BAO_0010007","valueLabel":"plasma stability assay","valueAbbrev":"bao:BAO_0010007","valueDescr":"A common in vitro ADME assay that tests the stability of compounds when incubated with plasma.  Assay is used to measure stability of new chemical entities in plasma, as compounds that rapidly degrade in plasma generally show poor in vivo efficacy. Typically lplasma from one or more mammalian species (mouse, rat, dog, monkey, human) are analyzed. Can be reported as % recovery after a set time (single timepoint), or as half-life (multiple timepoints).","valueHier":["http://www.bioassayontology.org/bao#BAO_0002182","http://www.bioassayontology.org/bao#BAO_0000015"],"labelHier":["pharmacokinetic assay","bioassay"]}],"annotsRemoved":[{"propURI":"http://www.bioassayontology.org/bao#BAX_0000002","propLabel":"has bioassay type","propAbbrev":"bao:BAX_0000002","valueURI":"http://www.bioassayontology.org/bao#BAO_0010007","valueLabel":"plasma stability assay","valueAbbrev":"bao:BAO_0010007","valueDescr":"A common in vitro ADME assay that tests the stability of compounds when incubated with plasma.  Assay is used to measure stability of new chemical entities in plasma, as compounds that rapidly degrade in plasma generally show poor in vivo efficacy. Typically lplasma from one or more mammalian species (mouse, rat, dog, monkey, human) are analyzed. Can be reported as % recovery after a set time (single timepoint), or as half-life (multiple timepoints).","valueHier":[],"labelHier":[],"outOfSchema":true}],"labelsAdded":[{"propURI":"http://www.bioassayontology.org/bao#BAO_0002855","valueLabel":"plasma stability assay","propAbbrev":"bao:BAO_0002855","propLabel":"bioassay"}],"labelsRemoved":[{"propURI":"http://www.bioassayontology.org/bao#BAX_0000002","valueLabel":"plasma stability assay","propAbbrev":"bao:BAX_0000002","propLabel":"has bioassay type"}]},{"curationTime":1492468125665,"curatorID":"admin","annotsAdded":[{"propURI":"http://www.bioassayontology.org/bao#BAO_0002874","propLabel":"units","propAbbrev":"bao:BAO_0002874","valueURI":"http://purl.obolibrary.org/obo/UO_0000187","valueLabel":"percent","valueAbbrev":"obo:UO_0000187","valueDescr":"A dimensionless ratio unit which denotes numbers as fractions of 100.","valueHier":["http://purl.obolibrary.org/obo/UO_0000190","http://purl.obolibrary.org/obo/UO_0000186","http://purl.obolibrary.org/obo/UO_0000000"],"labelHier":["ratio","dimensionless unit","unit"]}],"annotsRemoved":[{"propURI":"http://www.bioassayontology.org/bao#BAO_0002874","propLabel":"units","propAbbrev":"bao:BAO_0002874","valueURI":"http://purl.org/obo/owl/UO#UO_0000187","valueLabel":"percent","valueAbbrev":"uo:UO_0000187","valueDescr":"","valueHier":[],"labelHier":[],"outOfSchema":true}],"labelsAdded":[{"propURI":"http://www.bioassayontology.org/bao#BAO_0002874","valueLabel":"percent","propAbbrev":"bao:BAO_0002874","propLabel":"units"}],"labelsRemoved":[{"propURI":"http://www.bioassayontology.org/bao#BAO_0002874","valueLabel":"percent","propAbbrev":"bao:BAO_0002874","propLabel":"units"}]}],"holdingIDList":[]}