{"assayID":3362,"uniqueID":"pubchemAID:504426","text":"Mode of action assay-Dose response assay for compounds that inhibit T-type calcium channel subunit Cav3.2 on automated patch clamp\n\nDescription:\n\nT-type Ca2+ channels are also called low voltage-activated channels because they open at voltages near the resting membrane potential of most cells. In many types of neurons, Ca2+ influx through T-type channels triggers low-threshold spikes, which in turn trigger a burst of action potentials mediated by Na+ channels (1). Burst firing is thought to play an important role in the synchronized activity of the thalamus observed in absence epilepsy, and also in a wider range of neurological disorders characterized by thalamocortical dysrhythmia (2). Prominent T-currents are also observed in dorsal root ganglion neurons, with subsets of nociceptors expressing more T-current than high voltage-activated Ca2+ currents (3). Considerable evidence supports the notion that a T-channel antagonist would be a useful drug for the treatment of pain and epilepsy (4).\n\nPrinciple of the assay \nPatch clamp is gold standard to measure channel activities. The purpose of the assay is to validate the compounds identified as active in the calcium fluorescence assay and examine the inhibition effects on the Cav3.2 expressing cell line. This assay employs automated patch clamp (Ionworks Quattro) to investigate the current response of Cav3.2-HEK293(HH8) elicited by voltage clamp protocols in the presence or absence of test compounds. Compounds were tested in quadruplicates at 8-point concentrations with 3-fold dilutions.\n\nPossible artifacts of this assay may include, but are not limited to: unintended chemicals or dust in or under the wells of the microtiter plate, or compounds that quench or emit light or fluorescence within the well. All test compound concentrations reported are nominal; the specific concentration for a particular test compound may vary based upon the actual sample provided by the MLSMR.\n\nProtocol for automated patch clamp on Cav3.2-HEK293 cells with voltage clamp\n\nThe HEK293 cells stably expressing CaV3.2 were freshly dislodged from flasks and dispensed into a 384-well population patch clamp (PPC) plate. The cells plating density was 7,000 cells/well suspended in the extracellular solution, composed of (in mM): 137 NaCl, 4 KCl, 1 MgCl2, 1.8 CaCl2, 10 HEPES, and 10 glucose, pH 7.4 adjusted with NaOH .  \nAfter dispensing, seal resistance of cells was measured for each well and cells were perforated by incubation with 50microg/mL amphotericin B (Sigma, St. Louis, MO), which was dissolved in the internal solution composed of (in mM): 40 KCl, 100 K-Gluconate, 1 MgCl2, 5 HEPES, 2 mM CaCl2 pH 7.2 adjusted with KOH. The channel activity was then measured with the recording protocol as followings. Leak currents were linear subtracted extrapolating the current elicited by a 100-ms step to -110 mV from a holding potential of -100 mV. During the voltage pulse protocol, cells were held at -100 mV, followed by depolarization step to -30mV for 1 s, and then back to -100mV. The currents were measured at the peak of the inward currents before and after the application of compounds for 3 min. Only cells with a current amplitude more than 200 pA at -30 mV and a seal resistance >30 MOhms were included in the data analysis.\nCompound effects were assessed by the percentage changes in the inward currents, which were calculated by dividing the difference of current amplitude between pre- and post-compound recording by the respective pre-compound currents in the same well.\n\n1.#Outcome assignment\nIf the test compound causes inhibition effect on Cav3.2 at any concentrations tested and the dose response is generated, the compound is considered to be active.\nIf the test compound does not cause inhibition effect on Cav3.2 at any concentrations tested or a dose response is not generated, the compound is designated as inactive.\n2.#Score assignment\nAn inactive test compound is assigned the score of 0.\nAn active test compound is assigned the score of 100.","schemaURI":"http://www.bioassayontology.org/bas#","annotations":[{"propURI":"http://www.bioassayontology.org/bao#BAO_0000196","propLabel":"assay mode of action","propAbbrev":"bao:BAO_0000196","valueURI":"http://www.bioassayontology.org/bao#BAO_0000091","valueLabel":"inhibition","valueAbbrev":"bao:BAO_0000091","valueDescr":"Reduction of a predefined stimulus. Unit of Measure is always % when normalized to the dynamic range of the assay.","groupNest":[],"groupLabel":[],"valueHier":["http://www.bioassayontology.org/bao#BAO_0000084","http://www.bioassayontology.org/bao#BAO_0000074"],"labelHier":["ligand function mode of action","mode of action"]},{"propURI":"http://www.bioassayontology.org/bao#BAO_0002848","propLabel":"applies to disease","propAbbrev":"bao:BAO_0002848","valueURI":"http://purl.obolibrary.org/obo/DOID_1826","valueLabel":"epilepsy","valueAbbrev":"obo:DOID_1826","valueDescr":"A brain disease that is characterized by the occurrance of at least two unprovoked seizures resulting from a persistent epileptogenic abnormality of the brain that is able to spontaneously generate paroxysmal activity and typically manifested by sudden brief episodes of altered or diminished consciousness, involuntary movements, or convulsions.","groupNest":[],"groupLabel":[],"valueHier":["http://purl.obolibrary.org/obo/DOID_936","http://purl.obolibrary.org/obo/DOID_331","http://purl.obolibrary.org/obo/DOID_863","http://purl.obolibrary.org/obo/DOID_7","http://purl.obolibrary.org/obo/DOID_4"],"labelHier":["brain disease","central nervous system disease","nervous system disease","disease of anatomical entity","Disease"]},{"propURI":"http://www.bioassayontology.org/bao#BAO_0002848","propLabel":"applies to disease","propAbbrev":"bao:BAO_0002848","valueURI":"http://purl.obolibrary.org/obo/DOID_0060164","valueLabel":"pain disorder","valueAbbrev":"obo:DOID_0060164","valueDescr":"A somatoform disorder that involves chronic pain in one or more areas, and is thought to be caused by psychological stress.","groupNest":[],"groupLabel":[],"valueHier":["http://purl.obolibrary.org/obo/DOID_4737","http://purl.obolibrary.org/obo/DOID_150","http://purl.obolibrary.org/obo/DOID_4"],"labelHier":["somatoform disorder","disease of mental health","Disease"]},{"propURI":"http://www.bioassayontology.org/bao#BAO_0002867","propLabel":"assay footprint","propAbbrev":"bao:BAO_0002867","valueURI":"http://www.bioassayontology.org/bao#BAO_0000515","valueLabel":"384 well plate","valueAbbrev":"bao:BAO_0000515","valueDescr":"This microplate contains 384 wells. It is suitable for a HTS assay.","groupNest":[],"groupLabel":[],"valueHier":["http://www.bioassayontology.org/bao#BAO_0000508","http://www.bioassayontology.org/bao#BAO_0000512"],"labelHier":["microplate","assay footprint"]},{"propURI":"http://www.bioassayontology.org/bao#BAO_0000205","propLabel":"assay format","propAbbrev":"bao:BAO_0000205","valueURI":"http://www.bioassayontology.org/bao#BAO_0000219","valueLabel":"cell based format","valueAbbrev":"bao:BAO_0000219","valueDescr":"Involves the use of living cells of eukaryotic origin, derived from a multicellular organism, and is a heterogeneous assay type. Typically, this refers to permanent (immortal) cell lines, or primary cells, or some form of stem cells. This is distinct from a single-celled organism-based format (classically bacteria or yeast).","groupNest":[],"groupLabel":[],"valueHier":["http://www.bioassayontology.org/bao#BAO_0000019"],"labelHier":["assay format"]},{"propURI":"http://www.bioassayontology.org/bao#BAO_0002854","propLabel":"bioassay type","propAbbrev":"bao:BAO_0002854","valueURI":"http://www.bioassayontology.org/bao#BAO_0000010","valueLabel":"functional","valueAbbrev":"bao:BAO_0000010","valueDescr":"An assay where the measured signal corresponds to a complex response such as cell survival, proliferation, localization of a protein, nuclear translocation etc. The molecular target is not assumed.","groupNest":[],"groupLabel":[],"valueHier":["http://www.bioassayontology.org/bao#BAO_0000008"],"labelHier":["bioassay type"]},{"propURI":"http://www.bioassayontology.org/bao#BAO_0095009","propLabel":"assay design method","propAbbrev":"bao:BAO_0095009","valueURI":"http://www.bioassayontology.org/bao#BAO_0002888","valueLabel":"ion redistribution determination method","valueAbbrev":"bao:BAO_0002888","valueDescr":"","groupNest":[],"groupLabel":[],"valueHier":["http://www.bioassayontology.org/bao#BAO_0000126","http://www.bioassayontology.org/bao#BAO_0002202"],"labelHier":["molecular redistribution determination method","assay design method"]},{"propURI":"http://www.bioassayontology.org/bao#BAO_0000185","propLabel":"perturbagen type","propAbbrev":"bao:BAO_0000185","valueURI":"http://www.bioassayontology.org/bao#BAO_0000733","valueLabel":"MLSMR library","valueAbbrev":"bao:BAO_0000733","valueDescr":"","groupNest":[],"groupLabel":[],"valueHier":["http://www.bioassayontology.org/bao#BAO_0000648","http://www.bioassayontology.org/bao#BAO_0000661","http://www.bioassayontology.org/bao#BAO_0003120"],"labelHier":["compound library","perturbagen library","assay screened entity component"]},{"propURI":"http://www.bioassayontology.org/bao#BAO_0000211","propLabel":"target","propAbbrev":"bao:BAO_0000211","valueURI":"http://www.drugtargetontology.org/dto/DTO_01400333","valueLabel":"Calcium channel alpha-1 subunit family","valueAbbrev":"dto:DTO_01400333","valueDescr":"","groupNest":[],"groupLabel":[],"valueHier":["http://www.drugtargetontology.org/dto/DTO_01400327","http://www.drugtargetontology.org/dto/DTO_00200000"],"labelHier":["Ion channel","Gene"]},{"propURI":"http://www.bioassayontology.org/bao#BAO_0002009","propLabel":"biological process","propAbbrev":"bao:BAO_0002009","valueURI":"http://purl.obolibrary.org/obo/GO_0032409","valueLabel":"regulation of transporter activity","valueAbbrev":"obo:GO_0032409","valueDescr":"Any process that modulates the activity of a transporter.","groupNest":[],"groupLabel":[],"valueHier":["http://purl.obolibrary.org/obo/GO_0065009","http://purl.obolibrary.org/obo/GO_0065007","http://purl.obolibrary.org/obo/GO_0008150","http://www.bioassayontology.org/bao#BAO_0003114"],"labelHier":["regulation of molecular function","biological regulation","biological process","assay biology component"]},{"propURI":"http://www.bioassayontology.org/bao#BAO_0002009","propLabel":"biological process","propAbbrev":"bao:BAO_0002009","valueURI":"http://purl.obolibrary.org/obo/GO_0035919","valueLabel":"negative regulation of low voltage-gated calcium channel activity in other organism","valueAbbrev":"obo:GO_0035919","valueDescr":"Any process in which an organism stops, prevents or reduces the frequency, rate or extent of the activity of a low voltage-gated calcium channel in another organism. A low voltage-gated channel is a channel whose open state is dependent on low voltage across the membrane in which it is embedded.","groupNest":[],"groupLabel":[],"valueHier":["http://purl.obolibrary.org/obo/GO_0035918","http://purl.obolibrary.org/obo/GO_0035917","http://purl.obolibrary.org/obo/GO_0035916","http://purl.obolibrary.org/obo/GO_0044561","http://purl.obolibrary.org/obo/GO_0032409","http://purl.obolibrary.org/obo/GO_0065009","http://purl.obolibrary.org/obo/GO_0065007","http://purl.obolibrary.org/obo/GO_0008150","http://www.bioassayontology.org/bao#BAO_0003114"],"labelHier":["negative regulation of voltage-gated calcium channel activity in other organism","negative regulation of calcium channel activity in other organism","modulation of calcium channel activity in other organism","modulation of ion channel activity in other organism","regulation of transporter activity","regulation of molecular function","biological regulation","biological process","assay biology component"]},{"propURI":"http://www.bioassayontology.org/bao#BAO_0002921","propLabel":"organism","propAbbrev":"bao:BAO_0002921","valueURI":"http://purl.obolibrary.org/obo/NCBITaxon_9606","valueLabel":"Homo sapiens","valueAbbrev":"obo:NCBITaxon_9606","valueDescr":"","groupNest":[],"groupLabel":[],"altLabels":["Homo spiens","Homo sapience","Homo sapien","human","Homo spaiens","Homo sapians","man","Humo sapiens","Home sapiens","Homo sapiense","Homo sampiens","Homo sapeins","Homo sapines","Homo sapian","Homo sapients"],"valueHier":["http://www.bioassayontology.org/bao#BAO_0000362","http://www.bioassayontology.org/bao#BAO_0000510","http://www.bioassayontology.org/bao#BAO_0000659","http://www.bioassayontology.org/bao#BAO_0000509","http://www.bioassayontology.org/bao#BAO_0000658","http://www.bioassayontology.org/bao#BAO_0000551"],"labelHier":["mammalian","vertebrate","metazoa","eukaryote","cellular organisms","organism"]},{"propURI":"http://www.bioassayontology.org/bao#BAO_0002800","propLabel":"assay cell line","propAbbrev":"bao:BAO_0002800","valueURI":"http://purl.obolibrary.org/obo/CLO_0001230","valueLabel":"HEK-293 cell","valueAbbrev":"obo:CLO_0001230","valueDescr":"Established from a human primary embryonal kidney transformed by adenovirus type 5.","groupNest":[],"groupLabel":[],"altLabels":["人胚肾 293","HEK 293","293 细胞","HEK-293","293 HEK","293","293 cell","Human Embryonic Kidney 293"],"valueHier":["http://dto.org/DTO/DTO_000"],"labelHier":["BRENDA tissues and cell lines"]},{"propURI":"http://www.bioassayontology.org/bao#BAO_0000208","propLabel":"result","propAbbrev":"bao:BAO_0000208","valueURI":"http://www.bioassayontology.org/bao#BAO_0000082","valueLabel":"percent response","valueAbbrev":"bao:BAO_0000082","valueDescr":"Percent increase or decrease of a predefined stimulus. Unit of Measure is always % when normalized to the dynamic range of the assay.","groupNest":[],"groupLabel":[],"altLabels":["% response"],"valueHier":["http://www.bioassayontology.org/bao#BAO_0000181","http://www.bioassayontology.org/bao#BAO_0000179"],"labelHier":["response endpoint","endpoint"]},{"propURI":"http://www.bioassayontology.org/bao#BAO_0002874","propLabel":"units","propAbbrev":"bao:BAO_0002874","valueURI":"http://purl.obolibrary.org/obo/UO_0000187","valueLabel":"percent","valueAbbrev":"obo:UO_0000187","valueDescr":"A dimensionless ratio unit which denotes numbers as fractions of 100.","groupNest":["http://www.bioassayontology.org/bao#BAX_0000017"],"groupLabel":["measurement"],"valueHier":["http://purl.obolibrary.org/obo/UO_0000190","http://purl.obolibrary.org/obo/UO_0000186","http://purl.obolibrary.org/obo/UO_0000000"],"labelHier":["ratio","dimensionless unit","unit"]},{"propURI":"http://www.bioassayontology.org/bao#BAO_0002663","propLabel":"assay kit","propAbbrev":"bao:BAO_0002663","valueURI":"http://www.bioassayontology.org/bat#NotApplicable","valueLabel":"not applicable","valueAbbrev":"bat:NotApplicable","valueDescr":"This property does not apply to this assay.","groupNest":[],"groupLabel":[],"valueHier":[],"labelHier":[]},{"propURI":"http://www.bioassayontology.org/bao#BAO_0000207","propLabel":"physical detection method","propAbbrev":"bao:BAO_0000207","valueURI":"http://www.bioassayontology.org/bao#BAO_0000062","valueLabel":"patch clamp","valueAbbrev":"bao:BAO_0000062","valueDescr":"The patch clamping technique is refined from the voltage clamp technique, wherein a blunt electrode is placed on the surface of the cell membrane. It is a common intracellular recording technique in electrophysiology that allows either the measurement of current passing through individual ion channels in cells or through whole cells. Suction is applied via the blunt electrode (glass pipette in classical patch clamp technique) to create a high resistance (gigaohm) between the electrode and cell surface. This seal isolates the ion channels within the patch from the rest of the membrane and allows the neurophysiologist to record only from these ion channels.","groupNest":[],"groupLabel":[],"valueHier":["http://www.bioassayontology.org/bao#BAO_0000382","http://www.bioassayontology.org/bao#BAO_0000163","http://www.bioassayontology.org/bao#BAO_0000427","http://www.bioassayontology.org/bao#BAO_0000035"],"labelHier":["microelectrode measurement","electrical sensor","label free method","physical detection method"]},{"propURI":"http://www.bioassayontology.org/bao#BAO_0000207","propLabel":"physical detection method","propAbbrev":"bao:BAO_0000207","valueURI":"http://www.bioassayontology.org/bao#BAO_0000063","valueLabel":"voltage clamp","valueAbbrev":"bao:BAO_0000063","valueDescr":"The voltage clamp technique is used to measure the ion currents across an excitable cell membrane, such as neuronal membrane, while holding the membrane voltage at a constant level. The neuronal membrane contains different kinds of ion channels including voltage gated ion channels. Manipulation of the membrane voltage using voltage clamping allows the current-voltage relationships of these ion channels to be studied.","groupNest":[],"groupLabel":[],"valueHier":["http://www.bioassayontology.org/bao#BAO_0000382","http://www.bioassayontology.org/bao#BAO_0000163","http://www.bioassayontology.org/bao#BAO_0000427","http://www.bioassayontology.org/bao#BAO_0000035"],"labelHier":["microelectrode measurement","electrical sensor","label free method","physical detection method"]},{"propURI":"http://www.bioassayontology.org/bao#BAO_0002865","propLabel":"detection instrument","propAbbrev":"bao:BAO_0002865","valueURI":"http://www.bioassayontology.org/bao#BAO_0002576","valueLabel":"IonWorks Quattro","valueAbbrev":"bao:BAO_0002576","valueDescr":"","groupNest":[],"groupLabel":[],"valueHier":["http://www.bioassayontology.org/bao#BAO_0000697"],"labelHier":["detection instrument"]},{"propURI":"http://www.bioassayontology.org/bao#BAO_0095009","propLabel":"assay design method","propAbbrev":"bao:BAO_0095009","valueURI":"http://www.bioassayontology.org/bao#BAO_0000377","valueLabel":"membrane potential measurement method","valueAbbrev":"bao:BAO_0000377","valueDescr":"All living cells maintain a resting membrane potential, which is the difference in voltage between the interior and exterior of the cell. Electrically active cells, such as neurons, muscle and endocrine cells undergo changes in membrane potential due to depolarization and hyperpolarization as a result of opening and closing of ion channels. Action potentials are large and rapid changes in membrane potential which are generated as a result of a large depolarization event. In neurons, action potentials are used to transmit signals across neurons, while in muscle and endocrine cells, they lead to intracellular events, such as muscle contraction and hormone release, respectively.\nIn addition, mitochondria possess a trans-membrane potential as a result of their respiratory function.\nMembrane potential can be measured either by using electrophysiological techniques or by staining with dyes whose binding is dependent on the membrane potential.","groupNest":[],"groupLabel":[],"valueHier":["http://www.bioassayontology.org/bao#BAO_0002202"],"labelHier":["assay design method"]},{"propURI":"http://www.bioassayontology.org/bao#BAO_0002855","propLabel":"bioassay","propAbbrev":"bao:BAO_0002855","valueURI":"http://www.bioassayontology.org/bao#BAO_0002999","valueLabel":"redistribution assay","valueAbbrev":"bao:BAO_0002999","valueDescr":"It is performed to measure the redistribution of organelles and molecules within the cell (proteins, second messengers, metal ions, dyes, etc. ). This is visualized by microscopy. ","groupNest":[],"groupLabel":[],"valueHier":["http://www.bioassayontology.org/bao#BAO_0000015"],"labelHier":["bioassay"]},{"propURI":"http://www.bioassayontology.org/bao#BAO_0000210","propLabel":"screening campaign stage","propAbbrev":"bao:BAO_0000210","valueURI":"http://www.bioassayontology.org/bao#BAO_0000032","valueLabel":"secondary assay","valueAbbrev":"bao:BAO_0000032","valueDescr":"Additional assays following the confirmatory stage to confirm the biological activity of chemical entities via a different type of assay or to eliminate certain active compounds based on their mechanism of action, toxicity or activity profile.  Secondary assays can also include selectivity and specificity assays.","groupNest":[],"groupLabel":[],"valueHier":["http://www.bioassayontology.org/bao#BAO_0000029"],"labelHier":["assay screening campaign stage"]},{"propURI":"http://www.bioassayontology.org/bao#BAX_0000012","propLabel":"protein identity","propAbbrev":"bao:BAX_0000012","valueURI":"http://www.bioassayontology.org/protein#14670397","valueLabel":"T-type calcium channel alpha 1H subunit [Homo sapiens]","valueAbbrev":"protein:14670397","valueDescr":"Protein: T-type calcium channel alpha 1H subunit [Homo sapiens], Organism: Homo sapiens","groupNest":[],"groupLabel":[],"externalURLs":["https://www.ncbi.nlm.nih.gov/protein/14670397"],"valueHier":["http://www.bioassayontology.org/taxon#9606","http://www.bioassayontology.org/taxon#9605","http://www.bioassayontology.org/taxon#314295","http://www.bioassayontology.org/taxon#9526","http://www.bioassayontology.org/taxon#9443","http://www.bioassayontology.org/taxon#314146","http://www.bioassayontology.org/taxon#40674","http://www.bioassayontology.org/taxon#32524","http://www.bioassayontology.org/taxon#8287","http://www.bioassayontology.org/taxon#117570","http://www.bioassayontology.org/taxon#7711","http://www.bioassayontology.org/taxon#33511","http://www.bioassayontology.org/taxon#33213","http://www.bioassayontology.org/taxon#33208","http://www.bioassayontology.org/taxon#33154","http://www.bioassayontology.org/taxon#2759","http://www.bioassayontology.org/taxon#131567","http://www.bioassayontology.org/taxon#Root"],"labelHier":["Homo sapiens","Homo","Hominoidea / Hominidae / Homininae","Catarrhini","Primates / Haplorrhini / Simiiformes","Euarchontoglires","Mammalia / Theria / Eutheria / Boreoeutheria","Amniota","Sarcopterygii / Dipnotetrapodomorpha / Tetrapoda","Teleostomi / Euteleostomi","Chordata / Craniata / Vertebrata / Gnathostomata","Deuterostomia","Bilateria","Metazoa / Eumetazoa","Opisthokonta","Eukaryota","cellular organisms","Faux ProteinID"]},{"propURI":"http://www.bioassayontology.org/bao#BAX_0000011","propLabel":"gene identity","propAbbrev":"bao:BAX_0000011","valueURI":"http://www.bioassayontology.org/geneid#8912","valueLabel":"CACNA1H: calcium voltage-gated channel subunit alpha1 H","valueAbbrev":"geneid:8912","valueDescr":"","groupNest":[],"groupLabel":[],"altLabels":["CACNA1HB , Cav3.2 , ECA6 , EIG6 , HALD4"],"externalURLs":["https://www.ncbi.nlm.nih.gov/gene/8912"],"valueHier":["http://www.bioassayontology.org/geneid#Homo_sapiens","http://www.bioassayontology.org/geneid#Mammalia","http://www.bioassayontology.org/geneid#Root"],"labelHier":["Homo sapiens","Mammalia","Faux GeneID"]},{"propURI":"http://www.bioassayontology.org/bao#BAO_0000211","propLabel":"target","propAbbrev":"bao:BAO_0000211","valueURI":"http://www.drugtargetontology.org/dto/DTO_01200045","valueLabel":"CACNA1H","valueAbbrev":"dto:DTO_01200045","valueDescr":"","groupNest":[],"groupLabel":[],"valueHier":["http://www.drugtargetontology.org/dto/DTO_01400388","http://www.drugtargetontology.org/dto/DTO_01400333","http://www.drugtargetontology.org/dto/DTO_01400327","http://www.drugtargetontology.org/dto/DTO_00200000"],"labelHier":["CACNA1H subfamily","Calcium channel alpha-1 subunit family","Ion channel","Gene"]},{"propURI":"http://www.bioassayontology.org/bao#BAO_0000211","propLabel":"target","propAbbrev":"bao:BAO_0000211","valueURI":"http://www.drugtargetontology.org/dto/DTO_01100045","valueLabel":"Voltage-dependent T-type calcium channel subunit alpha-1H","valueAbbrev":"dto:DTO_01100045","valueDescr":"","groupNest":[],"groupLabel":[],"valueHier":["http://www.drugtargetontology.org/dto/DTO_01300388","http://www.drugtargetontology.org/dto/DTO_01300333","http://www.drugtargetontology.org/dto/DTO_01300327","http://www.drugtargetontology.org/dto/DTO_00100000"],"labelHier":["CACNA1H subfamily","Calcium channel alpha-1 subunit family","Ion channel","Protein"]},{"propURI":"http://www.bioassayontology.org/bao#BAO_0002852","propLabel":"assay sources","propAbbrev":"bao:BAO_0002852","valueURI":"http://www.bioassayexpress.org/sources#SRC_0000011","valueLabel":"Ion Channel Center (Johns Hopkins)","valueAbbrev":"src:SRC_0000011","valueDescr":"Johns Hopkins Ion Channel Center.","groupNest":[],"groupLabel":[],"externalURLs":["http://www.jhicc.org"],"valueHier":["http://www.bioassayexpress.org/sources#pubchem_sources","http://www.bioassayontology.org/bao#BAO_0002934"],"labelHier":["PubChem Sources","organization"]},{"propURI":"http://www.bioassayontology.org/bao#BAO_0000211","propLabel":"target","propAbbrev":"bao:BAO_0000211","valueURI":"http://purl.obolibrary.org/obo/PR_O95180","valueLabel":"voltage-dependent T-type calcium channel subunit alpha-1H (human)","valueAbbrev":"obo:PR_O95180","valueDescr":"A voltage-dependent T-type calcium channel subunit alpha-1H that is encoded in the genome of human.","groupNest":[],"groupLabel":[],"altLabels":["hCACNA1H","voltage-gated calcium channel subunit alpha Cav3.2 (human)","low-voltage-activated calcium channel alpha1 3.2 subunit (human)"],"valueHier":["http://purl.obolibrary.org/obo/PR_000004941","http://purl.obolibrary.org/obo/PR_000044658","http://purl.obolibrary.org/obo/PR_000044628","http://purl.obolibrary.org/obo/PR_000049983","http://purl.obolibrary.org/obo/PR_000044676","http://purl.obolibrary.org/obo/PR_000000001"],"labelHier":["voltage-dependent T-type calcium channel subunit alpha-1H","voltage-gated calcium channel protein","voltage-gated ion channel protein","ion channel protein","channel protein","protein"]},{"propURI":"http://www.bioassayontology.org/bao#BAO_0000539","valueLabel":"pubchemAID:463087","propAbbrev":"bao:BAO_0000539","groupNest":[],"propLabel":"related assays","groupLabel":[]},{"propURI":"http://www.bioassayontology.org/bao#BAO_0000539","valueLabel":"pubchemAID:449739","propAbbrev":"bao:BAO_0000539","groupNest":[],"propLabel":"related assays","groupLabel":[]},{"propURI":"http://www.bioassayontology.org/bao#BAO_0000539","valueLabel":"pubchemAID:489005","propAbbrev":"bao:BAO_0000539","groupNest":[],"propLabel":"related assays","groupLabel":[]},{"propURI":"http://www.bioassayontology.org/bao#BAO_0000539","valueLabel":"pubchemAID:493041","propAbbrev":"bao:BAO_0000539","groupNest":[],"propLabel":"related assays","groupLabel":[]},{"propURI":"http://www.bioassayontology.org/bao#BAO_0002853","valueLabel":"Mode of action assay-Dose response assay for compounds that inhibit T-type calcium channel subunit Cav3.2 on automated patch clamp","propAbbrev":"bao:BAO_0002853","groupNest":[],"propLabel":"assay title","groupLabel":[]}],"pubchemXRef":[{"type":"aid","id":"463087","comment":""},{"type":"aid","id":"449739","comment":""},{"type":"aid","id":"489005","comment":""},{"type":"aid","id":"493041","comment":""},{"type":"dburl","id":"http://www.jhicc.org","comment":""},{"type":"gene","id":"8912","comment":"Cav3.2   CACNA1H calcium channel, voltage-dependent, T type, alpha 1H subunit [ Homo sapiens ]"},{"type":"protein_gi","id":"14670397","comment":"T-type calcium channel alpha 1H subunit [Homo sapiens]"}],"curationTime":1584620533048,"curatorID":"google:108375455890260223170","curatorName":"","curatorEmail":"aclark.xyz@gmail.com","history":[{"curationTime":1492468130642,"curatorID":"admin","annotsAdded":[{"propURI":"http://www.bioassayontology.org/bao#BAO_0002854","propLabel":"bioassay type","propAbbrev":"bao:BAO_0002854","valueURI":"http://www.bioassayontology.org/bao#BAO_0000010","valueLabel":"functional","valueAbbrev":"bao:BAO_0000010","valueDescr":"An assay where the measured signal corresponds to a complex response such as cell survival, proliferation, localization of a protein, nuclear translocation etc. The molecular target is not assumed.","valueHier":["http://www.bioassayontology.org/bao#BAO_0000008"],"labelHier":["bioassay type"]}],"annotsRemoved":[{"propURI":"http://www.bioassayontology.org/bao#BAX_0000002","propLabel":"has bioassay type","propAbbrev":"bao:BAX_0000002","valueURI":"http://www.bioassayontology.org/bao#BAO_0000010","valueLabel":"functional","valueAbbrev":"bao:BAO_0000010","valueDescr":"An assay where the measured signal corresponds to a complex response such as cell survival, proliferation, localization of a protein, nuclear translocation etc. The molecular target is not assumed.","valueHier":[],"labelHier":[],"outOfSchema":true}],"labelsAdded":[{"propURI":"http://www.bioassayontology.org/bao#BAO_0002854","valueLabel":"functional","propAbbrev":"bao:BAO_0002854","propLabel":"bioassay type"}],"labelsRemoved":[{"propURI":"http://www.bioassayontology.org/bao#BAX_0000002","valueLabel":"functional","propAbbrev":"bao:BAX_0000002","propLabel":"has bioassay type"}]},{"curationTime":1492468130642,"curatorID":"admin","annotsAdded":[{"propURI":"http://www.bioassayontology.org/bao#BAO_0002009","propLabel":"biological process","propAbbrev":"bao:BAO_0002009","valueURI":"http://purl.obolibrary.org/obo/GO_0032409","valueLabel":"regulation of transporter activity","valueAbbrev":"obo:GO_0032409","valueDescr":"Any process that modulates the activity of a transporter.","valueHier":["http://purl.obolibrary.org/obo/GO_0065009","http://purl.obolibrary.org/obo/GO_0065007","http://purl.obolibrary.org/obo/GO_0008150","http://www.bioassayontology.org/bao#BAO_0003114"],"labelHier":["regulation of molecular function","biological regulation","biological process","assay biology component"]},{"propURI":"http://www.bioassayontology.org/bao#BAO_0002009","propLabel":"biological process","propAbbrev":"bao:BAO_0002009","valueURI":"http://purl.obolibrary.org/obo/GO_0035919","valueLabel":"negative regulation of low voltage-gated calcium channel activity in other organism","valueAbbrev":"obo:GO_0035919","valueDescr":"Any process in which an organism stops, prevents or reduces the frequency, rate or extent of the activity of a low voltage-gated calcium channel in another organism. A low voltage-gated channel is a channel whose open state is dependent on low voltage across the membrane in which it is embedded.","valueHier":["http://purl.obolibrary.org/obo/GO_0035918","http://purl.obolibrary.org/obo/GO_0035917","http://purl.obolibrary.org/obo/GO_0035916","http://purl.obolibrary.org/obo/GO_0044561","http://purl.obolibrary.org/obo/GO_0032409","http://purl.obolibrary.org/obo/GO_0065009","http://purl.obolibrary.org/obo/GO_0065007","http://purl.obolibrary.org/obo/GO_0008150","http://www.bioassayontology.org/bao#BAO_0003114"],"labelHier":["negative regulation of voltage-gated calcium channel activity in other organism","negative regulation of calcium channel activity in other organism","modulation of calcium channel activity in other organism","modulation of ion channel activity in other organism","regulation of transporter activity","regulation of molecular function","biological regulation","biological process","assay biology component"]}],"annotsRemoved":[{"propURI":"http://www.bioassayontology.org/bao#BAX_0000004","propAbbrev":"bao:BAX_0000004","valueURI":"http://purl.obolibrary.org/obo/GO_0035919","valueLabel":"negative regulation of low voltage-gated calcium channel activity in other organism","valueAbbrev":"obo:GO_0035919","valueDescr":"Any process in which an organism stops, prevents or reduces the frequency, rate or extent of the activity of a low voltage-gated calcium channel in another organism. A low voltage-gated channel is a channel whose open state is dependent on low voltage across the membrane in which it is embedded.","valueHier":[],"labelHier":[],"outOfSchema":true},{"propURI":"http://www.bioassayontology.org/bao#BAX_0000004","propAbbrev":"bao:BAX_0000004","valueURI":"http://purl.obolibrary.org/obo/GO_0032409","valueLabel":"regulation of transporter activity","valueAbbrev":"obo:GO_0032409","valueDescr":"Any process that modulates the activity of a transporter.","valueHier":[],"labelHier":[],"outOfSchema":true}],"labelsAdded":[{"propURI":"http://www.bioassayontology.org/bao#BAO_0002009","valueLabel":"regulation of transporter activity","propAbbrev":"bao:BAO_0002009","propLabel":"biological process"},{"propURI":"http://www.bioassayontology.org/bao#BAO_0002009","valueLabel":"negative regulation of low voltage-gated calcium channel activity in other organism","propAbbrev":"bao:BAO_0002009","propLabel":"biological process"}],"labelsRemoved":[{"propURI":"http://www.bioassayontology.org/bao#BAX_0000004","valueLabel":"negative regulation of low voltage-gated calcium channel activity in other organism","propAbbrev":"bao:BAX_0000004"},{"propURI":"http://www.bioassayontology.org/bao#BAX_0000004","valueLabel":"regulation of transporter activity","propAbbrev":"bao:BAX_0000004"}]},{"curationTime":1492468130642,"curatorID":"admin","annotsAdded":[{"propURI":"http://www.bioassayontology.org/bao#BAO_0002848","propLabel":"applies to disease","propAbbrev":"bao:BAO_0002848","valueURI":"http://purl.obolibrary.org/obo/DOID_0060164","valueLabel":"pain disorder","valueAbbrev":"obo:DOID_0060164","valueDescr":"A somatoform disorder that involves chronic pain in one or more areas, and is thought to be caused by psychological stress.","valueHier":["http://purl.obolibrary.org/obo/DOID_4737","http://purl.obolibrary.org/obo/DOID_150","http://purl.obolibrary.org/obo/DOID_4"],"labelHier":["somatoform disorder","disease of mental health","Disease"]},{"propURI":"http://www.bioassayontology.org/bao#BAO_0002848","propLabel":"applies to disease","propAbbrev":"bao:BAO_0002848","valueURI":"http://purl.obolibrary.org/obo/DOID_1826","valueLabel":"epilepsy","valueAbbrev":"obo:DOID_1826","valueDescr":"A brain disease that is characterized by the occurrance of at least two unprovoked seizures resulting from a persistent epileptogenic abnormality of the brain that is able to spontaneously generate paroxysmal activity and typically manifested by sudden brief episodes of altered or diminished consciousness, involuntary movements, or convulsions.","valueHier":["http://purl.obolibrary.org/obo/DOID_936","http://purl.obolibrary.org/obo/DOID_331","http://purl.obolibrary.org/obo/DOID_863","http://purl.obolibrary.org/obo/DOID_7","http://purl.obolibrary.org/obo/DOID_4"],"labelHier":["brain disease","central nervous system disease","nervous system disease","disease of anatomical entity","Disease"]}],"annotsRemoved":[{"propURI":"http://www.bioassayontology.org/bao#BAX_0000010","propAbbrev":"bao:BAX_0000010","valueURI":"http://purl.obolibrary.org/obo/DOID_0060164","valueLabel":"pain disorder","valueAbbrev":"obo:DOID_0060164","valueDescr":"A somatoform disorder that involves chronic pain in one or more areas, and is thought to be caused by psychological stress.","valueHier":[],"labelHier":[],"outOfSchema":true},{"propURI":"http://www.bioassayontology.org/bao#BAX_0000010","propAbbrev":"bao:BAX_0000010","valueURI":"http://purl.obolibrary.org/obo/DOID_1826","valueLabel":"epilepsy","valueAbbrev":"obo:DOID_1826","valueDescr":"A brain disease that is characterized by the occurrance of at least two unprovoked seizures resulting from a persistent epileptogenic abnormality of the brain that is able to spontaneously generate paroxysmal activity and typically manifested by sudden brief episodes of altered or diminished consciousness, involuntary movements, or convulsions.","valueHier":[],"labelHier":[],"outOfSchema":true}],"labelsAdded":[{"propURI":"http://www.bioassayontology.org/bao#BAO_0002848","valueLabel":"pain disorder","propAbbrev":"bao:BAO_0002848","propLabel":"applies to disease"},{"propURI":"http://www.bioassayontology.org/bao#BAO_0002848","valueLabel":"epilepsy","propAbbrev":"bao:BAO_0002848","propLabel":"applies to disease"}],"labelsRemoved":[{"propURI":"http://www.bioassayontology.org/bao#BAX_0000010","valueLabel":"pain disorder","propAbbrev":"bao:BAX_0000010"},{"propURI":"http://www.bioassayontology.org/bao#BAX_0000010","valueLabel":"epilepsy","propAbbrev":"bao:BAX_0000010"}]},{"curationTime":1492468130642,"curatorID":"admin","annotsAdded":[{"propURI":"http://www.bioassayontology.org/bao#BAO_0000208","propLabel":"result","propAbbrev":"bao:BAO_0000208","valueURI":"http://www.bioassayontology.org/bao#BAO_0000082","valueLabel":"percent response","valueAbbrev":"bao:BAO_0000082","valueDescr":"Percent increase or decrease of a predefined stimulus. Unit of Measure is always % when normalized to the dynamic range of the assay.","altLabels":["% response"],"valueHier":["http://www.bioassayontology.org/bao#BAO_0000181","http://www.bioassayontology.org/bao#BAO_0000179"],"labelHier":["response endpoint","endpoint"]}],"annotsRemoved":[{"propURI":"http://www.bioassayontology.org/bao#BAX_0000006","propAbbrev":"bao:BAX_0000006","valueURI":"http://www.bioassayontology.org/bao#BAO_0000082","valueLabel":"percent response","valueAbbrev":"bao:BAO_0000082","valueDescr":"Percent increase or decrease of a predefined stimulus. Unit of Measure is always % when normalized to the dynamic range of the assay.","valueHier":[],"labelHier":[],"outOfSchema":true}],"labelsAdded":[{"propURI":"http://www.bioassayontology.org/bao#BAO_0000208","valueLabel":"percent response","propAbbrev":"bao:BAO_0000208","propLabel":"result"}],"labelsRemoved":[{"propURI":"http://www.bioassayontology.org/bao#BAX_0000006","valueLabel":"percent response","propAbbrev":"bao:BAX_0000006"}]},{"curationTime":1492468130642,"curatorID":"admin","annotsAdded":[{"propURI":"http://www.bioassayontology.org/bao#BAO_0002874","propLabel":"units","propAbbrev":"bao:BAO_0002874","valueURI":"http://purl.org/obo/owl/UO#UO_0000187","valueLabel":"percent","valueAbbrev":"uo:UO_0000187","valueDescr":"","valueHier":[],"labelHier":[],"outOfSchema":true}],"annotsRemoved":[{"propURI":"http://www.bioassayontology.org/bao#BAX_0000007","propAbbrev":"bao:BAX_0000007","valueURI":"http://purl.org/obo/owl/UO#UO_0000187","valueLabel":"percent","valueAbbrev":"uo:UO_0000187","valueDescr":"","valueHier":[],"labelHier":[],"outOfSchema":true}],"labelsAdded":[{"propURI":"http://www.bioassayontology.org/bao#BAO_0002874","valueLabel":"percent","propAbbrev":"bao:BAO_0002874","propLabel":"units"}],"labelsRemoved":[{"propURI":"http://www.bioassayontology.org/bao#BAX_0000007","valueLabel":"percent","propAbbrev":"bao:BAX_0000007"}]},{"curationTime":1492468130642,"curatorID":"admin","annotsAdded":[{"propURI":"http://www.bioassayontology.org/bao#BAO_0095009","propLabel":"assay design method","propAbbrev":"bao:BAO_0095009","valueURI":"http://www.bioassayontology.org/bao#BAO_0002888","valueLabel":"ion redistribution determination method","valueAbbrev":"bao:BAO_0002888","valueDescr":"","valueHier":["http://www.bioassayontology.org/bao#BAO_0000126","http://www.bioassayontology.org/bao#BAO_0002202"],"labelHier":["molecular redistribution determination method","assay design method"]},{"propURI":"http://www.bioassayontology.org/bao#BAO_0095009","propLabel":"assay design method","propAbbrev":"bao:BAO_0095009","valueURI":"http://www.bioassayontology.org/bao#BAO_0000377","valueLabel":"membrane potential measurement method","valueAbbrev":"bao:BAO_0000377","valueDescr":"All living cells maintain a resting membrane potential, which is the difference in voltage between the interior and exterior of the cell. Electrically active cells, such as neurons, muscle and endocrine cells undergo changes in membrane potential due to depolarization and hyperpolarization as a result of opening and closing of ion channels. Action potentials are large and rapid changes in membrane potential which are generated as a result of a large depolarization event. In neurons, action potentials are used to transmit signals across neurons, while in muscle and endocrine cells, they lead to intracellular events, such as muscle contraction and hormone release, respectively.\nIn addition, mitochondria possess a trans-membrane potential as a result of their respiratory function.\nMembrane potential can be measured either by using electrophysiological techniques or by staining with dyes whose binding is dependent on the membrane potential.","valueHier":["http://www.bioassayontology.org/bao#BAO_0002202"],"labelHier":["assay design method"]}],"annotsRemoved":[{"propURI":"http://www.bioassayontology.org/bao#BAX_0000003","propAbbrev":"bao:BAX_0000003","valueURI":"http://www.bioassayontology.org/bao#BAO_0002888","valueLabel":"ion redistribution determination method","valueAbbrev":"bao:BAO_0002888","valueDescr":"","valueHier":[],"labelHier":[],"outOfSchema":true},{"propURI":"http://www.bioassayontology.org/bao#BAX_0000003","propAbbrev":"bao:BAX_0000003","valueURI":"http://www.bioassayontology.org/bao#BAO_0000377","valueLabel":"membrane potential measurement method","valueAbbrev":"bao:BAO_0000377","valueDescr":"All living cells maintain a resting membrane potential, which is the difference in voltage between the interior and exterior of the cell. Electrically active cells, such as neurons, muscle and endocrine cells undergo changes in membrane potential due to depolarization and hyperpolarization as a result of opening and closing of ion channels. Action potentials are large and rapid changes in membrane potential which are generated as a result of a large depolarization event. In neurons, action potentials are used to transmit signals across neurons, while in muscle and endocrine cells, they lead to intracellular events, such as muscle contraction and hormone release, respectively.\nIn addition, mitochondria possess a trans-membrane potential as a result of their respiratory function.\nMembrane potential can be measured either by using electrophysiological techniques or by staining with dyes whose binding is dependent on the membrane potential.","valueHier":[],"labelHier":[],"outOfSchema":true}],"labelsAdded":[{"propURI":"http://www.bioassayontology.org/bao#BAO_0095009","valueLabel":"ion redistribution determination method","propAbbrev":"bao:BAO_0095009","propLabel":"assay design method"},{"propURI":"http://www.bioassayontology.org/bao#BAO_0095009","valueLabel":"membrane potential measurement method","propAbbrev":"bao:BAO_0095009","propLabel":"assay design method"}],"labelsRemoved":[{"propURI":"http://www.bioassayontology.org/bao#BAX_0000003","valueLabel":"ion redistribution determination method","propAbbrev":"bao:BAX_0000003"},{"propURI":"http://www.bioassayontology.org/bao#BAX_0000003","valueLabel":"membrane potential measurement method","propAbbrev":"bao:BAX_0000003"}]},{"curationTime":1492468130642,"curatorID":"admin","annotsAdded":[{"propURI":"http://www.bioassayontology.org/bao#BAO_0000211","propLabel":"target","propAbbrev":"bao:BAO_0000211","valueURI":"http://www.drugtargetontology.org/dto/DTO_01100045","valueLabel":"Voltage-dependent T-type calcium channel subunit alpha-1H","valueAbbrev":"dto:DTO_01100045","valueDescr":"","valueHier":["http://www.drugtargetontology.org/dto/DTO_01300388","http://www.drugtargetontology.org/dto/DTO_01300333","http://www.drugtargetontology.org/dto/DTO_01300327","http://www.drugtargetontology.org/dto/DTO_00100000"],"labelHier":["CACNA1H subfamily","Calcium channel alpha-1 subunit family","Ion channel","Protein"]},{"propURI":"http://www.bioassayontology.org/bao#BAO_0000211","propLabel":"target","propAbbrev":"bao:BAO_0000211","valueURI":"http://www.drugtargetontology.org/dto/DTO_01200045","valueLabel":"CACNA1H","valueAbbrev":"dto:DTO_01200045","valueDescr":"","valueHier":["http://www.drugtargetontology.org/dto/DTO_01400388","http://www.drugtargetontology.org/dto/DTO_01400333","http://www.drugtargetontology.org/dto/DTO_01400327","http://www.drugtargetontology.org/dto/DTO_00200000"],"labelHier":["CACNA1H subfamily","Calcium channel alpha-1 subunit family","Ion channel","Gene"]},{"propURI":"http://www.bioassayontology.org/bao#BAO_0000211","propLabel":"target","propAbbrev":"bao:BAO_0000211","valueURI":"http://www.drugtargetontology.org/dto/DTO_01400333","valueLabel":"Calcium channel alpha-1 subunit family","valueAbbrev":"dto:DTO_01400333","valueDescr":"","valueHier":["http://www.drugtargetontology.org/dto/DTO_01400327","http://www.drugtargetontology.org/dto/DTO_00200000"],"labelHier":["Ion channel","Gene"]}],"annotsRemoved":[{"propURI":"http://www.bioassayontology.org/bao#BAX_0000005","propAbbrev":"bao:BAX_0000005","valueURI":"http://www.drugtargetontology.org/dto/DTO_01400333","valueLabel":"Calcium channel alpha-1 subunit family","valueAbbrev":"dto:DTO_01400333","valueDescr":"","valueHier":[],"labelHier":[],"outOfSchema":true},{"propURI":"http://www.bioassayontology.org/bao#BAX_0000005","propAbbrev":"bao:BAX_0000005","valueURI":"http://www.drugtargetontology.org/dto/DTO_01200045","valueLabel":"CACNA1H","valueAbbrev":"dto:DTO_01200045","valueDescr":"","valueHier":[],"labelHier":[],"outOfSchema":true},{"propURI":"http://www.bioassayontology.org/bao#BAX_0000005","propAbbrev":"bao:BAX_0000005","valueURI":"http://www.drugtargetontology.org/dto/DTO_01100045","valueLabel":"Voltage-dependent T-type calcium channel subunit alpha-1H","valueAbbrev":"dto:DTO_01100045","valueDescr":"","valueHier":[],"labelHier":[],"outOfSchema":true}],"labelsAdded":[{"propURI":"http://www.bioassayontology.org/bao#BAO_0000211","valueLabel":"Voltage-dependent T-type calcium channel subunit alpha-1H","propAbbrev":"bao:BAO_0000211","propLabel":"target"},{"propURI":"http://www.bioassayontology.org/bao#BAO_0000211","valueLabel":"CACNA1H","propAbbrev":"bao:BAO_0000211","propLabel":"target"},{"propURI":"http://www.bioassayontology.org/bao#BAO_0000211","valueLabel":"Calcium channel alpha-1 subunit family","propAbbrev":"bao:BAO_0000211","propLabel":"target"}],"labelsRemoved":[{"propURI":"http://www.bioassayontology.org/bao#BAX_0000005","valueLabel":"Calcium channel alpha-1 subunit family","propAbbrev":"bao:BAX_0000005"},{"propURI":"http://www.bioassayontology.org/bao#BAX_0000005","valueLabel":"CACNA1H","propAbbrev":"bao:BAX_0000005"},{"propURI":"http://www.bioassayontology.org/bao#BAX_0000005","valueLabel":"Voltage-dependent T-type calcium channel subunit alpha-1H","propAbbrev":"bao:BAX_0000005"}]},{"curationTime":1492468130642,"curatorID":"admin","annotsAdded":[{"propURI":"http://www.bioassayontology.org/bao#BAO_0002855","propLabel":"bioassay","propAbbrev":"bao:BAO_0002855","valueURI":"http://www.bioassayontology.org/bao#BAO_0002999","valueLabel":"redistribution assay","valueAbbrev":"bao:BAO_0002999","valueDescr":"It is performed to measure the redistribution of organelles and molecules within the cell (proteins, second messengers, metal ions, dyes, etc. ). This is visualized by microscopy. ","valueHier":["http://www.bioassayontology.org/bao#BAO_0000015"],"labelHier":["bioassay"]}],"annotsRemoved":[{"propURI":"http://www.bioassayontology.org/bao#BAX_0000002","propLabel":"has bioassay type","propAbbrev":"bao:BAX_0000002","valueURI":"http://www.bioassayontology.org/bao#BAO_0002999","valueLabel":"redistribution assay","valueAbbrev":"bao:BAO_0002999","valueDescr":"It is performed to measure the redistribution of organelles and molecules within the cell (proteins, second messengers, metal ions, dyes, etc. ). This is visualized by microscopy. ","valueHier":[],"labelHier":[],"outOfSchema":true}],"labelsAdded":[{"propURI":"http://www.bioassayontology.org/bao#BAO_0002855","valueLabel":"redistribution assay","propAbbrev":"bao:BAO_0002855","propLabel":"bioassay"}],"labelsRemoved":[{"propURI":"http://www.bioassayontology.org/bao#BAX_0000002","valueLabel":"redistribution assay","propAbbrev":"bao:BAX_0000002","propLabel":"has bioassay type"}]},{"curationTime":1492468130642,"curatorID":"admin","annotsAdded":[{"propURI":"http://www.bioassayontology.org/bao#BAO_0002874","propLabel":"units","propAbbrev":"bao:BAO_0002874","valueURI":"http://purl.obolibrary.org/obo/UO_0000187","valueLabel":"percent","valueAbbrev":"obo:UO_0000187","valueDescr":"A dimensionless ratio unit which denotes numbers as fractions of 100.","valueHier":["http://purl.obolibrary.org/obo/UO_0000190","http://purl.obolibrary.org/obo/UO_0000186","http://purl.obolibrary.org/obo/UO_0000000"],"labelHier":["ratio","dimensionless unit","unit"]}],"annotsRemoved":[{"propURI":"http://www.bioassayontology.org/bao#BAO_0002874","propLabel":"units","propAbbrev":"bao:BAO_0002874","valueURI":"http://purl.org/obo/owl/UO#UO_0000187","valueLabel":"percent","valueAbbrev":"uo:UO_0000187","valueDescr":"","valueHier":[],"labelHier":[],"outOfSchema":true}],"labelsAdded":[{"propURI":"http://www.bioassayontology.org/bao#BAO_0002874","valueLabel":"percent","propAbbrev":"bao:BAO_0002874","propLabel":"units"}],"labelsRemoved":[{"propURI":"http://www.bioassayontology.org/bao#BAO_0002874","valueLabel":"percent","propAbbrev":"bao:BAO_0002874","propLabel":"units"}]},{"curationTime":1520356872482,"curatorID":"google:108375455890260223170","curatorName":"","curatorEmail":"aclark.xyz@gmail.com","annotsAdded":[{"propURI":"http://www.bioassayontology.org/bao#BAO_0002800","propLabel":"assay cell line","propAbbrev":"bao:BAO_0002800","valueURI":"http://purl.obolibrary.org/obo/CLO_0001230","valueLabel":"HEK-293 cell","valueAbbrev":"obo:CLO_0001230","valueDescr":"Established from a human primary embryonal kidney transformed by adenovirus type 5.","altLabels":["人胚肾 293","HEK 293","293 细胞","HEK-293","293 HEK","293","293 cell","Human Embryonic Kidney 293"],"valueHier":["http://dto.org/DTO/DTO_000"],"labelHier":["BRENDA tissues and cell lines"]}],"annotsRemoved":[],"labelsAdded":[],"labelsRemoved":[]},{"curationTime":1584620533048,"curatorID":"google:108375455890260223170","curatorName":"","curatorEmail":"aclark.xyz@gmail.com","annotsAdded":[{"propURI":"http://www.bioassayontology.org/bao#BAO_0000211","propLabel":"target","propAbbrev":"bao:BAO_0000211","valueURI":"http://purl.obolibrary.org/obo/PR_O95180","valueLabel":"voltage-dependent T-type calcium channel subunit alpha-1H (human)","valueAbbrev":"obo:PR_O95180","valueDescr":"A voltage-dependent T-type calcium channel subunit alpha-1H that is encoded in the genome of human.","altLabels":["hCACNA1H","voltage-gated calcium channel subunit alpha Cav3.2 (human)","low-voltage-activated calcium channel alpha1 3.2 subunit (human)"],"valueHier":["http://purl.obolibrary.org/obo/PR_000004941","http://purl.obolibrary.org/obo/PR_000044658","http://purl.obolibrary.org/obo/PR_000044628","http://purl.obolibrary.org/obo/PR_000049983","http://purl.obolibrary.org/obo/PR_000044676","http://purl.obolibrary.org/obo/PR_000000001"],"labelHier":["voltage-dependent T-type calcium channel subunit alpha-1H","voltage-gated calcium channel protein","voltage-gated ion channel protein","ion channel protein","channel protein","protein"]}],"annotsRemoved":[],"labelsAdded":[],"labelsRemoved":[]}],"holdingIDList":[]}