{"assayID":3500,"uniqueID":"pubchemAID:504565","text":"Dose Response of Developing T Cell Immune Modulators with powder sourced compounds\n\nAssay Background and Significance: When naive T cells encounter antigen presenting cells (APC) displaying cognate MHC-peptide complexes (pMHCs), the T cell and the APC form a highly organized structure at the contact site termed the 'immunological synapse', which is critical not only for prolonged and stable T/APC contact but also for the efficient and organized T cell signaling required for cell cycle progression and development of effector functions. Several membrane proteins and their ligand partners are involved in the formation and stability of the immunological synapse, including the pMHC/TCR complex, as well as LFA-1/ICAM-1 and the secondary signaling pair B7/CD28. This assay takes advantage of the processes leading to the formation of the immunological synapse to probe for small molecules that interfere with its formation. High affinity LFA-1/ICAM-1 interactions are central to sustained synapse formation [Reichardt, et al., 2007]. The LFA-1 molecule is a T cell integrin that plays unique and diverse roles in T cell immunity acting as both an adhesion and signaling molecule during cognate recognition of APC displayed pMHC by T cells [Smith, et al., 2007]. \nIntegrins (including LFA-1) are highly regulated during immune responses, and ligands for integrins, such as ICAM-1 for LFA-1, are expressed on a wide variety of cell types and tissues. The adhesive activity of LFA-1 requires high-affinity binding and it is well established that the functional activity of LFA-1 is profoundly increased by molecular signals triggered by other receptors (eg TCR/CD3 complex, chemokine receptors, CD28) or chemical compounds such as phorbol esters [Wojcikiewicz, et al. 2003]. The signaling process controlling LFA-1 function has been termed 'inside-out' signaling (intracellular signals generated by other receptor/ligand interactions prompt LFA-1 to alter its molecular properties). Several signaling molecules are known to be involved in the process, including adaptor proteins [Kim, et al., 2003] (eg ADAP24, VASP, and SLP-76) and small GTP-binding proteins25 (eg Rap 1). The actin cytoskeleton also plays a critical role in 'inside-out' signaling. \nThe important role of LFA-1 in T cell immunity makes it an attractive target for developing drugs and probes for treatment and understanding of inflammatory diseases, autoimmune diseases, allergy, and organ transplantation. Moreover, over-expression of ICAM-1 and LFA-1 in tissues that experience chronic inflammation implicates LFA-1/ICAM-1 involvement in the initiation and/or progression of certain diseases [Rychly and Nebe, 2006]. Extensive efforts have been made to develop reagents that block the LFA-1/ICAM-1 interaction [Anderson and Siahaan, 2003]. The reagents developed include humanized monoclonal antibodies that selectively bind to LFA-1 or ICAM-1 and the cyclic peptides that bind to the LFA-128,30 epitope. Despite the reported effectiveness of these reagents in blocking the LFA-1/ICAM-1 interaction, their clinical use has been limited [Li, et al. 2009].\n\nThe purpose of this screening campaign is to find small chemical compounds that modulate the LFA-1 / ICAM-1 interaction. The assay detects the interaction of fluorescently labeled vesicles with murine CD8+ T lymphocytes resulting from associations between the TCR complex/CD28/LFA-1 (T cells) and the MHC Class I + QL9 peptide complex/B7-1/ICAM-1 (vesicles). Small molecules of interest could act as inhibitors of the extracellular molecular interactions. Alternatively, inhibitory compounds could cause changes in the T cell-vesicle interaction by acting via intracellular signaling pathways that are known to influence the T cell surface TCR complex assembly and the LFA-1 activation state.\n\nThe assay was conducted in a 96-well microplate format. Drosophila micro-vesicles expressing B7-1 (the ligand partner for T cell-expressed CD28), ICAM-1 (the ligand partner for T cell expressed LFA-1) and the Ld class I murine MHC molecule, are incubated with the antigenic peptide, QL9 (QLSPFPFDL, single letter amino acid sequence), that binds to Ld and is specifically recognized by 2C TCR transgenic CD8+ T cells. QL9-loaded micro-vesicles are incubated (1.5 hour/37degrees C) with MACS-purified CD8+ T cells, followed by anti-CD8 (Alexa647) and anti-B7-1 (PE) staining (20 minutes on ice). The stained, CD8+ T cell/micro-vesicle mixture is washed twice by centrifugation to remove excess fluorescent antibody, resuspended in culture media and analyzed by flow cytometry using the HyperCyt (Intellicyt, USA) high-throughput analytical platform. Negative control wells contain anti-LFA-1 (5microG/milliL; clone M17/4) that blocks the binding of QL9-loaded micro-vesicles to CD8+ T cells. Positive control wells on the plate contain QL9 loaded vesicles and compound vehicle (1% DMSO).","schemaURI":"http://www.bioassayontology.org/bas#","annotations":[{"propURI":"http://www.bioassayontology.org/bao#BAO_0000185","propLabel":"perturbagen type","propAbbrev":"bao:BAO_0000185","valueURI":"http://www.bioassayontology.org/bao#BAO_0000733","valueLabel":"MLSMR library","valueAbbrev":"bao:BAO_0000733","valueDescr":"","groupNest":[],"groupLabel":[],"valueHier":["http://www.bioassayontology.org/bao#BAO_0000648","http://www.bioassayontology.org/bao#BAO_0000661","http://www.bioassayontology.org/bao#BAO_0003120"],"labelHier":["compound library","perturbagen library","assay screened entity component"]},{"propURI":"http://www.bioassayontology.org/bao#BAO_0002865","propLabel":"detection instrument","propAbbrev":"bao:BAO_0002865","valueURI":"http://www.bioassayontology.org/bao#BAO_0000943","valueLabel":"HyperCyt High Throughput Flow Cytometry System","valueAbbrev":"bao:BAO_0000943","valueDescr":"","groupNest":[],"groupLabel":[],"valueHier":["http://www.bioassayontology.org/bao#BAO_0000697"],"labelHier":["detection instrument"]},{"propURI":"http://www.bioassayontology.org/bao#BAO_0002663","propLabel":"assay kit","propAbbrev":"bao:BAO_0002663","valueURI":"http://www.bioassayontology.org/bat#NotApplicable","valueLabel":"not applicable","valueAbbrev":"bat:NotApplicable","valueDescr":"This property does not apply to this assay.","groupNest":[],"groupLabel":[],"valueHier":[],"labelHier":[]},{"propURI":"http://www.bioassayontology.org/bao#BAO_0000207","propLabel":"physical detection method","propAbbrev":"bao:BAO_0000207","valueURI":"http://www.bioassayontology.org/bao#BAO_0000363","valueLabel":"fluorescence intensity","valueAbbrev":"bao:BAO_0000363","valueDescr":"Fluorescence intensity is the measure of fluorescence from a sample.","groupNest":[],"groupLabel":[],"valueHier":["http://www.bioassayontology.org/bao#BAO_0000046","http://www.bioassayontology.org/bao#BAO_0000035"],"labelHier":["fluorescence method","physical detection method"]},{"propURI":"http://www.bioassayontology.org/bao#BAO_0000196","propLabel":"assay mode of action","propAbbrev":"bao:BAO_0000196","valueURI":"http://www.bioassayontology.org/bao#BAO_0002909","valueLabel":"modulation","valueAbbrev":"bao:BAO_0002909","valueDescr":"","groupNest":[],"groupLabel":[],"valueHier":["http://www.bioassayontology.org/bao#BAO_0000084","http://www.bioassayontology.org/bao#BAO_0000074"],"labelHier":["ligand function mode of action","mode of action"]},{"propURI":"http://www.bioassayontology.org/bao#BAO_0000196","propLabel":"assay mode of action","propAbbrev":"bao:BAO_0000196","valueURI":"http://www.bioassayontology.org/bao#BAO_0000087","valueLabel":"activation","valueAbbrev":"bao:BAO_0000087","valueDescr":"Increase of a predefined stimulus. Unit of Measure is always % when normalized to the dynamic range of the assay.","groupNest":[],"groupLabel":[],"valueHier":["http://www.bioassayontology.org/bao#BAO_0000084","http://www.bioassayontology.org/bao#BAO_0000074"],"labelHier":["ligand function mode of action","mode of action"]},{"propURI":"http://www.bioassayontology.org/bao#BAO_0000205","propLabel":"assay format","propAbbrev":"bao:BAO_0000205","valueURI":"http://www.bioassayontology.org/bao#BAO_0000219","valueLabel":"cell based format","valueAbbrev":"bao:BAO_0000219","valueDescr":"Involves the use of living cells of eukaryotic origin, derived from a multicellular organism, and is a heterogeneous assay type. Typically, this refers to permanent (immortal) cell lines, or primary cells, or some form of stem cells. This is distinct from a single-celled organism-based format (classically bacteria or yeast).","groupNest":[],"groupLabel":[],"valueHier":["http://www.bioassayontology.org/bao#BAO_0000019"],"labelHier":["assay format"]},{"propURI":"http://www.bioassayontology.org/bao#BAO_0002855","propLabel":"bioassay","propAbbrev":"bao:BAO_0002855","valueURI":"http://www.bioassayontology.org/bao#BAO_0002989","valueLabel":"binding assay","valueAbbrev":"bao:BAO_0002989","valueDescr":"It is performed to quantify the interactions between two molecules, e.g. small molecule-protein, protein-protein, protein-DNA, etc.","groupNest":[],"groupLabel":[],"valueHier":["http://www.bioassayontology.org/bao#BAO_0000015"],"labelHier":["bioassay"]},{"propURI":"http://www.bioassayontology.org/bao#BAO_0095009","propLabel":"assay design method","propAbbrev":"bao:BAO_0095009","valueURI":"http://www.bioassayontology.org/bao#BAO_0002755","valueLabel":"fluorescent ligand binding method","valueAbbrev":"bao:BAO_0002755","valueDescr":"","groupNest":[],"groupLabel":[],"valueHier":["http://www.bioassayontology.org/bao#BAO_0000123","http://www.bioassayontology.org/bao#BAO_0002202"],"labelHier":["binding assessment method","assay design method"]},{"propURI":"http://www.bioassayontology.org/bao#BAO_0002854","propLabel":"bioassay type","propAbbrev":"bao:BAO_0002854","valueURI":"http://www.bioassayontology.org/bao#BAO_0000010","valueLabel":"functional","valueAbbrev":"bao:BAO_0000010","valueDescr":"An assay where the measured signal corresponds to a complex response such as cell survival, proliferation, localization of a protein, nuclear translocation etc. The molecular target is not assumed.","groupNest":[],"groupLabel":[],"valueHier":["http://www.bioassayontology.org/bao#BAO_0000008"],"labelHier":["bioassay type"]},{"propURI":"http://www.bioassayontology.org/bao#BAO_0002009","propLabel":"biological process","propAbbrev":"bao:BAO_0002009","valueURI":"http://purl.obolibrary.org/obo/GO_0033627","valueLabel":"cell adhesion mediated by integrin","valueAbbrev":"obo:GO_0033627","valueDescr":"The attachment of a cell, either to another cell or to an underlying substrate such as the extracellular matrix, via an integrin, a heterodimeric adhesion receptor formed by the non-covalent association of particular alpha and beta subunits.","groupNest":[],"groupLabel":[],"valueHier":["http://purl.obolibrary.org/obo/GO_0007155","http://purl.obolibrary.org/obo/GO_0022610","http://purl.obolibrary.org/obo/GO_0008150","http://www.bioassayontology.org/bao#BAO_0003114"],"labelHier":["cell adhesion","biological adhesion","biological process","assay biology component"]},{"propURI":"http://www.bioassayontology.org/bao#BAO_0002848","propLabel":"applies to disease","propAbbrev":"bao:BAO_0002848","valueURI":"http://purl.obolibrary.org/obo/DOID_2914","valueLabel":"immune system disease","valueAbbrev":"obo:DOID_2914","valueDescr":"A disease of anatomical entity that is located_in the immune system.","groupNest":[],"groupLabel":[],"valueHier":["http://purl.obolibrary.org/obo/DOID_7","http://purl.obolibrary.org/obo/DOID_4"],"labelHier":["disease of anatomical entity","Disease"]},{"propURI":"http://www.bioassayontology.org/bao#BAO_0002921","propLabel":"organism","propAbbrev":"bao:BAO_0002921","valueURI":"http://purl.obolibrary.org/obo/NCBITaxon_10090","valueLabel":"Mus musculus","valueAbbrev":"obo:NCBITaxon_10090","valueDescr":"","groupNest":[],"groupLabel":[],"altLabels":["mouse","mice C57BL/6xCBA/CaJ hybrid","house mouse","Mus muscaris"],"valueHier":["http://www.bioassayontology.org/bao#BAO_0000362","http://www.bioassayontology.org/bao#BAO_0000510","http://www.bioassayontology.org/bao#BAO_0000659","http://www.bioassayontology.org/bao#BAO_0000509","http://www.bioassayontology.org/bao#BAO_0000658","http://www.bioassayontology.org/bao#BAO_0000551"],"labelHier":["mammalian","vertebrate","metazoa","eukaryote","cellular organisms","organism"]},{"propURI":"http://www.bioassayontology.org/bao#BAO_0002800","propLabel":"assay cell line","propAbbrev":"bao:BAO_0002800","valueURI":"http://purl.obolibrary.org/obo/BTO_0000782","valueLabel":"T-lymphocyte","valueAbbrev":"obo:BTO_0000782","valueDescr":"Any of several lymphocytes (as a helper T cell) that differentiate in the thymus, possess highly specific cell-surface antigen receptors, and include some that control the initiation or suppression of cell-mediated and humoral immunity (as by the regulation of T and B cell maturation and proliferation) and others that lyse antigen-bearing cells.","groupNest":[],"groupLabel":[],"valueHier":["http://dto.org/DTO/DTO_000"],"labelHier":["BRENDA tissues and cell lines"]},{"propURI":"http://www.bioassayontology.org/bao#BAO_0000210","propLabel":"screening campaign stage","propAbbrev":"bao:BAO_0000210","valueURI":"http://www.bioassayontology.org/bao#BAO_0000030","valueLabel":"confirmatory assay","valueAbbrev":"bao:BAO_0000030","valueDescr":"Assay performed to confirm activity of compounds identified in the primary screen.  It can be performed as replicate measurements at a single screening concentration or as concentration-response assay.","groupNest":[],"groupLabel":[],"valueHier":["http://www.bioassayontology.org/bao#BAO_0000029"],"labelHier":["assay screening campaign stage"]},{"propURI":"http://www.bioassayontology.org/bao#BAO_0000208","propLabel":"result","propAbbrev":"bao:BAO_0000208","valueURI":"http://www.bioassayontology.org/bao#BAO_0000188","valueLabel":"EC50","valueAbbrev":"bao:BAO_0000188","valueDescr":"The effective concentration of an agonist, which produces 50% of the maximum possible response for that agonist.","groupNest":[],"groupLabel":[],"valueHier":["http://www.bioassayontology.org/bao#BAO_0002162","http://www.bioassayontology.org/bao#BAO_0000180","http://www.bioassayontology.org/bao#BAO_0000179"],"labelHier":["concentration response endpoint","concentration endpoint","endpoint"]},{"propURI":"http://www.bioassayontology.org/bao#BAO_0002874","propLabel":"units","propAbbrev":"bao:BAO_0002874","valueURI":"http://purl.obolibrary.org/obo/UO_0000064","valueLabel":"micromolar","valueAbbrev":"obo:UO_0000064","valueDescr":"A unit of molarity which is equal to one millionth of a molar or 10^[-6] M.","groupNest":["http://www.bioassayontology.org/bao#BAX_0000017"],"groupLabel":["measurement"],"valueHier":["http://purl.obolibrary.org/obo/UO_0000061","http://purl.obolibrary.org/obo/UO_0000051","http://purl.obolibrary.org/obo/UO_0000000"],"labelHier":["unit of molarity","concentration unit","unit"]},{"propURI":"http://www.bioassayontology.org/bao#BAO_0002867","propLabel":"assay footprint","propAbbrev":"bao:BAO_0002867","valueURI":"http://www.bioassayontology.org/bao#BAO_0000513","valueLabel":"96 well plate","valueAbbrev":"bao:BAO_0000513","valueDescr":"This microplate contains 96 wells. It is suitable for a low throughput assay.","groupNest":[],"groupLabel":[],"valueHier":["http://www.bioassayontology.org/bao#BAO_0000508","http://www.bioassayontology.org/bao#BAO_0000512"],"labelHier":["microplate","assay footprint"]},{"propURI":"http://www.bioassayontology.org/bao#BAX_0000011","propLabel":"gene identity","propAbbrev":"bao:BAX_0000011","valueURI":"http://www.bioassayontology.org/geneid#16408","valueLabel":"Itgal: integrin alpha L","valueAbbrev":"geneid:16408","valueDescr":"","groupNest":[],"groupLabel":[],"altLabels":["(p180) , Cd11a , LFA-1 , LFA-1A , Ly-15 , Ly-21"],"externalURLs":["https://www.ncbi.nlm.nih.gov/gene/16408"],"valueHier":["http://www.bioassayontology.org/geneid#Mus_musculus","http://www.bioassayontology.org/geneid#Mammalia","http://www.bioassayontology.org/geneid#Root"],"labelHier":["Mus musculus","Mammalia","Faux GeneID"]},{"propURI":"http://www.bioassayontology.org/bao#BAX_0000012","propLabel":"protein identity","propAbbrev":"bao:BAX_0000012","valueURI":"http://www.bioassayontology.org/protein#124486680","valueLabel":"integrin alpha-L isoform 2 precursor [Mus musculus]","valueAbbrev":"protein:124486680","valueDescr":"Protein: integrin alpha-L isoform 2 precursor [Mus musculus], Organism: Mus musculus","groupNest":[],"groupLabel":[],"externalURLs":["https://www.ncbi.nlm.nih.gov/protein/124486680"],"valueHier":["http://www.bioassayontology.org/taxon#10090","http://www.bioassayontology.org/taxon#10088","http://www.bioassayontology.org/taxon#39107","http://www.bioassayontology.org/taxon#10066","http://www.bioassayontology.org/taxon#1963758","http://www.bioassayontology.org/taxon#9989","http://www.bioassayontology.org/taxon#314147","http://www.bioassayontology.org/taxon#314146","http://www.bioassayontology.org/taxon#40674","http://www.bioassayontology.org/taxon#32524","http://www.bioassayontology.org/taxon#8287","http://www.bioassayontology.org/taxon#117570","http://www.bioassayontology.org/taxon#7711","http://www.bioassayontology.org/taxon#33511","http://www.bioassayontology.org/taxon#33213","http://www.bioassayontology.org/taxon#33208","http://www.bioassayontology.org/taxon#33154","http://www.bioassayontology.org/taxon#2759","http://www.bioassayontology.org/taxon#131567","http://www.bioassayontology.org/taxon#Root"],"labelHier":["Mus musculus","Mus / Mus","Murinae","Muridae","Myomorpha / Muroidea","Rodentia","Glires","Euarchontoglires","Mammalia / Theria / Eutheria / Boreoeutheria","Amniota","Sarcopterygii / Dipnotetrapodomorpha / Tetrapoda","Teleostomi / Euteleostomi","Chordata / Craniata / Vertebrata / Gnathostomata","Deuterostomia","Bilateria","Metazoa / Eumetazoa","Opisthokonta","Eukaryota","cellular organisms","Faux ProteinID"]},{"propURI":"http://www.bioassayontology.org/bao#BAX_0000016","propLabel":"operator","propAbbrev":"bao:BAX_0000016","valueURI":"http://purl.obolibrary.org/obo/GENEPIO_0001002","valueLabel":"less than (<)","valueAbbrev":"obo:GENEPIO_0001002","valueDescr":"","groupNest":["http://www.bioassayontology.org/bao#BAX_0000017"],"groupLabel":["measurement"],"valueHier":["http://purl.obolibrary.org/obo/GENEPIO_0001001"],"labelHier":["threshold comparisons"]},{"propURI":"http://www.bioassayontology.org/bao#BAO_0002852","propLabel":"assay sources","propAbbrev":"bao:BAO_0002852","valueURI":"http://www.bioassayexpress.org/sources#SRC_0000018","valueLabel":"New Mexico Molecular Libraries Screening Center (NMMLSC)","valueAbbrev":"src:SRC_0000018","valueDescr":"New Mexico Molecular Libraries Screening Center (NMMLSC).","groupNest":[],"groupLabel":[],"externalURLs":["http://nmmlsc.health.unm.edu"],"valueHier":["http://www.bioassayexpress.org/sources#pubchem_sources","http://www.bioassayontology.org/bao#BAO_0002934"],"labelHier":["PubChem Sources","organization"]},{"propURI":"http://www.bioassayontology.org/bao#BAO_0095009","valueLabel":"Flow cytometry","propAbbrev":"bao:BAO_0095009","groupNest":[],"propLabel":"assay design method","groupLabel":[]},{"propURI":"http://www.bioassayontology.org/bao#BAO_0000211","valueLabel":" LFA-1 / ICAM-1 interaction","propAbbrev":"bao:BAO_0000211","groupNest":[],"propLabel":"target","groupLabel":[]},{"propURI":"http://www.bioassayontology.org/bao#BAX_0000015","valueLabel":"EC50_MEAN_FI_CD8POSITIVE","propAbbrev":"bao:BAX_0000015","groupNest":["http://www.bioassayontology.org/bao#BAX_0000017"],"propLabel":"field","groupLabel":["measurement"]},{"propURI":"http://www.bioassayontology.org/bao#BAO_0002916","valueLabel":"22.0","propAbbrev":"bao:BAO_0002916","groupNest":["http://www.bioassayontology.org/bao#BAX_0000017"],"propLabel":"threshold","groupLabel":["measurement"]},{"propURI":"http://www.bioassayontology.org/bao#BAO_0000539","valueLabel":"pubchemAID:2087","propAbbrev":"bao:BAO_0000539","groupNest":[],"propLabel":"related assays","groupLabel":[]},{"propURI":"http://www.bioassayontology.org/bao#BAO_0002853","valueLabel":"Dose Response of Developing T Cell Immune Modulators with powder sourced compounds","propAbbrev":"bao:BAO_0002853","groupNest":[],"propLabel":"assay title","groupLabel":[]}],"pubchemXRef":[{"type":"aid","id":"2087","comment":"Summary report of screening for developing T Cell Immune Modulators"},{"type":"dburl","id":"http://nmmlsc.health.unm.edu","comment":""},{"type":"taxonomy","id":"10090","comment":"Mus musculus"},{"type":"mesh","id":"D016169","comment":"Lymphocyte function associated antigen-1"},{"type":"pmid","id":"17624952","comment":"Reichardt P, Dornbach B, Gunzer M.  The molecular makeup and function of regulatory and effector synapses.  Immun Rev 2007;218:165-77."},{"type":"pmid","id":"17624950","comment":"Smith A, Stanley P, Jones K, et al. The role of the integrin LFA-1 in T-lymphocyte migration.  Immunol Rev 2007;218:135-46."},{"type":"pmid","id":"12734401","comment":"Wojcikiewicz EP, Zhang X, Chen A, et al.  Contributions of molecular binding events and cellular compliance to the modulation of leukocyte adhesion.  J Cell Sci 2003;116:2531-9."},{"type":"pmid","id":"14500982","comment":"Kim M, Carman CV, Springer TA.  Bidirectional transmembrane signaling by cytoplasmic domain separation integrins.  Science 2003;301:1720-5."},{"type":"pmid","id":"17073678","comment":"Rychly J, Nebe B.  Therapeutic strategies in autoimmune diseases by interfering with leukocyte endothelium interaction.  Curr Pharm Des  2006;12:3799-806."},{"type":"pmid","id":"12732350","comment":"Anderson ME, Siahaan TJ.  Targeting ICAM / LFA-1 interaction for controlling autoimmune diseases:  designing peptide and small molecule inhibitors.  Peptides 2003;24:487-501."},{"type":"pmid","id":"19258452","comment":"Li S, Wang H, Peng B, et al.  Efalizumab binding to the LFA-1 alphaL I domain blocks ICAM-1 binding via steric hinderance.  Proc Natl Acad Sci USA 2009;106:4349-54."},{"type":"pmid","id":"16855047","comment":"Kovar M, Boyman O, Shen X, et al. Direct stimulation of T cells by membrane vesicles from antigen presenting cells. Proc Natl Acad Sci USA 2006;103:11671-6."},{"type":"pmid","id":"12743365","comment":"wang I, Shen X, Sprent J. Direct stimulation of naive T cells by membrane vesicles from antigen presenting cells: distinct roles for CD54 and B7 molecules. Proc Natl Acad Sci USA 2003;100:6670-5."},{"type":"gene","id":"16408","comment":"Itgal, integrin alpha L"},{"type":"protein_gi","id":"124486680","comment":"integrin alpha-L [Mus musculus]"}],"curationTime":1492468126914,"curatorID":"admin","history":[{"curationTime":1482377971064,"curatorID":"admin","annotsAdded":[],"annotsRemoved":[{"propURI":"http://www.bioassayontology.org/bao#BAX_0000005","propAbbrev":"bao:BAX_0000005","valueURI":"http://purl.obolibrary.org/obo/GO_0005178","valueLabel":"integrin binding","valueAbbrev":"obo:GO_0005178","valueDescr":"Interacting selectively and non-covalently with an integrin.","valueHier":[],"labelHier":[],"outOfSchema":true}],"labelsAdded":[],"labelsRemoved":[{"propURI":"http://www.bioassayontology.org/bao#BAX_0000005","valueLabel":"integrin binding","propAbbrev":"bao:BAX_0000005"}]},{"curationTime":1492468126914,"curatorID":"admin","annotsAdded":[{"propURI":"http://www.bioassayontology.org/bao#BAO_0002854","propLabel":"bioassay type","propAbbrev":"bao:BAO_0002854","valueURI":"http://www.bioassayontology.org/bao#BAO_0000010","valueLabel":"functional","valueAbbrev":"bao:BAO_0000010","valueDescr":"An assay where the measured signal corresponds to a complex response such as cell survival, proliferation, localization of a protein, nuclear translocation etc. The molecular target is not assumed.","valueHier":["http://www.bioassayontology.org/bao#BAO_0000008"],"labelHier":["bioassay type"]}],"annotsRemoved":[{"propURI":"http://www.bioassayontology.org/bao#BAX_0000002","propLabel":"has bioassay type","propAbbrev":"bao:BAX_0000002","valueURI":"http://www.bioassayontology.org/bao#BAO_0000010","valueLabel":"functional","valueAbbrev":"bao:BAO_0000010","valueDescr":"An assay where the measured signal corresponds to a complex response such as cell survival, proliferation, localization of a protein, nuclear translocation etc. The molecular target is not assumed.","valueHier":[],"labelHier":[],"outOfSchema":true}],"labelsAdded":[{"propURI":"http://www.bioassayontology.org/bao#BAO_0002854","valueLabel":"functional","propAbbrev":"bao:BAO_0002854","propLabel":"bioassay type"}],"labelsRemoved":[{"propURI":"http://www.bioassayontology.org/bao#BAX_0000002","valueLabel":"functional","propAbbrev":"bao:BAX_0000002","propLabel":"has bioassay type"}]},{"curationTime":1492468126914,"curatorID":"admin","annotsAdded":[{"propURI":"http://www.bioassayontology.org/bao#BAO_0002009","propLabel":"biological process","propAbbrev":"bao:BAO_0002009","valueURI":"http://purl.obolibrary.org/obo/GO_0033627","valueLabel":"cell adhesion mediated by integrin","valueAbbrev":"obo:GO_0033627","valueDescr":"The attachment of a cell, either to another cell or to an underlying substrate such as the extracellular matrix, via an integrin, a heterodimeric adhesion receptor formed by the non-covalent association of particular alpha and beta subunits.","valueHier":["http://purl.obolibrary.org/obo/GO_0007155","http://purl.obolibrary.org/obo/GO_0022610","http://purl.obolibrary.org/obo/GO_0008150","http://www.bioassayontology.org/bao#BAO_0003114"],"labelHier":["cell adhesion","biological adhesion","biological process","assay biology component"]}],"annotsRemoved":[{"propURI":"http://www.bioassayontology.org/bao#BAX_0000004","propAbbrev":"bao:BAX_0000004","valueURI":"http://purl.obolibrary.org/obo/GO_0033627","valueLabel":"cell adhesion mediated by integrin","valueAbbrev":"obo:GO_0033627","valueDescr":"The attachment of a cell, either to another cell or to an underlying substrate such as the extracellular matrix, via an integrin, a heterodimeric adhesion receptor formed by the non-covalent association of particular alpha and beta subunits.","valueHier":[],"labelHier":[],"outOfSchema":true}],"labelsAdded":[{"propURI":"http://www.bioassayontology.org/bao#BAO_0002009","valueLabel":"cell adhesion mediated by integrin","propAbbrev":"bao:BAO_0002009","propLabel":"biological process"}],"labelsRemoved":[{"propURI":"http://www.bioassayontology.org/bao#BAX_0000004","valueLabel":"cell adhesion mediated by integrin","propAbbrev":"bao:BAX_0000004"}]},{"curationTime":1492468126914,"curatorID":"admin","annotsAdded":[{"propURI":"http://www.bioassayontology.org/bao#BAO_0002848","propLabel":"applies to disease","propAbbrev":"bao:BAO_0002848","valueURI":"http://purl.obolibrary.org/obo/DOID_2914","valueLabel":"immune system disease","valueAbbrev":"obo:DOID_2914","valueDescr":"A disease of anatomical entity that is located_in the immune system.","valueHier":["http://purl.obolibrary.org/obo/DOID_7","http://purl.obolibrary.org/obo/DOID_4"],"labelHier":["disease of anatomical entity","Disease"]}],"annotsRemoved":[{"propURI":"http://www.bioassayontology.org/bao#BAX_0000010","propAbbrev":"bao:BAX_0000010","valueURI":"http://purl.obolibrary.org/obo/DOID_2914","valueLabel":"immune system disease","valueAbbrev":"obo:DOID_2914","valueDescr":"A disease of anatomical entity that is located_in the immune system.","valueHier":[],"labelHier":[],"outOfSchema":true}],"labelsAdded":[{"propURI":"http://www.bioassayontology.org/bao#BAO_0002848","valueLabel":"immune system disease","propAbbrev":"bao:BAO_0002848","propLabel":"applies to disease"}],"labelsRemoved":[{"propURI":"http://www.bioassayontology.org/bao#BAX_0000010","valueLabel":"immune system disease","propAbbrev":"bao:BAX_0000010"}]},{"curationTime":1492468126914,"curatorID":"admin","annotsAdded":[{"propURI":"http://www.bioassayontology.org/bao#BAO_0000208","propLabel":"result","propAbbrev":"bao:BAO_0000208","valueURI":"http://www.bioassayontology.org/bao#BAO_0000188","valueLabel":"EC50","valueAbbrev":"bao:BAO_0000188","valueDescr":"The effective concentration of an agonist, which produces 50% of the maximum possible response for that agonist.","valueHier":["http://www.bioassayontology.org/bao#BAO_0002162","http://www.bioassayontology.org/bao#BAO_0000180","http://www.bioassayontology.org/bao#BAO_0000179"],"labelHier":["concentration response endpoint","concentration endpoint","endpoint"]}],"annotsRemoved":[{"propURI":"http://www.bioassayontology.org/bao#BAX_0000006","propAbbrev":"bao:BAX_0000006","valueURI":"http://www.bioassayontology.org/bao#BAO_0000188","valueLabel":"EC50","valueAbbrev":"bao:BAO_0000188","valueDescr":"The effective concentration of an agonist, which produces 50% of the maximum possible response for that agonist.","valueHier":[],"labelHier":[],"outOfSchema":true}],"labelsAdded":[{"propURI":"http://www.bioassayontology.org/bao#BAO_0000208","valueLabel":"EC50","propAbbrev":"bao:BAO_0000208","propLabel":"result"}],"labelsRemoved":[{"propURI":"http://www.bioassayontology.org/bao#BAX_0000006","valueLabel":"EC50","propAbbrev":"bao:BAX_0000006"}]},{"curationTime":1492468126914,"curatorID":"admin","annotsAdded":[{"propURI":"http://www.bioassayontology.org/bao#BAO_0002874","propLabel":"units","propAbbrev":"bao:BAO_0002874","valueURI":"http://purl.org/obo/owl/UO#UO_0000064","valueLabel":"micromolar","valueAbbrev":"uo:UO_0000064","valueDescr":"","valueHier":[],"labelHier":[],"outOfSchema":true}],"annotsRemoved":[{"propURI":"http://www.bioassayontology.org/bao#BAX_0000007","propAbbrev":"bao:BAX_0000007","valueURI":"http://purl.org/obo/owl/UO#UO_0000064","valueLabel":"micromolar","valueAbbrev":"uo:UO_0000064","valueDescr":"","valueHier":[],"labelHier":[],"outOfSchema":true}],"labelsAdded":[{"propURI":"http://www.bioassayontology.org/bao#BAO_0002874","valueLabel":"micromolar","propAbbrev":"bao:BAO_0002874","propLabel":"units"}],"labelsRemoved":[{"propURI":"http://www.bioassayontology.org/bao#BAX_0000007","valueLabel":"micromolar","propAbbrev":"bao:BAX_0000007"}]},{"curationTime":1492468126914,"curatorID":"admin","annotsAdded":[{"propURI":"http://www.bioassayontology.org/bao#BAO_0095009","propLabel":"assay design method","propAbbrev":"bao:BAO_0095009","valueURI":"http://www.bioassayontology.org/bao#BAO_0002755","valueLabel":"fluorescent ligand binding method","valueAbbrev":"bao:BAO_0002755","valueDescr":"","valueHier":["http://www.bioassayontology.org/bao#BAO_0000123","http://www.bioassayontology.org/bao#BAO_0002202"],"labelHier":["binding assessment method","assay design method"]}],"annotsRemoved":[{"propURI":"http://www.bioassayontology.org/bao#BAX_0000003","propAbbrev":"bao:BAX_0000003","valueURI":"http://www.bioassayontology.org/bao#BAO_0002755","valueLabel":"fluorescent ligand binding method","valueAbbrev":"bao:BAO_0002755","valueDescr":"","valueHier":[],"labelHier":[],"outOfSchema":true}],"labelsAdded":[{"propURI":"http://www.bioassayontology.org/bao#BAO_0095009","valueLabel":"fluorescent ligand binding method","propAbbrev":"bao:BAO_0095009","propLabel":"assay design method"}],"labelsRemoved":[{"propURI":"http://www.bioassayontology.org/bao#BAX_0000003","valueLabel":"fluorescent ligand binding method","propAbbrev":"bao:BAX_0000003"}]},{"curationTime":1492468126914,"curatorID":"admin","annotsAdded":[{"propURI":"http://www.bioassayontology.org/bao#BAO_0002855","propLabel":"bioassay","propAbbrev":"bao:BAO_0002855","valueURI":"http://www.bioassayontology.org/bao#BAO_0002989","valueLabel":"binding assay","valueAbbrev":"bao:BAO_0002989","valueDescr":"It is performed to quantify the interactions between two molecules, e.g. small molecule-protein, protein-protein, protein-DNA, etc.","valueHier":["http://www.bioassayontology.org/bao#BAO_0000015"],"labelHier":["bioassay"]}],"annotsRemoved":[{"propURI":"http://www.bioassayontology.org/bao#BAX_0000002","propLabel":"has bioassay type","propAbbrev":"bao:BAX_0000002","valueURI":"http://www.bioassayontology.org/bao#BAO_0002989","valueLabel":"binding assay","valueAbbrev":"bao:BAO_0002989","valueDescr":"It is performed to quantify the interactions between two molecules, e.g. small molecule-protein, protein-protein, protein-DNA, etc.","valueHier":[],"labelHier":[],"outOfSchema":true}],"labelsAdded":[{"propURI":"http://www.bioassayontology.org/bao#BAO_0002855","valueLabel":"binding assay","propAbbrev":"bao:BAO_0002855","propLabel":"bioassay"}],"labelsRemoved":[{"propURI":"http://www.bioassayontology.org/bao#BAX_0000002","valueLabel":"binding assay","propAbbrev":"bao:BAX_0000002","propLabel":"has bioassay type"}]},{"curationTime":1492468126914,"curatorID":"admin","annotsAdded":[{"propURI":"http://www.bioassayontology.org/bao#BAO_0002874","propLabel":"units","propAbbrev":"bao:BAO_0002874","valueURI":"http://purl.obolibrary.org/obo/UO_0000064","valueLabel":"micromolar","valueAbbrev":"obo:UO_0000064","valueDescr":"A unit of molarity which is equal to one millionth of a molar or 10^[-6] M.","valueHier":["http://purl.obolibrary.org/obo/UO_0000061","http://purl.obolibrary.org/obo/UO_0000051","http://purl.obolibrary.org/obo/UO_0000000"],"labelHier":["unit of molarity","concentration unit","unit"]}],"annotsRemoved":[{"propURI":"http://www.bioassayontology.org/bao#BAO_0002874","propLabel":"units","propAbbrev":"bao:BAO_0002874","valueURI":"http://purl.org/obo/owl/UO#UO_0000064","valueLabel":"micromolar","valueAbbrev":"uo:UO_0000064","valueDescr":"","valueHier":[],"labelHier":[],"outOfSchema":true}],"labelsAdded":[{"propURI":"http://www.bioassayontology.org/bao#BAO_0002874","valueLabel":"micromolar","propAbbrev":"bao:BAO_0002874","propLabel":"units"}],"labelsRemoved":[{"propURI":"http://www.bioassayontology.org/bao#BAO_0002874","valueLabel":"micromolar","propAbbrev":"bao:BAO_0002874","propLabel":"units"}]},{"curationTime":1492468126914,"curatorID":"admin","annotsAdded":[{"propURI":"http://www.bioassayontology.org/bao#BAX_0000016","propLabel":"operator","propAbbrev":"bao:BAX_0000016","valueURI":"http://purl.obolibrary.org/obo/GENEPIO_0001002","valueLabel":"less than (<)","valueAbbrev":"obo:GENEPIO_0001002","valueDescr":"","groupNest":["http://www.bioassayontology.org/bao#BAX_0000017"],"groupLabel":["measurement"],"valueHier":["http://purl.obolibrary.org/obo/GENEPIO_0001001"],"labelHier":["threshold comparisons"]}],"annotsRemoved":[],"labelsAdded":[{"propURI":"http://www.bioassayontology.org/bao#BAX_0000016","valueLabel":"less than (<)","propAbbrev":"bao:BAX_0000016","groupNest":["http://www.bioassayontology.org/bao#BAX_0000017"],"propLabel":"operator","groupLabel":["measurement"]}],"labelsRemoved":[]}],"holdingIDList":[]}