{"assayID":3468,"uniqueID":"pubchemAID:504533","text":"HTS Screen to Identify Cytotoxic Compounds of HMLE_sh_eGFP Measured in Cell-Based System Using Plate Reader - 2058-02_Inhibitor_Dose_DryPowder_Activity_Set5\n\nAssay Overview: The objective of the experiment is to isolate compounds that are toxic to the background control HMLE cell line.  The HMLE cell line expressing shRNA against eGFP(HMLE_sh_eGFP) is used as a counterscreen line to identify grossly toxic compounds in HMLE_sh_ECad (AID 2712 and AID 449748).  Two thousand HMLE_sh_eGFP are plated in 50 uL of media in each well and cells are allowed to adhere overnight.  The next day, 100 nl compound are added to the wells and are incubated ~72 hours.  Cell viability was measured using CellTiter-Glo and luminescence is measured by the EnVision.  The chemical compounds that selectively kill CSCs would be promising new drug candidates for anti-cancer therapy and would also serve as useful probes to study CSC biology, which are currently lacking.\n\nExpected Outcome: Compounds significantly suppressing luminescence, and therefore toxic to HMLE_sh_eGFP will be identified as hits in the screen.\n\nPRESENCE OF CONTROLS: Neutral control wells (NC; n=132) were included on every plate.\n\nEXPECTED OUTCOME: Active compounds result in decreasing readout signal.\nThe compounds were assayed in multiple independent instances using an identical protocol; each instance is called a 'test'.  For each test, the following analysis was applied:\n\nProtocol:\nCSC media complete media + serum= Propagation media\n\nUsing already filtered/sterile components, add:\n\n440 ml DMEM (Cellgro 10-013-CM)\n50 ml FBS (HyClone SH30071.03)\n5 ml Pen/Strep\n5 ml Glutamax-1 (Invitrogen 35050-061)\n700ul 50 uM Hydrocortisone (Sigma H039K8402)\n600 ul 10mg/ml Insulin (Sigma I9278)\n500 ul 50 mg/ml Gentamicin (Sigma G1397)\n250 ul 25 mg/ml Plasmocin (Invivogen ant-mpt)\n50 ul 100 ug/ml EGF (Sigma E9644) resuspended in 2% serum/PBS\n+\n500 ml MEGM Complete Medium (Lonza CC-3051) or MEGM Bullet Kit with components CC-3150\n1 ml BPE (Lonza CC-4009)\n____________________\nMakes 1 liter\n\n\nCSC media complete media - serum= Screening media\n\nUsing already filtered/sterile components, add:\n\n490 ml DMEM (Cellgro 10-013-CM)\n5 ml Pen/Strep\n5 ml Glutamax-1 (Invitrogen 35050-061)\n700ul 50 uM Hydrocortisone (Sigma H039K8402)\n600 ul 10mg/ml Insulin (Sigma I9278)\n500 ul 50 mg/ml Gentamicin (Sigma G1397)\n250 ul 25 mg/ml Plasmocin (Invivogen ant-mpt)\n50 ul 100 ug/ml EGF (Sigma E9644) resuspended in 2% serum/PBS\n+\n500 ml MEGM Complete Medium (Lonza CC-3051) or MEGM Bullet Kit with components CC-3150\n1 ml BPE (Lonza CC-4009)\n____________________\nMakes 1 liter\n\n\nUsing HMLE_sh_eGFP provided by collaborators Dr. Piyush Gupta & Dr. Eric Lander (as described in Gupta PB, Onder TT, Jiang G, Tao K, Kuperwasser C, Weinberg RA, Lander ES.Identification of selective inhibitors of cancer stem cells by high-throughput screening. Cell. 2009 Aug 21;138(4):645-59. Epub 2009 Aug 13. PMID: 19682730), 10 million cells/vial were frozen down in CSC media complete media +Serum+10% DMSO and stored in liquid nitrogen.\n\nCell propagation\n2-3 days prior to screening, vials were thawed and plated into T225 Falcon flasks with 40 ml CSC complete + Serum and are incubated at 37 deg C, 5% CO2 for ~16 hours.\nCells were washed with 1x PBS and 5 ml Trypsin + EDTA are added to cells for 2-5 minutes.\nCells are re-suspended in 25 ml CSC complete + serum, spun at 1400 rpm for 4 minutes.\nMedia is aspirated and cells are resupended in CSC complete + Serum and are plated in T225 flasks (as above) at 1:4 or 1:8 density and allowed to grow 1-2 days.\n\nCell Screening\nCells are trypsinized and spun as above.\nCell pellet is resuspended in CSC complete -serum.\n50 ul Cell supension is added to 50 ul trypan blue and counted using Nexecelom Cellometer.\nCells are diluted to 40,000 cells/ml in CSC complete - serum.\n\nUsing standard sized cassette, 2000 cells/ 50 ul are dispensed into  Tissue Culture treated 384-well plates (Corning 3850) using Thermo Scientific Multidrop Combi.\nCells are incubated at 37 deg C, 5% CO2 for at least 4 hours.\nCells are pinned with 100 nL compounds and incubated for ~70-74 hours. Neutral (DMSO only) and positive controls (160 uM Puromycin) were included on every plate.\n\n\nCell Titer Glo is prepared as Promega describes and diluted 1:3 with 1x PBS.\nAssay plates are incubated at room temperature for 30 minutes.\n30 ul CellTiter Glo dilution is dispensed using standard sized cassette by Thermo Scientific Multidrop Combi.\nPlates are incubated 12 minutes and read using the PerkinElmer EnVision (Luminescence 0.1 sec/well).","schemaURI":"http://www.bioassayontology.org/bas#","annotations":[{"propURI":"http://www.bioassayontology.org/bao#BAO_0002854","propLabel":"bioassay type","propAbbrev":"bao:BAO_0002854","valueURI":"http://www.bioassayontology.org/bao#BAO_0000010","valueLabel":"functional","valueAbbrev":"bao:BAO_0000010","valueDescr":"An assay where the measured signal corresponds to a complex response such as cell survival, proliferation, localization of a protein, nuclear translocation etc. The molecular target is not assumed.","groupNest":[],"groupLabel":[],"valueHier":["http://www.bioassayontology.org/bao#BAO_0000008"],"labelHier":["bioassay type"]},{"propURI":"http://www.bioassayontology.org/bao#BAO_0000205","propLabel":"assay format","propAbbrev":"bao:BAO_0000205","valueURI":"http://www.bioassayontology.org/bao#BAO_0000219","valueLabel":"cell based format","valueAbbrev":"bao:BAO_0000219","valueDescr":"Involves the use of living cells of eukaryotic origin, derived from a multicellular organism, and is a heterogeneous assay type. Typically, this refers to permanent (immortal) cell lines, or primary cells, or some form of stem cells. This is distinct from a single-celled organism-based format (classically bacteria or yeast).","groupNest":[],"groupLabel":[],"valueHier":["http://www.bioassayontology.org/bao#BAO_0000019"],"labelHier":["assay format"]},{"propURI":"http://www.bioassayontology.org/bao#BAO_0095009","propLabel":"assay design method","propAbbrev":"bao:BAO_0095009","valueURI":"http://www.bioassayontology.org/bao#BAO_0002079","valueLabel":"ATP quantitation using luciferase","valueAbbrev":"bao:BAO_0002079","valueDescr":"","groupNest":[],"groupLabel":[],"valueHier":["http://www.bioassayontology.org/bao#BAO_0000164","http://www.bioassayontology.org/bao#BAO_0000127","http://www.bioassayontology.org/bao#BAO_0002202"],"labelHier":["ATP quantitation","viability measurement method","assay design method"]},{"propURI":"http://www.bioassayontology.org/bao#BAO_0095009","propLabel":"assay design method","propAbbrev":"bao:BAO_0095009","valueURI":"http://www.bioassayontology.org/bao#BAO_0000127","valueLabel":"viability measurement method","valueAbbrev":"bao:BAO_0000127","valueDescr":"Compound cytotoxicity is an important parameter to measure when developing potential human therapeutics. Cytotoxicity is determined as a measure of radioisotope (3H thymidine or 51Cr) release, lactate dehydrogenase release from damaged cells, tetrazolium salt and alamar blue reduction, fluorescent dyes that selectively stain live or dead cells, and decrease in ATP content. The viability reporter technologies measure cell life or death by quantitating ATP content, caspase activity, membrane potential, and so on.","groupNest":[],"groupLabel":[],"valueHier":["http://www.bioassayontology.org/bao#BAO_0002202"],"labelHier":["assay design method"]},{"propURI":"http://www.bioassayontology.org/bao#BAO_0002921","propLabel":"organism","propAbbrev":"bao:BAO_0002921","valueURI":"http://purl.obolibrary.org/obo/NCBITaxon_9606","valueLabel":"Homo sapiens","valueAbbrev":"obo:NCBITaxon_9606","valueDescr":"","groupNest":[],"groupLabel":[],"altLabels":["Homo spiens","Homo sapience","Homo sapien","human","Homo spaiens","Homo sapians","man","Humo sapiens","Home sapiens","Homo sapiense","Homo sampiens","Homo sapeins","Homo sapines","Homo sapian","Homo sapients"],"valueHier":["http://www.bioassayontology.org/bao#BAO_0000362","http://www.bioassayontology.org/bao#BAO_0000510","http://www.bioassayontology.org/bao#BAO_0000659","http://www.bioassayontology.org/bao#BAO_0000509","http://www.bioassayontology.org/bao#BAO_0000658","http://www.bioassayontology.org/bao#BAO_0000551"],"labelHier":["mammalian","vertebrate","metazoa","eukaryote","cellular organisms","organism"]},{"propURI":"http://www.bioassayontology.org/bao#BAO_0002009","propLabel":"biological process","propAbbrev":"bao:BAO_0002009","valueURI":"http://purl.obolibrary.org/obo/GO_0008283","valueLabel":"cell population proliferation","valueAbbrev":"obo:GO_0008283","valueDescr":"The multiplication or reproduction of cells, resulting in the expansion of a cell population.","groupNest":[],"groupLabel":[],"valueHier":["http://purl.obolibrary.org/obo/GO_0044699","http://purl.obolibrary.org/obo/GO_0008150","http://www.bioassayontology.org/bao#BAO_0003114"],"labelHier":["single-organism process","biological process","assay biology component"]},{"propURI":"http://www.bioassayontology.org/bao#BAO_0002009","propLabel":"biological process","propAbbrev":"bao:BAO_0002009","valueURI":"http://purl.obolibrary.org/obo/GO_0008219","valueLabel":"cell death","valueAbbrev":"obo:GO_0008219","valueDescr":"Any biological process that results in permanent cessation of all vital functions of a cell. A cell should be considered dead when any one of the following molecular or morphological criteria is met: (1) the cell has lost the integrity of its plasma membrane; (2) the cell, including its nucleus, has undergone complete fragmentation into discrete bodies (frequently referred to as \"apoptotic bodies\"); and/or (3) its corpse (or its fragments) have been engulfed by an adjacent cell in vivo.","groupNest":[],"groupLabel":[],"valueHier":["http://purl.obolibrary.org/obo/GO_0016265","http://purl.obolibrary.org/obo/GO_0044699","http://purl.obolibrary.org/obo/GO_0008150","http://www.bioassayontology.org/bao#BAO_0003114"],"labelHier":["death","single-organism process","biological process","assay biology component"]},{"propURI":"http://www.bioassayontology.org/bao#BAO_0002848","propLabel":"applies to disease","propAbbrev":"bao:BAO_0002848","valueURI":"http://purl.obolibrary.org/obo/DOID_1612","valueLabel":"breast cancer","valueAbbrev":"obo:DOID_1612","valueDescr":"A thoracic cancer that originates in the mammary gland.","groupNest":[],"groupLabel":[],"valueHier":["http://purl.obolibrary.org/obo/DOID_3463","http://purl.obolibrary.org/obo/DOID_0060118","http://purl.obolibrary.org/obo/DOID_7","http://purl.obolibrary.org/obo/DOID_4"],"labelHier":["breast disease","thoracic disease","disease of anatomical entity","Disease"]},{"propURI":"http://www.bioassayontology.org/bao#BAO_0000196","propLabel":"assay mode of action","propAbbrev":"bao:BAO_0000196","valueURI":"http://www.bioassayontology.org/bao#BAO_0000091","valueLabel":"inhibition","valueAbbrev":"bao:BAO_0000091","valueDescr":"Reduction of a predefined stimulus. Unit of Measure is always % when normalized to the dynamic range of the assay.","groupNest":[],"groupLabel":[],"valueHier":["http://www.bioassayontology.org/bao#BAO_0000084","http://www.bioassayontology.org/bao#BAO_0000074"],"labelHier":["ligand function mode of action","mode of action"]},{"propURI":"http://www.bioassayontology.org/bao#BAO_0002867","propLabel":"assay footprint","propAbbrev":"bao:BAO_0002867","valueURI":"http://www.bioassayontology.org/bao#BAO_0000515","valueLabel":"384 well plate","valueAbbrev":"bao:BAO_0000515","valueDescr":"This microplate contains 384 wells. It is suitable for a HTS assay.","groupNest":[],"groupLabel":[],"valueHier":["http://www.bioassayontology.org/bao#BAO_0000508","http://www.bioassayontology.org/bao#BAO_0000512"],"labelHier":["microplate","assay footprint"]},{"propURI":"http://www.bioassayontology.org/bao#BAO_0002663","propLabel":"assay kit","propAbbrev":"bao:BAO_0002663","valueURI":"http://www.bioassayontology.org/bao#BAO_0000682","valueLabel":"CellTiter-Glo Luminescent Cell Viability Assay","valueAbbrev":"bao:BAO_0000682","valueDescr":"","groupNest":[],"groupLabel":[],"valueHier":["http://www.bioassayontology.org/bao#BAO_0140017","http://www.bioassayontology.org/bao#BAO_0000248"],"labelHier":["Luciferase-based ('Glo') Assay System (Promega)","assay kit"]},{"propURI":"http://www.bioassayontology.org/bao#BAO_0000207","propLabel":"physical detection method","propAbbrev":"bao:BAO_0000207","valueURI":"http://www.bioassayontology.org/bao#BAO_0000050","valueLabel":"bioluminescence","valueAbbrev":"bao:BAO_0000050","valueDescr":"Bioluminescence refers to the production and emission of light by a living organism. Bioluminescence is a naturally occurring form of chemiluminescence whereby energy is released by a chemical reaction in the form of light emission. The chemical reaction can occur either inside or outside the cell, and can be detected using a plate reader or a charge-coupled device (CCD) camera.","groupNest":[],"groupLabel":[],"valueHier":["http://www.bioassayontology.org/bao#BAO_0000045","http://www.bioassayontology.org/bao#BAO_0000035"],"labelHier":["luminescence method","physical detection method"]},{"propURI":"http://www.bioassayontology.org/bao#BAO_0002865","propLabel":"detection instrument","propAbbrev":"bao:BAO_0002865","valueURI":"http://www.bioassayontology.org/bao#BAO_0000701","valueLabel":"EnVision Multilabel Reader","valueAbbrev":"bao:BAO_0000701","valueDescr":"","groupNest":[],"groupLabel":[],"valueHier":["http://www.bioassayontology.org/bao#BAO_0000697"],"labelHier":["detection instrument"]},{"propURI":"http://www.bioassayontology.org/bao#BAO_0000185","propLabel":"perturbagen type","propAbbrev":"bao:BAO_0000185","valueURI":"http://www.bioassayontology.org/bao#BAO_0000733","valueLabel":"MLSMR library","valueAbbrev":"bao:BAO_0000733","valueDescr":"","groupNest":[],"groupLabel":[],"valueHier":["http://www.bioassayontology.org/bao#BAO_0000648","http://www.bioassayontology.org/bao#BAO_0000661","http://www.bioassayontology.org/bao#BAO_0003120"],"labelHier":["compound library","perturbagen library","assay screened entity component"]},{"propURI":"http://www.bioassayontology.org/bao#BAO_0000208","propLabel":"result","propAbbrev":"bao:BAO_0000208","valueURI":"http://www.bioassayontology.org/bao#BAO_0000186","valueLabel":"AC50","valueAbbrev":"bao:BAO_0000186","valueDescr":"The effective concentration of a perturbagen, which produces 50% of the maximal possible response, which could mean either activation (EC50) or inhibition (IC50) for that perturbagen.","groupNest":[],"groupLabel":[],"altLabels":["Potency"],"valueHier":["http://www.bioassayontology.org/bao#BAO_0002162","http://www.bioassayontology.org/bao#BAO_0000180","http://www.bioassayontology.org/bao#BAO_0000179"],"labelHier":["concentration response endpoint","concentration endpoint","endpoint"]},{"propURI":"http://www.bioassayontology.org/bao#BAO_0002874","propLabel":"units","propAbbrev":"bao:BAO_0002874","valueURI":"http://purl.obolibrary.org/obo/UO_0000064","valueLabel":"micromolar","valueAbbrev":"obo:UO_0000064","valueDescr":"A unit of molarity which is equal to one millionth of a molar or 10^[-6] M.","groupNest":["http://www.bioassayontology.org/bao#BAX_0000017"],"groupLabel":["measurement"],"valueHier":["http://purl.obolibrary.org/obo/UO_0000061","http://purl.obolibrary.org/obo/UO_0000051","http://purl.obolibrary.org/obo/UO_0000000"],"labelHier":["unit of molarity","concentration unit","unit"]},{"propURI":"http://www.bioassayontology.org/bao#BAO_0000210","propLabel":"screening campaign stage","propAbbrev":"bao:BAO_0000210","valueURI":"http://www.bioassayontology.org/bao#BAO_0000803","valueLabel":"counter screening assay","valueAbbrev":"bao:BAO_0000803","valueDescr":"An assay run to eliminate those hits from the primary and confirmatory assay stages that are not of interest, i.e. do not act via the MMOA of interest; for example compounds that are assay artifacts (e.g. fluorescent), promiscuously active, toxic. ","groupNest":[],"groupLabel":[],"valueHier":["http://www.bioassayontology.org/bao#BAO_0000032","http://www.bioassayontology.org/bao#BAO_0000029"],"labelHier":["secondary assay","assay screening campaign stage"]},{"propURI":"http://www.bioassayontology.org/bao#BAO_0000210","propLabel":"screening campaign stage","propAbbrev":"bao:BAO_0000210","valueURI":"http://www.bioassayontology.org/bao#BAO_0000623","valueLabel":"compound toxicity assay","valueAbbrev":"bao:BAO_0000623","valueDescr":"This assay is performed to identify compounds that have an ability to kill the cells (cytotoxic).","groupNest":[],"groupLabel":[],"valueHier":["http://www.bioassayontology.org/bao#BAO_0000803","http://www.bioassayontology.org/bao#BAO_0000032","http://www.bioassayontology.org/bao#BAO_0000029"],"labelHier":["counter screening assay","secondary assay","assay screening campaign stage"]},{"propURI":"http://www.bioassayontology.org/bao#BAO_0002855","propLabel":"bioassay","propAbbrev":"bao:BAO_0002855","valueURI":"http://www.bioassayontology.org/bao#BAO_0002993","valueLabel":"cytotoxicity assay","valueAbbrev":"bao:BAO_0002993","valueDescr":"","groupNest":[],"groupLabel":[],"valueHier":["http://www.bioassayontology.org/bao#BAO_0000015"],"labelHier":["bioassay"]},{"propURI":"http://www.bioassayontology.org/bao#BAO_0000210","propLabel":"screening campaign stage","propAbbrev":"bao:BAO_0000210","valueURI":"http://www.bioassayontology.org/bao#BAO_0000807","valueLabel":"variant construct assay","valueAbbrev":"bao:BAO_0000807","valueDescr":"This assay is performed with a different DNA construct than that was used in primary or confirmatory assays to modify a cell line.","groupNest":[],"groupLabel":[],"valueHier":["http://www.bioassayontology.org/bao#BAO_0000803","http://www.bioassayontology.org/bao#BAO_0000032","http://www.bioassayontology.org/bao#BAO_0000029"],"labelHier":["counter screening assay","secondary assay","assay screening campaign stage"]},{"propURI":"http://www.bioassayontology.org/bao#BAO_0000211","propLabel":"target","propAbbrev":"bao:BAO_0000211","valueURI":"http://www.bioassayontology.org/bat#NotApplicable","valueLabel":"not applicable","valueAbbrev":"bat:NotApplicable","valueDescr":"This property does not apply to this assay.","groupNest":[],"groupLabel":[],"valueHier":[],"labelHier":[]},{"propURI":"http://www.bioassayontology.org/bao#BAO_0002852","propLabel":"assay sources","propAbbrev":"bao:BAO_0002852","valueURI":"http://www.bioassayexpress.org/sources#SRC_0000001","valueLabel":"Broad Institute (Harvard-MIT)","valueAbbrev":"src:SRC_0000001","valueDescr":"Broad Institute.","groupNest":[],"groupLabel":[],"externalURLs":["http://www.broadinstitute.org"],"valueHier":["http://www.bioassayexpress.org/sources#pubchem_sources","http://www.bioassayontology.org/bao#BAO_0002934"],"labelHier":["PubChem Sources","organization"]},{"propURI":"http://www.bioassayontology.org/bao#BAO_0002800","propLabel":"assay cell line","propAbbrev":"bao:BAO_0002800","valueURI":"http://purl.obolibrary.org/obo/CLO_0037259","valueLabel":"HMLE_sh_eGFP cell","valueAbbrev":"obo:CLO_0037259","valueDescr":"","groupNest":[],"groupLabel":[],"valueHier":["http://purl.obolibrary.org/obo/CLO_0000019","http://purl.obolibrary.org/obo/CLO_0000001"],"labelHier":["immortal cell line cell","cell line cell"]},{"propURI":"http://www.bioassayontology.org/bao#BAO_0000539","valueLabel":"pubchemAID:2721","propAbbrev":"bao:BAO_0000539","groupNest":[],"propLabel":"related assays","groupLabel":[]},{"propURI":"http://www.bioassayontology.org/bao#BAO_0002853","valueLabel":"HTS Screen to Identify Cytotoxic Compounds of HMLE_sh_eGFP Measured in Cell-Based System Using Plate Reader - 2058-02_Inhibitor_Dose_DryPowder_Activity_Set5","propAbbrev":"bao:BAO_0002853","groupNest":[],"propLabel":"assay title","groupLabel":[]}],"pubchemXRef":[{"type":"pmid","id":"19682730","comment":"Identification of selective inhibitors of cancer stem cells by high-throughput screening"},{"type":"aid","id":"2721","comment":"Summary assay"},{"type":"dburl","id":"http://www.broadinstitute.org","comment":"Broad Research Institute"}],"curationTime":1545247595266,"curatorID":"google:108375455890260223170","curatorName":"","curatorEmail":"aclark.xyz@gmail.com","history":[{"curationTime":1482193190653,"curatorID":"orcid:0000-0003-2629-5583","annotsAdded":[{"propURI":"http://www.bioassayontology.org/bao#BAO_0002800","propLabel":"assay cell line","propAbbrev":"bao:BAO_0002800","valueURI":"http://www.bioassayontology.org/bao#BAO_0030039","valueAbbrev":"bao:BAO_0030039","valueHier":[],"labelHier":[],"outOfSchema":true}],"annotsRemoved":[{"propURI":"http://www.bioassayontology.org/bao#BAO_0002800","propLabel":"assay cell line","propAbbrev":"bao:BAO_0002800","valueURI":"http://www.bioassayontology.org/bat#RequiresTerm","valueLabel":"requires term","valueAbbrev":"bat:RequiresTerm","valueDescr":"An appropriate term could not be found in the underlying ontologies: it may be necessary to create a new one.","valueHier":[],"labelHier":[]}],"labelsAdded":[{"propURI":"http://www.bioassayontology.org/bao#BAO_0002800","valueLabel":"","propAbbrev":"bao:BAO_0002800","propLabel":"assay cell line"}],"labelsRemoved":[{"propURI":"http://www.bioassayontology.org/bao#BAO_0002800","valueLabel":"requires term","propAbbrev":"bao:BAO_0002800","propLabel":"assay cell line"}]},{"curationTime":1492468131466,"curatorID":"admin","annotsAdded":[{"propURI":"http://www.bioassayontology.org/bao#BAO_0002854","propLabel":"bioassay type","propAbbrev":"bao:BAO_0002854","valueURI":"http://www.bioassayontology.org/bao#BAO_0000010","valueLabel":"functional","valueAbbrev":"bao:BAO_0000010","valueDescr":"An assay where the measured signal corresponds to a complex response such as cell survival, proliferation, localization of a protein, nuclear translocation etc. The molecular target is not assumed.","valueHier":["http://www.bioassayontology.org/bao#BAO_0000008"],"labelHier":["bioassay type"]}],"annotsRemoved":[{"propURI":"http://www.bioassayontology.org/bao#BAX_0000002","propLabel":"has bioassay type","propAbbrev":"bao:BAX_0000002","valueURI":"http://www.bioassayontology.org/bao#BAO_0000010","valueLabel":"functional","valueAbbrev":"bao:BAO_0000010","valueDescr":"An assay where the measured signal corresponds to a complex response such as cell survival, proliferation, localization of a protein, nuclear translocation etc. The molecular target is not assumed.","valueHier":[],"labelHier":[],"outOfSchema":true}],"labelsAdded":[{"propURI":"http://www.bioassayontology.org/bao#BAO_0002854","valueLabel":"functional","propAbbrev":"bao:BAO_0002854","propLabel":"bioassay type"}],"labelsRemoved":[{"propURI":"http://www.bioassayontology.org/bao#BAX_0000002","valueLabel":"functional","propAbbrev":"bao:BAX_0000002","propLabel":"has bioassay type"}]},{"curationTime":1492468131466,"curatorID":"admin","annotsAdded":[{"propURI":"http://www.bioassayontology.org/bao#BAO_0002009","propLabel":"biological process","propAbbrev":"bao:BAO_0002009","valueURI":"http://purl.obolibrary.org/obo/GO_0008283","valueLabel":"cell population proliferation","valueAbbrev":"obo:GO_0008283","valueDescr":"The multiplication or reproduction of cells, resulting in the expansion of a cell population.","valueHier":["http://purl.obolibrary.org/obo/GO_0044699","http://purl.obolibrary.org/obo/GO_0008150","http://www.bioassayontology.org/bao#BAO_0003114"],"labelHier":["single-organism process","biological process","assay biology component"]},{"propURI":"http://www.bioassayontology.org/bao#BAO_0002009","propLabel":"biological process","propAbbrev":"bao:BAO_0002009","valueURI":"http://purl.obolibrary.org/obo/GO_0008219","valueLabel":"cell death","valueAbbrev":"obo:GO_0008219","valueDescr":"Any biological process that results in permanent cessation of all vital functions of a cell. A cell should be considered dead when any one of the following molecular or morphological criteria is met: (1) the cell has lost the integrity of its plasma membrane; (2) the cell, including its nucleus, has undergone complete fragmentation into discrete bodies (frequently referred to as \"apoptotic bodies\"); and/or (3) its corpse (or its fragments) have been engulfed by an adjacent cell in vivo.","valueHier":["http://purl.obolibrary.org/obo/GO_0016265","http://purl.obolibrary.org/obo/GO_0044699","http://purl.obolibrary.org/obo/GO_0008150","http://www.bioassayontology.org/bao#BAO_0003114"],"labelHier":["death","single-organism process","biological process","assay biology component"]}],"annotsRemoved":[{"propURI":"http://www.bioassayontology.org/bao#BAX_0000004","propAbbrev":"bao:BAX_0000004","valueURI":"http://purl.obolibrary.org/obo/GO_0008283","valueLabel":"cell population proliferation","valueAbbrev":"obo:GO_0008283","valueDescr":"The multiplication or reproduction of cells, resulting in the expansion of a cell population.","valueHier":[],"labelHier":[],"outOfSchema":true},{"propURI":"http://www.bioassayontology.org/bao#BAX_0000004","propAbbrev":"bao:BAX_0000004","valueURI":"http://purl.obolibrary.org/obo/GO_0008219","valueLabel":"cell death","valueAbbrev":"obo:GO_0008219","valueDescr":"Any biological process that results in permanent cessation of all vital functions of a cell. A cell should be considered dead when any one of the following molecular or morphological criteria is met: (1) the cell has lost the integrity of its plasma membrane; (2) the cell, including its nucleus, has undergone complete fragmentation into discrete bodies (frequently referred to as \"apoptotic bodies\"); and/or (3) its corpse (or its fragments) have been engulfed by an adjacent cell in vivo.","valueHier":[],"labelHier":[],"outOfSchema":true}],"labelsAdded":[{"propURI":"http://www.bioassayontology.org/bao#BAO_0002009","valueLabel":"cell proliferation","propAbbrev":"bao:BAO_0002009","propLabel":"biological process"},{"propURI":"http://www.bioassayontology.org/bao#BAO_0002009","valueLabel":"cell death","propAbbrev":"bao:BAO_0002009","propLabel":"biological process"}],"labelsRemoved":[{"propURI":"http://www.bioassayontology.org/bao#BAX_0000004","valueLabel":"cell proliferation","propAbbrev":"bao:BAX_0000004"},{"propURI":"http://www.bioassayontology.org/bao#BAX_0000004","valueLabel":"cell death","propAbbrev":"bao:BAX_0000004"}]},{"curationTime":1492468131466,"curatorID":"admin","annotsAdded":[{"propURI":"http://www.bioassayontology.org/bao#BAO_0002848","propLabel":"applies to disease","propAbbrev":"bao:BAO_0002848","valueURI":"http://purl.obolibrary.org/obo/DOID_1612","valueLabel":"breast cancer","valueAbbrev":"obo:DOID_1612","valueDescr":"A thoracic cancer that originates in the mammary gland.","valueHier":["http://purl.obolibrary.org/obo/DOID_3463","http://purl.obolibrary.org/obo/DOID_0060118","http://purl.obolibrary.org/obo/DOID_7","http://purl.obolibrary.org/obo/DOID_4"],"labelHier":["breast disease","thoracic disease","disease of anatomical entity","Disease"]}],"annotsRemoved":[{"propURI":"http://www.bioassayontology.org/bao#BAX_0000010","propAbbrev":"bao:BAX_0000010","valueURI":"http://purl.obolibrary.org/obo/DOID_1612","valueLabel":"breast cancer","valueAbbrev":"obo:DOID_1612","valueDescr":"A thoracic cancer that originates in the mammary gland.","valueHier":[],"labelHier":[],"outOfSchema":true}],"labelsAdded":[{"propURI":"http://www.bioassayontology.org/bao#BAO_0002848","valueLabel":"breast cancer","propAbbrev":"bao:BAO_0002848","propLabel":"applies to disease"}],"labelsRemoved":[{"propURI":"http://www.bioassayontology.org/bao#BAX_0000010","valueLabel":"breast cancer","propAbbrev":"bao:BAX_0000010"}]},{"curationTime":1492468131466,"curatorID":"admin","annotsAdded":[{"propURI":"http://www.bioassayontology.org/bao#BAO_0000208","propLabel":"result","propAbbrev":"bao:BAO_0000208","valueURI":"http://www.bioassayontology.org/bao#BAO_0000186","valueLabel":"AC50","valueAbbrev":"bao:BAO_0000186","valueDescr":"The effective concentration of a perturbagen, which produces 50% of the maximal possible response, which could mean either activation (EC50) or inhibition (IC50) for that perturbagen.","altLabels":["Potency"],"valueHier":["http://www.bioassayontology.org/bao#BAO_0002162","http://www.bioassayontology.org/bao#BAO_0000180","http://www.bioassayontology.org/bao#BAO_0000179"],"labelHier":["concentration response endpoint","concentration endpoint","endpoint"]}],"annotsRemoved":[{"propURI":"http://www.bioassayontology.org/bao#BAX_0000006","propAbbrev":"bao:BAX_0000006","valueURI":"http://www.bioassayontology.org/bao#BAO_0000186","valueLabel":"AC50","valueAbbrev":"bao:BAO_0000186","valueDescr":"The effective concentration of a perturbagen, which produces 50% of the maximal possible response, which could mean either activation (EC50) or inhibition (IC50) for that perturbagen.","valueHier":[],"labelHier":[],"outOfSchema":true}],"labelsAdded":[{"propURI":"http://www.bioassayontology.org/bao#BAO_0000208","valueLabel":"AC50","propAbbrev":"bao:BAO_0000208","propLabel":"result"}],"labelsRemoved":[{"propURI":"http://www.bioassayontology.org/bao#BAX_0000006","valueLabel":"AC50","propAbbrev":"bao:BAX_0000006"}]},{"curationTime":1492468131466,"curatorID":"admin","annotsAdded":[{"propURI":"http://www.bioassayontology.org/bao#BAO_0002874","propLabel":"units","propAbbrev":"bao:BAO_0002874","valueURI":"http://purl.org/obo/owl/UO#UO_0000064","valueLabel":"micromolar","valueAbbrev":"uo:UO_0000064","valueDescr":"","valueHier":[],"labelHier":[],"outOfSchema":true}],"annotsRemoved":[{"propURI":"http://www.bioassayontology.org/bao#BAX_0000007","propAbbrev":"bao:BAX_0000007","valueURI":"http://purl.org/obo/owl/UO#UO_0000064","valueLabel":"micromolar","valueAbbrev":"uo:UO_0000064","valueDescr":"","valueHier":[],"labelHier":[],"outOfSchema":true}],"labelsAdded":[{"propURI":"http://www.bioassayontology.org/bao#BAO_0002874","valueLabel":"micromolar","propAbbrev":"bao:BAO_0002874","propLabel":"units"}],"labelsRemoved":[{"propURI":"http://www.bioassayontology.org/bao#BAX_0000007","valueLabel":"micromolar","propAbbrev":"bao:BAX_0000007"}]},{"curationTime":1492468131466,"curatorID":"admin","annotsAdded":[{"propURI":"http://www.bioassayontology.org/bao#BAO_0095009","propLabel":"assay design method","propAbbrev":"bao:BAO_0095009","valueURI":"http://www.bioassayontology.org/bao#BAO_0000127","valueLabel":"viability measurement method","valueAbbrev":"bao:BAO_0000127","valueDescr":"Compound cytotoxicity is an important parameter to measure when developing potential human therapeutics. Cytotoxicity is determined as a measure of radioisotope (3H thymidine or 51Cr) release, lactate dehydrogenase release from damaged cells, tetrazolium salt and alamar blue reduction, fluorescent dyes that selectively stain live or dead cells, and decrease in ATP content. The viability reporter technologies measure cell life or death by quantitating ATP content, caspase activity, membrane potential, and so on.","valueHier":["http://www.bioassayontology.org/bao#BAO_0002202"],"labelHier":["assay design method"]},{"propURI":"http://www.bioassayontology.org/bao#BAO_0095009","propLabel":"assay design method","propAbbrev":"bao:BAO_0095009","valueURI":"http://www.bioassayontology.org/bao#BAO_0002079","valueLabel":"ATP quantitation using luciferase","valueAbbrev":"bao:BAO_0002079","valueDescr":"","valueHier":["http://www.bioassayontology.org/bao#BAO_0000164","http://www.bioassayontology.org/bao#BAO_0000127","http://www.bioassayontology.org/bao#BAO_0002202"],"labelHier":["ATP quantitation","viability measurement method","assay design method"]}],"annotsRemoved":[{"propURI":"http://www.bioassayontology.org/bao#BAX_0000003","propAbbrev":"bao:BAX_0000003","valueURI":"http://www.bioassayontology.org/bao#BAO_0000127","valueLabel":"viability measurement method","valueAbbrev":"bao:BAO_0000127","valueDescr":"Compound cytotoxicity is an important parameter to measure when developing potential human therapeutics. Cytotoxicity is determined as a measure of radioisotope (3H thymidine or 51Cr) release, lactate dehydrogenase release from damaged cells, tetrazolium salt and alamar blue reduction, fluorescent dyes that selectively stain live or dead cells, and decrease in ATP content. The viability reporter technologies measure cell life or death by quantitating ATP content, caspase activity, membrane potential, and so on.","valueHier":[],"labelHier":[],"outOfSchema":true},{"propURI":"http://www.bioassayontology.org/bao#BAX_0000003","propAbbrev":"bao:BAX_0000003","valueURI":"http://www.bioassayontology.org/bao#BAO_0002079","valueLabel":"ATP quantitation using luciferase","valueAbbrev":"bao:BAO_0002079","valueDescr":"","valueHier":[],"labelHier":[],"outOfSchema":true}],"labelsAdded":[{"propURI":"http://www.bioassayontology.org/bao#BAO_0095009","valueLabel":"viability measurement method","propAbbrev":"bao:BAO_0095009","propLabel":"assay design method"},{"propURI":"http://www.bioassayontology.org/bao#BAO_0095009","valueLabel":"ATP quantitation using luciferase","propAbbrev":"bao:BAO_0095009","propLabel":"assay design method"}],"labelsRemoved":[{"propURI":"http://www.bioassayontology.org/bao#BAX_0000003","valueLabel":"viability measurement method","propAbbrev":"bao:BAX_0000003"},{"propURI":"http://www.bioassayontology.org/bao#BAX_0000003","valueLabel":"ATP quantitation using luciferase","propAbbrev":"bao:BAX_0000003"}]},{"curationTime":1492468131466,"curatorID":"admin","annotsAdded":[{"propURI":"http://www.bioassayontology.org/bao#BAO_0000211","propLabel":"target","propAbbrev":"bao:BAO_0000211","valueURI":"http://www.bioassayontology.org/bat#NotApplicable","valueLabel":"not applicable","valueAbbrev":"bat:NotApplicable","valueDescr":"This property does not apply to this assay.","valueHier":[],"labelHier":[]}],"annotsRemoved":[{"propURI":"http://www.bioassayontology.org/bao#BAX_0000005","propAbbrev":"bao:BAX_0000005","valueURI":"http://www.bioassayontology.org/bat#NotApplicable","valueLabel":"not applicable","valueAbbrev":"bat:NotApplicable","valueDescr":"This property does not apply to this assay.","valueHier":[],"labelHier":[]}],"labelsAdded":[{"propURI":"http://www.bioassayontology.org/bao#BAO_0000211","valueLabel":"not applicable","propAbbrev":"bao:BAO_0000211","propLabel":"target"}],"labelsRemoved":[{"propURI":"http://www.bioassayontology.org/bao#BAX_0000005","valueLabel":"not applicable","propAbbrev":"bao:BAX_0000005"}]},{"curationTime":1492468131466,"curatorID":"admin","annotsAdded":[{"propURI":"http://www.bioassayontology.org/bao#BAO_0002855","propLabel":"bioassay","propAbbrev":"bao:BAO_0002855","valueURI":"http://www.bioassayontology.org/bao#BAO_0002993","valueLabel":"cytotoxicity assay","valueAbbrev":"bao:BAO_0002993","valueDescr":"","valueHier":["http://www.bioassayontology.org/bao#BAO_0000015"],"labelHier":["bioassay"]}],"annotsRemoved":[{"propURI":"http://www.bioassayontology.org/bao#BAX_0000002","propLabel":"has bioassay type","propAbbrev":"bao:BAX_0000002","valueURI":"http://www.bioassayontology.org/bao#BAO_0002993","valueLabel":"cytotoxicity assay","valueAbbrev":"bao:BAO_0002993","valueDescr":"","valueHier":[],"labelHier":[],"outOfSchema":true}],"labelsAdded":[{"propURI":"http://www.bioassayontology.org/bao#BAO_0002855","valueLabel":"cytotoxicity assay","propAbbrev":"bao:BAO_0002855","propLabel":"bioassay"}],"labelsRemoved":[{"propURI":"http://www.bioassayontology.org/bao#BAX_0000002","valueLabel":"cytotoxicity assay","propAbbrev":"bao:BAX_0000002","propLabel":"has bioassay type"}]},{"curationTime":1492468131466,"curatorID":"admin","annotsAdded":[{"propURI":"http://www.bioassayontology.org/bao#BAO_0002874","propLabel":"units","propAbbrev":"bao:BAO_0002874","valueURI":"http://purl.obolibrary.org/obo/UO_0000064","valueLabel":"micromolar","valueAbbrev":"obo:UO_0000064","valueDescr":"A unit of molarity which is equal to one millionth of a molar or 10^[-6] M.","valueHier":["http://purl.obolibrary.org/obo/UO_0000061","http://purl.obolibrary.org/obo/UO_0000051","http://purl.obolibrary.org/obo/UO_0000000"],"labelHier":["unit of molarity","concentration unit","unit"]}],"annotsRemoved":[{"propURI":"http://www.bioassayontology.org/bao#BAO_0002874","propLabel":"units","propAbbrev":"bao:BAO_0002874","valueURI":"http://purl.org/obo/owl/UO#UO_0000064","valueLabel":"micromolar","valueAbbrev":"uo:UO_0000064","valueDescr":"","valueHier":[],"labelHier":[],"outOfSchema":true}],"labelsAdded":[{"propURI":"http://www.bioassayontology.org/bao#BAO_0002874","valueLabel":"micromolar","propAbbrev":"bao:BAO_0002874","propLabel":"units"}],"labelsRemoved":[{"propURI":"http://www.bioassayontology.org/bao#BAO_0002874","valueLabel":"micromolar","propAbbrev":"bao:BAO_0002874","propLabel":"units"}]},{"curationTime":1545247595266,"curatorID":"google:108375455890260223170","curatorName":"","curatorEmail":"aclark.xyz@gmail.com","annotsAdded":[{"propURI":"http://www.bioassayontology.org/bao#BAO_0002800","propLabel":"assay cell line","propAbbrev":"bao:BAO_0002800","valueURI":"http://purl.obolibrary.org/obo/CLO_0037259","valueLabel":"HMLE_sh_eGFP cell","valueAbbrev":"obo:CLO_0037259","valueDescr":"","valueHier":["http://purl.obolibrary.org/obo/CLO_0000019","http://purl.obolibrary.org/obo/CLO_0000001"],"labelHier":["immortal cell line cell","cell line cell"]}],"annotsRemoved":[{"propURI":"http://www.bioassayontology.org/bao#BAO_0002800","propLabel":"assay cell line","propAbbrev":"bao:BAO_0002800","valueURI":"http://www.bioassayontology.org/bao#BAO_0030039","valueAbbrev":"bao:BAO_0030039","valueHier":[],"labelHier":[],"outOfSchema":true}],"labelsAdded":[],"labelsRemoved":[]}],"holdingIDList":[]}