{"assayID":3523,"uniqueID":"pubchemAID:504588","text":"Hypoxia inducible factor pathway Measured in Cell-Based System Using Plate Reader - 2030-01_Activator_Dose_DryPowder_Activity_Set10\n\nAssay Overview:\nLuciferase assay (Steady-Glo, Promega).\nScreen using human osteosarcoma U2OS cells stably over-expressing a plasmid containing 3 copies of the Hypoxia Responsive Element  linked to luciferase gene (U2OS HRE-luciferase cells) to identify small molecules inducing an increased luciferase activity in these cells. The small molecules inducing expression of luciferase under HRE promoter will be measured by the conversion of luciferin to oxyluciferin and light (luminescence) mediated by the luciferase.\n\nExpected Outcome:  Compounds where their absolute values (AbsACNN, uM) are crossing the linear portion of the compound dose response curves with a value lower than the highest concentration tested will be considered as hits.\n\nEXPECTED OUTCOME: Active compounds result in  increasing readout signal.\n\nProtocol:\nU2OS HRE-luciferase assay:\n\nThe U2OS-HRE-luc cell line was originally obtained from Dr. Margaret Ashcroft's lab and kindly provided by Dr. Shawn Gilbert.\n\nThe U2OS-HRE-luc cell line is propagated in DMEM media (Invitrogen, SKU# 11995) supplemented with 10% heat inactivated fetal bovine serum (Invitrogen, Cat# 16140089), 1% penicillin/streptomycin/glutamine (Invitrogen, 10378-016) and 0.1 mg/ml Hygromycin B (Invitrogen, 10687-01) at 37degrees C in CO2 incubators (Thermo Scientific) with 5% CO2, 21% O2, and 95% humidity. For High-Throughput Screening assays, cells are grown in T175 flask (BD Falcon, Ref# 353112) or Hyperflasks (Corning, Cat# 10010), harvested at more than 80% confluence using 7 or 75 ml Trypsin-EDTA 0.25% (Cellgro, Cat# 25-053-CI) for 5 minutes and then the trypsin is inactivated with 7 or 75 ml of complete medium respectively. Cells should not be trypsinized more than 10 minutes because massive cell death will start to occur. Cells are centrifuged at 1000rpm/5min and resuspended in fresh complete DMEM media with phenol red (Invitrogen, SKU# 11995) as mentioned above (for normal cell propagation) or DMEM medium without phenol red (Cambrex; Cat# 12-917F or Invitrogen cat# 31053) with 10% Heat inactivated fetal bovine serum (Invitrogen, Cat# 16140089), 1% penicillin/streptomycin/glutamine (Invitrogen, 10378-016), sodium pyruvate (only used with DMEM without phenol from Invitrogen (Cat# 11306-070)) and without hygromycin B (for compound screening). Cell number is counted using a Nexelcom Bioscience cell counter (Cellometer Auto M10) and viability is measured by mixing one volume of cells with one same volume of Trypan Blue solution (0.4%)(dilution 1/2). Only cultures of >94% viability are utilized for HTS.\n\nCompound Screening is carried out on the Broad Institute/Chemical Biology Platform Walkup unit:\n\nDay 1 (Cell plating):\n1.  U2OS-HRE-luc cells are harvested and resuspended in DMEM without phenol red (Cambrex, 12-917F) with 10% Heat inactivated fetal bovine serum (Invitrogen, 16140089), 1% penicillin/streptomycin/glutamine (Invitrogen,10378-016) without hygromycin B. U2OS HRE-luciferase cells (from an initial cell suspension of 120,000 cells/ml) are dispensed using a MultiDrop Combi/Standard tube dispensing cassette (Thermo Scientific) in white bottom 384 well assay plates (Corning, Cat.No. 8867BC) at a final density of 6,000 cells per well in final volume of 50 uL. The cells are kept in suspension using a magnetic bar and a stirrer during the dispensing.\n\n2. The assay plate (cell plate) are placed in Liconic Instruments cassettes (22 plates/cassette) and  incubated for 24 hours at 37 degrees C in the Liconic CO2 incubator (Liconic Instruments) calibrated at 5% CO2, 21% O2, and 95% humidity.\n\nDay 2 (Compound pinning into assay plate):\n3.   The dose response compound plate (8 concentrations, 3 fold dilution, starting concentration 7.5 mM) with the positive control (Desferrioxamine, 80 mM)(32 wells spread across the plate) are pinned twice using 384 well pin tool (100 nl) on pin table (Walkup Cybi Well) and transferred to assay plate. Pins are washed with methanol and DMSO between each pinning.\n4.   The assay plates treated with compounds are moving back to Liconic CO2 incubator  to be incubated for an additional 24 hours.\n\nDay 3 (Reading luminescence from assay plates with Envision):\n5.   Each assay plate is pulled out of the incubator and cooled down at room temperature for 30 minutes. 30 uL/well (384 well) of Steady-Glo luciferase reagent 0.5X (diluted in H2O) (Promega, E2550) is dispensed using the the MultiDrop Combi dispensing cassette from Thermo Scientific. The assay plate returned to room temperature for 30 minutes to allow a complete cellular lysis.\n\n6.   Luminescence is measured (0.2 second/well) using the ultra sensitive luminescence detector (384-well aperture, 0.5 mm height) in each well using the Envision plate reader (Perkin Elmer)(Corning plate setting).\n\n7.   HRE activation is calculated based on the following equation using mean luminescence (RLU) values:\n\nFold Activation = (Treatment - Background)/(No treatment - Background)","schemaURI":"http://www.bioassayontology.org/bas#","annotations":[{"propURI":"http://www.bioassayontology.org/bao#BAO_0000205","propLabel":"assay format","propAbbrev":"bao:BAO_0000205","valueURI":"http://www.bioassayontology.org/bao#BAO_0000219","valueLabel":"cell based format","valueAbbrev":"bao:BAO_0000219","valueDescr":"Involves the use of living cells of eukaryotic origin, derived from a multicellular organism, and is a heterogeneous assay type. Typically, this refers to permanent (immortal) cell lines, or primary cells, or some form of stem cells. This is distinct from a single-celled organism-based format (classically bacteria or yeast).","groupNest":[],"groupLabel":[],"valueHier":["http://www.bioassayontology.org/bao#BAO_0000019"],"labelHier":["assay format"]},{"propURI":"http://www.bioassayontology.org/bao#BAO_0002009","propLabel":"biological process","propAbbrev":"bao:BAO_0002009","valueURI":"http://purl.obolibrary.org/obo/GO_0006355","valueLabel":"regulation of transcription, DNA-templated","valueAbbrev":"obo:GO_0006355","valueDescr":"Any process that modulates the frequency, rate or extent of cellular DNA-templated transcription.","groupNest":[],"groupLabel":[],"valueHier":["http://purl.obolibrary.org/obo/GO_2000112","http://purl.obolibrary.org/obo/GO_0031326","http://purl.obolibrary.org/obo/GO_0031323","http://purl.obolibrary.org/obo/GO_0019222","http://purl.obolibrary.org/obo/GO_0050789","http://purl.obolibrary.org/obo/GO_0065007","http://purl.obolibrary.org/obo/GO_0008150","http://www.bioassayontology.org/bao#BAO_0003114"],"labelHier":["regulation of cellular macromolecule biosynthetic process","regulation of cellular biosynthetic process","regulation of cellular metabolic process","regulation of metabolic process","regulation of biological process","biological regulation","biological process","assay biology component"]},{"propURI":"http://www.bioassayontology.org/bao#BAO_0002855","propLabel":"bioassay","propAbbrev":"bao:BAO_0002855","valueURI":"http://www.bioassayontology.org/bao#BAO_0002661","valueLabel":"luciferase reporter gene assay","valueAbbrev":"bao:BAO_0002661","valueDescr":"","groupNest":[],"groupLabel":[],"valueHier":["http://www.bioassayontology.org/bao#BAO_0003006","http://www.bioassayontology.org/bao#BAO_0010044","http://www.bioassayontology.org/bao#BAO_0000015"],"labelHier":["reporter gene assay","targeted transcriptional assay","bioassay"]},{"propURI":"http://www.bioassayontology.org/bao#BAO_0095009","propLabel":"assay design method","propAbbrev":"bao:BAO_0095009","valueURI":"http://www.bioassayontology.org/bao#BAO_0000125","valueLabel":"reporter gene method","valueAbbrev":"bao:BAO_0000125","valueDescr":"Inducible reporter technologies involve the use of a reporter gene to study the effect of perturbagens on gene expression. Some reporter genes can be easily detected, e.g. green fluorescence protein, and others function as selectable markers, e.g. antibiotic resistance.","groupNest":[],"groupLabel":[],"valueHier":["http://www.bioassayontology.org/bao#BAO_0003024","http://www.bioassayontology.org/bao#BAO_0002202"],"labelHier":["gene expression detection method","assay design method"]},{"propURI":"http://www.bioassayontology.org/bao#BAO_0095009","propLabel":"assay design method","propAbbrev":"bao:BAO_0095009","valueURI":"http://www.bioassayontology.org/bao#BAO_0000152","valueLabel":"luciferase induction","valueAbbrev":"bao:BAO_0000152","valueDescr":"Luciferase gene is attached to the regulatory sequence of a gene of interest. The effect of a perturbagen on the expression of the gene of interest could be easily measured by the detection of light emitted as a product the luciferase reaction.","groupNest":[],"groupLabel":[],"valueHier":["http://www.bioassayontology.org/bao#BAO_0000125","http://www.bioassayontology.org/bao#BAO_0003024","http://www.bioassayontology.org/bao#BAO_0002202"],"labelHier":["reporter gene method","gene expression detection method","assay design method"]},{"propURI":"http://www.bioassayontology.org/bao#BAO_0002854","propLabel":"bioassay type","propAbbrev":"bao:BAO_0002854","valueURI":"http://www.bioassayontology.org/bao#BAO_0000010","valueLabel":"functional","valueAbbrev":"bao:BAO_0000010","valueDescr":"An assay where the measured signal corresponds to a complex response such as cell survival, proliferation, localization of a protein, nuclear translocation etc. The molecular target is not assumed.","groupNest":[],"groupLabel":[],"valueHier":["http://www.bioassayontology.org/bao#BAO_0000008"],"labelHier":["bioassay type"]},{"propURI":"http://www.bioassayontology.org/bao#BAO_0002800","propLabel":"assay cell line","propAbbrev":"bao:BAO_0002800","valueURI":"http://purl.obolibrary.org/obo/CLO_0009454","valueLabel":"U-2 OS cell","valueAbbrev":"obo:CLO_0009454","valueDescr":"Human osteosarcoma cell line.","groupNest":[],"groupLabel":[],"altLabels":["U2OS","U-2 OS"],"valueHier":["http://purl.obolibrary.org/obo/CLO_0000019","http://purl.obolibrary.org/obo/CLO_0000001"],"labelHier":["immortal cell line cell","cell line cell"]},{"propURI":"http://www.bioassayontology.org/bao#BAO_0002921","propLabel":"organism","propAbbrev":"bao:BAO_0002921","valueURI":"http://purl.obolibrary.org/obo/NCBITaxon_9606","valueLabel":"Homo sapiens","valueAbbrev":"obo:NCBITaxon_9606","valueDescr":"","groupNest":[],"groupLabel":[],"altLabels":["Homo spiens","Homo sapience","Homo sapien","human","Homo spaiens","Homo sapians","man","Humo sapiens","Home sapiens","Homo sapiense","Homo sampiens","Homo sapeins","Homo sapines","Homo sapian","Homo sapients"],"valueHier":["http://www.bioassayontology.org/bao#BAO_0000362","http://www.bioassayontology.org/bao#BAO_0000510","http://www.bioassayontology.org/bao#BAO_0000659","http://www.bioassayontology.org/bao#BAO_0000509","http://www.bioassayontology.org/bao#BAO_0000658","http://www.bioassayontology.org/bao#BAO_0000551"],"labelHier":["mammalian","vertebrate","metazoa","eukaryote","cellular organisms","organism"]},{"propURI":"http://www.bioassayontology.org/bao#BAO_0002663","propLabel":"assay kit","propAbbrev":"bao:BAO_0002663","valueURI":"http://www.bioassayontology.org/bao#BAO_0000298","valueLabel":"Steady-Glo Luciferase Assay System","valueAbbrev":"bao:BAO_0000298","valueDescr":"","groupNest":[],"groupLabel":[],"valueHier":["http://www.bioassayontology.org/bao#BAO_0140017","http://www.bioassayontology.org/bao#BAO_0000248"],"labelHier":["Luciferase-based ('Glo') Assay System (Promega)","assay kit"]},{"propURI":"http://www.bioassayontology.org/bao#BAO_0002865","propLabel":"detection instrument","propAbbrev":"bao:BAO_0002865","valueURI":"http://www.bioassayontology.org/bao#BAO_0000701","valueLabel":"EnVision Multilabel Reader","valueAbbrev":"bao:BAO_0000701","valueDescr":"","groupNest":[],"groupLabel":[],"valueHier":["http://www.bioassayontology.org/bao#BAO_0000697"],"labelHier":["detection instrument"]},{"propURI":"http://www.bioassayontology.org/bao#BAO_0000196","propLabel":"assay mode of action","propAbbrev":"bao:BAO_0000196","valueURI":"http://www.bioassayontology.org/bao#BAO_0000087","valueLabel":"activation","valueAbbrev":"bao:BAO_0000087","valueDescr":"Increase of a predefined stimulus. Unit of Measure is always % when normalized to the dynamic range of the assay.","groupNest":[],"groupLabel":[],"valueHier":["http://www.bioassayontology.org/bao#BAO_0000084","http://www.bioassayontology.org/bao#BAO_0000074"],"labelHier":["ligand function mode of action","mode of action"]},{"propURI":"http://www.bioassayontology.org/bao#BAO_0002867","propLabel":"assay footprint","propAbbrev":"bao:BAO_0002867","valueURI":"http://www.bioassayontology.org/bao#BAO_0000515","valueLabel":"384 well plate","valueAbbrev":"bao:BAO_0000515","valueDescr":"This microplate contains 384 wells. It is suitable for a HTS assay.","groupNest":[],"groupLabel":[],"valueHier":["http://www.bioassayontology.org/bao#BAO_0000508","http://www.bioassayontology.org/bao#BAO_0000512"],"labelHier":["microplate","assay footprint"]},{"propURI":"http://www.bioassayontology.org/bao#BAO_0000207","propLabel":"physical detection method","propAbbrev":"bao:BAO_0000207","valueURI":"http://www.bioassayontology.org/bao#BAO_0000050","valueLabel":"bioluminescence","valueAbbrev":"bao:BAO_0000050","valueDescr":"Bioluminescence refers to the production and emission of light by a living organism. Bioluminescence is a naturally occurring form of chemiluminescence whereby energy is released by a chemical reaction in the form of light emission. The chemical reaction can occur either inside or outside the cell, and can be detected using a plate reader or a charge-coupled device (CCD) camera.","groupNest":[],"groupLabel":[],"valueHier":["http://www.bioassayontology.org/bao#BAO_0000045","http://www.bioassayontology.org/bao#BAO_0000035"],"labelHier":["luminescence method","physical detection method"]},{"propURI":"http://www.bioassayontology.org/bao#BAO_0000185","propLabel":"perturbagen type","propAbbrev":"bao:BAO_0000185","valueURI":"http://www.bioassayontology.org/bao#BAO_0000733","valueLabel":"MLSMR library","valueAbbrev":"bao:BAO_0000733","valueDescr":"","groupNest":[],"groupLabel":[],"valueHier":["http://www.bioassayontology.org/bao#BAO_0000648","http://www.bioassayontology.org/bao#BAO_0000661","http://www.bioassayontology.org/bao#BAO_0003120"],"labelHier":["compound library","perturbagen library","assay screened entity component"]},{"propURI":"http://www.bioassayontology.org/bao#BAO_0002848","propLabel":"applies to disease","propAbbrev":"bao:BAO_0002848","valueURI":"http://purl.obolibrary.org/obo/DOID_326","valueLabel":"ischemia","valueAbbrev":"obo:DOID_326","valueDescr":"A vascular disease that is characterized by a restriction in blood supply to tissues.","groupNest":[],"groupLabel":[],"valueHier":["http://purl.obolibrary.org/obo/DOID_178","http://purl.obolibrary.org/obo/DOID_1287","http://purl.obolibrary.org/obo/DOID_7","http://purl.obolibrary.org/obo/DOID_4"],"labelHier":["vascular disease","cardiovascular system disease","disease of anatomical entity","Disease"]},{"propURI":"http://www.bioassayontology.org/bao#BAO_0002848","propLabel":"applies to disease","propAbbrev":"bao:BAO_0002848","valueURI":"http://purl.obolibrary.org/obo/DOID_114","valueLabel":"heart disease","valueAbbrev":"obo:DOID_114","valueDescr":"\nA cardiovascular system disease that involves the heart.\n","groupNest":[],"groupLabel":[],"valueHier":["http://purl.obolibrary.org/obo/DOID_1287","http://purl.obolibrary.org/obo/DOID_7","http://purl.obolibrary.org/obo/DOID_4"],"labelHier":["cardiovascular system disease","disease of anatomical entity","Disease"]},{"propURI":"http://www.bioassayontology.org/bao#BAO_0002009","propLabel":"biological process","propAbbrev":"bao:BAO_0002009","valueURI":"http://purl.obolibrary.org/obo/GO_0001666","valueLabel":"response to hypoxia","valueAbbrev":"obo:GO_0001666","valueDescr":"Any process that results in a change in state or activity of a cell or an organism (in terms of movement, secretion, enzyme production, gene expression, etc.) as a result of a stimulus indicating lowered oxygen tension. Hypoxia, defined as a decline in O2 levels below normoxic levels of 20.8 - 20.95%, results in metabolic adaptation at both the cellular and organismal level.","groupNest":[],"groupLabel":[],"valueHier":["http://purl.obolibrary.org/obo/GO_0036293","http://purl.obolibrary.org/obo/GO_0070482","http://purl.obolibrary.org/obo/GO_0009628","http://purl.obolibrary.org/obo/GO_0050896","http://purl.obolibrary.org/obo/GO_0008150","http://www.bioassayontology.org/bao#BAO_0003114"],"labelHier":["response to decreased oxygen levels","response to oxygen levels","response to abiotic stimulus","response to stimulus","biological process","assay biology component"]},{"propURI":"http://www.bioassayontology.org/bao#BAO_0002009","propLabel":"biological process","propAbbrev":"bao:BAO_0002009","valueURI":"http://purl.obolibrary.org/obo/GO_0097411","valueLabel":"hypoxia-inducible factor-1alpha signaling pathway","valueAbbrev":"obo:GO_0097411","valueDescr":"A series of molecular signals mediated by hypoxia-inducible factor (HIF1) in response to lowered oxygen levels (hypoxia). Under hypoxic conditions, the oxygen-sensitive alpha-subunit of hypoxia-inducible factor (HIF)-1 dimerizes with a HIF1-beta subunit (also called ARNT or aryl-hydrocarbon-receptor nuclear translocator), translocates to the nucleus and activates transcription of genes whose products participate in responding to hypoxia.","groupNest":[],"groupLabel":[],"valueHier":["http://purl.obolibrary.org/obo/GO_0007165","http://purl.obolibrary.org/obo/GO_0008150","http://www.bioassayontology.org/bao#BAO_0003114"],"labelHier":["signal transduction","biological process","assay biology component"]},{"propURI":"http://www.bioassayontology.org/bao#BAO_0002874","propLabel":"units","propAbbrev":"bao:BAO_0002874","valueURI":"http://purl.obolibrary.org/obo/UO_0000064","valueLabel":"micromolar","valueAbbrev":"obo:UO_0000064","valueDescr":"A unit of molarity which is equal to one millionth of a molar or 10^[-6] M.","groupNest":["http://www.bioassayontology.org/bao#BAX_0000017"],"groupLabel":["measurement"],"valueHier":["http://purl.obolibrary.org/obo/UO_0000061","http://purl.obolibrary.org/obo/UO_0000051","http://purl.obolibrary.org/obo/UO_0000000"],"labelHier":["unit of molarity","concentration unit","unit"]},{"propURI":"http://www.bioassayontology.org/bao#BAO_0095009","propLabel":"assay design method","propAbbrev":"bao:BAO_0095009","valueURI":"http://www.bioassayontology.org/bao#BAO_0002734","valueLabel":"luciferase enzyme activity measurement method","valueAbbrev":"bao:BAO_0002734","valueDescr":"","groupNest":[],"groupLabel":[],"valueHier":["http://www.bioassayontology.org/bao#BAO_0000139","http://www.bioassayontology.org/bao#BAO_0000124","http://www.bioassayontology.org/bao#BAO_0002202"],"labelHier":["direct enzyme activity measurement method","enzyme activity measurement method","assay design method"]},{"propURI":"http://www.bioassayontology.org/bao#BAO_0000210","propLabel":"screening campaign stage","propAbbrev":"bao:BAO_0000210","valueURI":"http://www.bioassayontology.org/bao#BAO_0000030","valueLabel":"confirmatory assay","valueAbbrev":"bao:BAO_0000030","valueDescr":"Assay performed to confirm activity of compounds identified in the primary screen.  It can be performed as replicate measurements at a single screening concentration or as concentration-response assay.","groupNest":[],"groupLabel":[],"valueHier":["http://www.bioassayontology.org/bao#BAO_0000029"],"labelHier":["assay screening campaign stage"]},{"propURI":"http://www.bioassayontology.org/bao#BAO_0000208","propLabel":"result","propAbbrev":"bao:BAO_0000208","valueURI":"http://www.bioassayontology.org/bao#BAO_0002881","valueLabel":"AC40 absolute","valueAbbrev":"bao:BAO_0002881","valueDescr":"The compound concentration at which the fitted curve passes activity threshold 40.","groupNest":[],"groupLabel":[],"valueHier":["http://www.bioassayontology.org/bao#BAO_0002162","http://www.bioassayontology.org/bao#BAO_0000180","http://www.bioassayontology.org/bao#BAO_0000179"],"labelHier":["concentration response endpoint","concentration endpoint","endpoint"]},{"propURI":"http://www.bioassayontology.org/bao#BAO_0002852","propLabel":"assay sources","propAbbrev":"bao:BAO_0002852","valueURI":"http://www.bioassayexpress.org/sources#SRC_0000001","valueLabel":"Broad Institute (Harvard-MIT)","valueAbbrev":"src:SRC_0000001","valueDescr":"Broad Institute.","groupNest":[],"groupLabel":[],"externalURLs":["http://www.broadinstitute.org"],"valueHier":["http://www.bioassayexpress.org/sources#pubchem_sources","http://www.bioassayontology.org/bao#BAO_0002934"],"labelHier":["PubChem Sources","organization"]},{"propURI":"http://www.bioassayontology.org/bao#BAO_0000539","valueLabel":"pubchemAID:1971","propAbbrev":"bao:BAO_0000539","groupNest":[],"propLabel":"related assays","groupLabel":[]},{"propURI":"http://www.bioassayontology.org/bao#BAO_0002853","valueLabel":"Hypoxia inducible factor pathway Measured in Cell-Based System Using Plate Reader - 2030-01_Activator_Dose_DryPowder_Activity_Set10","propAbbrev":"bao:BAO_0002853","groupNest":[],"propLabel":"assay title","groupLabel":[]}],"pubchemXRef":[{"type":"pmid","id":"19338032","comment":"Screen/Target rationale"},{"type":"pmid","id":"18184809","comment":"Screen/Target rationale"},{"type":"aid","id":"1971","comment":"Summary assay"},{"type":"pmid","id":"19502547","comment":"NIH screen for HIF activators"},{"type":"pmid","id":"16778202","comment":"Cell line used for this screen/also used to screen HIF inhibitors"},{"type":"dburl","id":"http://www.broadinstitute.org","comment":"Broad Research Institute"}],"curationTime":1520356873499,"curatorID":"google:108375455890260223170","curatorName":"","curatorEmail":"aclark.xyz@gmail.com","history":[{"curationTime":1492468131497,"curatorID":"admin","annotsAdded":[{"propURI":"http://www.bioassayontology.org/bao#BAO_0002854","propLabel":"bioassay type","propAbbrev":"bao:BAO_0002854","valueURI":"http://www.bioassayontology.org/bao#BAO_0000010","valueLabel":"functional","valueAbbrev":"bao:BAO_0000010","valueDescr":"An assay where the measured signal corresponds to a complex response such as cell survival, proliferation, localization of a protein, nuclear translocation etc. The molecular target is not assumed.","valueHier":["http://www.bioassayontology.org/bao#BAO_0000008"],"labelHier":["bioassay type"]}],"annotsRemoved":[{"propURI":"http://www.bioassayontology.org/bao#BAX_0000002","propLabel":"has bioassay type","propAbbrev":"bao:BAX_0000002","valueURI":"http://www.bioassayontology.org/bao#BAO_0000010","valueLabel":"functional","valueAbbrev":"bao:BAO_0000010","valueDescr":"An assay where the measured signal corresponds to a complex response such as cell survival, proliferation, localization of a protein, nuclear translocation etc. The molecular target is not assumed.","valueHier":[],"labelHier":[],"outOfSchema":true}],"labelsAdded":[{"propURI":"http://www.bioassayontology.org/bao#BAO_0002854","valueLabel":"functional","propAbbrev":"bao:BAO_0002854","propLabel":"bioassay type"}],"labelsRemoved":[{"propURI":"http://www.bioassayontology.org/bao#BAX_0000002","valueLabel":"functional","propAbbrev":"bao:BAX_0000002","propLabel":"has bioassay type"}]},{"curationTime":1492468131497,"curatorID":"admin","annotsAdded":[{"propURI":"http://www.bioassayontology.org/bao#BAO_0002009","propLabel":"biological process","propAbbrev":"bao:BAO_0002009","valueURI":"http://purl.obolibrary.org/obo/GO_0006355","valueLabel":"regulation of transcription, DNA-templated","valueAbbrev":"obo:GO_0006355","valueDescr":"Any process that modulates the frequency, rate or extent of cellular DNA-templated transcription.","valueHier":["http://purl.obolibrary.org/obo/GO_2000112","http://purl.obolibrary.org/obo/GO_0031326","http://purl.obolibrary.org/obo/GO_0031323","http://purl.obolibrary.org/obo/GO_0019222","http://purl.obolibrary.org/obo/GO_0050789","http://purl.obolibrary.org/obo/GO_0065007","http://purl.obolibrary.org/obo/GO_0008150","http://www.bioassayontology.org/bao#BAO_0003114"],"labelHier":["regulation of cellular macromolecule biosynthetic process","regulation of cellular biosynthetic process","regulation of cellular metabolic process","regulation of metabolic process","regulation of biological process","biological regulation","biological process","assay biology component"]},{"propURI":"http://www.bioassayontology.org/bao#BAO_0002009","propLabel":"biological process","propAbbrev":"bao:BAO_0002009","valueURI":"http://purl.obolibrary.org/obo/GO_0001666","valueLabel":"response to hypoxia","valueAbbrev":"obo:GO_0001666","valueDescr":"Any process that results in a change in state or activity of a cell or an organism (in terms of movement, secretion, enzyme production, gene expression, etc.) as a result of a stimulus indicating lowered oxygen tension. Hypoxia, defined as a decline in O2 levels below normoxic levels of 20.8 - 20.95%, results in metabolic adaptation at both the cellular and organismal level.","valueHier":["http://purl.obolibrary.org/obo/GO_0036293","http://purl.obolibrary.org/obo/GO_0070482","http://purl.obolibrary.org/obo/GO_0009628","http://purl.obolibrary.org/obo/GO_0050896","http://purl.obolibrary.org/obo/GO_0008150","http://www.bioassayontology.org/bao#BAO_0003114"],"labelHier":["response to decreased oxygen levels","response to oxygen levels","response to abiotic stimulus","response to stimulus","biological process","assay biology component"]},{"propURI":"http://www.bioassayontology.org/bao#BAO_0002009","propLabel":"biological process","propAbbrev":"bao:BAO_0002009","valueURI":"http://purl.obolibrary.org/obo/GO_0097411","valueLabel":"hypoxia-inducible factor-1alpha signaling pathway","valueAbbrev":"obo:GO_0097411","valueDescr":"A series of molecular signals mediated by hypoxia-inducible factor (HIF1) in response to lowered oxygen levels (hypoxia). Under hypoxic conditions, the oxygen-sensitive alpha-subunit of hypoxia-inducible factor (HIF)-1 dimerizes with a HIF1-beta subunit (also called ARNT or aryl-hydrocarbon-receptor nuclear translocator), translocates to the nucleus and activates transcription of genes whose products participate in responding to hypoxia.","valueHier":["http://purl.obolibrary.org/obo/GO_0007165","http://purl.obolibrary.org/obo/GO_0008150","http://www.bioassayontology.org/bao#BAO_0003114"],"labelHier":["signal transduction","biological process","assay biology component"]}],"annotsRemoved":[{"propURI":"http://www.bioassayontology.org/bao#BAX_0000004","propAbbrev":"bao:BAX_0000004","valueURI":"http://purl.obolibrary.org/obo/GO_0006355","valueLabel":"regulation of transcription, DNA-templated","valueAbbrev":"obo:GO_0006355","valueDescr":"Any process that modulates the frequency, rate or extent of cellular DNA-templated transcription.","valueHier":[],"labelHier":[],"outOfSchema":true},{"propURI":"http://www.bioassayontology.org/bao#BAX_0000004","propAbbrev":"bao:BAX_0000004","valueURI":"http://purl.obolibrary.org/obo/GO_0097411","valueLabel":"hypoxia-inducible factor-1alpha signaling pathway","valueAbbrev":"obo:GO_0097411","valueDescr":"A series of molecular signals mediated by hypoxia-inducible factor (HIF1) in response to lowered oxygen levels (hypoxia). Under hypoxic conditions, the oxygen-sensitive alpha-subunit of hypoxia-inducible factor (HIF)-1 dimerizes with a HIF1-beta subunit (also called ARNT or aryl-hydrocarbon-receptor nuclear translocator), translocates to the nucleus and activates transcription of genes whose products participate in responding to hypoxia.","valueHier":[],"labelHier":[],"outOfSchema":true},{"propURI":"http://www.bioassayontology.org/bao#BAX_0000004","propAbbrev":"bao:BAX_0000004","valueURI":"http://purl.obolibrary.org/obo/GO_0001666","valueLabel":"response to hypoxia","valueAbbrev":"obo:GO_0001666","valueDescr":"Any process that results in a change in state or activity of a cell or an organism (in terms of movement, secretion, enzyme production, gene expression, etc.) as a result of a stimulus indicating lowered oxygen tension. Hypoxia, defined as a decline in O2 levels below normoxic levels of 20.8 - 20.95%, results in metabolic adaptation at both the cellular and organismal level.","valueHier":[],"labelHier":[],"outOfSchema":true}],"labelsAdded":[{"propURI":"http://www.bioassayontology.org/bao#BAO_0002009","valueLabel":"regulation of transcription, DNA-templated","propAbbrev":"bao:BAO_0002009","propLabel":"biological process"},{"propURI":"http://www.bioassayontology.org/bao#BAO_0002009","valueLabel":"response to hypoxia","propAbbrev":"bao:BAO_0002009","propLabel":"biological process"},{"propURI":"http://www.bioassayontology.org/bao#BAO_0002009","valueLabel":"hypoxia-inducible factor-1alpha signaling pathway","propAbbrev":"bao:BAO_0002009","propLabel":"biological process"}],"labelsRemoved":[{"propURI":"http://www.bioassayontology.org/bao#BAX_0000004","valueLabel":"regulation of transcription, DNA-templated","propAbbrev":"bao:BAX_0000004"},{"propURI":"http://www.bioassayontology.org/bao#BAX_0000004","valueLabel":"hypoxia-inducible factor-1alpha signaling pathway","propAbbrev":"bao:BAX_0000004"},{"propURI":"http://www.bioassayontology.org/bao#BAX_0000004","valueLabel":"response to hypoxia","propAbbrev":"bao:BAX_0000004"}]},{"curationTime":1492468131497,"curatorID":"admin","annotsAdded":[{"propURI":"http://www.bioassayontology.org/bao#BAO_0002848","propLabel":"applies to disease","propAbbrev":"bao:BAO_0002848","valueURI":"http://purl.obolibrary.org/obo/DOID_326","valueLabel":"ischemia","valueAbbrev":"obo:DOID_326","valueDescr":"A vascular disease that is characterized by a restriction in blood supply to tissues.","valueHier":["http://purl.obolibrary.org/obo/DOID_178","http://purl.obolibrary.org/obo/DOID_1287","http://purl.obolibrary.org/obo/DOID_7","http://purl.obolibrary.org/obo/DOID_4"],"labelHier":["vascular disease","cardiovascular system disease","disease of anatomical entity","Disease"]},{"propURI":"http://www.bioassayontology.org/bao#BAO_0002848","propLabel":"applies to disease","propAbbrev":"bao:BAO_0002848","valueURI":"http://purl.obolibrary.org/obo/DOID_114","valueLabel":"heart disease","valueAbbrev":"obo:DOID_114","valueDescr":"\nA cardiovascular system disease that involves the heart.\n","valueHier":["http://purl.obolibrary.org/obo/DOID_1287","http://purl.obolibrary.org/obo/DOID_7","http://purl.obolibrary.org/obo/DOID_4"],"labelHier":["cardiovascular system disease","disease of anatomical entity","Disease"]}],"annotsRemoved":[{"propURI":"http://www.bioassayontology.org/bao#BAX_0000010","propAbbrev":"bao:BAX_0000010","valueURI":"http://purl.obolibrary.org/obo/DOID_326","valueLabel":"ischemia","valueAbbrev":"obo:DOID_326","valueDescr":"A vascular disease that is characterized by a restriction in blood supply to tissues.","valueHier":[],"labelHier":[],"outOfSchema":true},{"propURI":"http://www.bioassayontology.org/bao#BAX_0000010","propAbbrev":"bao:BAX_0000010","valueURI":"http://purl.obolibrary.org/obo/DOID_114","valueLabel":"heart disease","valueAbbrev":"obo:DOID_114","valueDescr":"\nA cardiovascular system disease that involves the heart.\n","valueHier":[],"labelHier":[],"outOfSchema":true}],"labelsAdded":[{"propURI":"http://www.bioassayontology.org/bao#BAO_0002848","valueLabel":"ischemia","propAbbrev":"bao:BAO_0002848","propLabel":"applies to disease"},{"propURI":"http://www.bioassayontology.org/bao#BAO_0002848","valueLabel":"heart disease","propAbbrev":"bao:BAO_0002848","propLabel":"applies to disease"}],"labelsRemoved":[{"propURI":"http://www.bioassayontology.org/bao#BAX_0000010","valueLabel":"ischemia","propAbbrev":"bao:BAX_0000010"},{"propURI":"http://www.bioassayontology.org/bao#BAX_0000010","valueLabel":"heart disease","propAbbrev":"bao:BAX_0000010"}]},{"curationTime":1492468131497,"curatorID":"admin","annotsAdded":[{"propURI":"http://www.bioassayontology.org/bao#BAO_0000208","propLabel":"result","propAbbrev":"bao:BAO_0000208","valueURI":"http://www.bioassayontology.org/bao#BAO_0002881","valueLabel":"AC40 absolute","valueAbbrev":"bao:BAO_0002881","valueDescr":"The compound concentration at which the fitted curve passes activity threshold 40.","valueHier":["http://www.bioassayontology.org/bao#BAO_0002162","http://www.bioassayontology.org/bao#BAO_0000180","http://www.bioassayontology.org/bao#BAO_0000179"],"labelHier":["concentration response endpoint","concentration endpoint","endpoint"]}],"annotsRemoved":[{"propURI":"http://www.bioassayontology.org/bao#BAX_0000006","propAbbrev":"bao:BAX_0000006","valueURI":"http://www.bioassayontology.org/bao#BAO_0002881","valueLabel":"AC40 absolute","valueAbbrev":"bao:BAO_0002881","valueDescr":"The compound concentration at which the fitted curve passes activity threshold 40.","valueHier":[],"labelHier":[],"outOfSchema":true}],"labelsAdded":[{"propURI":"http://www.bioassayontology.org/bao#BAO_0000208","valueLabel":"AC40 absolute","propAbbrev":"bao:BAO_0000208","propLabel":"result"}],"labelsRemoved":[{"propURI":"http://www.bioassayontology.org/bao#BAX_0000006","valueLabel":"AC40 absolute","propAbbrev":"bao:BAX_0000006"}]},{"curationTime":1492468131497,"curatorID":"admin","annotsAdded":[{"propURI":"http://www.bioassayontology.org/bao#BAO_0002874","propLabel":"units","propAbbrev":"bao:BAO_0002874","valueURI":"http://purl.org/obo/owl/UO#UO_0000064","valueLabel":"micromolar","valueAbbrev":"uo:UO_0000064","valueDescr":"","valueHier":[],"labelHier":[],"outOfSchema":true}],"annotsRemoved":[{"propURI":"http://www.bioassayontology.org/bao#BAX_0000007","propAbbrev":"bao:BAX_0000007","valueURI":"http://purl.org/obo/owl/UO#UO_0000064","valueLabel":"micromolar","valueAbbrev":"uo:UO_0000064","valueDescr":"","valueHier":[],"labelHier":[],"outOfSchema":true}],"labelsAdded":[{"propURI":"http://www.bioassayontology.org/bao#BAO_0002874","valueLabel":"micromolar","propAbbrev":"bao:BAO_0002874","propLabel":"units"}],"labelsRemoved":[{"propURI":"http://www.bioassayontology.org/bao#BAX_0000007","valueLabel":"micromolar","propAbbrev":"bao:BAX_0000007"}]},{"curationTime":1492468131497,"curatorID":"admin","annotsAdded":[{"propURI":"http://www.bioassayontology.org/bao#BAO_0095009","propLabel":"assay design method","propAbbrev":"bao:BAO_0095009","valueURI":"http://www.bioassayontology.org/bao#BAO_0002734","valueLabel":"luciferase enzyme activity measurement method","valueAbbrev":"bao:BAO_0002734","valueDescr":"","valueHier":["http://www.bioassayontology.org/bao#BAO_0000139","http://www.bioassayontology.org/bao#BAO_0000124","http://www.bioassayontology.org/bao#BAO_0002202"],"labelHier":["direct enzyme activity measurement method","enzyme activity measurement method","assay design method"]},{"propURI":"http://www.bioassayontology.org/bao#BAO_0095009","propLabel":"assay design method","propAbbrev":"bao:BAO_0095009","valueURI":"http://www.bioassayontology.org/bao#BAO_0000152","valueLabel":"luciferase induction","valueAbbrev":"bao:BAO_0000152","valueDescr":"Luciferase gene is attached to the regulatory sequence of a gene of interest. The effect of a perturbagen on the expression of the gene of interest could be easily measured by the detection of light emitted as a product the luciferase reaction.","valueHier":["http://www.bioassayontology.org/bao#BAO_0000125","http://www.bioassayontology.org/bao#BAO_0003024","http://www.bioassayontology.org/bao#BAO_0002202"],"labelHier":["reporter gene method","gene expression detection method","assay design method"]},{"propURI":"http://www.bioassayontology.org/bao#BAO_0095009","propLabel":"assay design method","propAbbrev":"bao:BAO_0095009","valueURI":"http://www.bioassayontology.org/bao#BAO_0000125","valueLabel":"reporter gene method","valueAbbrev":"bao:BAO_0000125","valueDescr":"Inducible reporter technologies involve the use of a reporter gene to study the effect of perturbagens on gene expression. Some reporter genes can be easily detected, e.g. green fluorescence protein, and others function as selectable markers, e.g. antibiotic resistance.","valueHier":["http://www.bioassayontology.org/bao#BAO_0003024","http://www.bioassayontology.org/bao#BAO_0002202"],"labelHier":["gene expression detection method","assay design method"]}],"annotsRemoved":[{"propURI":"http://www.bioassayontology.org/bao#BAX_0000003","propAbbrev":"bao:BAX_0000003","valueURI":"http://www.bioassayontology.org/bao#BAO_0000125","valueLabel":"reporter gene method","valueAbbrev":"bao:BAO_0000125","valueDescr":"Inducible reporter technologies involve the use of a reporter gene to study the effect of perturbagens on gene expression. Some reporter genes can be easily detected, e.g. green fluorescence protein, and others function as selectable markers, e.g. antibiotic resistance.","valueHier":[],"labelHier":[],"outOfSchema":true},{"propURI":"http://www.bioassayontology.org/bao#BAX_0000003","propAbbrev":"bao:BAX_0000003","valueURI":"http://www.bioassayontology.org/bao#BAO_0002734","valueLabel":"luciferase enzyme activity measurement method","valueAbbrev":"bao:BAO_0002734","valueDescr":"","valueHier":[],"labelHier":[],"outOfSchema":true},{"propURI":"http://www.bioassayontology.org/bao#BAX_0000003","propAbbrev":"bao:BAX_0000003","valueURI":"http://www.bioassayontology.org/bao#BAO_0000152","valueLabel":"luciferase induction","valueAbbrev":"bao:BAO_0000152","valueDescr":"Luciferase gene is attached to the regulatory sequence of a gene of interest. The effect of a perturbagen on the expression of the gene of interest could be easily measured by the detection of light emitted as a product the luciferase reaction.","valueHier":[],"labelHier":[],"outOfSchema":true}],"labelsAdded":[{"propURI":"http://www.bioassayontology.org/bao#BAO_0095009","valueLabel":"luciferase enzyme activity measurement method","propAbbrev":"bao:BAO_0095009","propLabel":"assay design method"},{"propURI":"http://www.bioassayontology.org/bao#BAO_0095009","valueLabel":"luciferase induction","propAbbrev":"bao:BAO_0095009","propLabel":"assay design method"},{"propURI":"http://www.bioassayontology.org/bao#BAO_0095009","valueLabel":"reporter gene method","propAbbrev":"bao:BAO_0095009","propLabel":"assay design method"}],"labelsRemoved":[{"propURI":"http://www.bioassayontology.org/bao#BAX_0000003","valueLabel":"reporter gene method","propAbbrev":"bao:BAX_0000003"},{"propURI":"http://www.bioassayontology.org/bao#BAX_0000003","valueLabel":"luciferase enzyme activity measurement method","propAbbrev":"bao:BAX_0000003"},{"propURI":"http://www.bioassayontology.org/bao#BAX_0000003","valueLabel":"luciferase induction","propAbbrev":"bao:BAX_0000003"}]},{"curationTime":1492468131497,"curatorID":"admin","annotsAdded":[{"propURI":"http://www.bioassayontology.org/bao#BAO_0002855","propLabel":"bioassay","propAbbrev":"bao:BAO_0002855","valueURI":"http://www.bioassayontology.org/bao#BAO_0002661","valueLabel":"luciferase reporter gene assay","valueAbbrev":"bao:BAO_0002661","valueDescr":"","valueHier":["http://www.bioassayontology.org/bao#BAO_0003006","http://www.bioassayontology.org/bao#BAO_0010044","http://www.bioassayontology.org/bao#BAO_0000015"],"labelHier":["reporter gene assay","targeted transcriptional assay","bioassay"]}],"annotsRemoved":[{"propURI":"http://www.bioassayontology.org/bao#BAX_0000002","propLabel":"has bioassay type","propAbbrev":"bao:BAX_0000002","valueURI":"http://www.bioassayontology.org/bao#BAO_0002661","valueLabel":"luciferase reporter gene assay","valueAbbrev":"bao:BAO_0002661","valueDescr":"","valueHier":[],"labelHier":[],"outOfSchema":true}],"labelsAdded":[{"propURI":"http://www.bioassayontology.org/bao#BAO_0002855","valueLabel":"luciferase reporter gene assay","propAbbrev":"bao:BAO_0002855","propLabel":"bioassay"}],"labelsRemoved":[{"propURI":"http://www.bioassayontology.org/bao#BAX_0000002","valueLabel":"luciferase reporter gene assay","propAbbrev":"bao:BAX_0000002","propLabel":"has bioassay type"}]},{"curationTime":1492468131497,"curatorID":"admin","annotsAdded":[{"propURI":"http://www.bioassayontology.org/bao#BAO_0002874","propLabel":"units","propAbbrev":"bao:BAO_0002874","valueURI":"http://purl.obolibrary.org/obo/UO_0000064","valueLabel":"micromolar","valueAbbrev":"obo:UO_0000064","valueDescr":"A unit of molarity which is equal to one millionth of a molar or 10^[-6] M.","valueHier":["http://purl.obolibrary.org/obo/UO_0000061","http://purl.obolibrary.org/obo/UO_0000051","http://purl.obolibrary.org/obo/UO_0000000"],"labelHier":["unit of molarity","concentration unit","unit"]}],"annotsRemoved":[{"propURI":"http://www.bioassayontology.org/bao#BAO_0002874","propLabel":"units","propAbbrev":"bao:BAO_0002874","valueURI":"http://purl.org/obo/owl/UO#UO_0000064","valueLabel":"micromolar","valueAbbrev":"uo:UO_0000064","valueDescr":"","valueHier":[],"labelHier":[],"outOfSchema":true}],"labelsAdded":[{"propURI":"http://www.bioassayontology.org/bao#BAO_0002874","valueLabel":"micromolar","propAbbrev":"bao:BAO_0002874","propLabel":"units"}],"labelsRemoved":[{"propURI":"http://www.bioassayontology.org/bao#BAO_0002874","valueLabel":"micromolar","propAbbrev":"bao:BAO_0002874","propLabel":"units"}]},{"curationTime":1520356873499,"curatorID":"google:108375455890260223170","curatorName":"","curatorEmail":"aclark.xyz@gmail.com","annotsAdded":[{"propURI":"http://www.bioassayontology.org/bao#BAO_0002800","propLabel":"assay cell line","propAbbrev":"bao:BAO_0002800","valueURI":"http://purl.obolibrary.org/obo/BTO_0001938","valueAbbrev":"obo:BTO_0001938","valueHier":[],"labelHier":[],"outOfSchema":true}],"annotsRemoved":[],"labelsAdded":[],"labelsRemoved":[]}],"holdingIDList":[]}