{"assayID":3406,"uniqueID":"pubchemAID:504470","text":"Confirmatory Primary Screen Hits KU SAR Set2 Dose Response Multiplex in TOR pathway GFP-fusion proteins for Saccharomyes cerevisiae, specifically RPL19A\n\nAssay Background and Significance:\n\nThe target of rapamycin, TOR, is a ser/thr protein kinase evolutionarily conserved from yeast to man [Wullschleger, et al. 2006]. TOR functions in two distinct protein complexes, TOR complex 1 (TORC1) and TORC2 [Cafferkey, et al. 1993; Stan, et al. 1994]. Curiously, only TOR in TORC1 is bound and inhibited by the lipophilic macrolide rapamycin [Kunz, et al. 1993; Helliwell, et al. 1998; Zhang, et al. 2006]. Although the signaling events up- and downstream of TORC2 (which regulates spatial aspects of growth) have yet to be elucidated in detail, it is well established that TORC1 is a central hub of a signaling network that couples cues from hormones and growth factors (in mammalian cells), energy and stresses, and the abundance of nutrients, to cell growth and proliferation. Very recent work has elucidated many details of the signaling events upstream of TORC1 as well as downstream targets of TORC1. Importantly, in this context, most negative regulators of mammalian TORC1 (mTORC1)have been previously identified as tumor suppressor gene products, while many positive regulators of mTORC1 have been identified as proto-oncoproteins and/or are found at elevated levels in tumor-derived cell lines [De Virgilio, et al. 2006a; De Virgilio, et al. 2006b].\n\nThe HTS screen of the MLSMR is a multiplex assay to identify small molecule modulators of protein targets in the pathway containing the target of rapamycin (TOR), a multi-protein complex (TORC1 and TORC2) that is highly conserved from yeast to man. The screen detects structurally distinct, but functionally rapamycin-like compounds (rapalogs) by probing four major TOR pathways using the following targets in a multiplex format:\n\nRPL19A: YAK kinase branch\nLAP4: MSN4 branch\nMEP2 and AGP1: GLN3 branch\nCIT2: RTG branch\n\nThe HTS identified 982 active compounds for this target out of 325,376 tested (AID 2025). These compounds were evaluated in counterscreen assays (AID 2757) and actives were included in a confirmatory dose response multiplex in which a total of 22 actives were identified out of 2346 tested (AID 2270 and 2623 from two separate cherry pick selections). In the assay reported here, a confirmatory SAR assay of powder re-supply for all five targets was performed in dose response. This report specifically addresses the RPL19A target in the YAK kinase branch of the TOR pathway.\n\nThe yeast cell-based multiplex assay is constructed using 5 strains from the Yeast-GFP Collection (Invitrogen, USA), representing 4 distinct branches of the TOR pathway: YAK Kinase, MSN4, GLN3 and RTG. Data were collected in single plex mode, meaning data from each individual strain were collected separately. \n\nSimilar to the primary screening campaign, the assay is performed in a total volume of 10.1 microliters in 384-well microtiter plates. The strains are grown separately overnight in synthetic complete liquid media in a shaking incubator at 30 degrees C. Then each individual yeast strain was diluted into fresh media at 0.2 OD600. Aliquots of the yeast are transferred into 384-well microtiter plates and hit compounds found from primary screen are added in dose response concentrations ranging from 0.01 to 300 microM, final concentration. The cells are incubated for 3 hours at 30 degrees C with end-over-end rotation. Control wells contain the yeast strain treated for 3 hours with 400nanogram/milliliter Rapamycin as a positive control and the yeast strain with an equal volume of DMSO as a solvent control. The cells are interrogated for GFP expression levels using established high-throughput flow cytometric methodologies at the UNMCMD. Sample analysis is conducted with the HyperCyt(R) (Intellicyt, USA) high throughput flow cytometry platform. The HyperCyt system interfaces a flow cytometer and autosampler for high-throughput microliter-volume sampling from 384-well microtiter plates [Kuckuck, et al. 2001]. Flow cytometric data are collected on a Cyan Flow Cytometer (Dako, USA). \n\nData analysis of the original flow cytometric data was done using HyperView (R) (Intellicyt, USA) software. The data are gated on forward scatter versus side scatter to distinguish the single yeast population. HyperView applies this gate and parses the time-resolved data file to produce annotated fluorescence summary data for each well, which are merges with compound worklist files generated by HyperSip(R) (Intellicyt, USA) software. The parsed data are then processed through an Excel (R) (Microsoft, USA) and Prism (R) (GraphPad, USA) template file constructed specifically for the assay to calculate the percent response.\n","schemaURI":"http://www.bioassayontology.org/bas#","annotations":[{"propURI":"http://www.bioassayontology.org/bao#BAO_0002867","propLabel":"assay footprint","propAbbrev":"bao:BAO_0002867","valueURI":"http://www.bioassayontology.org/bao#BAO_0000515","valueLabel":"384 well plate","valueAbbrev":"bao:BAO_0000515","valueDescr":"This microplate contains 384 wells. It is suitable for a HTS assay.","groupNest":[],"groupLabel":[],"valueHier":["http://www.bioassayontology.org/bao#BAO_0000508","http://www.bioassayontology.org/bao#BAO_0000512"],"labelHier":["microplate","assay footprint"]},{"propURI":"http://www.bioassayontology.org/bao#BAO_0095009","propLabel":"assay design method","propAbbrev":"bao:BAO_0095009","valueURI":"http://www.bioassayontology.org/bao#BAO_0002755","valueLabel":"fluorescent ligand binding method","valueAbbrev":"bao:BAO_0002755","valueDescr":"","groupNest":[],"groupLabel":[],"valueHier":["http://www.bioassayontology.org/bao#BAO_0000123","http://www.bioassayontology.org/bao#BAO_0002202"],"labelHier":["binding assessment method","assay design method"]},{"propURI":"http://www.bioassayontology.org/bao#BAO_0002855","propLabel":"bioassay","propAbbrev":"bao:BAO_0002855","valueURI":"http://www.bioassayontology.org/bao#BAO_0002785","valueLabel":"gene expression assay","valueAbbrev":"bao:BAO_0002785","valueDescr":"This assay quantifies the expression level of the entire gene pool in a cell or a subpopulation (e.g. tissue-specific gene expression, kinases) using either microarray, bead method, RNASeq, or reporter gene method.","groupNest":[],"groupLabel":[],"valueHier":["http://www.bioassayontology.org/bao#BAO_0000015"],"labelHier":["bioassay"]},{"propURI":"http://www.bioassayontology.org/bao#BAO_0002800","propLabel":"assay cell line","propAbbrev":"bao:BAO_0002800","valueURI":"http://www.bioassayontology.org/bat#NotApplicable","valueLabel":"not applicable","valueAbbrev":"bat:NotApplicable","valueDescr":"This property does not apply to this assay.","groupNest":[],"groupLabel":[],"valueHier":[],"labelHier":[]},{"propURI":"http://www.bioassayontology.org/bao#BAO_0002921","propLabel":"organism","propAbbrev":"bao:BAO_0002921","valueURI":"http://purl.obolibrary.org/obo/NCBITaxon_4932","valueLabel":"Saccharomyces cerevisiae","valueAbbrev":"obo:NCBITaxon_4932","valueDescr":"","groupNest":[],"groupLabel":[],"altLabels":["Sccharomyces cerevisiae","Saccharomyces oviformis","Candida robusta","Saccharomyces uvarum var. melibiosus","Saccharomyes cerevisiae","Saccharomyces capensis","Saccharomyce cerevisiae","brewer's yeast","Saccharomyces italicus","Saccaromyces cerevisiae","baker's yeast"],"valueHier":["http://www.bioassayontology.org/bao#BAO_0000233","http://www.bioassayontology.org/bao#BAO_0000418","http://www.bioassayontology.org/bao#BAO_0000509","http://www.bioassayontology.org/bao#BAO_0000658","http://www.bioassayontology.org/bao#BAO_0000551"],"labelHier":["unicellular fungi","fungi","eukaryote","cellular organisms","organism"]},{"propURI":"http://www.bioassayontology.org/bao#BAO_0002009","propLabel":"biological process","propAbbrev":"bao:BAO_0002009","valueURI":"http://purl.obolibrary.org/obo/GO_0031929","valueLabel":"TOR signaling","valueAbbrev":"obo:GO_0031929","valueDescr":"A series of molecular signals mediated by TOR (Target of rapamycin) proteins, members of the phosphoinositide (PI) 3-kinase related kinase (PIKK) family that act as serine/threonine kinases in response to nutrient availability or growth factors.","groupNest":[],"groupLabel":[],"valueHier":["http://purl.obolibrary.org/obo/GO_0035556","http://purl.obolibrary.org/obo/GO_0007165","http://purl.obolibrary.org/obo/GO_0008150","http://www.bioassayontology.org/bao#BAO_0003114"],"labelHier":["intracellular signal transduction","signal transduction","biological process","assay biology component"]},{"propURI":"http://www.bioassayontology.org/bao#BAO_0002009","propLabel":"biological process","propAbbrev":"bao:BAO_0002009","valueURI":"http://purl.obolibrary.org/obo/GO_0035556","valueLabel":"intracellular signal transduction","valueAbbrev":"obo:GO_0035556","valueDescr":"The process in which a signal is passed on to downstream components within the cell, which become activated themselves to further propagate the signal and finally trigger a change in the function or state of the cell.","groupNest":[],"groupLabel":[],"valueHier":["http://purl.obolibrary.org/obo/GO_0007165","http://purl.obolibrary.org/obo/GO_0008150","http://www.bioassayontology.org/bao#BAO_0003114"],"labelHier":["signal transduction","biological process","assay biology component"]},{"propURI":"http://www.bioassayontology.org/bao#BAO_0002854","propLabel":"bioassay type","propAbbrev":"bao:BAO_0002854","valueURI":"http://www.bioassayontology.org/bao#BAO_0000010","valueLabel":"functional","valueAbbrev":"bao:BAO_0000010","valueDescr":"An assay where the measured signal corresponds to a complex response such as cell survival, proliferation, localization of a protein, nuclear translocation etc. The molecular target is not assumed.","groupNest":[],"groupLabel":[],"valueHier":["http://www.bioassayontology.org/bao#BAO_0000008"],"labelHier":["bioassay type"]},{"propURI":"http://www.bioassayontology.org/bao#BAO_0000205","propLabel":"assay format","propAbbrev":"bao:BAO_0000205","valueURI":"http://www.bioassayontology.org/bao#BAO_0000218","valueLabel":"organism-based format","valueAbbrev":"bao:BAO_0000218","valueDescr":"Involves the use of a living organism, either single or multi-celled, and is a heterogeneous assay type.","groupNest":[],"groupLabel":[],"valueHier":["http://www.bioassayontology.org/bao#BAO_0000019"],"labelHier":["assay format"]},{"propURI":"http://www.bioassayontology.org/bao#BAO_0002663","propLabel":"assay kit","propAbbrev":"bao:BAO_0002663","valueURI":"http://www.bioassayontology.org/bat#NotApplicable","valueLabel":"not applicable","valueAbbrev":"bat:NotApplicable","valueDescr":"This property does not apply to this assay.","groupNest":[],"groupLabel":[],"valueHier":[],"labelHier":[]},{"propURI":"http://www.bioassayontology.org/bao#BAO_0000207","propLabel":"physical detection method","propAbbrev":"bao:BAO_0000207","valueURI":"http://www.bioassayontology.org/bao#BAO_0000005","valueLabel":"flow cytometry","valueAbbrev":"bao:BAO_0000005","valueDescr":"Flow cytometry uses the principles of light scattering and fluorescence from fluorochrome molecules to generate specific multi-parameter data from particles and cells in the size range of 0.5um to 40um diameter.\n","groupNest":[],"groupLabel":[],"altLabels":["Fluorescence-activated cell sorting","FACS"],"valueHier":["http://www.bioassayontology.org/bao#BAO_0000046","http://www.bioassayontology.org/bao#BAO_0000035"],"labelHier":["fluorescence method","physical detection method"]},{"propURI":"http://www.bioassayontology.org/bao#BAO_0000207","propLabel":"physical detection method","propAbbrev":"bao:BAO_0000207","valueURI":"http://www.bioassayontology.org/bao#BAO_0000363","valueLabel":"fluorescence intensity","valueAbbrev":"bao:BAO_0000363","valueDescr":"Fluorescence intensity is the measure of fluorescence from a sample.","groupNest":[],"groupLabel":[],"valueHier":["http://www.bioassayontology.org/bao#BAO_0000046","http://www.bioassayontology.org/bao#BAO_0000035"],"labelHier":["fluorescence method","physical detection method"]},{"propURI":"http://www.bioassayontology.org/bao#BAO_0002865","propLabel":"detection instrument","propAbbrev":"bao:BAO_0002865","valueURI":"http://www.bioassayontology.org/bao#BAO_0000943","valueLabel":"HyperCyt High Throughput Flow Cytometry System","valueAbbrev":"bao:BAO_0000943","valueDescr":"","groupNest":[],"groupLabel":[],"valueHier":["http://www.bioassayontology.org/bao#BAO_0000697"],"labelHier":["detection instrument"]},{"propURI":"http://www.bioassayontology.org/bao#BAO_0000185","propLabel":"perturbagen type","propAbbrev":"bao:BAO_0000185","valueURI":"http://www.bioassayontology.org/bao#BAO_0000733","valueLabel":"MLSMR library","valueAbbrev":"bao:BAO_0000733","valueDescr":"","groupNest":[],"groupLabel":[],"valueHier":["http://www.bioassayontology.org/bao#BAO_0000648","http://www.bioassayontology.org/bao#BAO_0000661","http://www.bioassayontology.org/bao#BAO_0003120"],"labelHier":["compound library","perturbagen library","assay screened entity component"]},{"propURI":"http://www.bioassayontology.org/bao#BAO_0000211","propLabel":"target","propAbbrev":"bao:BAO_0000211","valueURI":"http://www.bioassayontology.org/bat#RequiresTerm","valueLabel":"requires term","valueAbbrev":"bat:RequiresTerm","valueDescr":"An appropriate term could not be found in the underlying ontologies: it may be necessary to create a new one.","groupNest":[],"groupLabel":[],"valueHier":[],"labelHier":[]},{"propURI":"http://www.bioassayontology.org/bao#BAO_0000196","propLabel":"assay mode of action","propAbbrev":"bao:BAO_0000196","valueURI":"http://www.bioassayontology.org/bao#BAO_0002909","valueLabel":"modulation","valueAbbrev":"bao:BAO_0002909","valueDescr":"","groupNest":[],"groupLabel":[],"valueHier":["http://www.bioassayontology.org/bao#BAO_0000084","http://www.bioassayontology.org/bao#BAO_0000074"],"labelHier":["ligand function mode of action","mode of action"]},{"propURI":"http://www.bioassayontology.org/bao#BAO_0000208","propLabel":"result","propAbbrev":"bao:BAO_0000208","valueURI":"http://www.bioassayontology.org/bao#BAO_0000188","valueLabel":"EC50","valueAbbrev":"bao:BAO_0000188","valueDescr":"The effective concentration of an agonist, which produces 50% of the maximum possible response for that agonist.","groupNest":[],"groupLabel":[],"valueHier":["http://www.bioassayontology.org/bao#BAO_0002162","http://www.bioassayontology.org/bao#BAO_0000180","http://www.bioassayontology.org/bao#BAO_0000179"],"labelHier":["concentration response endpoint","concentration endpoint","endpoint"]},{"propURI":"http://www.bioassayontology.org/bao#BAO_0002874","propLabel":"units","propAbbrev":"bao:BAO_0002874","valueURI":"http://purl.obolibrary.org/obo/UO_0000064","valueLabel":"micromolar","valueAbbrev":"obo:UO_0000064","valueDescr":"A unit of molarity which is equal to one millionth of a molar or 10^[-6] M.","groupNest":["http://www.bioassayontology.org/bao#BAX_0000017"],"groupLabel":["measurement"],"valueHier":["http://purl.obolibrary.org/obo/UO_0000061","http://purl.obolibrary.org/obo/UO_0000051","http://purl.obolibrary.org/obo/UO_0000000"],"labelHier":["unit of molarity","concentration unit","unit"]},{"propURI":"http://www.bioassayontology.org/bao#BAO_0000210","propLabel":"screening campaign stage","propAbbrev":"bao:BAO_0000210","valueURI":"http://www.bioassayontology.org/bao#BAO_0000030","valueLabel":"confirmatory assay","valueAbbrev":"bao:BAO_0000030","valueDescr":"Assay performed to confirm activity of compounds identified in the primary screen.  It can be performed as replicate measurements at a single screening concentration or as concentration-response assay.","groupNest":[],"groupLabel":[],"valueHier":["http://www.bioassayontology.org/bao#BAO_0000029"],"labelHier":["assay screening campaign stage"]},{"propURI":"http://www.bioassayontology.org/bao#BAO_0000210","propLabel":"screening campaign stage","propAbbrev":"bao:BAO_0000210","valueURI":"http://www.bioassayontology.org/bao#BAO_0000538","valueLabel":"lead optimization assay","valueAbbrev":"bao:BAO_0000538","valueDescr":"Assays performed in the lead optimization stage. They are typically concentration-response high quality assays. They can involve a number of different assays depending on the required profile of the desired lead compound.","groupNest":[],"groupLabel":[],"valueHier":["http://www.bioassayontology.org/bao#BAO_0000029"],"labelHier":["assay screening campaign stage"]},{"propURI":"http://www.bioassayontology.org/bao#BAX_0000011","propLabel":"gene identity","propAbbrev":"bao:BAX_0000011","valueURI":"http://www.bioassayontology.org/geneid#852379","valueLabel":"RPL19A: ribosomal 60S subunit protein L19A","valueAbbrev":"geneid:852379","valueDescr":"","groupNest":[],"groupLabel":[],"externalURLs":["https://www.ncbi.nlm.nih.gov/gene/852379"],"valueHier":["http://www.bioassayontology.org/geneid#Ascomycota","http://www.bioassayontology.org/geneid#Fungi","http://www.bioassayontology.org/geneid#Root"],"labelHier":["Ascomycota","Fungi","Faux GeneID"]},{"propURI":"http://www.bioassayontology.org/bao#BAX_0000012","propLabel":"protein identity","propAbbrev":"bao:BAX_0000012","valueURI":"http://www.bioassayontology.org/protein#536029","valueLabel":"RPL19A [Saccharomyces cerevisiae]","valueAbbrev":"protein:536029","valueDescr":"Protein: RPL19A [Saccharomyces cerevisiae], Organism: Saccharomyces cerevisiae","groupNest":[],"groupLabel":[],"externalURLs":["https://www.ncbi.nlm.nih.gov/protein/536029"],"valueHier":["http://www.bioassayontology.org/taxon#4932","http://www.bioassayontology.org/taxon#4930","http://www.bioassayontology.org/taxon#4893","http://www.bioassayontology.org/taxon#147537","http://www.bioassayontology.org/taxon#716545","http://www.bioassayontology.org/taxon#4890","http://www.bioassayontology.org/taxon#451864","http://www.bioassayontology.org/taxon#4751","http://www.bioassayontology.org/taxon#33154","http://www.bioassayontology.org/taxon#2759","http://www.bioassayontology.org/taxon#131567","http://www.bioassayontology.org/taxon#Root"],"labelHier":["Saccharomyces cerevisiae","Saccharomyces","Saccharomycetaceae","Saccharomycotina / Saccharomycetes / Saccharomycetales","saccharomyceta","Ascomycota","Dikarya","Fungi","Opisthokonta","Eukaryota","cellular organisms","Faux ProteinID"]},{"propURI":"http://www.bioassayontology.org/bao#BAO_0002852","propLabel":"assay sources","propAbbrev":"bao:BAO_0002852","valueURI":"http://www.bioassayexpress.org/sources#SRC_0000018","valueLabel":"New Mexico Molecular Libraries Screening Center (NMMLSC)","valueAbbrev":"src:SRC_0000018","valueDescr":"New Mexico Molecular Libraries Screening Center (NMMLSC).","groupNest":[],"groupLabel":[],"externalURLs":["http://nmmlsc.health.unm.edu"],"valueHier":["http://www.bioassayexpress.org/sources#pubchem_sources","http://www.bioassayontology.org/bao#BAO_0002934"],"labelHier":["PubChem Sources","organization"]},{"propURI":"http://www.bioassayontology.org/bao#BAO_0000211","valueLabel":"RPL19A","propAbbrev":"bao:BAO_0000211","groupNest":[],"propLabel":"target","groupLabel":[]},{"propURI":"http://www.bioassayontology.org/bao#BAO_0000539","valueLabel":"pubchemAID:1908","propAbbrev":"bao:BAO_0000539","groupNest":[],"propLabel":"related assays","groupLabel":[]},{"propURI":"http://www.bioassayontology.org/bao#BAO_0000539","valueLabel":"pubchemAID:2025","propAbbrev":"bao:BAO_0000539","groupNest":[],"propLabel":"related assays","groupLabel":[]},{"propURI":"http://www.bioassayontology.org/bao#BAO_0000539","valueLabel":"pubchemAID:2757","propAbbrev":"bao:BAO_0000539","groupNest":[],"propLabel":"related assays","groupLabel":[]},{"propURI":"http://www.bioassayontology.org/bao#BAO_0000539","valueLabel":"pubchemAID:2270","propAbbrev":"bao:BAO_0000539","groupNest":[],"propLabel":"related assays","groupLabel":[]},{"propURI":"http://www.bioassayontology.org/bao#BAO_0000539","valueLabel":"pubchemAID:2623","propAbbrev":"bao:BAO_0000539","groupNest":[],"propLabel":"related assays","groupLabel":[]},{"propURI":"http://www.bioassayontology.org/bao#BAO_0002853","valueLabel":"Confirmatory Primary Screen Hits KU SAR Set2 Dose Response Multiplex in TOR pathway GFP-fusion proteins for Saccharomyes cerevisiae, specifically RPL19A","propAbbrev":"bao:BAO_0002853","groupNest":[],"propLabel":"assay title","groupLabel":[]}],"pubchemXRef":[{"type":"aid","id":"1908","comment":"Multiplex HTS Screen of TOR pathway GFP-fusion proteins in Saccharomyes cerevisiae [Summary]"},{"type":"aid","id":"2025","comment":"Multiplex HTS Screen of TOR pathway GFP-fusion proteins in Saccharomyes cerevisiae_specifically_ RPL19A_MLPCN. [Primary Screening]"},{"type":"aid","id":"2757","comment":"Test compound autofluorescence in Saccharomyes cerevisiae specifically s288c"},{"type":"aid","id":"2270","comment":"Multiplex HTS Screen of TOR pathway GFP-fusion proteins in Saccharomyes cerevisiae, specifically RPL19A Cherry Pick Compounds [Primary Screening]"},{"type":"aid","id":"2623","comment":"Multiplex HTS Screen of TOR pathway GFP-fusion proteins in Saccharomyes cerevisiae specifically RPL19A Second Cherry Pick Compounds [Primary Screening]"},{"type":"taxonomy","id":"559292","comment":"Saccharomyces cerevisiae S288c"},{"type":"gene","id":"852379","comment":"RPL19A Rpl19ap [Saccharomyces cerevisiae S288c]"},{"type":"dburl","id":"http://nmmlsc.health.unm.edu","comment":""},{"type":"pmid","id":"16469695","comment":"Wullschleger S, Loewith R, Hall MN. 2006. TOR signaling in growth and metabolism. Cell 124: 471-484."},{"type":"pmid","id":"8413204","comment":"Cafferkey R , Young PR, McLaughlin MM, et al. 1993. Dominant missense mutations in a novel yeast protein related to mammalian phosphatidylinositol 3-kinase and VPS34 abrogate rapamycin cytotoxicity. MolCell Biol 13: 6012-6023."},{"type":"pmid","id":"7528205","comment":"Stan R, McLaughlin MM, Cafferkey R, et al. 1994. Interaction between FKBP12-rapamycin and TOR involves a conserved serine residue. J Biol Chem 269: 32027-32030."},{"type":"pmid","id":"8387896","comment":"Kunz J, Henriquez R, Schneider U, et al. 1993. Target of rapamycin in yeast, TOR2, is an essential phosphatidylinositol kinase homolog required for G1 progression. Cell 73: 585-596."},{"type":"pmid","id":"9811607","comment":"Helliwell SB, Schmidt A, Ohya Y, et al. 1998. The Rho1 effector Pkc1, but not Bni1 mediates signaling from Tor2 to the actin cytoskeleton. Curr Biol 8:1211-1214."},{"type":"pmid","id":"16219781","comment":"Zhang Y. Billington CJ, Pan D, et al. 2006. Drosophila target of rapamycin kinase functions as a multimer. Genetics 172: 355-362."},{"type":"pmid","id":"17041625","comment":"De Virgilio C, and R Loewith. 2006a. Cell growth control: little eukaryotes make big contributions. Oncogene 25: 6392-6415."},{"type":"pmid","id":"16647875","comment":"De Virgilio C, and R Loewith. 2006b. The TOR signaling network from yeast to man. Int J Biochem Cell Biol 38:1476-81."},{"type":"pmid","id":"11309812","comment":"Kuckuck FW, Edwards, BS, Sklar LA.  2001.  High throughput flow cytometry.  Cytometry 44: 83-90."},{"type":"protein_gi","id":"536029","comment":"RPL19A [Saccharomyces cerevisiae]"}],"curationTime":1492468131494,"curatorID":"admin","history":[{"curationTime":1492468131494,"curatorID":"admin","annotsAdded":[{"propURI":"http://www.bioassayontology.org/bao#BAO_0002854","propLabel":"bioassay type","propAbbrev":"bao:BAO_0002854","valueURI":"http://www.bioassayontology.org/bao#BAO_0000010","valueLabel":"functional","valueAbbrev":"bao:BAO_0000010","valueDescr":"An assay where the measured signal corresponds to a complex response such as cell survival, proliferation, localization of a protein, nuclear translocation etc. The molecular target is not assumed.","valueHier":["http://www.bioassayontology.org/bao#BAO_0000008"],"labelHier":["bioassay type"]}],"annotsRemoved":[{"propURI":"http://www.bioassayontology.org/bao#BAX_0000002","propLabel":"has bioassay type","propAbbrev":"bao:BAX_0000002","valueURI":"http://www.bioassayontology.org/bao#BAO_0000010","valueLabel":"functional","valueAbbrev":"bao:BAO_0000010","valueDescr":"An assay where the measured signal corresponds to a complex response such as cell survival, proliferation, localization of a protein, nuclear translocation etc. The molecular target is not assumed.","valueHier":[],"labelHier":[],"outOfSchema":true}],"labelsAdded":[{"propURI":"http://www.bioassayontology.org/bao#BAO_0002854","valueLabel":"functional","propAbbrev":"bao:BAO_0002854","propLabel":"bioassay type"}],"labelsRemoved":[{"propURI":"http://www.bioassayontology.org/bao#BAX_0000002","valueLabel":"functional","propAbbrev":"bao:BAX_0000002","propLabel":"has bioassay type"}]},{"curationTime":1492468131494,"curatorID":"admin","annotsAdded":[{"propURI":"http://www.bioassayontology.org/bao#BAO_0002009","propLabel":"biological process","propAbbrev":"bao:BAO_0002009","valueURI":"http://purl.obolibrary.org/obo/GO_0031929","valueLabel":"TOR signaling","valueAbbrev":"obo:GO_0031929","valueDescr":"A series of molecular signals mediated by TOR (Target of rapamycin) proteins, members of the phosphoinositide (PI) 3-kinase related kinase (PIKK) family that act as serine/threonine kinases in response to nutrient availability or growth factors.","valueHier":["http://purl.obolibrary.org/obo/GO_0035556","http://purl.obolibrary.org/obo/GO_0007165","http://purl.obolibrary.org/obo/GO_0008150","http://www.bioassayontology.org/bao#BAO_0003114"],"labelHier":["intracellular signal transduction","signal transduction","biological process","assay biology component"]},{"propURI":"http://www.bioassayontology.org/bao#BAO_0002009","propLabel":"biological process","propAbbrev":"bao:BAO_0002009","valueURI":"http://purl.obolibrary.org/obo/GO_0035556","valueLabel":"intracellular signal transduction","valueAbbrev":"obo:GO_0035556","valueDescr":"The process in which a signal is passed on to downstream components within the cell, which become activated themselves to further propagate the signal and finally trigger a change in the function or state of the cell.","valueHier":["http://purl.obolibrary.org/obo/GO_0007165","http://purl.obolibrary.org/obo/GO_0008150","http://www.bioassayontology.org/bao#BAO_0003114"],"labelHier":["signal transduction","biological process","assay biology component"]}],"annotsRemoved":[{"propURI":"http://www.bioassayontology.org/bao#BAX_0000004","propAbbrev":"bao:BAX_0000004","valueURI":"http://purl.obolibrary.org/obo/GO_0035556","valueLabel":"intracellular signal transduction","valueAbbrev":"obo:GO_0035556","valueDescr":"The process in which a signal is passed on to downstream components within the cell, which become activated themselves to further propagate the signal and finally trigger a change in the function or state of the cell.","valueHier":[],"labelHier":[],"outOfSchema":true},{"propURI":"http://www.bioassayontology.org/bao#BAX_0000004","propAbbrev":"bao:BAX_0000004","valueURI":"http://purl.obolibrary.org/obo/GO_0031929","valueLabel":"TOR signaling","valueAbbrev":"obo:GO_0031929","valueDescr":"A series of molecular signals mediated by TOR (Target of rapamycin) proteins, members of the phosphoinositide (PI) 3-kinase related kinase (PIKK) family that act as serine/threonine kinases in response to nutrient availability or growth factors.","valueHier":[],"labelHier":[],"outOfSchema":true}],"labelsAdded":[{"propURI":"http://www.bioassayontology.org/bao#BAO_0002009","valueLabel":"TOR signaling","propAbbrev":"bao:BAO_0002009","propLabel":"biological process"},{"propURI":"http://www.bioassayontology.org/bao#BAO_0002009","valueLabel":"intracellular signal transduction","propAbbrev":"bao:BAO_0002009","propLabel":"biological process"}],"labelsRemoved":[{"propURI":"http://www.bioassayontology.org/bao#BAX_0000004","valueLabel":"intracellular signal transduction","propAbbrev":"bao:BAX_0000004"},{"propURI":"http://www.bioassayontology.org/bao#BAX_0000004","valueLabel":"TOR signaling","propAbbrev":"bao:BAX_0000004"}]},{"curationTime":1492468131494,"curatorID":"admin","annotsAdded":[{"propURI":"http://www.bioassayontology.org/bao#BAO_0000208","propLabel":"result","propAbbrev":"bao:BAO_0000208","valueURI":"http://www.bioassayontology.org/bao#BAO_0000188","valueLabel":"EC50","valueAbbrev":"bao:BAO_0000188","valueDescr":"The effective concentration of an agonist, which produces 50% of the maximum possible response for that agonist.","valueHier":["http://www.bioassayontology.org/bao#BAO_0002162","http://www.bioassayontology.org/bao#BAO_0000180","http://www.bioassayontology.org/bao#BAO_0000179"],"labelHier":["concentration response endpoint","concentration endpoint","endpoint"]}],"annotsRemoved":[{"propURI":"http://www.bioassayontology.org/bao#BAX_0000006","propAbbrev":"bao:BAX_0000006","valueURI":"http://www.bioassayontology.org/bao#BAO_0000188","valueLabel":"EC50","valueAbbrev":"bao:BAO_0000188","valueDescr":"The effective concentration of an agonist, which produces 50% of the maximum possible response for that agonist.","valueHier":[],"labelHier":[],"outOfSchema":true}],"labelsAdded":[{"propURI":"http://www.bioassayontology.org/bao#BAO_0000208","valueLabel":"EC50","propAbbrev":"bao:BAO_0000208","propLabel":"result"}],"labelsRemoved":[{"propURI":"http://www.bioassayontology.org/bao#BAX_0000006","valueLabel":"EC50","propAbbrev":"bao:BAX_0000006"}]},{"curationTime":1492468131494,"curatorID":"admin","annotsAdded":[{"propURI":"http://www.bioassayontology.org/bao#BAO_0002874","propLabel":"units","propAbbrev":"bao:BAO_0002874","valueURI":"http://purl.org/obo/owl/UO#UO_0000064","valueLabel":"micromolar","valueAbbrev":"uo:UO_0000064","valueDescr":"","valueHier":[],"labelHier":[],"outOfSchema":true}],"annotsRemoved":[{"propURI":"http://www.bioassayontology.org/bao#BAX_0000007","propAbbrev":"bao:BAX_0000007","valueURI":"http://purl.org/obo/owl/UO#UO_0000064","valueLabel":"micromolar","valueAbbrev":"uo:UO_0000064","valueDescr":"","valueHier":[],"labelHier":[],"outOfSchema":true}],"labelsAdded":[{"propURI":"http://www.bioassayontology.org/bao#BAO_0002874","valueLabel":"micromolar","propAbbrev":"bao:BAO_0002874","propLabel":"units"}],"labelsRemoved":[{"propURI":"http://www.bioassayontology.org/bao#BAX_0000007","valueLabel":"micromolar","propAbbrev":"bao:BAX_0000007"}]},{"curationTime":1492468131494,"curatorID":"admin","annotsAdded":[{"propURI":"http://www.bioassayontology.org/bao#BAO_0095009","propLabel":"assay design method","propAbbrev":"bao:BAO_0095009","valueURI":"http://www.bioassayontology.org/bao#BAO_0002755","valueLabel":"fluorescent ligand binding method","valueAbbrev":"bao:BAO_0002755","valueDescr":"","valueHier":["http://www.bioassayontology.org/bao#BAO_0000123","http://www.bioassayontology.org/bao#BAO_0002202"],"labelHier":["binding assessment method","assay design method"]}],"annotsRemoved":[{"propURI":"http://www.bioassayontology.org/bao#BAX_0000003","propAbbrev":"bao:BAX_0000003","valueURI":"http://www.bioassayontology.org/bao#BAO_0002755","valueLabel":"fluorescent ligand binding method","valueAbbrev":"bao:BAO_0002755","valueDescr":"","valueHier":[],"labelHier":[],"outOfSchema":true}],"labelsAdded":[{"propURI":"http://www.bioassayontology.org/bao#BAO_0095009","valueLabel":"fluorescent ligand binding method","propAbbrev":"bao:BAO_0095009","propLabel":"assay design method"}],"labelsRemoved":[{"propURI":"http://www.bioassayontology.org/bao#BAX_0000003","valueLabel":"fluorescent ligand binding method","propAbbrev":"bao:BAX_0000003"}]},{"curationTime":1492468131494,"curatorID":"admin","annotsAdded":[{"propURI":"http://www.bioassayontology.org/bao#BAO_0000211","propLabel":"target","propAbbrev":"bao:BAO_0000211","valueURI":"http://www.bioassayontology.org/bat#RequiresTerm","valueLabel":"requires term","valueAbbrev":"bat:RequiresTerm","valueDescr":"An appropriate term could not be found in the underlying ontologies: it may be necessary to create a new one.","valueHier":[],"labelHier":[]}],"annotsRemoved":[{"propURI":"http://www.bioassayontology.org/bao#BAX_0000005","propAbbrev":"bao:BAX_0000005","valueURI":"http://www.bioassayontology.org/bat#RequiresTerm","valueLabel":"requires term","valueAbbrev":"bat:RequiresTerm","valueDescr":"An appropriate term could not be found in the underlying ontologies: it may be necessary to create a new one.","valueHier":[],"labelHier":[]}],"labelsAdded":[{"propURI":"http://www.bioassayontology.org/bao#BAO_0000211","valueLabel":"requires term","propAbbrev":"bao:BAO_0000211","propLabel":"target"}],"labelsRemoved":[{"propURI":"http://www.bioassayontology.org/bao#BAX_0000005","valueLabel":"requires term","propAbbrev":"bao:BAX_0000005"}]},{"curationTime":1492468131494,"curatorID":"admin","annotsAdded":[{"propURI":"http://www.bioassayontology.org/bao#BAO_0002855","propLabel":"bioassay","propAbbrev":"bao:BAO_0002855","valueURI":"http://www.bioassayontology.org/bao#BAO_0002785","valueLabel":"gene expression assay","valueAbbrev":"bao:BAO_0002785","valueDescr":"This assay quantifies the expression level of the entire gene pool in a cell or a subpopulation (e.g. tissue-specific gene expression, kinases) using either microarray, bead method, RNASeq, or reporter gene method.","valueHier":["http://www.bioassayontology.org/bao#BAO_0000015"],"labelHier":["bioassay"]}],"annotsRemoved":[{"propURI":"http://www.bioassayontology.org/bao#BAX_0000002","propLabel":"has bioassay type","propAbbrev":"bao:BAX_0000002","valueURI":"http://www.bioassayontology.org/bao#BAO_0002785","valueLabel":"gene expression assay","valueAbbrev":"bao:BAO_0002785","valueDescr":"This assay quantifies the expression level of the entire gene pool in a cell or a subpopulation (e.g. tissue-specific gene expression, kinases) using either microarray, bead method, RNASeq, or reporter gene method.","valueHier":[],"labelHier":[],"outOfSchema":true}],"labelsAdded":[{"propURI":"http://www.bioassayontology.org/bao#BAO_0002855","valueLabel":"gene expression assay","propAbbrev":"bao:BAO_0002855","propLabel":"bioassay"}],"labelsRemoved":[{"propURI":"http://www.bioassayontology.org/bao#BAX_0000002","valueLabel":"gene expression assay","propAbbrev":"bao:BAX_0000002","propLabel":"has bioassay type"}]},{"curationTime":1492468131494,"curatorID":"admin","annotsAdded":[{"propURI":"http://www.bioassayontology.org/bao#BAO_0002874","propLabel":"units","propAbbrev":"bao:BAO_0002874","valueURI":"http://purl.obolibrary.org/obo/UO_0000064","valueLabel":"micromolar","valueAbbrev":"obo:UO_0000064","valueDescr":"A unit of molarity which is equal to one millionth of a molar or 10^[-6] M.","valueHier":["http://purl.obolibrary.org/obo/UO_0000061","http://purl.obolibrary.org/obo/UO_0000051","http://purl.obolibrary.org/obo/UO_0000000"],"labelHier":["unit of molarity","concentration unit","unit"]}],"annotsRemoved":[{"propURI":"http://www.bioassayontology.org/bao#BAO_0002874","propLabel":"units","propAbbrev":"bao:BAO_0002874","valueURI":"http://purl.org/obo/owl/UO#UO_0000064","valueLabel":"micromolar","valueAbbrev":"uo:UO_0000064","valueDescr":"","valueHier":[],"labelHier":[],"outOfSchema":true}],"labelsAdded":[{"propURI":"http://www.bioassayontology.org/bao#BAO_0002874","valueLabel":"micromolar","propAbbrev":"bao:BAO_0002874","propLabel":"units"}],"labelsRemoved":[{"propURI":"http://www.bioassayontology.org/bao#BAO_0002874","valueLabel":"micromolar","propAbbrev":"bao:BAO_0002874","propLabel":"units"}]}],"holdingIDList":[]}