{"assayID":8060,"uniqueID":"pubchemAID:1170825","text":"Inhibition of EGFR T790M/del746 to 750 mutant (unknown origin) by high-throughput biochemical screening\n\nTitle: Discovery of selective and noncovalent diaminopyrimidine-based inhibitors of epidermal growth factor receptor containing the T790M resistance mutation.\n\nAbstract: Activating mutations within the epidermal growth factor receptor (EGFR) kinase domain, commonly L858R or deletions within exon 19, increase EGFR-driven cell proliferation and survival and are correlated with impressive responses to the EGFR inhibitors erlotinib and gefitinib in nonsmall cell lung cancer patients. Approximately 60% of acquired resistance to these agents is driven by a single secondary mutation within the EGFR kinase domain, specifically substitution of the gatekeeper residue threonine-790 with methionine (T790M). Due to dose-limiting toxicities associated with inhibition of wild-type EGFR (wtEGFR), we sought inhibitors of T790M-containing EGFR mutants with selectivity over wtEGFR. We describe the evolution of HTS hits derived from Jak2/Tyk2 inhibitors into selective EGFR inhibitors. X-ray crystal structures revealed two distinct binding modes and enabled the design of a selective series of novel diaminopyrimidine-based inhibitors with good potency against T790M-containing mutants of EGFR, high selectivity over wtEGFR, broad kinase selectivity, and desirable physicochemical properties.\n\n\nPercent inhibition of 296 kinases determined at Invitrogen for compound 3; inhibition of >80% at 1 μM observed for EGFR(T790M/L858R), EGFR(T790M), Jak2, Jak2 JH1/JH2, MAP4K4, Mink1, and Tyk2.","schemaURI":"http://www.bioassayontology.org/pistoia#","annotations":[{"propURI":"http://www.bioassayontology.org/bao#BAO_0002852","propLabel":"assay source","propAbbrev":"bao:BAO_0002852","valueURI":"http://www.bioassayontology.org/bao#BAO_0000614","valueLabel":"ChEMBL","valueAbbrev":"bao:BAO_0000614","valueDescr":"It is a public database that contains structure","groupNest":["http://rdf.pistoia.com/bae#PA_000041"],"groupLabel":["General Information"],"valueHier":["http://www.bioassayontology.org/bao#BAO_0000612"],"labelHier":["assay repository"]},{"propURI":"http://rdf.pistoia.com/bae#PA_000023","propLabel":"curation project","propAbbrev":"http://rdf.pistoia.com/bae#PA_000023","valueURI":"http://www.bioassayexpress.org/bae#0000175","valueLabel":"DataFAIRy Bioassay Pilot","valueAbbrev":"bae:0000175","valueDescr":"The pilot stage of the larger DataFAIRy Bioassay project, which is conducted together with the Pistoia Alliance","groupNest":["http://rdf.pistoia.com/bae#PA_000041"],"groupLabel":["General Information"],"valueHier":["http://rdf.pistoia.com/bae#PA_000027"],"labelHier":["curation project"]},{"propURI":"http://rdf.pistoia.com/bae#PA_000003","propLabel":"reviewed by (e-mail)","propAbbrev":"http://rdf.pistoia.com/bae#PA_000003","valueURI":"http://www.bioassayontology.org/bat#NotApplicable","valueLabel":"not applicable","valueAbbrev":"bat:NotApplicable","valueDescr":"This property does not apply to this assay.","groupNest":["http://rdf.pistoia.com/bae#PA_000041"],"groupLabel":["General Information"],"valueHier":[],"labelHier":[]},{"propURI":"http://rdf.pistoia.com/bae#PA_000030","propLabel":"review date","propAbbrev":"http://rdf.pistoia.com/bae#PA_000030","valueURI":"http://www.bioassayontology.org/bat#NotApplicable","valueLabel":"not applicable","valueAbbrev":"bat:NotApplicable","valueDescr":"This property does not apply to this assay.","groupNest":["http://rdf.pistoia.com/bae#PA_000041"],"groupLabel":["General Information"],"valueHier":[],"labelHier":[]},{"propURI":"http://rdf.pistoia.com/bae#PA_000004","propLabel":"curation status","propAbbrev":"http://rdf.pistoia.com/bae#PA_000004","valueURI":"http://www.bioassayexpress.org/bae#0000153","valueLabel":"Curated","valueAbbrev":"bae:0000153","valueDescr":"Initial curation by user","groupNest":["http://rdf.pistoia.com/bae#PA_000041"],"groupLabel":["General Information"],"valueHier":["http://rdf.pistoia.com/bae#PA_000032","http://rdf.pistoia.com/bae#PA_000005"],"labelHier":["bha curation status","curation status"]},{"propURI":"http://www.bioassayontology.org/bao#BAO_0002854","propLabel":"bioassay type","propAbbrev":"bao:BAO_0002854","valueURI":"http://www.bioassayontology.org/bat#Unknown","valueLabel":"unknown","valueAbbrev":"bat:Unknown","valueDescr":"There should be a term assigned to this property but the value was not specified in the source information.","groupNest":["http://rdf.pistoia.com/bae#PA_000042"],"groupLabel":["Assay Method"],"valueHier":[],"labelHier":[]},{"propURI":"http://www.bioassayontology.org/bao#BAO_0002855","propLabel":"bioassay","propAbbrev":"bao:BAO_0002855","valueURI":"http://www.bioassayontology.org/bao#BAO_0002005","valueLabel":"kinase activity assay","valueAbbrev":"bao:BAO_0002005","valueDescr":"","groupNest":["http://rdf.pistoia.com/bae#PA_000042"],"groupLabel":["Assay Method"],"valueHier":["http://www.bioassayontology.org/bao#BAO_0002795","http://www.bioassayontology.org/bao#BAO_0002994","http://www.bioassayontology.org/bao#BAO_0000015"],"labelHier":["transferase activity assay","enzyme activity assay","bioassay"]},{"propURI":"http://www.bioassayontology.org/bao#BAO_0002855","propLabel":"bioassay","propAbbrev":"bao:BAO_0002855","valueURI":"http://www.bioassayontology.org/bat#Ambiguous","valueLabel":"ambiguous","valueAbbrev":"bat:Ambiguous","valueDescr":"The source information is ambiguous: there are multiple indeterminate possibilities.","groupNest":["http://rdf.pistoia.com/bae#PA_000042"],"groupLabel":["Assay Method"],"valueHier":[],"labelHier":[]},{"propURI":"http://www.bioassayontology.org/bao#BAO_0000205","propLabel":"assay format","propAbbrev":"bao:BAO_0000205","valueURI":"http://www.bioassayontology.org/bao#BAO_0000217","valueLabel":"biochemical format","valueAbbrev":"bao:BAO_0000217","valueDescr":"It is an in vitro format used to measure the activity of a biological macromolecule, either a purified protein or a nucleic acid. It is most often a homogeneous assay type, but can be heterogeneous if a solid phase such as beads is used to immobilize the macromolecule.","groupNest":["http://rdf.pistoia.com/bae#PA_000042"],"groupLabel":["Assay Method"],"valueHier":["http://www.bioassayontology.org/bao#BAO_0000019"],"labelHier":["assay format"]},{"propURI":"http://www.bioassayontology.org/bao#BAO_0002800","propLabel":"assay cell line","propAbbrev":"bao:BAO_0002800","valueURI":"http://www.bioassayontology.org/bat#NotApplicable","valueLabel":"not applicable","valueAbbrev":"bat:NotApplicable","valueDescr":"This property does not apply to this assay.","groupNest":["http://rdf.pistoia.com/bae#PA_000042"],"groupLabel":["Assay Method"],"valueHier":[],"labelHier":[]},{"propURI":"http://www.bioassayontology.org/bao#BAO_0002922","propLabel":"assay medium","propAbbrev":"bao:BAO_0002922","valueURI":"http://www.bioassayontology.org/bat#NotApplicable","valueLabel":"not applicable","valueAbbrev":"bat:NotApplicable","valueDescr":"This property does not apply to this assay.","groupNest":["http://rdf.pistoia.com/bae#PA_000042"],"groupLabel":["Assay Method"],"valueHier":[],"labelHier":[]},{"propURI":"http://www.bioassayontology.org/bao#BAO_0095009","propLabel":"assay design method","propAbbrev":"bao:BAO_0095009","valueURI":"http://www.bioassayontology.org/bat#Unknown","valueLabel":"unknown","valueAbbrev":"bat:Unknown","valueDescr":"There should be a term assigned to this property but the value was not specified in the source information.","groupNest":["http://rdf.pistoia.com/bae#PA_000042"],"groupLabel":["Assay Method"],"valueHier":[],"labelHier":[]},{"propURI":"http://www.bioassayontology.org/bao#BAO_0000185","propLabel":"perturbagen type","propAbbrev":"bao:BAO_0000185","valueURI":"http://www.bioassayontology.org/bao#BAO_0000176","valueLabel":"small molecule","valueAbbrev":"bao:BAO_0000176","valueDescr":"Small molecule is an organic compound with a low molecular weight (<800 Da) which is used to screen against a biological target, e.g. protein, nucleic acid, cell or organism  to test its ability to bind it and bring about a change in activity. It is either isolated from a natural source or is synthesized.","groupNest":["http://rdf.pistoia.com/bae#PA_000042"],"groupLabel":["Assay Method"],"valueHier":["http://www.bioassayontology.org/bao#BAO_0000076","http://www.bioassayontology.org/bao#BAO_0003120"],"labelHier":["screened entity","assay screened entity component"]},{"propURI":"http://rdf.pistoia.com/bae#PA_000025","propLabel":"perturbagen max concentration units","propAbbrev":"http://rdf.pistoia.com/bae#PA_000025","valueURI":"http://purl.obolibrary.org/obo/UO_0000064","valueLabel":"micromolar","valueAbbrev":"obo:UO_0000064","valueDescr":"A unit of molarity which is equal to one millionth of a molar or 10^[-6] M.","groupNest":["http://rdf.pistoia.com/bae#PA_000042"],"groupLabel":["Assay Method"],"valueHier":["http://purl.obolibrary.org/obo/UO_0000061","http://purl.obolibrary.org/obo/UO_0000051","http://purl.obolibrary.org/obo/UO_0000000"],"labelHier":["unit of molarity","concentration unit","unit"]},{"propURI":"http://rdf.pistoia.com/bae#PA_000026","propLabel":"perturbagen min concentration units","propAbbrev":"http://rdf.pistoia.com/bae#PA_000026","valueURI":"http://purl.obolibrary.org/obo/UO_0000064","valueLabel":"micromolar","valueAbbrev":"obo:UO_0000064","valueDescr":"A unit of molarity which is equal to one millionth of a molar or 10^[-6] M.","groupNest":["http://rdf.pistoia.com/bae#PA_000042"],"groupLabel":["Assay Method"],"valueHier":["http://purl.obolibrary.org/obo/UO_0000061","http://purl.obolibrary.org/obo/UO_0000051","http://purl.obolibrary.org/obo/UO_0000000"],"labelHier":["unit of molarity","concentration unit","unit"]},{"propURI":"http://www.bioassayontology.org/bao#BAO_0002837","propLabel":"incubation time","propAbbrev":"bao:BAO_0002837","valueURI":"http://www.bioassayontology.org/bat#Unknown","valueLabel":"unknown","valueAbbrev":"bat:Unknown","valueDescr":"There should be a term assigned to this property but the value was not specified in the source information.","groupNest":["http://rdf.pistoia.com/bae#PA_000042"],"groupLabel":["Assay Method"],"valueHier":[],"labelHier":[]},{"propURI":"http://www.bioassayontology.org/bao#BAO_0002668","propLabel":"incubation time unit","propAbbrev":"bao:BAO_0002668","valueURI":"http://www.bioassayontology.org/bat#Unknown","valueLabel":"unknown","valueAbbrev":"bat:Unknown","valueDescr":"There should be a term assigned to this property but the value was not specified in the source information.","groupNest":["http://rdf.pistoia.com/bae#PA_000042"],"groupLabel":["Assay Method"],"valueHier":[],"labelHier":[]},{"propURI":"http://www.bioassayontology.org/bao#BAO_0000196","propLabel":"assay mode of action","propAbbrev":"bao:BAO_0000196","valueURI":"http://www.bioassayontology.org/bao#BAO_0000091","valueLabel":"inhibition","valueAbbrev":"bao:BAO_0000091","valueDescr":"Reduction of a predefined stimulus. Unit of Measure is always % when normalized to the dynamic range of the assay.","groupNest":["http://rdf.pistoia.com/bae#PA_000042"],"groupLabel":["Assay Method"],"valueHier":["http://www.bioassayontology.org/bao#BAO_0000084","http://www.bioassayontology.org/bao#BAO_0000074"],"labelHier":["ligand function mode of action","mode of action"]},{"propURI":"http://www.bioassayontology.org/bao#BAO_0002663","propLabel":"assay kit","propAbbrev":"bao:BAO_0002663","valueURI":"http://www.bioassayontology.org/bat#Unknown","valueLabel":"unknown","valueAbbrev":"bat:Unknown","valueDescr":"There should be a term assigned to this property but the value was not specified in the source information.","groupNest":["http://rdf.pistoia.com/bae#PA_000042"],"groupLabel":["Assay Method"],"valueHier":[],"labelHier":[]},{"propURI":"http://rdf.pistoia.com/bae#PA_000008","propLabel":"detection agent","propAbbrev":"http://rdf.pistoia.com/bae#PA_000008","valueURI":"http://www.bioassayontology.org/bat#Unknown","valueLabel":"unknown","valueAbbrev":"bat:Unknown","valueDescr":"There should be a term assigned to this property but the value was not specified in the source information.","groupNest":["http://rdf.pistoia.com/bae#PA_000042"],"groupLabel":["Assay Method"],"valueHier":[],"labelHier":[]},{"propURI":"http://www.bioassayontology.org/bao#BAO_0000208","propLabel":"endpoint","propAbbrev":"bao:BAO_0000208","valueURI":"http://www.bioassayontology.org/bao#BAO_0000201","valueLabel":"percent inhibition","valueAbbrev":"bao:BAO_0000201","valueDescr":"Percent decrease of a measureable response as a consequence of compound treatment.  Unit of Measure is always % when normalized to the dynamic range of the assay. Percent inhibition is expressed relative to a positive control (which results in total inhibition).","groupNest":["http://rdf.pistoia.com/bae#PA_000042"],"groupLabel":["Assay Method"],"valueHier":["http://www.bioassayontology.org/bao#BAO_0000082","http://www.bioassayontology.org/bao#BAO_0000181","http://www.bioassayontology.org/bao#BAO_0000179"],"labelHier":["percent response","response endpoint","endpoint"]},{"propURI":"http://www.bioassayontology.org/bao#BAO_0000210","propLabel":"has assay stage","propAbbrev":"bao:BAO_0000210","valueURI":"http://www.bioassayontology.org/bao#BAO_0000030","valueLabel":"confirmatory assay","valueAbbrev":"bao:BAO_0000030","valueDescr":"Assay performed to confirm activity of compounds identified in the primary screen.  It can be performed as replicate measurements at a single screening concentration or as concentration-response assay.","groupNest":["http://rdf.pistoia.com/bae#PA_000042"],"valueHier":[],"labelHier":[],"outOfSchema":true},{"propURI":"http://www.bioassayontology.org/bao#BAO_0000209","propLabel":"measure group","propAbbrev":"bao:BAO_0000209","valueURI":"http://www.bioassayontology.org/bat#NotApplicable","valueLabel":"not applicable","valueAbbrev":"bat:NotApplicable","valueDescr":"This property does not apply to this assay.","groupNest":["http://rdf.pistoia.com/bae#PA_000042"],"groupLabel":["Assay Method"],"valueHier":[],"labelHier":[]},{"propURI":"http://www.bioassayontology.org/bao#BAO_0000207","propLabel":"physical detection method","propAbbrev":"bao:BAO_0000207","valueURI":"http://www.bioassayontology.org/bat#Unknown","valueLabel":"unknown","valueAbbrev":"bat:Unknown","valueDescr":"There should be a term assigned to this property but the value was not specified in the source information.","groupNest":["http://rdf.pistoia.com/bae#PA_000043"],"groupLabel":["Detection Details"],"valueHier":[],"labelHier":[]},{"propURI":"http://www.bioassayontology.org/bao#BAO_0002865","propLabel":"detection instrument","propAbbrev":"bao:BAO_0002865","valueURI":"http://www.bioassayontology.org/bat#Unknown","valueLabel":"unknown","valueAbbrev":"bat:Unknown","valueDescr":"There should be a term assigned to this property but the value was not specified in the source information.","groupNest":["http://rdf.pistoia.com/bae#PA_000043"],"groupLabel":["Detection Details"],"valueHier":[],"labelHier":[]},{"propURI":"http://www.bioassayontology.org/bao#BAO_0002918","propLabel":"emission wavelength","propAbbrev":"bao:BAO_0002918","valueURI":"http://www.bioassayontology.org/bat#Unknown","valueLabel":"unknown","valueAbbrev":"bat:Unknown","valueDescr":"There should be a term assigned to this property but the value was not specified in the source information.","groupNest":["http://rdf.pistoia.com/bae#PA_000043"],"groupLabel":["Detection Details"],"valueHier":[],"labelHier":[]},{"propURI":"http://www.bioassayontology.org/bao#BAO_0002919","propLabel":"excitation wavelength","propAbbrev":"bao:BAO_0002919","valueURI":"http://www.bioassayontology.org/bat#Unknown","valueLabel":"unknown","valueAbbrev":"bat:Unknown","valueDescr":"There should be a term assigned to this property but the value was not specified in the source information.","groupNest":["http://rdf.pistoia.com/bae#PA_000043"],"groupLabel":["Detection Details"],"valueHier":[],"labelHier":[]},{"propURI":"http://www.bioassayontology.org/bao#BAO_0002857","propLabel":"signal direction","propAbbrev":"bao:BAO_0002857","valueURI":"http://www.bioassayontology.org/bat#Unknown","valueLabel":"unknown","valueAbbrev":"bat:Unknown","valueDescr":"There should be a term assigned to this property but the value was not specified in the source information.","groupNest":["http://rdf.pistoia.com/bae#PA_000043"],"groupLabel":["Detection Details"],"valueHier":[],"labelHier":[]},{"propURI":"http://www.bioassayontology.org/bao#BAO_0000211","propLabel":"target type","propAbbrev":"bao:BAO_0000211","valueURI":"http://www.bioassayontology.org/bao#BAO_0000294","valueLabel":"kinase","valueAbbrev":"bao:BAO_0000294","valueDescr":"A protein kinase is an enzyme that modifies other proteins by chemically adding phosphate groups to them. The substrate protein's activity, localization and overall function is modulated by the kinase reaction.","groupNest":["http://rdf.pistoia.com/bae#PA_000044"],"groupLabel":["Target Information"],"valueHier":["http://www.bioassayontology.org/bao#BAO_0000292","http://www.bioassayontology.org/bao#BAO_0000279","http://www.bioassayontology.org/bao#BAO_0000175","http://www.bioassayontology.org/bao#BAO_0003111","http://www.bioassayontology.org/bao#BAO_0003114"],"labelHier":["transferase","enzyme","protein","biological macromolecule","assay biology component"]},{"propURI":"http://www.bioassayontology.org/bao#BAO_0002921","propLabel":"target organism","propAbbrev":"bao:BAO_0002921","valueURI":"http://purl.obolibrary.org/obo/NCBITaxon_9606","valueLabel":"Homo sapiens","valueAbbrev":"obo:NCBITaxon_9606","valueDescr":"","groupNest":["http://rdf.pistoia.com/bae#PA_000044"],"groupLabel":["Target Information"],"altLabels":["Homo spiens","Homo sapience","Homo sapien","human","Homo spaiens","Homo sapians","man","Humo sapiens","Home sapiens","Homo sapiense","Homo sampiens","Homo sapeins","Homo sapines","Homo sapian","Homo sapients"],"valueHier":["http://www.bioassayontology.org/bao#BAO_0000362","http://www.bioassayontology.org/bao#BAO_0000510","http://www.bioassayontology.org/bao#BAO_0000659","http://www.bioassayontology.org/bao#BAO_0000509","http://www.bioassayontology.org/bao#BAO_0000658","http://www.bioassayontology.org/bao#BAO_0000551"],"labelHier":["mammalian","vertebrate","metazoa","eukaryote","cellular organisms","organism"]},{"propURI":"http://www.bioassayontology.org/bao#BAO_0002921","propLabel":"target organism","propAbbrev":"bao:BAO_0002921","valueURI":"http://www.bioassayontology.org/bat#Ambiguous","valueLabel":"ambiguous","valueAbbrev":"bat:Ambiguous","valueDescr":"The source information is ambiguous: there are multiple indeterminate possibilities.","groupNest":["http://rdf.pistoia.com/bae#PA_000044"],"groupLabel":["Target Information"],"valueHier":[],"labelHier":[]},{"propURI":"http://rdf.pistoia.com/bae#PA_000033","propLabel":"target protein name","propAbbrev":"http://rdf.pistoia.com/bae#PA_000033","valueURI":"http://purl.obolibrary.org/obo/PR_P00533","valueLabel":"epidermal growth factor receptor (human)","valueAbbrev":"obo:PR_P00533","valueDescr":"An epidermal growth factor receptor that is encoded in the genome of human.","groupNest":["http://rdf.pistoia.com/bae#PA_000044"],"groupLabel":["Target Information"],"altLabels":["receptor tyrosine-protein kinase erbB-1 (human)","hEGFR","proto-oncogene c-ErbB-1 (human)"],"valueHier":["http://purl.obolibrary.org/obo/PR_000006933","http://purl.obolibrary.org/obo/PR_000001812","http://purl.obolibrary.org/obo/PR_000000001"],"labelHier":["epidermal growth factor receptor","EGF receptor type tyrosine-protein kinase","protein"]},{"propURI":"http://www.bioassayontology.org/bao#BAX_0000011","propLabel":"NCBI gene identity","propAbbrev":"bao:BAX_0000011","valueURI":"http://www.bioassayontology.org/geneid#1956","valueLabel":"EGFR: epidermal growth factor receptor","valueAbbrev":"geneid:1956","valueDescr":"","groupNest":["http://rdf.pistoia.com/bae#PA_000044"],"groupLabel":["Target Information"],"altLabels":["ERBB , ERBB1 , HER1 , NISBD2 , PIG61 , mENA"],"externalURLs":["https://www.ncbi.nlm.nih.gov/gene/1956"],"valueHier":["http://www.bioassayontology.org/geneid#Homo_sapiens","http://www.bioassayontology.org/geneid#Mammalia","http://www.bioassayontology.org/geneid#Root"],"labelHier":["Homo sapiens","Mammalia","Faux GeneID"]},{"propURI":"http://www.bioassayontology.org/bao#BAX_0000012","propLabel":"NCBI  protein identity","propAbbrev":"bao:BAX_0000012","valueURI":"http://www.bioassayontology.org/protein#2811086","valueLabel":"Epidermal growth factor receptor","valueAbbrev":"protein:2811086","valueDescr":"Protein: Epidermal growth factor receptor, Organism: Homo sapiens","groupNest":["http://rdf.pistoia.com/bae#PA_000044"],"groupLabel":["Target Information"],"externalURLs":["https://www.ncbi.nlm.nih.gov/protein/2811086"],"valueHier":["http://www.bioassayontology.org/taxon#9606","http://www.bioassayontology.org/taxon#9605","http://www.bioassayontology.org/taxon#314295","http://www.bioassayontology.org/taxon#9526","http://www.bioassayontology.org/taxon#9443","http://www.bioassayontology.org/taxon#314146","http://www.bioassayontology.org/taxon#40674","http://www.bioassayontology.org/taxon#32524","http://www.bioassayontology.org/taxon#8287","http://www.bioassayontology.org/taxon#117570","http://www.bioassayontology.org/taxon#7711","http://www.bioassayontology.org/taxon#33511","http://www.bioassayontology.org/taxon#33213","http://www.bioassayontology.org/taxon#33208","http://www.bioassayontology.org/taxon#33154","http://www.bioassayontology.org/taxon#2759","http://www.bioassayontology.org/taxon#131567","http://www.bioassayontology.org/taxon#Root"],"labelHier":["Homo sapiens","Homo","Hominoidea / Hominidae / Homininae","Catarrhini","Primates / Haplorrhini / Simiiformes","Euarchontoglires","Mammalia / Theria / Eutheria / Boreoeutheria","Amniota","Sarcopterygii / Dipnotetrapodomorpha / Tetrapoda","Teleostomi / Euteleostomi","Chordata / Craniata / Vertebrata / Gnathostomata","Deuterostomia","Bilateria","Metazoa / Eumetazoa","Opisthokonta","Eukaryota","cellular organisms","Faux ProteinID"]},{"propURI":"http://rdf.pistoia.com/bae#PA_000009","propLabel":"target concentration","propAbbrev":"http://rdf.pistoia.com/bae#PA_000009","valueURI":"http://www.bioassayontology.org/bat#Unknown","valueLabel":"unknown","valueAbbrev":"bat:Unknown","valueDescr":"There should be a term assigned to this property but the value was not specified in the source information.","groupNest":["http://rdf.pistoia.com/bae#PA_000045"],"groupLabel":["Molecular Assay Details"],"valueHier":[],"labelHier":[]},{"propURI":"http://rdf.pistoia.com/bae#PA_000010","propLabel":"target  concentration units","propAbbrev":"http://rdf.pistoia.com/bae#PA_000010","valueURI":"http://www.bioassayontology.org/bat#Unknown","valueLabel":"unknown","valueAbbrev":"bat:Unknown","valueDescr":"There should be a term assigned to this property but the value was not specified in the source information.","groupNest":["http://rdf.pistoia.com/bae#PA_000045"],"groupLabel":["Molecular Assay Details"],"valueHier":[],"labelHier":[]},{"propURI":"http://www.bioassayontology.org/bao#BAO_0002739","propLabel":"substrate","propAbbrev":"bao:BAO_0002739","valueURI":"http://www.bioassayontology.org/bat#NotApplicable","valueLabel":"not applicable","valueAbbrev":"bat:NotApplicable","valueDescr":"This property does not apply to this assay.","groupNest":["http://rdf.pistoia.com/bae#PA_000045"],"groupLabel":["Molecular Assay Details"],"valueHier":[],"labelHier":[]},{"propURI":"http://rdf.pistoia.com/bae#PA_000011","propLabel":"substrate concentration","propAbbrev":"http://rdf.pistoia.com/bae#PA_000011","valueURI":"http://www.bioassayontology.org/bat#NotApplicable","valueLabel":"not applicable","valueAbbrev":"bat:NotApplicable","valueDescr":"This property does not apply to this assay.","groupNest":["http://rdf.pistoia.com/bae#PA_000045"],"groupLabel":["Molecular Assay Details"],"valueHier":[],"labelHier":[]},{"propURI":"http://rdf.pistoia.com/bae#PA_000012","propLabel":"substrate concentration units","propAbbrev":"http://rdf.pistoia.com/bae#PA_000012","valueURI":"http://www.bioassayontology.org/bat#NotApplicable","valueLabel":"not applicable","valueAbbrev":"bat:NotApplicable","valueDescr":"This property does not apply to this assay.","groupNest":["http://rdf.pistoia.com/bae#PA_000045"],"groupLabel":["Molecular Assay Details"],"valueHier":[],"labelHier":[]},{"propURI":"http://rdf.pistoia.com/bae#PA_000034","propLabel":"additional assay component","propAbbrev":"http://rdf.pistoia.com/bae#PA_000034","valueURI":"http://www.bioassayontology.org/bat#NotApplicable","valueLabel":"not applicable","valueAbbrev":"bat:NotApplicable","valueDescr":"This property does not apply to this assay.","groupNest":["http://rdf.pistoia.com/bae#PA_000045"],"groupLabel":["Molecular Assay Details"],"valueHier":[],"labelHier":[]},{"propURI":"http://rdf.pistoia.com/bae#PA_000014","propLabel":"component concentration","propAbbrev":"http://rdf.pistoia.com/bae#PA_000014","valueURI":"http://www.bioassayontology.org/bat#NotApplicable","valueLabel":"not applicable","valueAbbrev":"bat:NotApplicable","valueDescr":"This property does not apply to this assay.","groupNest":["http://rdf.pistoia.com/bae#PA_000045"],"groupLabel":["Molecular Assay Details"],"valueHier":[],"labelHier":[]},{"propURI":"http://rdf.pistoia.com/bae#PA_000015","propLabel":"component concentration units","propAbbrev":"http://rdf.pistoia.com/bae#PA_000015","valueURI":"http://www.bioassayontology.org/bat#NotApplicable","valueLabel":"not applicable","valueAbbrev":"bat:NotApplicable","valueDescr":"This property does not apply to this assay.","groupNest":["http://rdf.pistoia.com/bae#PA_000045"],"groupLabel":["Molecular Assay Details"],"valueHier":[],"labelHier":[]},{"propURI":"http://www.bioassayontology.org/bao#BAO_0000080","propLabel":"inhibitor/stimulator control","propAbbrev":"bao:BAO_0000080","valueURI":"http://www.bioassayontology.org/bat#Unknown","valueLabel":"unknown","valueAbbrev":"bat:Unknown","valueDescr":"There should be a term assigned to this property but the value was not specified in the source information.","groupNest":["http://rdf.pistoia.com/bae#PA_000046"],"groupLabel":["Controls"],"valueHier":[],"labelHier":[]},{"propURI":"http://rdf.pistoia.com/bae#PA_000016","propLabel":"inhibitor/stimulator concentration","propAbbrev":"http://rdf.pistoia.com/bae#PA_000016","valueURI":"http://www.bioassayontology.org/bat#Unknown","valueLabel":"unknown","valueAbbrev":"bat:Unknown","valueDescr":"There should be a term assigned to this property but the value was not specified in the source information.","groupNest":["http://rdf.pistoia.com/bae#PA_000046"],"groupLabel":["Controls"],"valueHier":[],"labelHier":[]},{"propURI":"http://rdf.pistoia.com/bae#PA_000017","propLabel":"inhibitor/stimulator concentration units","propAbbrev":"http://rdf.pistoia.com/bae#PA_000017","valueURI":"http://www.bioassayontology.org/bat#Unknown","valueLabel":"unknown","valueAbbrev":"bat:Unknown","valueDescr":"There should be a term assigned to this property but the value was not specified in the source information.","groupNest":["http://rdf.pistoia.com/bae#PA_000046"],"groupLabel":["Controls"],"valueHier":[],"labelHier":[]},{"propURI":"http://www.bioassayontology.org/bao#BAO_0000079","propLabel":"neutral control","propAbbrev":"bao:BAO_0000079","valueURI":"http://www.bioassayontology.org/bat#Unknown","valueLabel":"unknown","valueAbbrev":"bat:Unknown","valueDescr":"There should be a term assigned to this property but the value was not specified in the source information.","groupNest":["http://rdf.pistoia.com/bae#PA_000046"],"groupLabel":["Controls"],"valueHier":[],"labelHier":[]},{"propURI":"http://rdf.pistoia.com/bae#PA_000018","propLabel":"neutral concentration","propAbbrev":"http://rdf.pistoia.com/bae#PA_000018","valueURI":"http://www.bioassayontology.org/bat#Unknown","valueLabel":"unknown","valueAbbrev":"bat:Unknown","valueDescr":"There should be a term assigned to this property but the value was not specified in the source information.","groupNest":["http://rdf.pistoia.com/bae#PA_000046"],"groupLabel":["Controls"],"valueHier":[],"labelHier":[]},{"propURI":"http://rdf.pistoia.com/bae#PA_000019","propLabel":"neutral  concentration units","propAbbrev":"http://rdf.pistoia.com/bae#PA_000019","valueURI":"http://www.bioassayontology.org/bat#Unknown","valueLabel":"unknown","valueAbbrev":"bat:Unknown","valueDescr":"There should be a term assigned to this property but the value was not specified in the source information.","groupNest":["http://rdf.pistoia.com/bae#PA_000046"],"groupLabel":["Controls"],"valueHier":[],"labelHier":[]},{"propURI":"http://www.bioassayontology.org/bao#BAO_0002846","valueLabel":"https://pubchem.ncbi.nlm.nih.gov/bioassay/1170825","propAbbrev":"bao:BAO_0002846","groupNest":["http://rdf.pistoia.com/bae#PA_000041"],"propLabel":"assay protocol / source document","groupLabel":["General Information"]},{"propURI":"http://www.bioassayontology.org/bao#BAO_0002853","valueLabel":"Inhibition of EGFR T790M/del746 to 750 mutant (unknown origin) by high-throughput biochemical screening","propAbbrev":"bao:BAO_0002853","groupNest":["http://rdf.pistoia.com/bae#PA_000041"],"propLabel":"assay title","groupLabel":["General Information"]},{"propURI":"http://www.bioassayontology.org/bao#BAO_0002846","valueLabel":"https://doi.org/10.1021/jm501578n","propAbbrev":"bao:BAO_0002846","groupNest":["http://rdf.pistoia.com/bae#PA_000041"],"propLabel":"assay protocol / source document","groupLabel":["General Information"]},{"propURI":"http://www.bioassayontology.org/bao#BAO_0001095","valueLabel":"PMID 25383627","propAbbrev":"bao:BAO_0001095","groupNest":["http://rdf.pistoia.com/bae#PA_000041"],"propLabel":"external assay ID","groupLabel":["General Information"]},{"propURI":"http://www.bioassayontology.org/bao#BAO_0001095","valueLabel":"AID 1170825","propAbbrev":"bao:BAO_0001095","groupNest":["http://rdf.pistoia.com/bae#PA_000041"],"propLabel":"external assay ID","groupLabel":["General Information"]},{"propURI":"http://rdf.pistoia.com/bae#PA_000001","valueLabel":"2.1","propAbbrev":"http://rdf.pistoia.com/bae#PA_000001","groupNest":["http://rdf.pistoia.com/bae#PA_000041"],"propLabel":"assay protocol version","groupLabel":["General Information"]},{"propURI":"http://www.bioassayontology.org/bao#BAO_0002825","valueLabel":"2016-05-21","propAbbrev":"bao:BAO_0002825","groupNest":["http://rdf.pistoia.com/bae#PA_000041"],"propLabel":"assay deposition date","groupLabel":["General Information"]},{"propURI":"http://rdf.pistoia.com/bae#PA_000002","valueLabel":"samantha@collaborativedrug.com","propAbbrev":"http://rdf.pistoia.com/bae#PA_000002","groupNest":["http://rdf.pistoia.com/bae#PA_000041"],"propLabel":"curated by (e-mail)","groupLabel":["General Information"]},{"propURI":"http://www.bioassayontology.org/bao#BAO_0002083","valueLabel":"2020-11-24","propAbbrev":"bao:BAO_0002083","groupNest":["http://rdf.pistoia.com/bae#PA_000041"],"propLabel":"curation date","groupLabel":["General Information"]},{"propURI":"http://rdf.pistoia.com/bae#PA_000024","valueLabel":"1","propAbbrev":"http://rdf.pistoia.com/bae#PA_000024","groupNest":["http://rdf.pistoia.com/bae#PA_000042"],"propLabel":"perturbagen max concentration","groupLabel":["Assay Method"]},{"propURI":"http://rdf.pistoia.com/bae#PA_000022","valueLabel":"1","propAbbrev":"http://rdf.pistoia.com/bae#PA_000022","groupNest":["http://rdf.pistoia.com/bae#PA_000042"],"propLabel":"perturbagen min concentration","groupLabel":["Assay Method"]},{"propURI":"http://www.bioassayontology.org/bao#BAO_0002662","valueLabel":"EGFR T790M","propAbbrev":"bao:BAO_0002662","groupNest":["http://rdf.pistoia.com/bae#PA_000044"],"propLabel":"target mutation","groupLabel":["Target Information"]},{"propURI":"http://www.bioassayontology.org/bao#BAO_0002662","valueLabel":"EGFR E746-A750del","propAbbrev":"bao:BAO_0002662","groupNest":["http://rdf.pistoia.com/bae#PA_000044"],"propLabel":"target mutation","groupLabel":["Target Information"]}],"pubchemXRef":[],"curationTime":1606234228530,"curatorID":"google:116162532162477418918","curatorName":"","curatorEmail":"sjeschonek@collaborativedrug.com","history":[{"curationTime":1605026710547,"curatorID":"basic:jeschonek","curatorName":"jeschonek","curatorEmail":"sjeschonek@collaborativedrug.com","uniqueIDPatch":"@@ -1,18 +0,0 @@\n-pubchemAID:1170825\n","textPatch":"@@ -1,512 +0,0 @@\n-Title: Discovery of selective and noncovalent diaminopyrimidine-based inhibitors of epidermal growth factor receptor containing the T790M resistance mutation._%7C__%7C_Abstract: Activating mutations within the epidermal growth factor receptor (EGFR) kinase domain, commonly L858R or deletions within exon 19, increase EGFR-driven cell proliferation and survival and are correlated with impressive responses to the EGFR inhibitors erlotinib and gefitinib in nonsmall cell lung cancer patients. Approximately 60%25 of ac\n","annotsAdded":[{"propURI":"http://rdf.pistoia.com/bae#PA_000004","propLabel":"has curation status","propAbbrev":"http://rdf.pistoia.com/bae#PA_000004","valueURI":"http://www.bioassayexpress.org/bae#0000173","valueLabel":"Imported","valueAbbrev":"bae:0000173","valueDescr":"Assay has been imported with preliminary assignments, but has not been fully curated by a human.","groupNest":[""],"valueHier":[],"labelHier":[],"outOfSchema":true},{"propURI":"http://www.bioassayontology.org/bao#BAO_0002852","propLabel":"has assay source","propAbbrev":"bao:BAO_0002852","valueURI":"http://www.bioassayontology.org/bao#BAO_0000614","valueLabel":"ChEMBL","valueAbbrev":"bao:BAO_0000614","valueDescr":"It is a public database that contains structure","groupNest":[""],"valueHier":[],"labelHier":[],"outOfSchema":true},{"propURI":"http://rdf.pistoia.com/bae#PA_000023","propLabel":"has curation project","propAbbrev":"http://rdf.pistoia.com/bae#PA_000023","valueURI":"http://www.bioassayexpress.org/bae#0000148","valueAbbrev":"bae:0000148","groupNest":[""],"valueHier":[],"labelHier":[],"outOfSchema":true}],"annotsRemoved":[],"labelsAdded":[{"propURI":"http://www.bioassayontology.org/bao#BAO_0002846","valueLabel":"https://doi.org/10.1021/jm501578n","propAbbrev":"bao:BAO_0002846","groupNest":[""],"propLabel":"has assay protocol"},{"propURI":"http://www.bioassayontology.org/bao#BAO_0002846","valueLabel":"https://pubchem.ncbi.nlm.nih.gov/bioassay/1170825","propAbbrev":"bao:BAO_0002846","groupNest":[""],"propLabel":"has assay protocol"},{"propURI":"http://www.bioassayontology.org/bao#BAO_0002853","valueLabel":"Inhibition of EGFR T790M/del746 to 750 mutant (unknown origin) by high-throughput biochemical screening","propAbbrev":"bao:BAO_0002853","groupNest":[""],"propLabel":"has assay title"},{"propURI":"http://www.bioassayontology.org/bao#BAO_0001095","valueLabel":"PMID 25383627","propAbbrev":"bao:BAO_0001095","groupNest":[""],"propLabel":"has identical assay"},{"propURI":"http://www.bioassayontology.org/bao#BAO_0001095","valueLabel":"AID 1170825","propAbbrev":"bao:BAO_0001095","groupNest":[""],"propLabel":"has identical assay"}],"labelsRemoved":[]},{"curationTime":1605646747167,"curatorID":"google:116162532162477418918","curatorName":"","curatorEmail":"sjeschonek@collaborativedrug.com","annotsAdded":[{"propURI":"http://rdf.pistoia.com/bae#PA_000023","propLabel":"curation project","propAbbrev":"http://rdf.pistoia.com/bae#PA_000023","valueURI":"http://www.bioassayexpress.org/bae#0000175","valueLabel":"DataFAIRy Bioassay Pilot","valueAbbrev":"bae:0000175","valueDescr":"The pilot stage of the larger DataFAIRy Bioassay project, which is conducted together with the Pistoia Alliance","groupNest":["http://rdf.pistoia.com/bae#PA_000041"],"groupLabel":["General Information"],"valueHier":["http://rdf.pistoia.com/bae#PA_000027"],"labelHier":["curation project"]}],"annotsRemoved":[{"propURI":"http://rdf.pistoia.com/bae#PA_000023","propLabel":"curation project","propAbbrev":"http://rdf.pistoia.com/bae#PA_000023","valueURI":"http://www.bioassayexpress.org/bae#0000148","valueAbbrev":"bae:0000148","groupNest":["http://rdf.pistoia.com/bae#PA_000041"],"groupLabel":["General Information"],"valueHier":[],"labelHier":[],"outOfSchema":true}],"labelsAdded":[],"labelsRemoved":[]},{"curationTime":1605837354497,"curatorID":"basic:jeschonek","curatorName":"jeschonek","curatorEmail":"sjeschonek@collaborativedrug.com","textPatch":"@@ -509,109 +509,4 @@\n f ac\n-%0A%0AInhibition of EGFR T790M/del746 to 750 mutant (unknown origin) by high-throughput biochemical screening\n","annotsAdded":[{"propURI":"http://www.bioassayontology.org/bao#BAO_0002852","propLabel":"assay source","propAbbrev":"bao:BAO_0002852","valueURI":"http://www.bioassayontology.org/bao#BAO_0000614","valueLabel":"ChEMBL","valueAbbrev":"bao:BAO_0000614","valueDescr":"It is a public database that contains structure","valueHier":["http://www.bioassayontology.org/bao#BAO_0000612"],"labelHier":["assay repository"]}],"annotsRemoved":[{"propURI":"http://www.bioassayontology.org/bao#BAO_0002852","propLabel":"assay source","propAbbrev":"bao:BAO_0002852","valueURI":"http://www.bioassayontology.org/bao#BAO_0000614","valueLabel":"ChEMBL","valueAbbrev":"bao:BAO_0000614","valueDescr":"It is a public database that contains structure","groupNest":["http://rdf.pistoia.com/bae#PA_000041"],"groupLabel":["General Information"],"valueHier":["http://www.bioassayontology.org/bao#BAO_0000612"],"labelHier":["assay repository"]}],"labelsAdded":[{"propURI":"http://www.bioassayontology.org/bao#BAO_0002853","valueLabel":"Inhibition of EGFR T790M/del746 to 750 mutant (unknown origin) by high-throughput biochemical screening","propAbbrev":"bao:BAO_0002853","propLabel":"assay title"}],"labelsRemoved":[{"propURI":"http://www.bioassayontology.org/bao#BAO_0002853","valueLabel":"Inhibition of EGFR T790M/del746 to 750 mutant (unknown origin) by high-throughput biochemical screening","propAbbrev":"bao:BAO_0002853","groupNest":["http://rdf.pistoia.com/bae#PA_000041"],"propLabel":"assay title","groupLabel":["General Information"]}]},{"curationTime":1605837752399,"curatorID":"basic:jeschonek","curatorName":"jeschonek","curatorEmail":"sjeschonek@collaborativedrug.com","annotsAdded":[{"propURI":"http://www.bioassayontology.org/bao#BAO_0002852","propLabel":"assay source","propAbbrev":"bao:BAO_0002852","valueURI":"http://www.bioassayontology.org/bao#BAO_0000614","valueLabel":"ChEMBL","valueAbbrev":"bao:BAO_0000614","valueDescr":"It is a public database that contains structure","groupNest":["http://rdf.pistoia.com/bae#PA_000041"],"groupLabel":["General Information"],"valueHier":["http://www.bioassayontology.org/bao#BAO_0000612"],"labelHier":["assay repository"]}],"annotsRemoved":[{"propURI":"http://www.bioassayontology.org/bao#BAO_0002852","propLabel":"assay source","propAbbrev":"bao:BAO_0002852","valueURI":"http://www.bioassayontology.org/bao#BAO_0000614","valueLabel":"ChEMBL","valueAbbrev":"bao:BAO_0000614","valueDescr":"It is a public database that contains structure","valueHier":["http://www.bioassayontology.org/bao#BAO_0000612"],"labelHier":["assay repository"]}],"labelsAdded":[{"propURI":"http://www.bioassayontology.org/bao#BAO_0002853","valueLabel":"Inhibition of EGFR T790M/del746 to 750 mutant (unknown origin) by high-throughput biochemical screening","propAbbrev":"bao:BAO_0002853","groupNest":["http://rdf.pistoia.com/bae#PA_000041"],"propLabel":"assay title","groupLabel":["General Information"]}],"labelsRemoved":[{"propURI":"http://www.bioassayontology.org/bao#BAO_0002853","valueLabel":"Inhibition of EGFR T790M/del746 to 750 mutant (unknown origin) by high-throughput biochemical screening","propAbbrev":"bao:BAO_0002853","propLabel":"assay title"}]},{"curationTime":1605844184254,"curatorID":"basic:jeschonek","curatorName":"jeschonek","curatorEmail":"sjeschonek@collaborativedrug.com","textPatch":"@@ -614,1316 +614,4 @@\n ning\n-%0A%0AActivating mutations within the epidermal growth factor receptor (EGFR) kinase domain, commonly L858R or deletions within exon 19, increase EGFR-driven cell proliferation and survival and are correlated with impressive responses to the EGFR inhibitors erlotinib and gefitinib in nonsmall cell lung cancer patients. Approximately 60%25 of acquired resistance to these agents is driven by a single secondary mutation within the EGFR kinase domain, specifically substitution of the gatekeeper residue threonine-790 with methionine (T790M). Due to dose-limiting toxicities associated with inhibition of wild-type EGFR (wtEGFR), we sought inhibitors of T790M-containing EGFR mutants with selectivity over wtEGFR. We describe the evolution of HTS hits derived from Jak2/Tyk2 inhibitors into selective EGFR inhibitors. X-ray crystal structures revealed two distinct binding modes and enabled the design of a selective series of novel diaminopyrimidine-based inhibitors with good potency against T790M-containing mutants of EGFR, high selectivity over wtEGFR, broad kinase selectivity, and desirable physicochemical properties.%0A%0APercent inhibition of 296 kinases determined at Invitrogen for compound 3; inhibition of %3E80%25 at 1 %CE%BCM observed for EGFR(T790M/L858R), EGFR(T790M), Jak2, Jak2 JH1/JH2, MAP4K4, Mink1, and Tyk2.\n","annotsAdded":[],"annotsRemoved":[],"labelsAdded":[],"labelsRemoved":[]},{"curationTime":1606234228530,"curatorID":"google:116162532162477418918","curatorName":"","curatorEmail":"sjeschonek@collaborativedrug.com","textPatch":"@@ -1,109 +1,4 @@\n-Inhibition of EGFR T790M/del746 to 750 mutant (unknown origin) by high-throughput biochemical screening%0A%0A\n Titl\n@@ -151,18 +151,22 @@\n utation.\n-%0A%0A\n+_%7C__%7C_\n Abstract\n@@ -167,16 +167,461 @@\n stract: \n+Activating mutations within the epidermal growth factor receptor (EGFR) kinase domain, commonly L858R or deletions within exon 19, increase EGFR-driven cell proliferation and survival and are correlated with impressive responses to the EGFR inhibitors erlotinib and gefitinib in nonsmall cell lung cancer patients. Approximately 60%25 of ac%0A%0AInhibition of EGFR T790M/del746 to 750 mutant (unknown origin) by high-throughput biochemical screening%0A%0A\n Activati\n@@ -1731,17 +1731,16 @@\n rties.%0A%0A\n-%0A\n Percent \n","annotsAdded":[{"propURI":"http://www.bioassayontology.org/bao#BAX_0000011","propLabel":"NCBI gene identity","propAbbrev":"bao:BAX_0000011","valueURI":"http://www.bioassayontology.org/geneid#1956","valueLabel":"EGFR: epidermal growth factor receptor","valueAbbrev":"geneid:1956","valueDescr":"","groupNest":["http://rdf.pistoia.com/bae#PA_000044"],"groupLabel":["Target Information"],"altLabels":["ERBB , ERBB1 , HER1 , NISBD2 , PIG61 , mENA"],"externalURLs":["https://www.ncbi.nlm.nih.gov/gene/1956"],"valueHier":["http://www.bioassayontology.org/geneid#Homo_sapiens","http://www.bioassayontology.org/geneid#Mammalia","http://www.bioassayontology.org/geneid#Root"],"labelHier":["Homo sapiens","Mammalia","Faux GeneID"]},{"propURI":"http://rdf.pistoia.com/bae#PA_000009","propLabel":"target concentration","propAbbrev":"http://rdf.pistoia.com/bae#PA_000009","valueURI":"http://www.bioassayontology.org/bat#Unknown","valueLabel":"unknown","valueAbbrev":"bat:Unknown","valueDescr":"There should be a term assigned to this property but the value was not specified in the source information.","groupNest":["http://rdf.pistoia.com/bae#PA_000045"],"groupLabel":["Molecular Assay Details"],"valueHier":[],"labelHier":[]},{"propURI":"http://www.bioassayontology.org/bao#BAO_0002918","propLabel":"emission wavelength","propAbbrev":"bao:BAO_0002918","valueURI":"http://www.bioassayontology.org/bat#Unknown","valueLabel":"unknown","valueAbbrev":"bat:Unknown","valueDescr":"There should be a term assigned to this property but the value was not specified in the source information.","groupNest":["http://rdf.pistoia.com/bae#PA_000043"],"groupLabel":["Detection Details"],"valueHier":[],"labelHier":[]},{"propURI":"http://rdf.pistoia.com/bae#PA_000017","propLabel":"inhibitor/stimulator concentration units","propAbbrev":"http://rdf.pistoia.com/bae#PA_000017","valueURI":"http://www.bioassayontology.org/bat#Unknown","valueLabel":"unknown","valueAbbrev":"bat:Unknown","valueDescr":"There should be a term assigned to this property but the value was not specified in the source information.","groupNest":["http://rdf.pistoia.com/bae#PA_000046"],"groupLabel":["Controls"],"valueHier":[],"labelHier":[]},{"propURI":"http://rdf.pistoia.com/bae#PA_000003","propLabel":"reviewed by (e-mail)","propAbbrev":"http://rdf.pistoia.com/bae#PA_000003","valueURI":"http://www.bioassayontology.org/bat#NotApplicable","valueLabel":"not applicable","valueAbbrev":"bat:NotApplicable","valueDescr":"This property does not apply to this assay.","groupNest":["http://rdf.pistoia.com/bae#PA_000041"],"groupLabel":["General Information"],"valueHier":[],"labelHier":[]},{"propURI":"http://rdf.pistoia.com/bae#PA_000034","propLabel":"additional assay component","propAbbrev":"http://rdf.pistoia.com/bae#PA_000034","valueURI":"http://www.bioassayontology.org/bat#NotApplicable","valueLabel":"not applicable","valueAbbrev":"bat:NotApplicable","valueDescr":"This property does not apply to this assay.","groupNest":["http://rdf.pistoia.com/bae#PA_000045"],"groupLabel":["Molecular Assay Details"],"valueHier":[],"labelHier":[]},{"propURI":"http://www.bioassayontology.org/bao#BAO_0002857","propLabel":"signal direction","propAbbrev":"bao:BAO_0002857","valueURI":"http://www.bioassayontology.org/bat#Unknown","valueLabel":"unknown","valueAbbrev":"bat:Unknown","valueDescr":"There should be a term assigned to this property but the value was not specified in the source information.","groupNest":["http://rdf.pistoia.com/bae#PA_000043"],"groupLabel":["Detection Details"],"valueHier":[],"labelHier":[]},{"propURI":"http://rdf.pistoia.com/bae#PA_000010","propLabel":"target  concentration units","propAbbrev":"http://rdf.pistoia.com/bae#PA_000010","valueURI":"http://www.bioassayontology.org/bat#Unknown","valueLabel":"unknown","valueAbbrev":"bat:Unknown","valueDescr":"There should be a term assigned to this property but the value was not specified in the source information.","groupNest":["http://rdf.pistoia.com/bae#PA_000045"],"groupLabel":["Molecular Assay Details"],"valueHier":[],"labelHier":[]},{"propURI":"http://www.bioassayontology.org/bao#BAO_0000079","propLabel":"neutral control","propAbbrev":"bao:BAO_0000079","valueURI":"http://www.bioassayontology.org/bat#Unknown","valueLabel":"unknown","valueAbbrev":"bat:Unknown","valueDescr":"There should be a term assigned to this property but the value was not specified in the source information.","groupNest":["http://rdf.pistoia.com/bae#PA_000046"],"groupLabel":["Controls"],"valueHier":[],"labelHier":[]},{"propURI":"http://www.bioassayontology.org/bao#BAO_0095009","propLabel":"assay design method","propAbbrev":"bao:BAO_0095009","valueURI":"http://www.bioassayontology.org/bat#Unknown","valueLabel":"unknown","valueAbbrev":"bat:Unknown","valueDescr":"There should be a term assigned to this property but the value was not specified in the source information.","groupNest":["http://rdf.pistoia.com/bae#PA_000042"],"groupLabel":["Assay Method"],"valueHier":[],"labelHier":[]},{"propURI":"http://www.bioassayontology.org/bao#BAO_0002800","propLabel":"assay cell line","propAbbrev":"bao:BAO_0002800","valueURI":"http://www.bioassayontology.org/bat#NotApplicable","valueLabel":"not applicable","valueAbbrev":"bat:NotApplicable","valueDescr":"This property does not apply to this assay.","groupNest":["http://rdf.pistoia.com/bae#PA_000042"],"groupLabel":["Assay Method"],"valueHier":[],"labelHier":[]},{"propURI":"http://www.bioassayontology.org/bao#BAO_0002921","propLabel":"target organism","propAbbrev":"bao:BAO_0002921","valueURI":"http://www.bioassayontology.org/bat#Ambiguous","valueLabel":"ambiguous","valueAbbrev":"bat:Ambiguous","valueDescr":"The source information is ambiguous: there are multiple indeterminate possibilities.","groupNest":["http://rdf.pistoia.com/bae#PA_000044"],"groupLabel":["Target Information"],"valueHier":[],"labelHier":[]},{"propURI":"http://rdf.pistoia.com/bae#PA_000019","propLabel":"neutral  concentration units","propAbbrev":"http://rdf.pistoia.com/bae#PA_000019","valueURI":"http://www.bioassayontology.org/bat#Unknown","valueLabel":"unknown","valueAbbrev":"bat:Unknown","valueDescr":"There should be a term assigned to this property but the value was not specified in the source information.","groupNest":["http://rdf.pistoia.com/bae#PA_000046"],"groupLabel":["Controls"],"valueHier":[],"labelHier":[]},{"propURI":"http://www.bioassayontology.org/bao#BAO_0000208","propLabel":"endpoint","propAbbrev":"bao:BAO_0000208","valueURI":"http://www.bioassayontology.org/bao#BAO_0000201","valueLabel":"percent inhibition","valueAbbrev":"bao:BAO_0000201","valueDescr":"Percent decrease of a measureable response as a consequence of compound treatment.  Unit of Measure is always % when normalized to the dynamic range of the assay. Percent inhibition is expressed relative to a positive control (which results in total inhibition).","groupNest":["http://rdf.pistoia.com/bae#PA_000042"],"groupLabel":["Assay Method"],"valueHier":["http://www.bioassayontology.org/bao#BAO_0000082","http://www.bioassayontology.org/bao#BAO_0000181","http://www.bioassayontology.org/bao#BAO_0000179"],"labelHier":["percent response","response endpoint","endpoint"]},{"propURI":"http://rdf.pistoia.com/bae#PA_000012","propLabel":"substrate concentration units","propAbbrev":"http://rdf.pistoia.com/bae#PA_000012","valueURI":"http://www.bioassayontology.org/bat#NotApplicable","valueLabel":"not applicable","valueAbbrev":"bat:NotApplicable","valueDescr":"This property does not apply to this assay.","groupNest":["http://rdf.pistoia.com/bae#PA_000045"],"groupLabel":["Molecular Assay Details"],"valueHier":[],"labelHier":[]},{"propURI":"http://rdf.pistoia.com/bae#PA_000033","propLabel":"target protein name","propAbbrev":"http://rdf.pistoia.com/bae#PA_000033","valueURI":"http://purl.obolibrary.org/obo/PR_P00533","valueLabel":"epidermal growth factor receptor (human)","valueAbbrev":"obo:PR_P00533","valueDescr":"An epidermal growth factor receptor that is encoded in the genome of human.","groupNest":["http://rdf.pistoia.com/bae#PA_000044"],"groupLabel":["Target Information"],"altLabels":["receptor tyrosine-protein kinase erbB-1 (human)","hEGFR","proto-oncogene c-ErbB-1 (human)"],"valueHier":["http://purl.obolibrary.org/obo/PR_000006933","http://purl.obolibrary.org/obo/PR_000001812","http://purl.obolibrary.org/obo/PR_000000001"],"labelHier":["epidermal growth factor receptor","EGF receptor type tyrosine-protein kinase","protein"]},{"propURI":"http://www.bioassayontology.org/bao#BAO_0000210","propLabel":"has assay stage","propAbbrev":"bao:BAO_0000210","valueURI":"http://www.bioassayontology.org/bao#BAO_0000030","valueLabel":"confirmatory assay","valueAbbrev":"bao:BAO_0000030","valueDescr":"Assay performed to confirm activity of compounds identified in the primary screen.  It can be performed as replicate measurements at a single screening concentration or as concentration-response assay.","groupNest":["http://rdf.pistoia.com/bae#PA_000042"],"valueHier":[],"labelHier":[],"outOfSchema":true},{"propURI":"http://www.bioassayontology.org/bao#BAO_0002865","propLabel":"detection instrument","propAbbrev":"bao:BAO_0002865","valueURI":"http://www.bioassayontology.org/bat#Unknown","valueLabel":"unknown","valueAbbrev":"bat:Unknown","valueDescr":"There should be a term assigned to this property but the value was not specified in the source information.","groupNest":["http://rdf.pistoia.com/bae#PA_000043"],"groupLabel":["Detection Details"],"valueHier":[],"labelHier":[]},{"propURI":"http://rdf.pistoia.com/bae#PA_000030","propLabel":"review date","propAbbrev":"http://rdf.pistoia.com/bae#PA_000030","valueURI":"http://www.bioassayontology.org/bat#NotApplicable","valueLabel":"not applicable","valueAbbrev":"bat:NotApplicable","valueDescr":"This property does not apply to this assay.","groupNest":["http://rdf.pistoia.com/bae#PA_000041"],"groupLabel":["General Information"],"valueHier":[],"labelHier":[]},{"propURI":"http://www.bioassayontology.org/bao#BAO_0002922","propLabel":"assay medium","propAbbrev":"bao:BAO_0002922","valueURI":"http://www.bioassayontology.org/bat#NotApplicable","valueLabel":"not applicable","valueAbbrev":"bat:NotApplicable","valueDescr":"This property does not apply to this assay.","groupNest":["http://rdf.pistoia.com/bae#PA_000042"],"groupLabel":["Assay Method"],"valueHier":[],"labelHier":[]},{"propURI":"http://www.bioassayontology.org/bao#BAO_0002739","propLabel":"substrate","propAbbrev":"bao:BAO_0002739","valueURI":"http://www.bioassayontology.org/bat#NotApplicable","valueLabel":"not applicable","valueAbbrev":"bat:NotApplicable","valueDescr":"This property does not apply to this assay.","groupNest":["http://rdf.pistoia.com/bae#PA_000045"],"groupLabel":["Molecular Assay Details"],"valueHier":[],"labelHier":[]},{"propURI":"http://www.bioassayontology.org/bao#BAX_0000012","propLabel":"NCBI  protein identity","propAbbrev":"bao:BAX_0000012","valueURI":"http://www.bioassayontology.org/protein#2811086","valueLabel":"Epidermal growth factor receptor","valueAbbrev":"protein:2811086","valueDescr":"Protein: Epidermal growth factor receptor, Organism: Homo sapiens","groupNest":["http://rdf.pistoia.com/bae#PA_000044"],"groupLabel":["Target Information"],"externalURLs":["https://www.ncbi.nlm.nih.gov/protein/2811086"],"valueHier":["http://www.bioassayontology.org/taxon#9606","http://www.bioassayontology.org/taxon#9605","http://www.bioassayontology.org/taxon#314295","http://www.bioassayontology.org/taxon#9526","http://www.bioassayontology.org/taxon#9443","http://www.bioassayontology.org/taxon#314146","http://www.bioassayontology.org/taxon#40674","http://www.bioassayontology.org/taxon#32524","http://www.bioassayontology.org/taxon#8287","http://www.bioassayontology.org/taxon#117570","http://www.bioassayontology.org/taxon#7711","http://www.bioassayontology.org/taxon#33511","http://www.bioassayontology.org/taxon#33213","http://www.bioassayontology.org/taxon#33208","http://www.bioassayontology.org/taxon#33154","http://www.bioassayontology.org/taxon#2759","http://www.bioassayontology.org/taxon#131567","http://www.bioassayontology.org/taxon#Root"],"labelHier":["Homo sapiens","Homo","Hominoidea / Hominidae / Homininae","Catarrhini","Primates / Haplorrhini / Simiiformes","Euarchontoglires","Mammalia / Theria / Eutheria / Boreoeutheria","Amniota","Sarcopterygii / Dipnotetrapodomorpha / Tetrapoda","Teleostomi / Euteleostomi","Chordata / Craniata / Vertebrata / Gnathostomata","Deuterostomia","Bilateria","Metazoa / Eumetazoa","Opisthokonta","Eukaryota","cellular organisms","Faux ProteinID"]},{"propURI":"http://www.bioassayontology.org/bao#BAO_0002668","propLabel":"incubation time unit","propAbbrev":"bao:BAO_0002668","valueURI":"http://www.bioassayontology.org/bat#Unknown","valueLabel":"unknown","valueAbbrev":"bat:Unknown","valueDescr":"There should be a term assigned to this property but the value was not specified in the source information.","groupNest":["http://rdf.pistoia.com/bae#PA_000042"],"groupLabel":["Assay Method"],"valueHier":[],"labelHier":[]},{"propURI":"http://rdf.pistoia.com/bae#PA_000004","propLabel":"curation status","propAbbrev":"http://rdf.pistoia.com/bae#PA_000004","valueURI":"http://www.bioassayexpress.org/bae#0000153","valueLabel":"Curated","valueAbbrev":"bae:0000153","valueDescr":"Initial curation by user","groupNest":["http://rdf.pistoia.com/bae#PA_000041"],"groupLabel":["General Information"],"valueHier":["http://rdf.pistoia.com/bae#PA_000032","http://rdf.pistoia.com/bae#PA_000005"],"labelHier":["bha curation status","curation status"]},{"propURI":"http://rdf.pistoia.com/bae#PA_000016","propLabel":"inhibitor/stimulator concentration","propAbbrev":"http://rdf.pistoia.com/bae#PA_000016","valueURI":"http://www.bioassayontology.org/bat#Unknown","valueLabel":"unknown","valueAbbrev":"bat:Unknown","valueDescr":"There should be a term assigned to this property but the value was not specified in the source information.","groupNest":["http://rdf.pistoia.com/bae#PA_000046"],"groupLabel":["Controls"],"valueHier":[],"labelHier":[]},{"propURI":"http://rdf.pistoia.com/bae#PA_000025","propLabel":"perturbagen max concentration units","propAbbrev":"http://rdf.pistoia.com/bae#PA_000025","valueURI":"http://purl.obolibrary.org/obo/UO_0000064","valueLabel":"micromolar","valueAbbrev":"obo:UO_0000064","valueDescr":"A unit of molarity which is equal to one millionth of a molar or 10^[-6] M.","groupNest":["http://rdf.pistoia.com/bae#PA_000042"],"groupLabel":["Assay Method"],"valueHier":["http://purl.obolibrary.org/obo/UO_0000061","http://purl.obolibrary.org/obo/UO_0000051","http://purl.obolibrary.org/obo/UO_0000000"],"labelHier":["unit of molarity","concentration unit","unit"]},{"propURI":"http://www.bioassayontology.org/bao#BAO_0000185","propLabel":"perturbagen type","propAbbrev":"bao:BAO_0000185","valueURI":"http://www.bioassayontology.org/bao#BAO_0000176","valueLabel":"small molecule","valueAbbrev":"bao:BAO_0000176","valueDescr":"Small molecule is an organic compound with a low molecular weight (<800 Da) which is used to screen against a biological target, e.g. protein, nucleic acid, cell or organism  to test its ability to bind it and bring about a change in activity. It is either isolated from a natural source or is synthesized.","groupNest":["http://rdf.pistoia.com/bae#PA_000042"],"groupLabel":["Assay Method"],"valueHier":["http://www.bioassayontology.org/bao#BAO_0000076","http://www.bioassayontology.org/bao#BAO_0003120"],"labelHier":["screened entity","assay screened entity component"]},{"propURI":"http://rdf.pistoia.com/bae#PA_000008","propLabel":"detection agent","propAbbrev":"http://rdf.pistoia.com/bae#PA_000008","valueURI":"http://www.bioassayontology.org/bat#Unknown","valueLabel":"unknown","valueAbbrev":"bat:Unknown","valueDescr":"There should be a term assigned to this property but the value was not specified in the source information.","groupNest":["http://rdf.pistoia.com/bae#PA_000042"],"groupLabel":["Assay Method"],"valueHier":[],"labelHier":[]},{"propURI":"http://rdf.pistoia.com/bae#PA_000018","propLabel":"neutral concentration","propAbbrev":"http://rdf.pistoia.com/bae#PA_000018","valueURI":"http://www.bioassayontology.org/bat#Unknown","valueLabel":"unknown","valueAbbrev":"bat:Unknown","valueDescr":"There should be a term assigned to this property but the value was not specified in the source information.","groupNest":["http://rdf.pistoia.com/bae#PA_000046"],"groupLabel":["Controls"],"valueHier":[],"labelHier":[]},{"propURI":"http://www.bioassayontology.org/bao#BAO_0002919","propLabel":"excitation wavelength","propAbbrev":"bao:BAO_0002919","valueURI":"http://www.bioassayontology.org/bat#Unknown","valueLabel":"unknown","valueAbbrev":"bat:Unknown","valueDescr":"There should be a term assigned to this property but the value was not specified in the source information.","groupNest":["http://rdf.pistoia.com/bae#PA_000043"],"groupLabel":["Detection Details"],"valueHier":[],"labelHier":[]},{"propURI":"http://www.bioassayontology.org/bao#BAO_0000211","propLabel":"target type","propAbbrev":"bao:BAO_0000211","valueURI":"http://www.bioassayontology.org/bao#BAO_0000294","valueLabel":"kinase","valueAbbrev":"bao:BAO_0000294","valueDescr":"A protein kinase is an enzyme that modifies other proteins by chemically adding phosphate groups to them. The substrate protein's activity, localization and overall function is modulated by the kinase reaction.","groupNest":["http://rdf.pistoia.com/bae#PA_000044"],"groupLabel":["Target Information"],"valueHier":["http://www.bioassayontology.org/bao#BAO_0000292","http://www.bioassayontology.org/bao#BAO_0000279","http://www.bioassayontology.org/bao#BAO_0000175","http://www.bioassayontology.org/bao#BAO_0003111","http://www.bioassayontology.org/bao#BAO_0003114"],"labelHier":["transferase","enzyme","protein","biological macromolecule","assay biology component"]},{"propURI":"http://www.bioassayontology.org/bao#BAO_0000196","propLabel":"assay mode of action","propAbbrev":"bao:BAO_0000196","valueURI":"http://www.bioassayontology.org/bao#BAO_0000091","valueLabel":"inhibition","valueAbbrev":"bao:BAO_0000091","valueDescr":"Reduction of a predefined stimulus. Unit of Measure is always % when normalized to the dynamic range of the assay.","groupNest":["http://rdf.pistoia.com/bae#PA_000042"],"groupLabel":["Assay Method"],"valueHier":["http://www.bioassayontology.org/bao#BAO_0000084","http://www.bioassayontology.org/bao#BAO_0000074"],"labelHier":["ligand function mode of action","mode of action"]},{"propURI":"http://rdf.pistoia.com/bae#PA_000014","propLabel":"component concentration","propAbbrev":"http://rdf.pistoia.com/bae#PA_000014","valueURI":"http://www.bioassayontology.org/bat#NotApplicable","valueLabel":"not applicable","valueAbbrev":"bat:NotApplicable","valueDescr":"This property does not apply to this assay.","groupNest":["http://rdf.pistoia.com/bae#PA_000045"],"groupLabel":["Molecular Assay Details"],"valueHier":[],"labelHier":[]},{"propURI":"http://www.bioassayontology.org/bao#BAO_0000080","propLabel":"inhibitor/stimulator control","propAbbrev":"bao:BAO_0000080","valueURI":"http://www.bioassayontology.org/bat#Unknown","valueLabel":"unknown","valueAbbrev":"bat:Unknown","valueDescr":"There should be a term assigned to this property but the value was not specified in the source information.","groupNest":["http://rdf.pistoia.com/bae#PA_000046"],"groupLabel":["Controls"],"valueHier":[],"labelHier":[]},{"propURI":"http://www.bioassayontology.org/bao#BAO_0002855","propLabel":"bioassay","propAbbrev":"bao:BAO_0002855","valueURI":"http://www.bioassayontology.org/bao#BAO_0002005","valueLabel":"kinase activity assay","valueAbbrev":"bao:BAO_0002005","valueDescr":"","groupNest":["http://rdf.pistoia.com/bae#PA_000042"],"groupLabel":["Assay Method"],"valueHier":["http://www.bioassayontology.org/bao#BAO_0002795","http://www.bioassayontology.org/bao#BAO_0002994","http://www.bioassayontology.org/bao#BAO_0000015"],"labelHier":["transferase activity assay","enzyme activity assay","bioassay"]},{"propURI":"http://www.bioassayontology.org/bao#BAO_0000205","propLabel":"assay format","propAbbrev":"bao:BAO_0000205","valueURI":"http://www.bioassayontology.org/bao#BAO_0000217","valueLabel":"biochemical format","valueAbbrev":"bao:BAO_0000217","valueDescr":"It is an in vitro format used to measure the activity of a biological macromolecule, either a purified protein or a nucleic acid. It is most often a homogeneous assay type, but can be heterogeneous if a solid phase such as beads is used to immobilize the macromolecule.","groupNest":["http://rdf.pistoia.com/bae#PA_000042"],"groupLabel":["Assay Method"],"valueHier":["http://www.bioassayontology.org/bao#BAO_0000019"],"labelHier":["assay format"]},{"propURI":"http://www.bioassayontology.org/bao#BAO_0002855","propLabel":"bioassay","propAbbrev":"bao:BAO_0002855","valueURI":"http://www.bioassayontology.org/bat#Ambiguous","valueLabel":"ambiguous","valueAbbrev":"bat:Ambiguous","valueDescr":"The source information is ambiguous: there are multiple indeterminate possibilities.","groupNest":["http://rdf.pistoia.com/bae#PA_000042"],"groupLabel":["Assay Method"],"valueHier":[],"labelHier":[]},{"propURI":"http://www.bioassayontology.org/bao#BAO_0000207","propLabel":"physical detection method","propAbbrev":"bao:BAO_0000207","valueURI":"http://www.bioassayontology.org/bat#Unknown","valueLabel":"unknown","valueAbbrev":"bat:Unknown","valueDescr":"There should be a term assigned to this property but the value was not specified in the source information.","groupNest":["http://rdf.pistoia.com/bae#PA_000043"],"groupLabel":["Detection Details"],"valueHier":[],"labelHier":[]},{"propURI":"http://www.bioassayontology.org/bao#BAO_0002854","propLabel":"bioassay type","propAbbrev":"bao:BAO_0002854","valueURI":"http://www.bioassayontology.org/bat#Unknown","valueLabel":"unknown","valueAbbrev":"bat:Unknown","valueDescr":"There should be a term assigned to this property but the value was not specified in the source information.","groupNest":["http://rdf.pistoia.com/bae#PA_000042"],"groupLabel":["Assay Method"],"valueHier":[],"labelHier":[]},{"propURI":"http://rdf.pistoia.com/bae#PA_000026","propLabel":"perturbagen min concentration units","propAbbrev":"http://rdf.pistoia.com/bae#PA_000026","valueURI":"http://purl.obolibrary.org/obo/UO_0000064","valueLabel":"micromolar","valueAbbrev":"obo:UO_0000064","valueDescr":"A unit of molarity which is equal to one millionth of a molar or 10^[-6] M.","groupNest":["http://rdf.pistoia.com/bae#PA_000042"],"groupLabel":["Assay Method"],"valueHier":["http://purl.obolibrary.org/obo/UO_0000061","http://purl.obolibrary.org/obo/UO_0000051","http://purl.obolibrary.org/obo/UO_0000000"],"labelHier":["unit of molarity","concentration unit","unit"]},{"propURI":"http://www.bioassayontology.org/bao#BAO_0002663","propLabel":"assay kit","propAbbrev":"bao:BAO_0002663","valueURI":"http://www.bioassayontology.org/bat#Unknown","valueLabel":"unknown","valueAbbrev":"bat:Unknown","valueDescr":"There should be a term assigned to this property but the value was not specified in the source information.","groupNest":["http://rdf.pistoia.com/bae#PA_000042"],"groupLabel":["Assay Method"],"valueHier":[],"labelHier":[]},{"propURI":"http://www.bioassayontology.org/bao#BAO_0002837","propLabel":"incubation time","propAbbrev":"bao:BAO_0002837","valueURI":"http://www.bioassayontology.org/bat#Unknown","valueLabel":"unknown","valueAbbrev":"bat:Unknown","valueDescr":"There should be a term assigned to this property but the value was not specified in the source information.","groupNest":["http://rdf.pistoia.com/bae#PA_000042"],"groupLabel":["Assay Method"],"valueHier":[],"labelHier":[]},{"propURI":"http://www.bioassayontology.org/bao#BAO_0002921","propLabel":"target organism","propAbbrev":"bao:BAO_0002921","valueURI":"http://purl.obolibrary.org/obo/NCBITaxon_9606","valueLabel":"Homo sapiens","valueAbbrev":"obo:NCBITaxon_9606","valueDescr":"","groupNest":["http://rdf.pistoia.com/bae#PA_000044"],"groupLabel":["Target Information"],"altLabels":["Homo spiens","Homo sapience","Homo sapien","human","Homo spaiens","Homo sapians","man","Humo sapiens","Home sapiens","Homo sapiense","Homo sampiens","Homo sapeins","Homo sapines","Homo sapian","Homo sapients"],"valueHier":["http://www.bioassayontology.org/bao#BAO_0000362","http://www.bioassayontology.org/bao#BAO_0000510","http://www.bioassayontology.org/bao#BAO_0000659","http://www.bioassayontology.org/bao#BAO_0000509","http://www.bioassayontology.org/bao#BAO_0000658","http://www.bioassayontology.org/bao#BAO_0000551"],"labelHier":["mammalian","vertebrate","metazoa","eukaryote","cellular organisms","organism"]},{"propURI":"http://www.bioassayontology.org/bao#BAO_0000209","propLabel":"measure group","propAbbrev":"bao:BAO_0000209","valueURI":"http://www.bioassayontology.org/bat#NotApplicable","valueLabel":"not applicable","valueAbbrev":"bat:NotApplicable","valueDescr":"This property does not apply to this assay.","groupNest":["http://rdf.pistoia.com/bae#PA_000042"],"groupLabel":["Assay Method"],"valueHier":[],"labelHier":[]},{"propURI":"http://rdf.pistoia.com/bae#PA_000011","propLabel":"substrate concentration","propAbbrev":"http://rdf.pistoia.com/bae#PA_000011","valueURI":"http://www.bioassayontology.org/bat#NotApplicable","valueLabel":"not applicable","valueAbbrev":"bat:NotApplicable","valueDescr":"This property does not apply to this assay.","groupNest":["http://rdf.pistoia.com/bae#PA_000045"],"groupLabel":["Molecular Assay Details"],"valueHier":[],"labelHier":[]},{"propURI":"http://rdf.pistoia.com/bae#PA_000015","propLabel":"component concentration units","propAbbrev":"http://rdf.pistoia.com/bae#PA_000015","valueURI":"http://www.bioassayontology.org/bat#NotApplicable","valueLabel":"not applicable","valueAbbrev":"bat:NotApplicable","valueDescr":"This property does not apply to this assay.","groupNest":["http://rdf.pistoia.com/bae#PA_000045"],"groupLabel":["Molecular Assay Details"],"valueHier":[],"labelHier":[]}],"annotsRemoved":[{"propURI":"http://rdf.pistoia.com/bae#PA_000004","propLabel":"curation status","propAbbrev":"http://rdf.pistoia.com/bae#PA_000004","valueURI":"http://www.bioassayexpress.org/bae#0000173","valueLabel":"Imported","valueAbbrev":"bae:0000173","valueDescr":"Assay has been imported with preliminary assignments, but has not been fully curated by a human.","groupNest":["http://rdf.pistoia.com/bae#PA_000041"],"groupLabel":["General Information"],"valueHier":["http://rdf.pistoia.com/bae#PA_000032","http://rdf.pistoia.com/bae#PA_000005"],"labelHier":["bha curation status","curation status"]}],"labelsAdded":[{"propURI":"http://rdf.pistoia.com/bae#PA_000002","valueLabel":"samantha@collaborativedrug.com","propAbbrev":"http://rdf.pistoia.com/bae#PA_000002","groupNest":["http://rdf.pistoia.com/bae#PA_000041"],"propLabel":"curated by (e-mail)","groupLabel":["General Information"]},{"propURI":"http://rdf.pistoia.com/bae#PA_000022","valueLabel":"1","propAbbrev":"http://rdf.pistoia.com/bae#PA_000022","groupNest":["http://rdf.pistoia.com/bae#PA_000042"],"propLabel":"perturbagen min concentration","groupLabel":["Assay Method"]},{"propURI":"http://www.bioassayontology.org/bao#BAO_0002662","valueLabel":"EGFR E746-A750del","propAbbrev":"bao:BAO_0002662","groupNest":["http://rdf.pistoia.com/bae#PA_000044"],"propLabel":"target mutation","groupLabel":["Target Information"]},{"propURI":"http://rdf.pistoia.com/bae#PA_000024","valueLabel":"1","propAbbrev":"http://rdf.pistoia.com/bae#PA_000024","groupNest":["http://rdf.pistoia.com/bae#PA_000042"],"propLabel":"perturbagen max concentration","groupLabel":["Assay Method"]},{"propURI":"http://www.bioassayontology.org/bao#BAO_0002662","valueLabel":"EGFR T790M","propAbbrev":"bao:BAO_0002662","groupNest":["http://rdf.pistoia.com/bae#PA_000044"],"propLabel":"target mutation","groupLabel":["Target Information"]},{"propURI":"http://rdf.pistoia.com/bae#PA_000001","valueLabel":"2.1","propAbbrev":"http://rdf.pistoia.com/bae#PA_000001","groupNest":["http://rdf.pistoia.com/bae#PA_000041"],"propLabel":"assay protocol version","groupLabel":["General Information"]},{"propURI":"http://www.bioassayontology.org/bao#BAO_0002825","valueLabel":"2016-05-21","propAbbrev":"bao:BAO_0002825","groupNest":["http://rdf.pistoia.com/bae#PA_000041"],"propLabel":"assay deposition date","groupLabel":["General Information"]},{"propURI":"http://www.bioassayontology.org/bao#BAO_0002083","valueLabel":"2020-11-24","propAbbrev":"bao:BAO_0002083","groupNest":["http://rdf.pistoia.com/bae#PA_000041"],"propLabel":"curation date","groupLabel":["General Information"]}],"labelsRemoved":[]}],"holdingIDList":[]}