{"assayID":823,"uniqueID":"pubchemAID:1353","text":"Test of compound activity against thapsigargin-induced cell death using ATP content assay in differentiated mouse neural stem cell C17.2.\n\nA series of benzodiazepine hits was originally identified in a HTS assay for inhibitors of ER stress-induced Cell Death (AID 1010) and confirmed in dose-response assay (AID 1247).  Thapsigargin, an ER stress inducer, was used in both assays to trigger cell death in CSM14.1 cells.\n\nThis assay was designed and performed in the laboratory of the assay provider to test if the series of benzodiazepine hits confirmed in AID 1247 can inhibit  thapsigargin-induced cell death in differentiated C17.2 mouse neural stem cell line using an ATP content assay. The purpose of this experiment was to determine whether the compounds are effective in preventing ER stress-induced cell death in neuronal cells.\n\nNegative control: thapsigargin in DMSO at the testing concentration\nPositive control: No thapsigargin, DMSO only\n\nC17.2 is a mouse neural stem cell line. Mitomycin, N2 supplementation, or reduced serum can induce differentiation of cells into neurons. \nWe tested thapsigargin(TG) concentration from 0.1 uM to 15 uM, while compound concentration was fixed at 25 uM. In this experiment, a compound was classified as \"Active\" if it inhibited ATP loss 30% more than the control at any concentration. Only compound SID-17485018 showed noticeable protection from 10uM thapsigargin.\n\nScoring for single-concentration screening:\n\nActivity scoring rules developed at Sanford-Burnham Center for Chemical Genomics employs a 3-tiered system:\n\nThe first tier (0-40 range) is reserved for primary or single-concentration screening data and therefore is used in this assay. The score is calculated based on the Population Survival Rate in the assay demonstrated by a compound at 25 uM concentration and thapsigargin at 10 uM:\n\n1) a. If the Population Survival Rate is less than 0%, then the assigned score is 0\nb. If the Population Survival Rate is greater than 100%, then the assigned score is 40\nc. If the Population Survival Rate is between 0% and 100%, then the calculated score is (Population Survival Rate  * 0.40)\n\n2) The second tier (41-80 range) is reserved for dose-response confirmation data of the primary hits that are cherry picked from the HTS mother plates and is not applicable in this assay\n\n3) The third tier (81-100 range) is reserved for dry-powder compounds that represent purchased and resynthesized positives and their analogues and is not applicable in this assay.\n\nMouse neural stem cell C17.2 was maintained in DMEM/F12 (50:50) supplied with 10% FBS, 5% Horse serum, 1% L-glutamine, and 100 I.U. Penicillin/ml, 100 ug/ml streptomycin, 250 ng/ml Amphotericin. \n\n1) Seed CSM 14.1 cells at a density of 10,000 cells/well in 2% FBS supplied DMEM (96 well dish, seeding volume is 80uL)\n2) Seed cells at a density of 5,000 cells/well in 1% serum supplied (1/15 diluted) DMEM/F12 (96 well dish, seeding volume is 60uL).\n3) Incubate cells over night\n4) Add N2 supplement and mitomycin (5 ug/ml) within 1% serum-DMEM/F12 (here, volume is 80uL)\n5) Incubate for additional 2 days, and cells will be differentiated into neuron cells\n6) Using multi channel pipette, add 10uL compound containing DMEM (0.1uL of 25 mM compound stock + 0.4uL of DMSO + 9.5uL 1% FBS DMEM/F12) to each well\n7) Incubate cells for 2 hours.\n8) Add 10uL of thapsigargin containing DMEM to the final concentration 0.1uM, 1uM, 5uM, 10 uM, and 15uM by following recipe:\n\n0.1 uM : 0.0005 uL of 20 mM thapsigargin stock + 9.9995 uL of 2% FBS DMEM/F12\n1 uM: 0.005 uL of 20 mM thapsigargin stock +9.995 uL of 2% FBS DMEM/F12\n5 uM: 0.025 uL of 20 mM thapsigargin stock + 9.975 uL of 2% FBS DMEM/F12\n10 uM: 0.05 uL of 20 mM thapsigargin stock + 9.95 uL of 2% FBE DMEM /F12\n15 uM: 0.075 uL of 20 mM thapsigargin stock + 9.925 uL of 2% FBS DMEM/F12\n\n9) Return plate to culture incubator, and incubate for 24 hours.\n10) Using well mate (or multi channel pipette), dispense 20 uL of ATPlite assay solution (Perkin & Elmer) into each well. Wait for 1-3 minutes at room temperature. \n11) Measure luminescence value\n12) Relative Luminescence Units (RLU) recorded from the plate reader are imported into an EXCEL file. Each well's raw value was divided by average of raw values from all wells of Max control- DMSO only/ no thapsigargin and multiplied by 100 to represent percentage relative to control\n13) Data analysis was performed using EXCEL and PRIZM software","schemaURI":"http://www.bioassayontology.org/bas#","annotations":[{"propURI":"http://www.bioassayontology.org/bao#BAO_0000205","propLabel":"assay format","propAbbrev":"bao:BAO_0000205","valueURI":"http://www.bioassayontology.org/bao#BAO_0000219","valueLabel":"cell based format","valueAbbrev":"bao:BAO_0000219","valueDescr":"Involves the use of living cells of eukaryotic origin, derived from a multicellular organism, and is a heterogeneous assay type. Typically, this refers to permanent (immortal) cell lines, or primary cells, or some form of stem cells. This is distinct from a single-celled organism-based format (classically bacteria or yeast).","groupNest":[],"groupLabel":[],"valueHier":["http://www.bioassayontology.org/bao#BAO_0000019"],"labelHier":["assay format"]},{"propURI":"http://www.bioassayontology.org/bao#BAO_0002009","propLabel":"biological process","propAbbrev":"bao:BAO_0002009","valueURI":"http://purl.obolibrary.org/obo/GO_0008219","valueLabel":"cell death","valueAbbrev":"obo:GO_0008219","valueDescr":"Any biological process that results in permanent cessation of all vital functions of a cell. A cell should be considered dead when any one of the following molecular or morphological criteria is met: (1) the cell has lost the integrity of its plasma membrane; (2) the cell, including its nucleus, has undergone complete fragmentation into discrete bodies (frequently referred to as \"apoptotic bodies\"); and/or (3) its corpse (or its fragments) have been engulfed by an adjacent cell in vivo.","groupNest":[],"groupLabel":[],"valueHier":["http://purl.obolibrary.org/obo/GO_0016265","http://purl.obolibrary.org/obo/GO_0044699","http://purl.obolibrary.org/obo/GO_0008150","http://www.bioassayontology.org/bao#BAO_0003114"],"labelHier":["death","single-organism process","biological process","assay biology component"]},{"propURI":"http://www.bioassayontology.org/bao#BAO_0002867","propLabel":"assay footprint","propAbbrev":"bao:BAO_0002867","valueURI":"http://www.bioassayontology.org/bao#BAO_0000513","valueLabel":"96 well plate","valueAbbrev":"bao:BAO_0000513","valueDescr":"This microplate contains 96 wells. It is suitable for a low throughput assay.","groupNest":[],"groupLabel":[],"valueHier":["http://www.bioassayontology.org/bao#BAO_0000508","http://www.bioassayontology.org/bao#BAO_0000512"],"labelHier":["microplate","assay footprint"]},{"propURI":"http://www.bioassayontology.org/bao#BAO_0002663","propLabel":"assay kit","propAbbrev":"bao:BAO_0002663","valueURI":"http://www.bioassayontology.org/bao#BAO_0000689","valueLabel":"ATPLite Luminescence Assay System","valueAbbrev":"bao:BAO_0000689","valueDescr":"","groupNest":[],"groupLabel":[],"valueHier":["http://www.bioassayontology.org/bao#BAO_0000248"],"labelHier":["assay kit"]},{"propURI":"http://www.bioassayontology.org/bao#BAO_0000196","propLabel":"assay mode of action","propAbbrev":"bao:BAO_0000196","valueURI":"http://www.bioassayontology.org/bao#BAO_0000091","valueLabel":"inhibition","valueAbbrev":"bao:BAO_0000091","valueDescr":"Reduction of a predefined stimulus. Unit of Measure is always % when normalized to the dynamic range of the assay.","groupNest":[],"groupLabel":[],"valueHier":["http://www.bioassayontology.org/bao#BAO_0000084","http://www.bioassayontology.org/bao#BAO_0000074"],"labelHier":["ligand function mode of action","mode of action"]},{"propURI":"http://www.bioassayontology.org/bao#BAO_0002848","propLabel":"applies to disease","propAbbrev":"bao:BAO_0002848","valueURI":"http://purl.obolibrary.org/obo/DOID_326","valueLabel":"ischemia","valueAbbrev":"obo:DOID_326","valueDescr":"A vascular disease that is characterized by a restriction in blood supply to tissues.","groupNest":[],"groupLabel":[],"valueHier":["http://purl.obolibrary.org/obo/DOID_178","http://purl.obolibrary.org/obo/DOID_1287","http://purl.obolibrary.org/obo/DOID_7","http://purl.obolibrary.org/obo/DOID_4"],"labelHier":["vascular disease","cardiovascular system disease","disease of anatomical entity","Disease"]},{"propURI":"http://www.bioassayontology.org/bao#BAO_0002848","propLabel":"applies to disease","propAbbrev":"bao:BAO_0002848","valueURI":"http://purl.obolibrary.org/obo/DOID_9351","valueLabel":"diabetes mellitus","valueAbbrev":"obo:DOID_9351","valueDescr":"\nA glucose metabolism disease characterized by chronic hyperglycaemia with disturbances of carbohydrate, fat and protein metabolism resulting from defects in insulin secretion, insulin action, or both.\n","groupNest":[],"groupLabel":[],"valueHier":["http://purl.obolibrary.org/obo/DOID_4194","http://purl.obolibrary.org/obo/DOID_0050013","http://purl.obolibrary.org/obo/DOID_0060158","http://purl.obolibrary.org/obo/DOID_0014667","http://purl.obolibrary.org/obo/DOID_4"],"labelHier":["glucose metabolism disease","carbohydrate metabolism disease","acquired metabolic disease","disease of metabolism","Disease"]},{"propURI":"http://www.bioassayontology.org/bao#BAO_0002855","propLabel":"bioassay","propAbbrev":"bao:BAO_0002855","valueURI":"http://www.bioassayontology.org/bao#BAO_0010001","valueLabel":"cell viability ATP quantitation assay","valueAbbrev":"bao:BAO_0010001","valueDescr":"","groupNest":[],"groupLabel":[],"valueHier":["http://www.bioassayontology.org/bao#BAO_0003009","http://www.bioassayontology.org/bao#BAO_0000015"],"labelHier":["cell viability assay","bioassay"]},{"propURI":"http://www.bioassayontology.org/bao#BAO_0002854","propLabel":"bioassay type","propAbbrev":"bao:BAO_0002854","valueURI":"http://www.bioassayontology.org/bao#BAO_0000010","valueLabel":"functional","valueAbbrev":"bao:BAO_0000010","valueDescr":"An assay where the measured signal corresponds to a complex response such as cell survival, proliferation, localization of a protein, nuclear translocation etc. The molecular target is not assumed.","groupNest":[],"groupLabel":[],"valueHier":["http://www.bioassayontology.org/bao#BAO_0000008"],"labelHier":["bioassay type"]},{"propURI":"http://www.bioassayontology.org/bao#BAO_0095009","propLabel":"assay design method","propAbbrev":"bao:BAO_0095009","valueURI":"http://www.bioassayontology.org/bao#BAO_0002079","valueLabel":"ATP quantitation using luciferase","valueAbbrev":"bao:BAO_0002079","valueDescr":"","groupNest":[],"groupLabel":[],"valueHier":["http://www.bioassayontology.org/bao#BAO_0000164","http://www.bioassayontology.org/bao#BAO_0000127","http://www.bioassayontology.org/bao#BAO_0002202"],"labelHier":["ATP quantitation","viability measurement method","assay design method"]},{"propURI":"http://www.bioassayontology.org/bao#BAO_0000211","propLabel":"target","propAbbrev":"bao:BAO_0000211","valueURI":"http://www.bioassayontology.org/bat#NotApplicable","valueLabel":"not applicable","valueAbbrev":"bat:NotApplicable","valueDescr":"This property does not apply to this assay.","groupNest":[],"groupLabel":[],"valueHier":[],"labelHier":[]},{"propURI":"http://www.bioassayontology.org/bao#BAO_0002009","propLabel":"biological process","propAbbrev":"bao:BAO_0002009","valueURI":"http://purl.obolibrary.org/obo/GO_1904579","valueLabel":"cellular response to thapsigargin","valueAbbrev":"obo:GO_1904579","valueDescr":"Any process that results in a change in state or activity of a cell (in terms of movement, secretion, enzyme production, gene expression, etc.) as a result of a thapsigargin stimulus.","groupNest":[],"groupLabel":[],"valueHier":["http://purl.obolibrary.org/obo/GO_1904578","http://purl.obolibrary.org/obo/GO_1901700","http://purl.obolibrary.org/obo/GO_0042221","http://purl.obolibrary.org/obo/GO_0050896","http://purl.obolibrary.org/obo/GO_0008150","http://www.bioassayontology.org/bao#BAO_0003114"],"labelHier":["response to thapsigargin","response to oxygen-containing compound","response to chemical","response to stimulus","biological process","assay biology component"]},{"propURI":"http://www.bioassayontology.org/bao#BAO_0002009","propLabel":"biological process","propAbbrev":"bao:BAO_0002009","valueURI":"http://purl.obolibrary.org/obo/GO_0006950","valueLabel":"response to stress","valueAbbrev":"obo:GO_0006950","valueDescr":"Any process that results in a change in state or activity of a cell or an organism (in terms of movement, secretion, enzyme production, gene expression, etc.) as a result of a disturbance in organismal or cellular homeostasis, usually, but not necessarily, exogenous (e.g. temperature, humidity, ionizing radiation).","groupNest":[],"groupLabel":[],"valueHier":["http://purl.obolibrary.org/obo/GO_0050896","http://purl.obolibrary.org/obo/GO_0008150","http://www.bioassayontology.org/bao#BAO_0003114"],"labelHier":["response to stimulus","biological process","assay biology component"]},{"propURI":"http://www.bioassayontology.org/bao#BAO_0000207","propLabel":"physical detection method","propAbbrev":"bao:BAO_0000207","valueURI":"http://www.bioassayontology.org/bao#BAO_0000050","valueLabel":"bioluminescence","valueAbbrev":"bao:BAO_0000050","valueDescr":"Bioluminescence refers to the production and emission of light by a living organism. Bioluminescence is a naturally occurring form of chemiluminescence whereby energy is released by a chemical reaction in the form of light emission. The chemical reaction can occur either inside or outside the cell, and can be detected using a plate reader or a charge-coupled device (CCD) camera.","groupNest":[],"groupLabel":[],"valueHier":["http://www.bioassayontology.org/bao#BAO_0000045","http://www.bioassayontology.org/bao#BAO_0000035"],"labelHier":["luminescence method","physical detection method"]},{"propURI":"http://www.bioassayontology.org/bao#BAO_0000185","propLabel":"perturbagen type","propAbbrev":"bao:BAO_0000185","valueURI":"http://www.bioassayontology.org/bao#BAO_0000733","valueLabel":"MLSMR library","valueAbbrev":"bao:BAO_0000733","valueDescr":"","groupNest":[],"groupLabel":[],"valueHier":["http://www.bioassayontology.org/bao#BAO_0000648","http://www.bioassayontology.org/bao#BAO_0000661","http://www.bioassayontology.org/bao#BAO_0003120"],"labelHier":["compound library","perturbagen library","assay screened entity component"]},{"propURI":"http://www.bioassayontology.org/bao#BAO_0000208","propLabel":"result","propAbbrev":"bao:BAO_0000208","valueURI":"http://www.bioassayontology.org/bao#BAO_0000202","valueLabel":"percent cell viability","valueAbbrev":"bao:BAO_0000202","valueDescr":"It is a measure of living cells in a culture well. Unit of Measure is always % when normalized to the dynamic range of the assay. It can be estimated in the compound treated wells in comparison to vehicle-treated control wells and is expressed as a percent.\nViability is determined by measuring tetrazolium salt and alamar blue reduction, staining with selective fluorescent dyes, or ATP content. ATP levels are detected using a luminescence based assay kit such as CellTiter-Glo (Promega). ATP values higher than controls indicate proliferation and cultures with ATP concentrations lower than controls indicates cytotoxicity.\nPercent viability = 100-percent cytotoxicity","groupNest":[],"groupLabel":[],"altLabels":["% viability"],"valueHier":["http://www.bioassayontology.org/bao#BAO_0001103","http://www.bioassayontology.org/bao#BAO_0000082","http://www.bioassayontology.org/bao#BAO_0000181","http://www.bioassayontology.org/bao#BAO_0000179"],"labelHier":["percent activity","percent response","response endpoint","endpoint"]},{"propURI":"http://www.bioassayontology.org/bao#BAO_0002874","propLabel":"units","propAbbrev":"bao:BAO_0002874","valueURI":"http://purl.obolibrary.org/obo/UO_0000187","valueLabel":"percent","valueAbbrev":"obo:UO_0000187","valueDescr":"A dimensionless ratio unit which denotes numbers as fractions of 100.","groupNest":["http://www.bioassayontology.org/bao#BAX_0000017"],"groupLabel":["measurement"],"valueHier":["http://purl.obolibrary.org/obo/UO_0000190","http://purl.obolibrary.org/obo/UO_0000186","http://purl.obolibrary.org/obo/UO_0000000"],"labelHier":["ratio","dimensionless unit","unit"]},{"propURI":"http://www.bioassayontology.org/bao#BAO_0000210","propLabel":"screening campaign stage","propAbbrev":"bao:BAO_0000210","valueURI":"http://www.bioassayontology.org/bao#BAO_0001065","valueLabel":"alternate cell line assay","valueAbbrev":"bao:BAO_0001065","valueDescr":"This assay is performed with a different cell line than that was tested in primary or confirmatory assays.","groupNest":[],"groupLabel":[],"valueHier":["http://www.bioassayontology.org/bao#BAO_0000478","http://www.bioassayontology.org/bao#BAO_0000032","http://www.bioassayontology.org/bao#BAO_0000029"],"labelHier":["selectivity assay","secondary assay","assay screening campaign stage"]},{"propURI":"http://www.bioassayontology.org/bao#BAO_0002865","propLabel":"detection instrument","propAbbrev":"bao:BAO_0002865","valueURI":"http://www.bioassayontology.org/bat#Unknown","valueLabel":"unknown","valueAbbrev":"bat:Unknown","valueDescr":"There should be a term assigned to this property but the value was not specified in the source information.","groupNest":[],"groupLabel":[],"valueHier":[],"labelHier":[]},{"propURI":"http://www.bioassayontology.org/bao#BAO_0002921","propLabel":"organism","propAbbrev":"bao:BAO_0002921","valueURI":"http://purl.obolibrary.org/obo/NCBITaxon_10090","valueLabel":"Mus musculus","valueAbbrev":"obo:NCBITaxon_10090","valueDescr":"","groupNest":[],"groupLabel":[],"altLabels":["mouse","mice C57BL/6xCBA/CaJ hybrid","house mouse","Mus muscaris"],"valueHier":["http://www.bioassayontology.org/bao#BAO_0000362","http://www.bioassayontology.org/bao#BAO_0000510","http://www.bioassayontology.org/bao#BAO_0000659","http://www.bioassayontology.org/bao#BAO_0000509","http://www.bioassayontology.org/bao#BAO_0000658","http://www.bioassayontology.org/bao#BAO_0000551"],"labelHier":["mammalian","vertebrate","metazoa","eukaryote","cellular organisms","organism"]},{"propURI":"http://www.bioassayontology.org/bao#BAO_0002852","propLabel":"assay sources","propAbbrev":"bao:BAO_0002852","valueURI":"http://www.bioassayexpress.org/sources#SRC_0000002","valueLabel":"Center for Chemical Genomics (Sanford-Burnham)","valueAbbrev":"src:SRC_0000002","valueDescr":"Sanford-Burnham Center for Chemical Genomics.","groupNest":[],"groupLabel":[],"externalURLs":["http://cpccg.sanfordburnham.org"],"valueHier":["http://www.bioassayexpress.org/sources#pubchem_sources","http://www.bioassayontology.org/bao#BAO_0002934"],"labelHier":["PubChem Sources","organization"]},{"propURI":"http://www.bioassayontology.org/bao#BAO_0002800","propLabel":"assay cell line","propAbbrev":"bao:BAO_0002800","valueURI":"http://purl.obolibrary.org/obo/CLO_0037251","valueLabel":"C17.2 cell","valueAbbrev":"obo:CLO_0037251","valueDescr":"","groupNest":[],"groupLabel":[],"valueHier":["http://purl.obolibrary.org/obo/CLO_0000019","http://purl.obolibrary.org/obo/CLO_0000001"],"labelHier":["immortal cell line cell","cell line cell"]},{"propURI":"http://www.bioassayontology.org/bao#BAO_0000539","valueLabel":"pubchemAID:1010","propAbbrev":"bao:BAO_0000539","groupNest":[],"propLabel":"related assays","groupLabel":[]},{"propURI":"http://www.bioassayontology.org/bao#BAO_0000539","valueLabel":"pubchemAID:1247","propAbbrev":"bao:BAO_0000539","groupNest":[],"propLabel":"related assays","groupLabel":[]},{"propURI":"http://www.bioassayontology.org/bao#BAO_0000539","valueLabel":"pubchemAID:1343","propAbbrev":"bao:BAO_0000539","groupNest":[],"propLabel":"related assays","groupLabel":[]},{"propURI":"http://www.bioassayontology.org/bao#BAO_0000539","valueLabel":"pubchemAID:1344","propAbbrev":"bao:BAO_0000539","groupNest":[],"propLabel":"related assays","groupLabel":[]},{"propURI":"http://www.bioassayontology.org/bao#BAO_0000539","valueLabel":"pubchemAID:1345","propAbbrev":"bao:BAO_0000539","groupNest":[],"propLabel":"related assays","groupLabel":[]},{"propURI":"http://www.bioassayontology.org/bao#BAO_0000539","valueLabel":"pubchemAID:1346","propAbbrev":"bao:BAO_0000539","groupNest":[],"propLabel":"related assays","groupLabel":[]},{"propURI":"http://www.bioassayontology.org/bao#BAO_0000539","valueLabel":"pubchemAID:1347","propAbbrev":"bao:BAO_0000539","groupNest":[],"propLabel":"related assays","groupLabel":[]},{"propURI":"http://www.bioassayontology.org/bao#BAO_0000539","valueLabel":"pubchemAID:1348","propAbbrev":"bao:BAO_0000539","groupNest":[],"propLabel":"related assays","groupLabel":[]},{"propURI":"http://www.bioassayontology.org/bao#BAO_0000539","valueLabel":"pubchemAID:1349","propAbbrev":"bao:BAO_0000539","groupNest":[],"propLabel":"related assays","groupLabel":[]},{"propURI":"http://www.bioassayontology.org/bao#BAO_0000539","valueLabel":"pubchemAID:1350","propAbbrev":"bao:BAO_0000539","groupNest":[],"propLabel":"related assays","groupLabel":[]},{"propURI":"http://www.bioassayontology.org/bao#BAO_0000539","valueLabel":"pubchemAID:1351","propAbbrev":"bao:BAO_0000539","groupNest":[],"propLabel":"related assays","groupLabel":[]},{"propURI":"http://www.bioassayontology.org/bao#BAO_0000539","valueLabel":"pubchemAID:1352","propAbbrev":"bao:BAO_0000539","groupNest":[],"propLabel":"related assays","groupLabel":[]},{"propURI":"http://www.bioassayontology.org/bao#BAO_0000539","valueLabel":"pubchemAID:1354","propAbbrev":"bao:BAO_0000539","groupNest":[],"propLabel":"related assays","groupLabel":[]},{"propURI":"http://www.bioassayontology.org/bao#BAO_0000539","valueLabel":"pubchemAID:1355","propAbbrev":"bao:BAO_0000539","groupNest":[],"propLabel":"related assays","groupLabel":[]},{"propURI":"http://www.bioassayontology.org/bao#BAO_0000539","valueLabel":"pubchemAID:1356","propAbbrev":"bao:BAO_0000539","groupNest":[],"propLabel":"related assays","groupLabel":[]},{"propURI":"http://www.bioassayontology.org/bao#BAO_0000539","valueLabel":"pubchemAID:1357","propAbbrev":"bao:BAO_0000539","groupNest":[],"propLabel":"related assays","groupLabel":[]},{"propURI":"http://www.bioassayontology.org/bao#BAO_0000539","valueLabel":"pubchemAID:1358","propAbbrev":"bao:BAO_0000539","groupNest":[],"propLabel":"related assays","groupLabel":[]},{"propURI":"http://www.bioassayontology.org/bao#BAO_0000539","valueLabel":"pubchemAID:1360","propAbbrev":"bao:BAO_0000539","groupNest":[],"propLabel":"related assays","groupLabel":[]},{"propURI":"http://www.bioassayontology.org/bao#BAO_0000539","valueLabel":"pubchemAID:1386","propAbbrev":"bao:BAO_0000539","groupNest":[],"propLabel":"related assays","groupLabel":[]},{"propURI":"http://www.bioassayontology.org/bao#BAO_0000539","valueLabel":"pubchemAID:1387","propAbbrev":"bao:BAO_0000539","groupNest":[],"propLabel":"related assays","groupLabel":[]},{"propURI":"http://www.bioassayontology.org/bao#BAO_0000539","valueLabel":"pubchemAID:1388","propAbbrev":"bao:BAO_0000539","groupNest":[],"propLabel":"related assays","groupLabel":[]},{"propURI":"http://www.bioassayontology.org/bao#BAO_0000539","valueLabel":"pubchemAID:1389","propAbbrev":"bao:BAO_0000539","groupNest":[],"propLabel":"related assays","groupLabel":[]},{"propURI":"http://www.bioassayontology.org/bao#BAO_0000539","valueLabel":"pubchemAID:1390","propAbbrev":"bao:BAO_0000539","groupNest":[],"propLabel":"related assays","groupLabel":[]},{"propURI":"http://www.bioassayontology.org/bao#BAO_0000539","valueLabel":"pubchemAID:1391","propAbbrev":"bao:BAO_0000539","groupNest":[],"propLabel":"related assays","groupLabel":[]},{"propURI":"http://www.bioassayontology.org/bao#BAO_0002853","valueLabel":"Test of compound activity against thapsigargin-induced cell death using ATP content assay in differentiated mouse neural stem cell C17.2.","propAbbrev":"bao:BAO_0002853","groupNest":[],"propLabel":"assay title","groupLabel":[]}],"pubchemXRef":[{"type":"aid","id":"1010","comment":""},{"type":"aid","id":"1247","comment":""},{"type":"aid","id":"1343","comment":""},{"type":"aid","id":"1344","comment":""},{"type":"aid","id":"1345","comment":""},{"type":"aid","id":"1346","comment":""},{"type":"aid","id":"1347","comment":""},{"type":"aid","id":"1348","comment":""},{"type":"aid","id":"1349","comment":""},{"type":"aid","id":"1350","comment":""},{"type":"aid","id":"1351","comment":""},{"type":"aid","id":"1352","comment":""},{"type":"aid","id":"1354","comment":""},{"type":"aid","id":"1355","comment":""},{"type":"aid","id":"1356","comment":""},{"type":"aid","id":"1357","comment":""},{"type":"aid","id":"1358","comment":""},{"type":"aid","id":"1360","comment":""},{"type":"aid","id":"1386","comment":""},{"type":"aid","id":"1387","comment":""},{"type":"aid","id":"1388","comment":""},{"type":"aid","id":"1389","comment":""},{"type":"aid","id":"1390","comment":""},{"type":"aid","id":"1391","comment":""},{"type":"pmid","id":"16200199","comment":""},{"type":"pmid","id":"15617599","comment":""},{"type":"dburl","id":"http://cpccg.burnham.org","comment":""},{"type":"taxonomy","id":"10090","comment":""}],"curationTime":1522865622356,"curatorID":"google:108375455890260223170","curatorName":"","curatorEmail":"aclark.xyz@gmail.com","history":[{"curationTime":1482253574847,"curatorID":"orcid:0000-0003-2629-5583","annotsAdded":[{"propURI":"http://www.bioassayontology.org/bao#BAO_0002800","propLabel":"assay cell line","propAbbrev":"bao:BAO_0002800","valueURI":"http://www.bioassayontology.org/bao#BAO_0030046","valueAbbrev":"bao:BAO_0030046","valueHier":[],"labelHier":[],"outOfSchema":true}],"annotsRemoved":[{"propURI":"http://www.bioassayontology.org/bao#BAO_0002800","propLabel":"assay cell line","propAbbrev":"bao:BAO_0002800","valueURI":"http://www.bioassayontology.org/bat#RequiresTerm","valueLabel":"requires term","valueAbbrev":"bat:RequiresTerm","valueDescr":"An appropriate term could not be found in the underlying ontologies: it may be necessary to create a new one.","valueHier":[],"labelHier":[]}],"labelsAdded":[{"propURI":"http://www.bioassayontology.org/bao#BAO_0002800","valueLabel":"","propAbbrev":"bao:BAO_0002800","propLabel":"assay cell line"}],"labelsRemoved":[{"propURI":"http://www.bioassayontology.org/bao#BAO_0002800","valueLabel":"requires term","propAbbrev":"bao:BAO_0002800","propLabel":"assay cell line"}]},{"curationTime":1492468130933,"curatorID":"admin","annotsAdded":[{"propURI":"http://www.bioassayontology.org/bao#BAO_0002854","propLabel":"bioassay type","propAbbrev":"bao:BAO_0002854","valueURI":"http://www.bioassayontology.org/bao#BAO_0000010","valueLabel":"functional","valueAbbrev":"bao:BAO_0000010","valueDescr":"An assay where the measured signal corresponds to a complex response such as cell survival, proliferation, localization of a protein, nuclear translocation etc. The molecular target is not assumed.","valueHier":["http://www.bioassayontology.org/bao#BAO_0000008"],"labelHier":["bioassay type"]}],"annotsRemoved":[{"propURI":"http://www.bioassayontology.org/bao#BAX_0000002","propLabel":"has bioassay type","propAbbrev":"bao:BAX_0000002","valueURI":"http://www.bioassayontology.org/bao#BAO_0000010","valueLabel":"functional","valueAbbrev":"bao:BAO_0000010","valueDescr":"An assay where the measured signal corresponds to a complex response such as cell survival, proliferation, localization of a protein, nuclear translocation etc. The molecular target is not assumed.","valueHier":[],"labelHier":[],"outOfSchema":true}],"labelsAdded":[{"propURI":"http://www.bioassayontology.org/bao#BAO_0002854","valueLabel":"functional","propAbbrev":"bao:BAO_0002854","propLabel":"bioassay type"}],"labelsRemoved":[{"propURI":"http://www.bioassayontology.org/bao#BAX_0000002","valueLabel":"functional","propAbbrev":"bao:BAX_0000002","propLabel":"has bioassay type"}]},{"curationTime":1492468130933,"curatorID":"admin","annotsAdded":[{"propURI":"http://www.bioassayontology.org/bao#BAO_0002009","propLabel":"biological process","propAbbrev":"bao:BAO_0002009","valueURI":"http://purl.obolibrary.org/obo/GO_1904579","valueLabel":"cellular response to thapsigargin","valueAbbrev":"obo:GO_1904579","valueDescr":"Any process that results in a change in state or activity of a cell (in terms of movement, secretion, enzyme production, gene expression, etc.) as a result of a thapsigargin stimulus.","valueHier":["http://purl.obolibrary.org/obo/GO_1904578","http://purl.obolibrary.org/obo/GO_1901700","http://purl.obolibrary.org/obo/GO_0042221","http://purl.obolibrary.org/obo/GO_0050896","http://purl.obolibrary.org/obo/GO_0008150","http://www.bioassayontology.org/bao#BAO_0003114"],"labelHier":["response to thapsigargin","response to oxygen-containing compound","response to chemical","response to stimulus","biological process","assay biology component"]},{"propURI":"http://www.bioassayontology.org/bao#BAO_0002009","propLabel":"biological process","propAbbrev":"bao:BAO_0002009","valueURI":"http://purl.obolibrary.org/obo/GO_0006950","valueLabel":"response to stress","valueAbbrev":"obo:GO_0006950","valueDescr":"Any process that results in a change in state or activity of a cell or an organism (in terms of movement, secretion, enzyme production, gene expression, etc.) as a result of a disturbance in organismal or cellular homeostasis, usually, but not necessarily, exogenous (e.g. temperature, humidity, ionizing radiation).","valueHier":["http://purl.obolibrary.org/obo/GO_0050896","http://purl.obolibrary.org/obo/GO_0008150","http://www.bioassayontology.org/bao#BAO_0003114"],"labelHier":["response to stimulus","biological process","assay biology component"]},{"propURI":"http://www.bioassayontology.org/bao#BAO_0002009","propLabel":"biological process","propAbbrev":"bao:BAO_0002009","valueURI":"http://purl.obolibrary.org/obo/GO_0008219","valueLabel":"cell death","valueAbbrev":"obo:GO_0008219","valueDescr":"Any biological process that results in permanent cessation of all vital functions of a cell. A cell should be considered dead when any one of the following molecular or morphological criteria is met: (1) the cell has lost the integrity of its plasma membrane; (2) the cell, including its nucleus, has undergone complete fragmentation into discrete bodies (frequently referred to as \"apoptotic bodies\"); and/or (3) its corpse (or its fragments) have been engulfed by an adjacent cell in vivo.","valueHier":["http://purl.obolibrary.org/obo/GO_0016265","http://purl.obolibrary.org/obo/GO_0044699","http://purl.obolibrary.org/obo/GO_0008150","http://www.bioassayontology.org/bao#BAO_0003114"],"labelHier":["death","single-organism process","biological process","assay biology component"]}],"annotsRemoved":[{"propURI":"http://www.bioassayontology.org/bao#BAX_0000004","propAbbrev":"bao:BAX_0000004","valueURI":"http://purl.obolibrary.org/obo/GO_0006950","valueLabel":"response to stress","valueAbbrev":"obo:GO_0006950","valueDescr":"Any process that results in a change in state or activity of a cell or an organism (in terms of movement, secretion, enzyme production, gene expression, etc.) as a result of a disturbance in organismal or cellular homeostasis, usually, but not necessarily, exogenous (e.g. temperature, humidity, ionizing radiation).","valueHier":[],"labelHier":[],"outOfSchema":true},{"propURI":"http://www.bioassayontology.org/bao#BAX_0000004","propAbbrev":"bao:BAX_0000004","valueURI":"http://purl.obolibrary.org/obo/GO_1904579","valueLabel":"cellular response to thapsigargin","valueAbbrev":"obo:GO_1904579","valueDescr":"Any process that results in a change in state or activity of a cell (in terms of movement, secretion, enzyme production, gene expression, etc.) as a result of a thapsigargin stimulus.","valueHier":[],"labelHier":[],"outOfSchema":true},{"propURI":"http://www.bioassayontology.org/bao#BAX_0000004","propAbbrev":"bao:BAX_0000004","valueURI":"http://purl.obolibrary.org/obo/GO_0008219","valueLabel":"cell death","valueAbbrev":"obo:GO_0008219","valueDescr":"Any biological process that results in permanent cessation of all vital functions of a cell. A cell should be considered dead when any one of the following molecular or morphological criteria is met: (1) the cell has lost the integrity of its plasma membrane; (2) the cell, including its nucleus, has undergone complete fragmentation into discrete bodies (frequently referred to as \"apoptotic bodies\"); and/or (3) its corpse (or its fragments) have been engulfed by an adjacent cell in vivo.","valueHier":[],"labelHier":[],"outOfSchema":true}],"labelsAdded":[{"propURI":"http://www.bioassayontology.org/bao#BAO_0002009","valueLabel":"cellular response to thapsigargin","propAbbrev":"bao:BAO_0002009","propLabel":"biological process"},{"propURI":"http://www.bioassayontology.org/bao#BAO_0002009","valueLabel":"response to stress","propAbbrev":"bao:BAO_0002009","propLabel":"biological process"},{"propURI":"http://www.bioassayontology.org/bao#BAO_0002009","valueLabel":"cell death","propAbbrev":"bao:BAO_0002009","propLabel":"biological process"}],"labelsRemoved":[{"propURI":"http://www.bioassayontology.org/bao#BAX_0000004","valueLabel":"response to stress","propAbbrev":"bao:BAX_0000004"},{"propURI":"http://www.bioassayontology.org/bao#BAX_0000004","valueLabel":"cellular response to thapsigargin","propAbbrev":"bao:BAX_0000004"},{"propURI":"http://www.bioassayontology.org/bao#BAX_0000004","valueLabel":"cell death","propAbbrev":"bao:BAX_0000004"}]},{"curationTime":1492468130933,"curatorID":"admin","annotsAdded":[{"propURI":"http://www.bioassayontology.org/bao#BAO_0002848","propLabel":"applies to disease","propAbbrev":"bao:BAO_0002848","valueURI":"http://purl.obolibrary.org/obo/DOID_326","valueLabel":"ischemia","valueAbbrev":"obo:DOID_326","valueDescr":"A vascular disease that is characterized by a restriction in blood supply to tissues.","valueHier":["http://purl.obolibrary.org/obo/DOID_178","http://purl.obolibrary.org/obo/DOID_1287","http://purl.obolibrary.org/obo/DOID_7","http://purl.obolibrary.org/obo/DOID_4"],"labelHier":["vascular disease","cardiovascular system disease","disease of anatomical entity","Disease"]},{"propURI":"http://www.bioassayontology.org/bao#BAO_0002848","propLabel":"applies to disease","propAbbrev":"bao:BAO_0002848","valueURI":"http://purl.obolibrary.org/obo/DOID_9351","valueLabel":"diabetes mellitus","valueAbbrev":"obo:DOID_9351","valueDescr":"\nA glucose metabolism disease characterized by chronic hyperglycaemia with disturbances of carbohydrate, fat and protein metabolism resulting from defects in insulin secretion, insulin action, or both.\n","valueHier":["http://purl.obolibrary.org/obo/DOID_4194","http://purl.obolibrary.org/obo/DOID_0050013","http://purl.obolibrary.org/obo/DOID_0060158","http://purl.obolibrary.org/obo/DOID_0014667","http://purl.obolibrary.org/obo/DOID_4"],"labelHier":["glucose metabolism disease","carbohydrate metabolism disease","acquired metabolic disease","disease of metabolism","Disease"]}],"annotsRemoved":[{"propURI":"http://www.bioassayontology.org/bao#BAX_0000010","propAbbrev":"bao:BAX_0000010","valueURI":"http://purl.obolibrary.org/obo/DOID_326","valueLabel":"ischemia","valueAbbrev":"obo:DOID_326","valueDescr":"A vascular disease that is characterized by a restriction in blood supply to tissues.","valueHier":[],"labelHier":[],"outOfSchema":true},{"propURI":"http://www.bioassayontology.org/bao#BAX_0000010","propAbbrev":"bao:BAX_0000010","valueURI":"http://purl.obolibrary.org/obo/DOID_9351","valueLabel":"diabetes mellitus","valueAbbrev":"obo:DOID_9351","valueDescr":"\nA glucose metabolism disease characterized by chronic hyperglycaemia with disturbances of carbohydrate, fat and protein metabolism resulting from defects in insulin secretion, insulin action, or both.\n","valueHier":[],"labelHier":[],"outOfSchema":true}],"labelsAdded":[{"propURI":"http://www.bioassayontology.org/bao#BAO_0002848","valueLabel":"ischemia","propAbbrev":"bao:BAO_0002848","propLabel":"applies to disease"},{"propURI":"http://www.bioassayontology.org/bao#BAO_0002848","valueLabel":"diabetes mellitus","propAbbrev":"bao:BAO_0002848","propLabel":"applies to disease"}],"labelsRemoved":[{"propURI":"http://www.bioassayontology.org/bao#BAX_0000010","valueLabel":"ischemia","propAbbrev":"bao:BAX_0000010"},{"propURI":"http://www.bioassayontology.org/bao#BAX_0000010","valueLabel":"diabetes mellitus","propAbbrev":"bao:BAX_0000010"}]},{"curationTime":1492468130933,"curatorID":"admin","annotsAdded":[{"propURI":"http://www.bioassayontology.org/bao#BAO_0000208","propLabel":"result","propAbbrev":"bao:BAO_0000208","valueURI":"http://www.bioassayontology.org/bao#BAO_0000202","valueLabel":"percent cell viability","valueAbbrev":"bao:BAO_0000202","valueDescr":"It is a measure of living cells in a culture well. Unit of Measure is always % when normalized to the dynamic range of the assay. It can be estimated in the compound treated wells in comparison to vehicle-treated control wells and is expressed as a percent.\nViability is determined by measuring tetrazolium salt and alamar blue reduction, staining with selective fluorescent dyes, or ATP content. ATP levels are detected using a luminescence based assay kit such as CellTiter-Glo (Promega). ATP values higher than controls indicate proliferation and cultures with ATP concentrations lower than controls indicates cytotoxicity.\nPercent viability = 100-percent cytotoxicity","altLabels":["% viability"],"valueHier":["http://www.bioassayontology.org/bao#BAO_0001103","http://www.bioassayontology.org/bao#BAO_0000082","http://www.bioassayontology.org/bao#BAO_0000181","http://www.bioassayontology.org/bao#BAO_0000179"],"labelHier":["percent activity","percent response","response endpoint","endpoint"]}],"annotsRemoved":[{"propURI":"http://www.bioassayontology.org/bao#BAX_0000006","propAbbrev":"bao:BAX_0000006","valueURI":"http://www.bioassayontology.org/bao#BAO_0000202","valueLabel":"percent cell viability","valueAbbrev":"bao:BAO_0000202","valueDescr":"It is a measure of living cells in a culture well. Unit of Measure is always % when normalized to the dynamic range of the assay. It can be estimated in the compound treated wells in comparison to vehicle-treated control wells and is expressed as a percent.\nViability is determined by measuring tetrazolium salt and alamar blue reduction, staining with selective fluorescent dyes, or ATP content. ATP levels are detected using a luminescence based assay kit such as CellTiter-Glo (Promega). ATP values higher than controls indicate proliferation and cultures with ATP concentrations lower than controls indicates cytotoxicity.\nPercent viability = 100-percent cytotoxicity","valueHier":[],"labelHier":[],"outOfSchema":true}],"labelsAdded":[{"propURI":"http://www.bioassayontology.org/bao#BAO_0000208","valueLabel":"percent cell viability","propAbbrev":"bao:BAO_0000208","propLabel":"result"}],"labelsRemoved":[{"propURI":"http://www.bioassayontology.org/bao#BAX_0000006","valueLabel":"percent cell viability","propAbbrev":"bao:BAX_0000006"}]},{"curationTime":1492468130933,"curatorID":"admin","annotsAdded":[{"propURI":"http://www.bioassayontology.org/bao#BAO_0002874","propLabel":"units","propAbbrev":"bao:BAO_0002874","valueURI":"http://purl.org/obo/owl/UO#UO_0000187","valueLabel":"percent","valueAbbrev":"uo:UO_0000187","valueDescr":"","valueHier":[],"labelHier":[],"outOfSchema":true}],"annotsRemoved":[{"propURI":"http://www.bioassayontology.org/bao#BAX_0000007","propAbbrev":"bao:BAX_0000007","valueURI":"http://purl.org/obo/owl/UO#UO_0000187","valueLabel":"percent","valueAbbrev":"uo:UO_0000187","valueDescr":"","valueHier":[],"labelHier":[],"outOfSchema":true}],"labelsAdded":[{"propURI":"http://www.bioassayontology.org/bao#BAO_0002874","valueLabel":"percent","propAbbrev":"bao:BAO_0002874","propLabel":"units"}],"labelsRemoved":[{"propURI":"http://www.bioassayontology.org/bao#BAX_0000007","valueLabel":"percent","propAbbrev":"bao:BAX_0000007"}]},{"curationTime":1492468130933,"curatorID":"admin","annotsAdded":[{"propURI":"http://www.bioassayontology.org/bao#BAO_0095009","propLabel":"assay design method","propAbbrev":"bao:BAO_0095009","valueURI":"http://www.bioassayontology.org/bao#BAO_0002079","valueLabel":"ATP quantitation using luciferase","valueAbbrev":"bao:BAO_0002079","valueDescr":"","valueHier":["http://www.bioassayontology.org/bao#BAO_0000164","http://www.bioassayontology.org/bao#BAO_0000127","http://www.bioassayontology.org/bao#BAO_0002202"],"labelHier":["ATP quantitation","viability measurement method","assay design method"]}],"annotsRemoved":[{"propURI":"http://www.bioassayontology.org/bao#BAX_0000003","propAbbrev":"bao:BAX_0000003","valueURI":"http://www.bioassayontology.org/bao#BAO_0002079","valueLabel":"ATP quantitation using luciferase","valueAbbrev":"bao:BAO_0002079","valueDescr":"","valueHier":[],"labelHier":[],"outOfSchema":true}],"labelsAdded":[{"propURI":"http://www.bioassayontology.org/bao#BAO_0095009","valueLabel":"ATP quantitation using luciferase","propAbbrev":"bao:BAO_0095009","propLabel":"assay design method"}],"labelsRemoved":[{"propURI":"http://www.bioassayontology.org/bao#BAX_0000003","valueLabel":"ATP quantitation using luciferase","propAbbrev":"bao:BAX_0000003"}]},{"curationTime":1492468130933,"curatorID":"admin","annotsAdded":[{"propURI":"http://www.bioassayontology.org/bao#BAO_0000211","propLabel":"target","propAbbrev":"bao:BAO_0000211","valueURI":"http://www.bioassayontology.org/bat#NotApplicable","valueLabel":"not applicable","valueAbbrev":"bat:NotApplicable","valueDescr":"This property does not apply to this assay.","valueHier":[],"labelHier":[]}],"annotsRemoved":[{"propURI":"http://www.bioassayontology.org/bao#BAX_0000005","propAbbrev":"bao:BAX_0000005","valueURI":"http://www.bioassayontology.org/bat#NotApplicable","valueLabel":"not applicable","valueAbbrev":"bat:NotApplicable","valueDescr":"This property does not apply to this assay.","valueHier":[],"labelHier":[]}],"labelsAdded":[{"propURI":"http://www.bioassayontology.org/bao#BAO_0000211","valueLabel":"not applicable","propAbbrev":"bao:BAO_0000211","propLabel":"target"}],"labelsRemoved":[{"propURI":"http://www.bioassayontology.org/bao#BAX_0000005","valueLabel":"not applicable","propAbbrev":"bao:BAX_0000005"}]},{"curationTime":1492468130933,"curatorID":"admin","annotsAdded":[{"propURI":"http://www.bioassayontology.org/bao#BAO_0002855","propLabel":"bioassay","propAbbrev":"bao:BAO_0002855","valueURI":"http://www.bioassayontology.org/bao#BAO_0010001","valueLabel":"cell viability ATP quantitation assay","valueAbbrev":"bao:BAO_0010001","valueDescr":"","valueHier":["http://www.bioassayontology.org/bao#BAO_0003009","http://www.bioassayontology.org/bao#BAO_0000015"],"labelHier":["cell viability assay","bioassay"]}],"annotsRemoved":[{"propURI":"http://www.bioassayontology.org/bao#BAX_0000002","propLabel":"has bioassay type","propAbbrev":"bao:BAX_0000002","valueURI":"http://www.bioassayontology.org/bao#BAO_0010001","valueLabel":"cell viability ATP quantitation assay","valueAbbrev":"bao:BAO_0010001","valueDescr":"","valueHier":[],"labelHier":[],"outOfSchema":true}],"labelsAdded":[{"propURI":"http://www.bioassayontology.org/bao#BAO_0002855","valueLabel":"cell viability ATP quantitation assay","propAbbrev":"bao:BAO_0002855","propLabel":"bioassay"}],"labelsRemoved":[{"propURI":"http://www.bioassayontology.org/bao#BAX_0000002","valueLabel":"cell viability ATP quantitation assay","propAbbrev":"bao:BAX_0000002","propLabel":"has bioassay type"}]},{"curationTime":1492468130933,"curatorID":"admin","annotsAdded":[{"propURI":"http://www.bioassayontology.org/bao#BAO_0002874","propLabel":"units","propAbbrev":"bao:BAO_0002874","valueURI":"http://purl.obolibrary.org/obo/UO_0000187","valueLabel":"percent","valueAbbrev":"obo:UO_0000187","valueDescr":"A dimensionless ratio unit which denotes numbers as fractions of 100.","valueHier":["http://purl.obolibrary.org/obo/UO_0000190","http://purl.obolibrary.org/obo/UO_0000186","http://purl.obolibrary.org/obo/UO_0000000"],"labelHier":["ratio","dimensionless unit","unit"]}],"annotsRemoved":[{"propURI":"http://www.bioassayontology.org/bao#BAO_0002874","propLabel":"units","propAbbrev":"bao:BAO_0002874","valueURI":"http://purl.org/obo/owl/UO#UO_0000187","valueLabel":"percent","valueAbbrev":"uo:UO_0000187","valueDescr":"","valueHier":[],"labelHier":[],"outOfSchema":true}],"labelsAdded":[{"propURI":"http://www.bioassayontology.org/bao#BAO_0002874","valueLabel":"percent","propAbbrev":"bao:BAO_0002874","propLabel":"units"}],"labelsRemoved":[{"propURI":"http://www.bioassayontology.org/bao#BAO_0002874","valueLabel":"percent","propAbbrev":"bao:BAO_0002874","propLabel":"units"}]},{"curationTime":1522865622356,"curatorID":"google:108375455890260223170","curatorName":"","curatorEmail":"aclark.xyz@gmail.com","annotsAdded":[{"propURI":"http://www.bioassayontology.org/bao#BAO_0002800","propLabel":"assay cell line","propAbbrev":"bao:BAO_0002800","valueURI":"http://purl.obolibrary.org/obo/CLO_0037251","valueLabel":"C17.2 cell","valueAbbrev":"obo:CLO_0037251","valueDescr":"","valueHier":["http://purl.obolibrary.org/obo/CLO_0000019","http://purl.obolibrary.org/obo/CLO_0000001"],"labelHier":["immortal cell line cell","cell line cell"]}],"annotsRemoved":[{"propURI":"http://www.bioassayontology.org/bao#BAO_0002800","propLabel":"assay cell line","propAbbrev":"bao:BAO_0002800","valueURI":"http://www.bioassayontology.org/bao#BAO_0030046","valueAbbrev":"bao:BAO_0030046","valueHier":[],"labelHier":[],"outOfSchema":true}],"labelsAdded":[],"labelsRemoved":[]}],"holdingIDList":[]}