{"assayID":8307,"uniqueID":"Z\u2032-LYTE - NTRK3 (TRKC) - Direct Format","schemaURI":"http://www.bioassayontology.org/pistoia#","annotations":[{"propURI":"http://www.bioassayontology.org/bao#BAO_0002739","propLabel":"substrate","propAbbrev":"bao:BAO_0002739","valueURI":"http://www.bioassayexpress.org/bae#0000182","valueLabel":"Tyr 01","valueAbbrev":"bae:0000182","valueDescr":"","groupNest":["http://rdf.pistoia.com/bae#PA_000045"],"groupLabel":["Molecular Assay Details"],"valueHier":["http://www.bioassayexpress.org/bae#0000161","http://www.bioassayontology.org/bao#BAO_0003063"],"labelHier":["Z'-LYTE Substrate","substrate"]},{"propURI":"http://rdf.pistoia.com/bae#PA_000015","propLabel":"component concentration units","propAbbrev":"http://rdf.pistoia.com/bae#PA_000015","valueURI":"http://purl.obolibrary.org/obo/UO_0000064","valueLabel":"micromolar","valueAbbrev":"obo:UO_0000064","valueDescr":"A unit of molarity which is equal to one millionth of a molar or 10^[-6] M.","groupNest":["http://rdf.pistoia.com/bae#PA_000045"],"groupLabel":["Molecular Assay Details"],"valueHier":["http://purl.obolibrary.org/obo/UO_0000061","http://purl.obolibrary.org/obo/UO_0000051","http://purl.obolibrary.org/obo/UO_0000000"],"labelHier":["unit of molarity","concentration unit","unit"]},{"propURI":"http://www.bioassayontology.org/bao#BAO_0000080","propLabel":"inhibitor/stimulator control","propAbbrev":"bao:BAO_0000080","valueURI":"http://www.bioassayexpress.org/bae#0000168","valueLabel":"Staurosporine","valueAbbrev":"bae:0000168","valueDescr":"","groupNest":["http://rdf.pistoia.com/bae#PA_000046"],"groupLabel":["Controls"],"valueHier":["http://www.bioassayontology.org/bao#BAO_0000080"],"labelHier":["positive control"]},{"propURI":"http://rdf.pistoia.com/bae#PA_000017","propLabel":"inhibitor/stimulator concentration units","propAbbrev":"http://rdf.pistoia.com/bae#PA_000017","valueURI":"http://purl.obolibrary.org/obo/UO_0000065","valueLabel":"nanomolar","valueAbbrev":"obo:UO_0000065","valueDescr":"A unit of molarity which is equal to one thousandth of one millionth of a molar or 10^[-9] M.","groupNest":["http://rdf.pistoia.com/bae#PA_000046"],"groupLabel":["Controls"],"valueHier":["http://purl.obolibrary.org/obo/UO_0000061","http://purl.obolibrary.org/obo/UO_0000051","http://purl.obolibrary.org/obo/UO_0000000"],"labelHier":["unit of molarity","concentration unit","unit"]},{"propURI":"http://www.bioassayontology.org/bao#BAO_0000209","propLabel":"measure group","propAbbrev":"bao:BAO_0000209","valueURI":"http://www.bioassayexpress.org/bae#0000160","valueLabel":"Z\u2032-LYTE® Screening Assay","valueAbbrev":"bae:0000160","valueDescr":"","groupNest":["http://rdf.pistoia.com/bae#PA_000042"],"groupLabel":["Assay Method"],"valueHier":["http://www.bioassayexpress.org/bae#0000159","http://www.bioassayexpress.org/bae#0000158","http://www.bioassayexpress.org/bae#0000157","http://www.bioassayontology.org/bao#BAO_0000040"],"labelHier":["SelectScreen® Biochemical Kinase Profiling Service","Thermo Fisher Scientific","assay screening panel","measure group"]},{"propURI":"http://www.bioassayontology.org/bao#BAO_0002852","propLabel":"assay source","propAbbrev":"bao:BAO_0002852","valueURI":"http://www.bioassayontology.org/bao#BAO_0002653","valueLabel":"Thermo Fisher Scientific","valueAbbrev":"bao:BAO_0002653","valueDescr":"","groupNest":["http://rdf.pistoia.com/bae#PA_000041"],"groupLabel":["General Information"],"valueHier":["http://www.bioassayontology.org/bao#BAO_0002091","http://www.bioassayontology.org/bao#BAO_0002934"],"labelHier":["commercial company","organization"]},{"propURI":"http://www.bioassayontology.org/bao#BAO_0002855","propLabel":"bioassay","propAbbrev":"bao:BAO_0002855","valueURI":"http://www.bioassayontology.org/bao#BAO_0002005","valueLabel":"kinase activity assay","valueAbbrev":"bao:BAO_0002005","valueDescr":"","groupNest":["http://rdf.pistoia.com/bae#PA_000042"],"groupLabel":["Assay Method"],"valueHier":["http://www.bioassayontology.org/bao#BAO_0002795","http://www.bioassayontology.org/bao#BAO_0002994","http://www.bioassayontology.org/bao#BAO_0000015"],"labelHier":["transferase activity assay","enzyme activity assay","bioassay"]},{"propURI":"http://www.bioassayontology.org/bao#BAO_0000205","propLabel":"assay format","propAbbrev":"bao:BAO_0000205","valueURI":"http://www.bioassayontology.org/bao#BAO_0000357","valueLabel":"single protein format","valueAbbrev":"bao:BAO_0000357","valueDescr":"one protein sequence","groupNest":["http://rdf.pistoia.com/bae#PA_000042"],"groupLabel":["Assay Method"],"valueHier":["http://www.bioassayontology.org/bao#BAO_0000224","http://www.bioassayontology.org/bao#BAO_0000217","http://www.bioassayontology.org/bao#BAO_0000019"],"labelHier":["protein format","biochemical format","assay format"]},{"propURI":"http://www.bioassayontology.org/bao#BAO_0000185","propLabel":"perturbagen type","propAbbrev":"bao:BAO_0000185","valueURI":"http://www.bioassayontology.org/bao#BAO_0000176","valueLabel":"small molecule","valueAbbrev":"bao:BAO_0000176","valueDescr":"Small molecule is an organic compound with a low molecular weight (<800 Da) which is used to screen against a biological target, e.g. protein, nucleic acid, cell or organism  to test its ability to bind it and bring about a change in activity. It is either isolated from a natural source or is synthesized.","groupNest":["http://rdf.pistoia.com/bae#PA_000042"],"groupLabel":["Assay Method"],"valueHier":["http://www.bioassayontology.org/bao#BAO_0000076","http://www.bioassayontology.org/bao#BAO_0003120"],"labelHier":["screened entity","assay screened entity component"]},{"propURI":"http://www.bioassayontology.org/bao#BAO_0000211","propLabel":"target type","propAbbrev":"bao:BAO_0000211","valueURI":"http://www.bioassayontology.org/bao#BAO_0000294","valueLabel":"kinase","valueAbbrev":"bao:BAO_0000294","valueDescr":"A protein kinase is an enzyme that modifies other proteins by chemically adding phosphate groups to them. The substrate protein's activity, localization and overall function is modulated by the kinase reaction.","groupNest":["http://rdf.pistoia.com/bae#PA_000044"],"groupLabel":["Target Information"],"valueHier":["http://www.bioassayontology.org/bao#BAO_0000292","http://www.bioassayontology.org/bao#BAO_0000279","http://www.bioassayontology.org/bao#BAO_0000175","http://www.bioassayontology.org/bao#BAO_0003111","http://www.bioassayontology.org/bao#BAO_0003114"],"labelHier":["transferase","enzyme","protein","biological macromolecule","assay biology component"]},{"propURI":"http://rdf.pistoia.com/bae#PA_000034","propLabel":"additional assay component","propAbbrev":"http://rdf.pistoia.com/bae#PA_000034","valueURI":"http://www.bioassayontology.org/bao#BAO_0000776","valueLabel":"Adenosine triphosphate","valueAbbrev":"bao:BAO_0000776","valueDescr":"","groupNest":["http://rdf.pistoia.com/bae#PA_000045"],"groupLabel":["Molecular Assay Details"],"altLabels":["ATP"],"valueHier":["http://www.bioassayontology.org/bao#BAO_0002010","http://www.bioassayontology.org/bao#BAO_0003043"],"labelHier":["nucleotide","molecular entity"]},{"propURI":"http://www.bioassayontology.org/bao#BAO_0000079","propLabel":"neutral control","propAbbrev":"bao:BAO_0000079","valueURI":"http://www.bioassayexpress.org/bae#0000164","valueLabel":"DMSO","valueAbbrev":"bae:0000164","valueDescr":"","groupNest":["http://rdf.pistoia.com/bae#PA_000046"],"groupLabel":["Controls"],"valueHier":["http://www.bioassayontology.org/bao#BAO_0000079"],"labelHier":["negative control"]},{"propURI":"http://rdf.pistoia.com/bae#PA_000019","propLabel":"neutral  concentration units","propAbbrev":"http://rdf.pistoia.com/bae#PA_000019","valueURI":"http://www.bioassayexpress.org/bae#0000165","valueLabel":"percent","valueAbbrev":"bae:0000165","valueDescr":"UO_0000187","groupNest":["http://rdf.pistoia.com/bae#PA_000046"],"groupLabel":["Controls"],"valueHier":["http://purl.obolibrary.org/obo/UO_0000000"],"labelHier":["unit"]},{"propURI":"http://rdf.pistoia.com/bae#PA_000008","propLabel":"detection agent","propAbbrev":"http://rdf.pistoia.com/bae#PA_000008","valueURI":"http://www.bioassayexpress.org/bae#0000166","valueLabel":"Z'-LYTE development reagent solution","valueAbbrev":"bae:0000166","valueDescr":"","groupNest":["http://rdf.pistoia.com/bae#PA_000042"],"groupLabel":["Assay Method"],"valueHier":["http://www.bioassayexpress.org/bae#0000144","http://www.bioassayontology.org/bao#BAO_0003043"],"labelHier":["assay kit detection reagent","molecular entity"]},{"propURI":"http://www.bioassayontology.org/bao#BAO_0000208","propLabel":"endpoint","propAbbrev":"bao:BAO_0000208","valueURI":"http://www.bioassayontology.org/bao#BAO_0000201","valueLabel":"percent inhibition","valueAbbrev":"bao:BAO_0000201","valueDescr":"Percent decrease of a measureable response as a consequence of compound treatment.  Unit of Measure is always % when normalized to the dynamic range of the assay. Percent inhibition is expressed relative to a positive control (which results in total inhibition).","groupNest":["http://rdf.pistoia.com/bae#PA_000042"],"groupLabel":["Assay Method"],"valueHier":["http://www.bioassayontology.org/bao#BAO_0000082","http://www.bioassayontology.org/bao#BAO_0000181","http://www.bioassayontology.org/bao#BAO_0000179"],"labelHier":["percent response","response endpoint","endpoint"]},{"propURI":"http://www.bioassayontology.org/bao#BAO_0000207","propLabel":"physical detection method","propAbbrev":"bao:BAO_0000207","valueURI":"http://www.bioassayontology.org/bao#BAO_0000001","valueLabel":"fluorescence resonance energy transfer","valueAbbrev":"bao:BAO_0000001","valueDescr":"Fluorescence resonance energy transfer (FRET) is based on the transfer of energy between two fluorophores, a donor and an acceptor, when in close proximity. The energy transfer is directed from higher-energy donor fluorophore to lower-energy acceptor fluorophore of labeled protein pairs. Target protein pairs are likely to exhibit FRET if they are no more than 10 nm apart.","groupNest":["http://rdf.pistoia.com/bae#PA_000043"],"groupLabel":["Detection Details"],"altLabels":["FRET"],"valueHier":["http://www.bioassayontology.org/bao#BAO_0000046","http://www.bioassayontology.org/bao#BAO_0000035"],"labelHier":["fluorescence method","physical detection method"]},{"propURI":"http://www.bioassayontology.org/bao#BAO_0002857","propLabel":"signal direction","propAbbrev":"bao:BAO_0002857","valueURI":"http://www.bioassayontology.org/bao#BAO_0000261","valueLabel":"signal decrease corresponding to inhibition","valueAbbrev":"bao:BAO_0000261","valueDescr":"Increase in perturbation (reported by the endpoint mode of action, inhibition) is correlated to decrease in signal.","groupNest":["http://rdf.pistoia.com/bae#PA_000043"],"groupLabel":["Detection Details"],"valueHier":["http://www.bioassayontology.org/bao#BAO_0080025","http://www.bioassayontology.org/bao#BAO_0000519"],"labelHier":["signal decrease","signal direction"]},{"propURI":"http://www.bioassayontology.org/bao#BAO_0002668","propLabel":"incubation time unit","propAbbrev":"bao:BAO_0002668","valueURI":"http://purl.obolibrary.org/obo/UO_0000032","valueLabel":"hour","valueAbbrev":"obo:UO_0000032","valueDescr":"A time unit which is equal to 3600 seconds or 60 minutes.","groupNest":["http://rdf.pistoia.com/bae#PA_000042"],"groupLabel":["Assay Method"],"valueHier":["http://purl.obolibrary.org/obo/UO_0000003"],"labelHier":["time unit"]},{"propURI":"http://www.bioassayontology.org/bao#BAO_0000196","propLabel":"assay mode of action","propAbbrev":"bao:BAO_0000196","valueURI":"http://www.bioassayontology.org/bao#BAO_0000091","valueLabel":"inhibition","valueAbbrev":"bao:BAO_0000091","valueDescr":"Reduction of a predefined stimulus. Unit of Measure is always % when normalized to the dynamic range of the assay.","groupNest":["http://rdf.pistoia.com/bae#PA_000042"],"groupLabel":["Assay Method"],"valueHier":["http://www.bioassayontology.org/bao#BAO_0000084","http://www.bioassayontology.org/bao#BAO_0000074"],"labelHier":["ligand function mode of action","mode of action"]},{"propURI":"http://rdf.pistoia.com/bae#PA_000004","propLabel":"curation status","propAbbrev":"http://rdf.pistoia.com/bae#PA_000004","valueURI":"http://www.bioassayexpress.org/bae#0000212","valueLabel":"Deprecated","valueAbbrev":"bae:0000212","valueDescr":"","groupNest":["http://rdf.pistoia.com/bae#PA_000041"],"groupLabel":["General Information"],"valueHier":["http://rdf.pistoia.com/bae#PA_000032","http://rdf.pistoia.com/bae#PA_000005"],"labelHier":["bha curation status","curation status"]},{"propURI":"http://rdf.pistoia.com/bae#PA_000023","propLabel":"curation project","propAbbrev":"http://rdf.pistoia.com/bae#PA_000023","valueURI":"http://www.bioassayexpress.org/bae#0000213","valueLabel":"Deprecated","valueAbbrev":"bae:0000213","valueDescr":"","groupNest":["http://rdf.pistoia.com/bae#PA_000041"],"groupLabel":["General Information"],"valueHier":["http://rdf.pistoia.com/bae#PA_000031","http://rdf.pistoia.com/bae#PA_000027"],"labelHier":["bha curation project","curation project"]},{"propURI":"http://rdf.pistoia.com/bae#PA_000014","valueLabel":"54","propAbbrev":"http://rdf.pistoia.com/bae#PA_000014","groupNest":["http://rdf.pistoia.com/bae#PA_000045"],"propLabel":"component concentration","groupLabel":["Molecular Assay Details"]},{"propURI":"http://rdf.pistoia.com/bae#PA_000016","valueLabel":"2.54","propAbbrev":"http://rdf.pistoia.com/bae#PA_000016","groupNest":["http://rdf.pistoia.com/bae#PA_000046"],"propLabel":"inhibitor/stimulator concentration","groupLabel":["Controls"]},{"propURI":"http://www.bioassayontology.org/bao#BAX_0000012","valueLabel":"NTRK3","propAbbrev":"bao:BAX_0000012","groupNest":["http://rdf.pistoia.com/bae#PA_000044"],"propLabel":"NCBI  protein identity","groupLabel":["Target Information"]},{"propURI":"http://www.bioassayontology.org/bao#BAO_0002846","valueLabel":"https://www.thermofisher.com/content/dam/LifeTech/migration/files/drug-discovery/pdfs.par.60256.file.dat/20130430%20ssbk%20customer%20protocol%20and%20assay%20conditions.pdf","propAbbrev":"bao:BAO_0002846","groupNest":["http://rdf.pistoia.com/bae#PA_000041"],"propLabel":"assay protocol / source document","groupLabel":["General Information"]},{"propURI":"http://www.bioassayontology.org/bao#BAO_0002825","valueLabel":"4/30/13","propAbbrev":"bao:BAO_0002825","groupNest":["http://rdf.pistoia.com/bae#PA_000041"],"propLabel":"assay deposition date","groupLabel":["General Information"]},{"propURI":"http://rdf.pistoia.com/bae#PA_000018","valueLabel":"1","propAbbrev":"http://rdf.pistoia.com/bae#PA_000018","groupNest":["http://rdf.pistoia.com/bae#PA_000046"],"propLabel":"neutral concentration","groupLabel":["Controls"]},{"propURI":"http://www.bioassayontology.org/bao#BAO_0002918","valueLabel":"445","propAbbrev":"bao:BAO_0002918","groupNest":["http://rdf.pistoia.com/bae#PA_000043"],"propLabel":"emission wavelength","groupLabel":["Detection Details"]},{"propURI":"http://www.bioassayontology.org/bao#BAO_0002918","valueLabel":"520","propAbbrev":"bao:BAO_0002918","groupNest":["http://rdf.pistoia.com/bae#PA_000043"],"propLabel":"emission wavelength","groupLabel":["Detection Details"]},{"propURI":"http://www.bioassayontology.org/bao#BAO_0002919","valueLabel":"400","propAbbrev":"bao:BAO_0002919","groupNest":["http://rdf.pistoia.com/bae#PA_000043"],"propLabel":"excitation wavelength","groupLabel":["Detection Details"]},{"propURI":"http://www.bioassayontology.org/bao#BAO_0002837","valueLabel":"1","propAbbrev":"bao:BAO_0002837","groupNest":["http://rdf.pistoia.com/bae#PA_000042"],"propLabel":"incubation time","groupLabel":["Assay Method"]},{"propURI":"http://www.bioassayontology.org/bao#BAO_0002853","valueLabel":"Z\u2032-LYTE - NTRK3 (TRKC) - Direct Format","propAbbrev":"bao:BAO_0002853","groupNest":["http://rdf.pistoia.com/bae#PA_000041"],"propLabel":"assay title","groupLabel":["General Information"]}],"pubchemXRef":[],"curationTime":1605635903160,"curatorID":"google:116162532162477418918","curatorName":"","curatorEmail":"sjeschonek@collaborativedrug.com","history":[{"curationTime":1605564100510,"curatorID":"google:116162532162477418918","curatorName":"","curatorEmail":"sjeschonek@collaborativedrug.com","uniqueIDPatch":"@@ -1,38 +0,0 @@\n-Z%E2%80%B2-LYTE - NTRK3 (TRKC) - Direct Format\n","annotsAdded":[{"propURI":"http://www.bioassayontology.org/bao#BAO_0000079","propLabel":"neutral control","propAbbrev":"bao:BAO_0000079","valueURI":"http://www.bioassayexpress.org/bae#0000164","valueLabel":"DMSO","valueAbbrev":"bae:0000164","valueDescr":"","groupNest":["http://rdf.pistoia.com/bae#PA_000046"],"groupLabel":["Controls"],"valueHier":["http://www.bioassayontology.org/bao#BAO_0000079"],"labelHier":["negative control"]},{"propURI":"http://rdf.pistoia.com/bae#PA_000017","propLabel":"inhibitor/stimulator concentration units","propAbbrev":"http://rdf.pistoia.com/bae#PA_000017","valueURI":"http://purl.obolibrary.org/obo/UO_0000065","valueLabel":"nanomolar","valueAbbrev":"obo:UO_0000065","valueDescr":"A unit of molarity which is equal to one thousandth of one millionth of a molar or 10^[-9] M.","groupNest":["http://rdf.pistoia.com/bae#PA_000046"],"groupLabel":["Controls"],"valueHier":["http://purl.obolibrary.org/obo/UO_0000061","http://purl.obolibrary.org/obo/UO_0000051","http://purl.obolibrary.org/obo/UO_0000000"],"labelHier":["unit of molarity","concentration unit","unit"]},{"propURI":"http://rdf.pistoia.com/bae#PA_000004","propLabel":"curation status","propAbbrev":"http://rdf.pistoia.com/bae#PA_000004","valueURI":"http://www.bioassayexpress.org/bae#0000173","valueLabel":"Imported","valueAbbrev":"bae:0000173","valueDescr":"Assay has been imported with preliminary assignments, but has not been fully curated by a human.","groupNest":["http://rdf.pistoia.com/bae#PA_000041"],"groupLabel":["General Information"],"valueHier":["http://rdf.pistoia.com/bae#PA_000032","http://rdf.pistoia.com/bae#PA_000005"],"labelHier":["bha curation status","curation status"]},{"propURI":"http://www.bioassayontology.org/bao#BAO_0002739","propLabel":"substrate","propAbbrev":"bao:BAO_0002739","valueURI":"http://www.bioassayexpress.org/bae#0000182","valueLabel":"Tyr 01","valueAbbrev":"bae:0000182","valueDescr":"","groupNest":["http://rdf.pistoia.com/bae#PA_000045"],"groupLabel":["Molecular Assay Details"],"valueHier":["http://www.bioassayexpress.org/bae#0000161","http://www.bioassayontology.org/bao#BAO_0003063"],"labelHier":["Z'-LYTE Substrate","substrate"]},{"propURI":"http://www.bioassayontology.org/bao#BAO_0000209","propLabel":"measure group","propAbbrev":"bao:BAO_0000209","valueURI":"http://www.bioassayexpress.org/bae#0000160","valueLabel":"Z\u2032-LYTE® Screening Assay","valueAbbrev":"bae:0000160","valueDescr":"","groupNest":["http://rdf.pistoia.com/bae#PA_000042"],"groupLabel":["Assay Method"],"valueHier":["http://www.bioassayexpress.org/bae#0000159","http://www.bioassayexpress.org/bae#0000158","http://www.bioassayexpress.org/bae#0000157","http://www.bioassayontology.org/bao#BAO_0000040"],"labelHier":["SelectScreen® Biochemical Kinase Profiling Service","Thermo Fisher Scientific","assay screening panel","measure group"]},{"propURI":"http://www.bioassayontology.org/bao#BAO_0000185","propLabel":"perturbagen type","propAbbrev":"bao:BAO_0000185","valueURI":"http://www.bioassayontology.org/bao#BAO_0000176","valueLabel":"small molecule","valueAbbrev":"bao:BAO_0000176","valueDescr":"Small molecule is an organic compound with a low molecular weight (<800 Da) which is used to screen against a biological target, e.g. protein, nucleic acid, cell or organism  to test its ability to bind it and bring about a change in activity. It is either isolated from a natural source or is synthesized.","groupNest":["http://rdf.pistoia.com/bae#PA_000042"],"groupLabel":["Assay Method"],"valueHier":["http://www.bioassayontology.org/bao#BAO_0000076","http://www.bioassayontology.org/bao#BAO_0003120"],"labelHier":["screened entity","assay screened entity component"]},{"propURI":"http://www.bioassayontology.org/bao#BAO_0002852","propLabel":"assay source","propAbbrev":"bao:BAO_0002852","valueURI":"http://www.bioassayontology.org/bao#BAO_0002653","valueLabel":"Thermo Fisher Scientific","valueAbbrev":"bao:BAO_0002653","valueDescr":"","groupNest":["http://rdf.pistoia.com/bae#PA_000041"],"groupLabel":["General Information"],"valueHier":["http://www.bioassayontology.org/bao#BAO_0002091","http://www.bioassayontology.org/bao#BAO_0002934"],"labelHier":["commercial company","organization"]},{"propURI":"http://www.bioassayontology.org/bao#BAO_0000080","propLabel":"inhibitor/stimulator control","propAbbrev":"bao:BAO_0000080","valueURI":"http://www.bioassayexpress.org/bae#0000168","valueLabel":"Staurosporine","valueAbbrev":"bae:0000168","valueDescr":"","groupNest":["http://rdf.pistoia.com/bae#PA_000046"],"groupLabel":["Controls"],"valueHier":["http://www.bioassayontology.org/bao#BAO_0000080"],"labelHier":["positive control"]},{"propURI":"http://www.bioassayontology.org/bao#BAO_0000211","propLabel":"target type","propAbbrev":"bao:BAO_0000211","valueURI":"http://www.bioassayontology.org/bao#BAO_0000294","valueLabel":"kinase","valueAbbrev":"bao:BAO_0000294","valueDescr":"A protein kinase is an enzyme that modifies other proteins by chemically adding phosphate groups to them. The substrate protein's activity, localization and overall function is modulated by the kinase reaction.","groupNest":["http://rdf.pistoia.com/bae#PA_000044"],"groupLabel":["Target Information"],"valueHier":["http://www.bioassayontology.org/bao#BAO_0000292","http://www.bioassayontology.org/bao#BAO_0000279","http://www.bioassayontology.org/bao#BAO_0000175","http://www.bioassayontology.org/bao#BAO_0003111","http://www.bioassayontology.org/bao#BAO_0003114"],"labelHier":["transferase","enzyme","protein","biological macromolecule","assay biology component"]},{"propURI":"http://rdf.pistoia.com/bae#PA_000019","propLabel":"neutral  concentration units","propAbbrev":"http://rdf.pistoia.com/bae#PA_000019","valueURI":"http://www.bioassayexpress.org/bae#0000165","valueLabel":"percent","valueAbbrev":"bae:0000165","valueDescr":"UO_0000187","groupNest":["http://rdf.pistoia.com/bae#PA_000046"],"groupLabel":["Controls"],"valueHier":["http://purl.obolibrary.org/obo/UO_0000000"],"labelHier":["unit"]},{"propURI":"http://rdf.pistoia.com/bae#PA_000008","propLabel":"detection agent","propAbbrev":"http://rdf.pistoia.com/bae#PA_000008","valueURI":"http://www.bioassayexpress.org/bae#0000166","valueLabel":"Z'-LYTE development reagent solution","valueAbbrev":"bae:0000166","valueDescr":"","groupNest":["http://rdf.pistoia.com/bae#PA_000042"],"groupLabel":["Assay Method"],"valueHier":["http://www.bioassayexpress.org/bae#0000144","http://www.bioassayontology.org/bao#BAO_0003043"],"labelHier":["assay kit detection reagent","molecular entity"]},{"propURI":"http://www.bioassayontology.org/bao#BAO_0000208","propLabel":"endpoint","propAbbrev":"bao:BAO_0000208","valueURI":"http://www.bioassayontology.org/bao#BAO_0000201","valueLabel":"percent inhibition","valueAbbrev":"bao:BAO_0000201","valueDescr":"Percent decrease of a measureable response as a consequence of compound treatment.  Unit of Measure is always % when normalized to the dynamic range of the assay. Percent inhibition is expressed relative to a positive control (which results in total inhibition).","groupNest":["http://rdf.pistoia.com/bae#PA_000042"],"groupLabel":["Assay Method"],"valueHier":["http://www.bioassayontology.org/bao#BAO_0000082","http://www.bioassayontology.org/bao#BAO_0000181","http://www.bioassayontology.org/bao#BAO_0000179"],"labelHier":["percent response","response endpoint","endpoint"]},{"propURI":"http://www.bioassayontology.org/bao#BAO_0000196","propLabel":"assay mode of action","propAbbrev":"bao:BAO_0000196","valueURI":"http://www.bioassayontology.org/bao#BAO_0000091","valueLabel":"inhibition","valueAbbrev":"bao:BAO_0000091","valueDescr":"Reduction of a predefined stimulus. Unit of Measure is always % when normalized to the dynamic range of the assay.","groupNest":["http://rdf.pistoia.com/bae#PA_000042"],"groupLabel":["Assay Method"],"valueHier":["http://www.bioassayontology.org/bao#BAO_0000084","http://www.bioassayontology.org/bao#BAO_0000074"],"labelHier":["ligand function mode of action","mode of action"]},{"propURI":"http://www.bioassayontology.org/bao#BAO_0002855","propLabel":"bioassay","propAbbrev":"bao:BAO_0002855","valueURI":"http://www.bioassayontology.org/bao#BAO_0002005","valueLabel":"kinase activity assay","valueAbbrev":"bao:BAO_0002005","valueDescr":"","groupNest":["http://rdf.pistoia.com/bae#PA_000042"],"groupLabel":["Assay Method"],"valueHier":["http://www.bioassayontology.org/bao#BAO_0002795","http://www.bioassayontology.org/bao#BAO_0002994","http://www.bioassayontology.org/bao#BAO_0000015"],"labelHier":["transferase activity assay","enzyme activity assay","bioassay"]},{"propURI":"http://www.bioassayontology.org/bao#BAO_0000205","propLabel":"assay format","propAbbrev":"bao:BAO_0000205","valueURI":"http://www.bioassayontology.org/bao#BAO_0000357","valueLabel":"single protein format","valueAbbrev":"bao:BAO_0000357","valueDescr":"one protein sequence","groupNest":["http://rdf.pistoia.com/bae#PA_000042"],"groupLabel":["Assay Method"],"valueHier":["http://www.bioassayontology.org/bao#BAO_0000224","http://www.bioassayontology.org/bao#BAO_0000217","http://www.bioassayontology.org/bao#BAO_0000019"],"labelHier":["protein format","biochemical format","assay format"]},{"propURI":"http://rdf.pistoia.com/bae#PA_000023","propLabel":"curation project","propAbbrev":"http://rdf.pistoia.com/bae#PA_000023","valueURI":"http://www.bioassayexpress.org/bae#0000175","valueLabel":"DataFAIRy Bioassay Pilot","valueAbbrev":"bae:0000175","valueDescr":"The pilot stage of the larger DataFAIRy Bioassay project, which is conducted together with the Pistoia Alliance","groupNest":["http://rdf.pistoia.com/bae#PA_000041"],"groupLabel":["General Information"],"valueHier":["http://rdf.pistoia.com/bae#PA_000027"],"labelHier":["curation project"]},{"propURI":"http://www.bioassayontology.org/bao#BAO_0000207","propLabel":"physical detection method","propAbbrev":"bao:BAO_0000207","valueURI":"http://www.bioassayontology.org/bao#BAO_0000001","valueLabel":"fluorescence resonance energy transfer","valueAbbrev":"bao:BAO_0000001","valueDescr":"Fluorescence resonance energy transfer (FRET) is based on the transfer of energy between two fluorophores, a donor and an acceptor, when in close proximity. The energy transfer is directed from higher-energy donor fluorophore to lower-energy acceptor fluorophore of labeled protein pairs. Target protein pairs are likely to exhibit FRET if they are no more than 10 nm apart.","groupNest":["http://rdf.pistoia.com/bae#PA_000043"],"groupLabel":["Detection Details"],"altLabels":["FRET"],"valueHier":["http://www.bioassayontology.org/bao#BAO_0000046","http://www.bioassayontology.org/bao#BAO_0000035"],"labelHier":["fluorescence method","physical detection method"]},{"propURI":"http://www.bioassayontology.org/bao#BAO_0002857","propLabel":"signal direction","propAbbrev":"bao:BAO_0002857","valueURI":"http://www.bioassayontology.org/bao#BAO_0000261","valueLabel":"signal decrease corresponding to inhibition","valueAbbrev":"bao:BAO_0000261","valueDescr":"Increase in perturbation (reported by the endpoint mode of action, inhibition) is correlated to decrease in signal.","groupNest":["http://rdf.pistoia.com/bae#PA_000043"],"groupLabel":["Detection Details"],"valueHier":["http://www.bioassayontology.org/bao#BAO_0080025","http://www.bioassayontology.org/bao#BAO_0000519"],"labelHier":["signal decrease","signal direction"]},{"propURI":"http://www.bioassayontology.org/bao#BAO_0002668","propLabel":"incubation time unit","propAbbrev":"bao:BAO_0002668","valueURI":"http://purl.obolibrary.org/obo/UO_0000032","valueLabel":"hour","valueAbbrev":"obo:UO_0000032","valueDescr":"A time unit which is equal to 3600 seconds or 60 minutes.","groupNest":["http://rdf.pistoia.com/bae#PA_000042"],"groupLabel":["Assay Method"],"valueHier":["http://purl.obolibrary.org/obo/UO_0000003"],"labelHier":["time unit"]},{"propURI":"http://rdf.pistoia.com/bae#PA_000015","propLabel":"component concentration units","propAbbrev":"http://rdf.pistoia.com/bae#PA_000015","valueURI":"http://purl.obolibrary.org/obo/UO_0000064","valueLabel":"micromolar","valueAbbrev":"obo:UO_0000064","valueDescr":"A unit of molarity which is equal to one millionth of a molar or 10^[-6] M.","groupNest":["http://rdf.pistoia.com/bae#PA_000045"],"groupLabel":["Molecular Assay Details"],"valueHier":["http://purl.obolibrary.org/obo/UO_0000061","http://purl.obolibrary.org/obo/UO_0000051","http://purl.obolibrary.org/obo/UO_0000000"],"labelHier":["unit of molarity","concentration unit","unit"]},{"propURI":"http://rdf.pistoia.com/bae#PA_000034","propLabel":"additional assay component","propAbbrev":"http://rdf.pistoia.com/bae#PA_000034","valueURI":"http://www.bioassayontology.org/bao#BAO_0000776","valueLabel":"Adenosine triphosphate","valueAbbrev":"bao:BAO_0000776","valueDescr":"","groupNest":["http://rdf.pistoia.com/bae#PA_000045"],"groupLabel":["Molecular Assay Details"],"altLabels":["ATP"],"valueHier":["http://www.bioassayontology.org/bao#BAO_0002010","http://www.bioassayontology.org/bao#BAO_0003043"],"labelHier":["nucleotide","molecular entity"]}],"annotsRemoved":[],"labelsAdded":[{"propURI":"http://rdf.pistoia.com/bae#PA_000014","valueLabel":"54","propAbbrev":"http://rdf.pistoia.com/bae#PA_000014","groupNest":["http://rdf.pistoia.com/bae#PA_000045"],"propLabel":"component concentration","groupLabel":["Molecular Assay Details"]},{"propURI":"http://www.bioassayontology.org/bao#BAX_0000012","valueLabel":"NTRK3","propAbbrev":"bao:BAX_0000012","groupNest":["http://rdf.pistoia.com/bae#PA_000044"],"propLabel":"NCBI  protein identity","groupLabel":["Target Information"]},{"propURI":"http://www.bioassayontology.org/bao#BAO_0002846","valueLabel":"https://www.thermofisher.com/content/dam/LifeTech/migration/files/drug-discovery/pdfs.par.60256.file.dat/20130430%20ssbk%20customer%20protocol%20and%20assay%20conditions.pdf","propAbbrev":"bao:BAO_0002846","groupNest":["http://rdf.pistoia.com/bae#PA_000041"],"propLabel":"assay protocol / source document","groupLabel":["General Information"]},{"propURI":"http://rdf.pistoia.com/bae#PA_000018","valueLabel":"1","propAbbrev":"http://rdf.pistoia.com/bae#PA_000018","groupNest":["http://rdf.pistoia.com/bae#PA_000046"],"propLabel":"neutral concentration","groupLabel":["Controls"]},{"propURI":"http://www.bioassayontology.org/bao#BAO_0002825","valueLabel":"4/30/13","propAbbrev":"bao:BAO_0002825","groupNest":["http://rdf.pistoia.com/bae#PA_000041"],"propLabel":"assay deposition date","groupLabel":["General Information"]},{"propURI":"http://www.bioassayontology.org/bao#BAO_0002918","valueLabel":"445","propAbbrev":"bao:BAO_0002918","groupNest":["http://rdf.pistoia.com/bae#PA_000043"],"propLabel":"emission wavelength","groupLabel":["Detection Details"]},{"propURI":"http://rdf.pistoia.com/bae#PA_000016","valueLabel":"2.54","propAbbrev":"http://rdf.pistoia.com/bae#PA_000016","groupNest":["http://rdf.pistoia.com/bae#PA_000046"],"propLabel":"inhibitor/stimulator concentration","groupLabel":["Controls"]},{"propURI":"http://www.bioassayontology.org/bao#BAO_0002919","valueLabel":"400","propAbbrev":"bao:BAO_0002919","groupNest":["http://rdf.pistoia.com/bae#PA_000043"],"propLabel":"excitation wavelength","groupLabel":["Detection Details"]},{"propURI":"http://www.bioassayontology.org/bao#BAO_0002918","valueLabel":"520","propAbbrev":"bao:BAO_0002918","groupNest":["http://rdf.pistoia.com/bae#PA_000043"],"propLabel":"emission wavelength","groupLabel":["Detection Details"]},{"propURI":"http://www.bioassayontology.org/bao#BAO_0002837","valueLabel":"1","propAbbrev":"bao:BAO_0002837","groupNest":["http://rdf.pistoia.com/bae#PA_000042"],"propLabel":"incubation time","groupLabel":["Assay Method"]}],"labelsRemoved":[]},{"curationTime":1605564607353,"curatorID":"google:116162532162477418918","curatorName":"","curatorEmail":"sjeschonek@collaborativedrug.com","annotsAdded":[],"annotsRemoved":[],"labelsAdded":[{"propURI":"http://www.bioassayontology.org/bao#BAO_0002853","valueLabel":"Z\u2032-LYTE - NTRK3 (TRKC) - Direct Format","propAbbrev":"bao:BAO_0002853","groupNest":["http://rdf.pistoia.com/bae#PA_000041"],"propLabel":"assay title","groupLabel":["General Information"]}],"labelsRemoved":[]},{"curationTime":1605635562765,"curatorID":"google:116162532162477418918","curatorName":"","curatorEmail":"sjeschonek@collaborativedrug.com","annotsAdded":[{"propURI":"http://rdf.pistoia.com/bae#PA_000004","propLabel":"curation status","propAbbrev":"http://rdf.pistoia.com/bae#PA_000004","valueURI":"http://www.bioassayexpress.org/bae#0000212","valueLabel":"Deprecated","valueAbbrev":"bae:0000212","valueDescr":"","groupNest":["http://rdf.pistoia.com/bae#PA_000041"],"groupLabel":["General Information"],"valueHier":["http://rdf.pistoia.com/bae#PA_000032","http://rdf.pistoia.com/bae#PA_000005"],"labelHier":["bha curation status","curation status"]}],"annotsRemoved":[{"propURI":"http://rdf.pistoia.com/bae#PA_000004","propLabel":"curation status","propAbbrev":"http://rdf.pistoia.com/bae#PA_000004","valueURI":"http://www.bioassayexpress.org/bae#0000173","valueLabel":"Imported","valueAbbrev":"bae:0000173","valueDescr":"Assay has been imported with preliminary assignments, but has not been fully curated by a human.","groupNest":["http://rdf.pistoia.com/bae#PA_000041"],"groupLabel":["General Information"],"valueHier":["http://rdf.pistoia.com/bae#PA_000032","http://rdf.pistoia.com/bae#PA_000005"],"labelHier":["bha curation status","curation status"]}],"labelsAdded":[],"labelsRemoved":[]},{"curationTime":1605635903160,"curatorID":"google:116162532162477418918","curatorName":"","curatorEmail":"sjeschonek@collaborativedrug.com","annotsAdded":[{"propURI":"http://rdf.pistoia.com/bae#PA_000023","propLabel":"curation project","propAbbrev":"http://rdf.pistoia.com/bae#PA_000023","valueURI":"http://www.bioassayexpress.org/bae#0000213","valueLabel":"Deprecated","valueAbbrev":"bae:0000213","valueDescr":"","groupNest":["http://rdf.pistoia.com/bae#PA_000041"],"groupLabel":["General Information"],"valueHier":["http://rdf.pistoia.com/bae#PA_000031","http://rdf.pistoia.com/bae#PA_000027"],"labelHier":["bha curation project","curation project"]}],"annotsRemoved":[{"propURI":"http://rdf.pistoia.com/bae#PA_000023","propLabel":"curation project","propAbbrev":"http://rdf.pistoia.com/bae#PA_000023","valueURI":"http://www.bioassayexpress.org/bae#0000175","valueLabel":"DataFAIRy Bioassay Pilot","valueAbbrev":"bae:0000175","valueDescr":"The pilot stage of the larger DataFAIRy Bioassay project, which is conducted together with the Pistoia Alliance","groupNest":["http://rdf.pistoia.com/bae#PA_000041"],"groupLabel":["General Information"],"valueHier":["http://rdf.pistoia.com/bae#PA_000027"],"labelHier":["curation project"]}],"labelsAdded":[],"labelsRemoved":[]}],"holdingIDList":[]}