{"assayID":5052,"uniqueID":"pubchemAID:624010","text":"HDL Inhib: Activity in mutant cell line Measured in Cell-Based System Using Scintillation - 2085-13_Inhibitor_Dose_DryPowder_Activity\n\nKeywords: cholesterol uptake, HDL, SR-BI, C384 mutation\n\nAssay Overview:\nOne SR-BI inhibitor, BLT-1 is known to bind SR-BI at Cysteine 384. If the Cysteine is mutated to a serine, BLT-1 is no longer active. The goal of this assay is to verify compounds that disrupt the binding of HDL particles to mutant SR-BI scavenger receptor using an alternative means of labeling HDL-cholesterol particles and avoiding any type of fluorescence measurement. To measure this binding event, HDL particles are labeled with the[H3}-cholesterol and added to C384S SR-BI cells. Cells take up HDL via the SR-BI scavenger receptor in 2 to 3 hours. After significant uptake of the HDL, the radiolabel can be detected by liquid scintillation counting. The level of radioactivity correlates with the amount of HDL uptake. The uptake of lipid particles can be inhibited by the compound BLT-1 or when co-treated with an excess of unlabeled HDL. The mSR-BI cells utilized in the assay are a CHO cell line lacking expression of the LDL receptors and overexpresses the scavenger receptor, SR-BI. \n\nExpected Outcome: Inhibitors of SR-BI and HDL uptake that have activity in wild type cells and do not interact with SR-BI at Cys384 will have a reduction in liquid scinitillation counts. These inhibitors will work by a mechanism distinct from BLT-1.\n\nSpecific cellular uptake of [3H]CE from [3H]CE-HDL were measured for 2 h in the absence (total activity) or presence (non-specific activity) of a 40-fold excess of unlabeled HDL. For experiments, C384S mutant cells were seeded in the wells of 24-well plates (50,000 cells per well) on day 0, and uptake assays were performed on day 2 in Ham's F12K medium plus 0.5% (wtvol) fatty acid free BSA. For uptake assays at 37  degrees C, on the day of the assay, the cells were washed twice with prewarmed (37  degrees C) medium prior to adding radioactive lipo-protein. Specific binding or uptake is the difference between total and nonspecific activities. Data were analyzed using Prism 5 (GraphPad Software). All calculated errors represent standard errors of the mean. In assays BLT-1 (all incubations at 37  degrees C), immediately prior to incubation with radiolabeled lipoproteins, the cells were washed twice with medium, preincubated with BLT-1 for 1 h, and then incubated with radiolabeled lipoproteins as described above, all in medium plus 0.5% (volvol) DMSO in the presence of the indicated concentration of BLT-1. Results were normalized to 100% of control receptor activity in the absence of BLT-1.","schemaURI":"http://www.bioassayontology.org/bas#","annotations":[{"propURI":"http://www.bioassayontology.org/bao#BAO_0000205","propLabel":"assay format","propAbbrev":"bao:BAO_0000205","valueURI":"http://www.bioassayontology.org/bao#BAO_0000219","valueLabel":"cell based format","valueAbbrev":"bao:BAO_0000219","valueDescr":"Involves the use of living cells of eukaryotic origin, derived from a multicellular organism, and is a heterogeneous assay type. Typically, this refers to permanent (immortal) cell lines, or primary cells, or some form of stem cells. This is distinct from a single-celled organism-based format (classically bacteria or yeast).","groupNest":[],"groupLabel":[],"valueHier":["http://www.bioassayontology.org/bao#BAO_0000019"],"labelHier":["assay format"]},{"propURI":"http://www.bioassayontology.org/bao#BAO_0002800","propLabel":"assay cell line","propAbbrev":"bao:BAO_0002800","valueURI":"http://purl.obolibrary.org/obo/CLO_0002421","valueLabel":"CHO cell","valueAbbrev":"obo:CLO_0002421","valueDescr":"Chinese hamster ovary cell line, that was initiated from an ovary biopsy of an adult Chinese hamster in 1957.","groupNest":[],"groupLabel":[],"altLabels":["Chinese Hamster Ovary cell","CHO","中国仓鼠卵巢细胞"],"valueHier":["http://purl.obolibrary.org/obo/CLO_0000243","http://purl.obolibrary.org/obo/CLO_0000019","http://purl.obolibrary.org/obo/CLO_0000001"],"labelHier":["immortal female gonad-derived cell line cell","immortal cell line cell","cell line cell"]},{"propURI":"http://www.bioassayontology.org/bao#BAO_0002855","propLabel":"bioassay","propAbbrev":"bao:BAO_0002855","valueURI":"http://www.bioassayontology.org/bao#BAO_0003008","valueLabel":"transporter assay","valueAbbrev":"bao:BAO_0003008","valueDescr":"This assay quantifies the activity of a transporter that carries proteins, cofactors, ions, drugs, etc. across the cell membranes. Fluorescence-conjugated dyes or radiolabeled ligands are used to quantitate the various molecular entities that are being transported.","groupNest":[],"groupLabel":[],"valueHier":["http://www.bioassayontology.org/bao#BAO_0000015"],"labelHier":["bioassay"]},{"propURI":"http://www.bioassayontology.org/bao#BAO_0002854","propLabel":"bioassay type","propAbbrev":"bao:BAO_0002854","valueURI":"http://www.bioassayontology.org/bao#BAO_0000010","valueLabel":"functional","valueAbbrev":"bao:BAO_0000010","valueDescr":"An assay where the measured signal corresponds to a complex response such as cell survival, proliferation, localization of a protein, nuclear translocation etc. The molecular target is not assumed.","groupNest":[],"groupLabel":[],"valueHier":["http://www.bioassayontology.org/bao#BAO_0000008"],"labelHier":["bioassay type"]},{"propURI":"http://www.bioassayontology.org/bao#BAO_0095009","propLabel":"assay design method","propAbbrev":"bao:BAO_0095009","valueURI":"http://www.bioassayontology.org/bao#BAO_0000126","valueLabel":"molecular redistribution determination method","valueAbbrev":"bao:BAO_0000126","valueDescr":"The technologies used to measure the distribution of organelles and molecules within the cell (proteins, second messengers, metal ions, dyes, etc). This is generally visualized by microscopy.","groupNest":[],"groupLabel":[],"altLabels":["translocation method"],"valueHier":["http://www.bioassayontology.org/bao#BAO_0002202"],"labelHier":["assay design method"]},{"propURI":"http://www.bioassayontology.org/bao#BAO_0002921","propLabel":"organism","propAbbrev":"bao:BAO_0002921","valueURI":"http://purl.obolibrary.org/obo/NCBITaxon_10090","valueLabel":"Mus musculus","valueAbbrev":"obo:NCBITaxon_10090","valueDescr":"","groupNest":[],"groupLabel":[],"altLabels":["mouse","mice C57BL/6xCBA/CaJ hybrid","house mouse","Mus muscaris"],"valueHier":["http://www.bioassayontology.org/bao#BAO_0000362","http://www.bioassayontology.org/bao#BAO_0000510","http://www.bioassayontology.org/bao#BAO_0000659","http://www.bioassayontology.org/bao#BAO_0000509","http://www.bioassayontology.org/bao#BAO_0000658","http://www.bioassayontology.org/bao#BAO_0000551"],"labelHier":["mammalian","vertebrate","metazoa","eukaryote","cellular organisms","organism"]},{"propURI":"http://www.bioassayontology.org/bao#BAO_0002009","propLabel":"biological process","propAbbrev":"bao:BAO_0002009","valueURI":"http://purl.obolibrary.org/obo/GO_0032369","valueLabel":"negative regulation of lipid transport","valueAbbrev":"obo:GO_0032369","valueDescr":"Any process that stops, prevents, or reduces the frequency, rate or extent of the directed movement of lipids into, out of or within a cell, or between cells, by means of some agent such as a transporter or pore.","groupNest":[],"groupLabel":[],"valueHier":["http://purl.obolibrary.org/obo/GO_0032368","http://purl.obolibrary.org/obo/GO_0051049","http://purl.obolibrary.org/obo/GO_0032879","http://purl.obolibrary.org/obo/GO_0050789","http://purl.obolibrary.org/obo/GO_0065007","http://purl.obolibrary.org/obo/GO_0008150","http://www.bioassayontology.org/bao#BAO_0003114"],"labelHier":["regulation of lipid transport","regulation of transport","regulation of localization","regulation of biological process","biological regulation","biological process","assay biology component"]},{"propURI":"http://www.bioassayontology.org/bao#BAO_0000211","propLabel":"target","propAbbrev":"bao:BAO_0000211","valueURI":"http://www.bioassayontology.org/bat#SeeGeneID","valueLabel":"see Gene ID","valueAbbrev":"bat:SeeGeneID","valueDescr":"The target is present in the Gene ID section, but needs to be mapped to a formal ontology.","groupNest":[],"groupLabel":[],"valueHier":["http://www.bioassayontology.org/bat#SeeAlso"],"labelHier":["see also"]},{"propURI":"http://www.bioassayontology.org/bao#BAO_0002848","propLabel":"applies to disease","propAbbrev":"bao:BAO_0002848","valueURI":"http://www.bioassayontology.org/bat#Unknown","valueLabel":"unknown","valueAbbrev":"bat:Unknown","valueDescr":"There should be a term assigned to this property but the value was not specified in the source information.","groupNest":[],"groupLabel":[],"valueHier":[],"labelHier":[]},{"propURI":"http://www.bioassayontology.org/bao#BAO_0000196","propLabel":"assay mode of action","propAbbrev":"bao:BAO_0000196","valueURI":"http://www.bioassayontology.org/bao#BAO_0000091","valueLabel":"inhibition","valueAbbrev":"bao:BAO_0000091","valueDescr":"Reduction of a predefined stimulus. Unit of Measure is always % when normalized to the dynamic range of the assay.","groupNest":[],"groupLabel":[],"valueHier":["http://www.bioassayontology.org/bao#BAO_0000084","http://www.bioassayontology.org/bao#BAO_0000074"],"labelHier":["ligand function mode of action","mode of action"]},{"propURI":"http://www.bioassayontology.org/bao#BAO_0002663","propLabel":"assay kit","propAbbrev":"bao:BAO_0002663","valueURI":"http://www.bioassayontology.org/bat#NotApplicable","valueLabel":"not applicable","valueAbbrev":"bat:NotApplicable","valueDescr":"This property does not apply to this assay.","groupNest":[],"groupLabel":[],"valueHier":[],"labelHier":[]},{"propURI":"http://www.bioassayontology.org/bao#BAO_0000185","propLabel":"perturbagen type","propAbbrev":"bao:BAO_0000185","valueURI":"http://www.bioassayontology.org/bao#BAO_0000733","valueLabel":"MLSMR library","valueAbbrev":"bao:BAO_0000733","valueDescr":"","groupNest":[],"groupLabel":[],"valueHier":["http://www.bioassayontology.org/bao#BAO_0000648","http://www.bioassayontology.org/bao#BAO_0000661","http://www.bioassayontology.org/bao#BAO_0003120"],"labelHier":["compound library","perturbagen library","assay screened entity component"]},{"propURI":"http://www.bioassayontology.org/bao#BAO_0000208","propLabel":"result","propAbbrev":"bao:BAO_0000208","valueURI":"http://www.bioassayontology.org/bao#BAO_0000186","valueLabel":"AC50","valueAbbrev":"bao:BAO_0000186","valueDescr":"The effective concentration of a perturbagen, which produces 50% of the maximal possible response, which could mean either activation (EC50) or inhibition (IC50) for that perturbagen.","groupNest":[],"groupLabel":[],"altLabels":["Potency"],"valueHier":["http://www.bioassayontology.org/bao#BAO_0002162","http://www.bioassayontology.org/bao#BAO_0000180","http://www.bioassayontology.org/bao#BAO_0000179"],"labelHier":["concentration response endpoint","concentration endpoint","endpoint"]},{"propURI":"http://www.bioassayontology.org/bao#BAO_0002874","propLabel":"units","propAbbrev":"bao:BAO_0002874","valueURI":"http://purl.obolibrary.org/obo/UO_0000064","valueLabel":"micromolar","valueAbbrev":"obo:UO_0000064","valueDescr":"A unit of molarity which is equal to one millionth of a molar or 10^[-6] M.","groupNest":["http://www.bioassayontology.org/bao#BAX_0000017"],"groupLabel":["measurement"],"valueHier":["http://purl.obolibrary.org/obo/UO_0000061","http://purl.obolibrary.org/obo/UO_0000051","http://purl.obolibrary.org/obo/UO_0000000"],"labelHier":["unit of molarity","concentration unit","unit"]},{"propURI":"http://www.bioassayontology.org/bao#BAO_0000210","propLabel":"screening campaign stage","propAbbrev":"bao:BAO_0000210","valueURI":"http://www.bioassayontology.org/bao#BAO_0001098","valueLabel":"alternate assay conditions","valueAbbrev":"bao:BAO_0001098","valueDescr":"This assay is different from the primary or confirmatory assays with respect to the use of reagents / buffer, in order to narrow the mechanism of action of a perturbagen.","groupNest":[],"groupLabel":[],"valueHier":["http://www.bioassayontology.org/bao#BAO_0000806","http://www.bioassayontology.org/bao#BAO_0000032","http://www.bioassayontology.org/bao#BAO_0000029"],"labelHier":["alternate confirmatory assay","secondary assay","assay screening campaign stage"]},{"propURI":"http://www.bioassayontology.org/bao#BAO_0000207","propLabel":"physical detection method","propAbbrev":"bao:BAO_0000207","valueURI":"http://www.bioassayontology.org/bao#BAO_0000405","valueLabel":"scintillation counting","valueAbbrev":"bao:BAO_0000405","valueDescr":"It involves the incorporation of radiolabeled precursors into uniform distribution with a liquid medium capable of converting the kinetic energy of nuclear emissions into light energy. A scintillation counter is used to measure ionizing radiation. The scintillation counter consists of a sensor, called a scintillator, made of transparent crystal or an organic liquid that fluoresces when struck by ionizing radiation. A photomultiplier is then used to measure the light emitted by the sensor and is attached to an electronic apparatus that amplifies and quantifies the radiation signal.","groupNest":[],"groupLabel":[],"valueHier":["http://www.bioassayontology.org/bao#BAO_0000657","http://www.bioassayontology.org/bao#BAO_0000035"],"labelHier":["radiometry method","physical detection method"]},{"propURI":"http://www.bioassayontology.org/bao#BAO_0002867","propLabel":"assay footprint","propAbbrev":"bao:BAO_0002867","valueURI":"http://www.bioassayontology.org/bao#BAO_0000576","valueLabel":"24 well plate","valueAbbrev":"bao:BAO_0000576","valueDescr":"This microplate contains 24 wells. It is suitable for a low throughput assay.","groupNest":[],"groupLabel":[],"valueHier":["http://www.bioassayontology.org/bao#BAO_0000508","http://www.bioassayontology.org/bao#BAO_0000512"],"labelHier":["microplate","assay footprint"]},{"propURI":"http://www.bioassayontology.org/bao#BAO_0002865","propLabel":"detection instrument","propAbbrev":"bao:BAO_0002865","valueURI":"http://www.bioassayontology.org/bat#Unknown","valueLabel":"unknown","valueAbbrev":"bat:Unknown","valueDescr":"There should be a term assigned to this property but the value was not specified in the source information.","groupNest":[],"groupLabel":[],"valueHier":[],"labelHier":[]},{"propURI":"http://www.bioassayontology.org/bao#BAX_0000012","propLabel":"protein identity","propAbbrev":"bao:BAX_0000012","valueURI":"http://www.bioassayontology.org/protein#14389423","valueLabel":"scavenger receptor class B member 1 isoform 1 [Mus musculus]","valueAbbrev":"protein:14389423","valueDescr":"Protein: scavenger receptor class B member 1 isoform 1 [Mus musculus], Organism: Mus musculus","groupNest":[],"groupLabel":[],"externalURLs":["https://www.ncbi.nlm.nih.gov/protein/14389423"],"valueHier":["http://www.bioassayontology.org/taxon#10090","http://www.bioassayontology.org/taxon#10088","http://www.bioassayontology.org/taxon#39107","http://www.bioassayontology.org/taxon#10066","http://www.bioassayontology.org/taxon#1963758","http://www.bioassayontology.org/taxon#9989","http://www.bioassayontology.org/taxon#314147","http://www.bioassayontology.org/taxon#314146","http://www.bioassayontology.org/taxon#40674","http://www.bioassayontology.org/taxon#32524","http://www.bioassayontology.org/taxon#8287","http://www.bioassayontology.org/taxon#117570","http://www.bioassayontology.org/taxon#7711","http://www.bioassayontology.org/taxon#33511","http://www.bioassayontology.org/taxon#33213","http://www.bioassayontology.org/taxon#33208","http://www.bioassayontology.org/taxon#33154","http://www.bioassayontology.org/taxon#2759","http://www.bioassayontology.org/taxon#131567","http://www.bioassayontology.org/taxon#Root"],"labelHier":["Mus musculus","Mus / Mus","Murinae","Muridae","Myomorpha / Muroidea","Rodentia","Glires","Euarchontoglires","Mammalia / Theria / Eutheria / Boreoeutheria","Amniota","Sarcopterygii / Dipnotetrapodomorpha / Tetrapoda","Teleostomi / Euteleostomi","Chordata / Craniata / Vertebrata / Gnathostomata","Deuterostomia","Bilateria","Metazoa / Eumetazoa","Opisthokonta","Eukaryota","cellular organisms","Faux ProteinID"]},{"propURI":"http://www.bioassayontology.org/bao#BAX_0000011","propLabel":"gene identity","propAbbrev":"bao:BAX_0000011","valueURI":"http://www.bioassayontology.org/geneid#20778","valueLabel":"Scarb1: scavenger receptor class B, member 1","valueAbbrev":"geneid:20778","valueDescr":"","groupNest":[],"groupLabel":[],"altLabels":["AI120173 , CD36 , Cd36l1 , Chohd1 , Cla-1 , Cla1 , D5Ertd460e , Hdlq1 , Hlb398 , SR-B1 , SR-BI , SRBI , Srb1 , mSR-BI"],"externalURLs":["https://www.ncbi.nlm.nih.gov/gene/20778"],"valueHier":["http://www.bioassayontology.org/geneid#Mus_musculus","http://www.bioassayontology.org/geneid#Mammalia","http://www.bioassayontology.org/geneid#Root"],"labelHier":["Mus musculus","Mammalia","Faux GeneID"]},{"propURI":"http://www.bioassayontology.org/bao#BAO_0002852","propLabel":"assay sources","propAbbrev":"bao:BAO_0002852","valueURI":"http://www.bioassayexpress.org/sources#SRC_0000001","valueLabel":"Broad Institute (Harvard-MIT)","valueAbbrev":"src:SRC_0000001","valueDescr":"Broad Institute.","groupNest":[],"groupLabel":[],"externalURLs":["http://www.broadinstitute.org"],"valueHier":["http://www.bioassayexpress.org/sources#pubchem_sources","http://www.bioassayontology.org/bao#BAO_0002934"],"labelHier":["PubChem Sources","organization"]},{"propURI":"http://www.bioassayontology.org/bao#BAO_0000539","valueLabel":"pubchemAID:488952","propAbbrev":"bao:BAO_0000539","groupNest":[],"propLabel":"related assays","groupLabel":[]},{"propURI":"http://www.bioassayontology.org/bao#BAO_0002853","valueLabel":"HDL Inhib: Activity in mutant cell line Measured in Cell-Based System Using Scintillation - 2085-13_Inhibitor_Dose_DryPowder_Activity","propAbbrev":"bao:BAO_0002853","groupNest":[],"propLabel":"assay title","groupLabel":[]}],"pubchemXRef":[{"type":"aid","id":"488952","comment":"Summary"},{"type":"pmid","id":"21746906","comment":"Description of the importance of Cys384 for activity of the SR-BI inhibitor, BLT-1"},{"type":"pmid","id":"8560269","comment":"SR-BI is an HDL receptor"}],"curationTime":1520356885444,"curatorID":"google:108375455890260223170","curatorName":"","curatorEmail":"aclark.xyz@gmail.com","history":[{"curationTime":1492468124257,"curatorID":"admin","annotsAdded":[{"propURI":"http://www.bioassayontology.org/bao#BAO_0002854","propLabel":"bioassay type","propAbbrev":"bao:BAO_0002854","valueURI":"http://www.bioassayontology.org/bao#BAO_0000010","valueLabel":"functional","valueAbbrev":"bao:BAO_0000010","valueDescr":"An assay where the measured signal corresponds to a complex response such as cell survival, proliferation, localization of a protein, nuclear translocation etc. The molecular target is not assumed.","valueHier":["http://www.bioassayontology.org/bao#BAO_0000008"],"labelHier":["bioassay type"]}],"annotsRemoved":[{"propURI":"http://www.bioassayontology.org/bao#BAX_0000002","propLabel":"has bioassay type","propAbbrev":"bao:BAX_0000002","valueURI":"http://www.bioassayontology.org/bao#BAO_0000010","valueLabel":"functional","valueAbbrev":"bao:BAO_0000010","valueDescr":"An assay where the measured signal corresponds to a complex response such as cell survival, proliferation, localization of a protein, nuclear translocation etc. The molecular target is not assumed.","valueHier":[],"labelHier":[],"outOfSchema":true}],"labelsAdded":[{"propURI":"http://www.bioassayontology.org/bao#BAO_0002854","valueLabel":"functional","propAbbrev":"bao:BAO_0002854","propLabel":"bioassay type"}],"labelsRemoved":[{"propURI":"http://www.bioassayontology.org/bao#BAX_0000002","valueLabel":"functional","propAbbrev":"bao:BAX_0000002","propLabel":"has bioassay type"}]},{"curationTime":1492468124257,"curatorID":"admin","annotsAdded":[{"propURI":"http://www.bioassayontology.org/bao#BAO_0002009","propLabel":"biological process","propAbbrev":"bao:BAO_0002009","valueURI":"http://purl.obolibrary.org/obo/GO_0032369","valueLabel":"negative regulation of lipid transport","valueAbbrev":"obo:GO_0032369","valueDescr":"Any process that stops, prevents, or reduces the frequency, rate or extent of the directed movement of lipids into, out of or within a cell, or between cells, by means of some agent such as a transporter or pore.","valueHier":["http://purl.obolibrary.org/obo/GO_0032368","http://purl.obolibrary.org/obo/GO_0051049","http://purl.obolibrary.org/obo/GO_0032879","http://purl.obolibrary.org/obo/GO_0050789","http://purl.obolibrary.org/obo/GO_0065007","http://purl.obolibrary.org/obo/GO_0008150","http://www.bioassayontology.org/bao#BAO_0003114"],"labelHier":["regulation of lipid transport","regulation of transport","regulation of localization","regulation of biological process","biological regulation","biological process","assay biology component"]}],"annotsRemoved":[{"propURI":"http://www.bioassayontology.org/bao#BAX_0000004","propAbbrev":"bao:BAX_0000004","valueURI":"http://purl.obolibrary.org/obo/GO_0032369","valueLabel":"negative regulation of lipid transport","valueAbbrev":"obo:GO_0032369","valueDescr":"Any process that stops, prevents, or reduces the frequency, rate or extent of the directed movement of lipids into, out of or within a cell, or between cells, by means of some agent such as a transporter or pore.","valueHier":[],"labelHier":[],"outOfSchema":true}],"labelsAdded":[{"propURI":"http://www.bioassayontology.org/bao#BAO_0002009","valueLabel":"negative regulation of lipid transport","propAbbrev":"bao:BAO_0002009","propLabel":"biological process"}],"labelsRemoved":[{"propURI":"http://www.bioassayontology.org/bao#BAX_0000004","valueLabel":"negative regulation of lipid transport","propAbbrev":"bao:BAX_0000004"}]},{"curationTime":1492468124257,"curatorID":"admin","annotsAdded":[{"propURI":"http://www.bioassayontology.org/bao#BAO_0002848","propLabel":"applies to disease","propAbbrev":"bao:BAO_0002848","valueURI":"http://www.bioassayontology.org/bat#Unknown","valueLabel":"unknown","valueAbbrev":"bat:Unknown","valueDescr":"There should be a term assigned to this property but the value was not specified in the source information.","valueHier":[],"labelHier":[]}],"annotsRemoved":[{"propURI":"http://www.bioassayontology.org/bao#BAX_0000010","propAbbrev":"bao:BAX_0000010","valueURI":"http://www.bioassayontology.org/bat#Unknown","valueLabel":"unknown","valueAbbrev":"bat:Unknown","valueDescr":"There should be a term assigned to this property but the value was not specified in the source information.","valueHier":[],"labelHier":[]}],"labelsAdded":[{"propURI":"http://www.bioassayontology.org/bao#BAO_0002848","valueLabel":"unknown","propAbbrev":"bao:BAO_0002848","propLabel":"applies to disease"}],"labelsRemoved":[{"propURI":"http://www.bioassayontology.org/bao#BAX_0000010","valueLabel":"unknown","propAbbrev":"bao:BAX_0000010"}]},{"curationTime":1492468124257,"curatorID":"admin","annotsAdded":[{"propURI":"http://www.bioassayontology.org/bao#BAO_0000208","propLabel":"result","propAbbrev":"bao:BAO_0000208","valueURI":"http://www.bioassayontology.org/bao#BAO_0000186","valueLabel":"AC50","valueAbbrev":"bao:BAO_0000186","valueDescr":"The effective concentration of a perturbagen, which produces 50% of the maximal possible response, which could mean either activation (EC50) or inhibition (IC50) for that perturbagen.","altLabels":["Potency"],"valueHier":["http://www.bioassayontology.org/bao#BAO_0002162","http://www.bioassayontology.org/bao#BAO_0000180","http://www.bioassayontology.org/bao#BAO_0000179"],"labelHier":["concentration response endpoint","concentration endpoint","endpoint"]}],"annotsRemoved":[{"propURI":"http://www.bioassayontology.org/bao#BAX_0000006","propAbbrev":"bao:BAX_0000006","valueURI":"http://www.bioassayontology.org/bao#BAO_0000186","valueLabel":"AC50","valueAbbrev":"bao:BAO_0000186","valueDescr":"The effective concentration of a perturbagen, which produces 50% of the maximal possible response, which could mean either activation (EC50) or inhibition (IC50) for that perturbagen.","valueHier":[],"labelHier":[],"outOfSchema":true}],"labelsAdded":[{"propURI":"http://www.bioassayontology.org/bao#BAO_0000208","valueLabel":"AC50","propAbbrev":"bao:BAO_0000208","propLabel":"result"}],"labelsRemoved":[{"propURI":"http://www.bioassayontology.org/bao#BAX_0000006","valueLabel":"AC50","propAbbrev":"bao:BAX_0000006"}]},{"curationTime":1492468124257,"curatorID":"admin","annotsAdded":[{"propURI":"http://www.bioassayontology.org/bao#BAO_0002874","propLabel":"units","propAbbrev":"bao:BAO_0002874","valueURI":"http://purl.org/obo/owl/UO#UO_0000064","valueLabel":"micromolar","valueAbbrev":"uo:UO_0000064","valueDescr":"","valueHier":[],"labelHier":[],"outOfSchema":true}],"annotsRemoved":[{"propURI":"http://www.bioassayontology.org/bao#BAX_0000007","propAbbrev":"bao:BAX_0000007","valueURI":"http://purl.org/obo/owl/UO#UO_0000064","valueLabel":"micromolar","valueAbbrev":"uo:UO_0000064","valueDescr":"","valueHier":[],"labelHier":[],"outOfSchema":true}],"labelsAdded":[{"propURI":"http://www.bioassayontology.org/bao#BAO_0002874","valueLabel":"micromolar","propAbbrev":"bao:BAO_0002874","propLabel":"units"}],"labelsRemoved":[{"propURI":"http://www.bioassayontology.org/bao#BAX_0000007","valueLabel":"micromolar","propAbbrev":"bao:BAX_0000007"}]},{"curationTime":1492468124257,"curatorID":"admin","annotsAdded":[{"propURI":"http://www.bioassayontology.org/bao#BAO_0095009","propLabel":"assay design method","propAbbrev":"bao:BAO_0095009","valueURI":"http://www.bioassayontology.org/bao#BAO_0000126","valueLabel":"molecular redistribution determination method","valueAbbrev":"bao:BAO_0000126","valueDescr":"The technologies used to measure the distribution of organelles and molecules within the cell (proteins, second messengers, metal ions, dyes, etc). This is generally visualized by microscopy.","altLabels":["translocation method"],"valueHier":["http://www.bioassayontology.org/bao#BAO_0002202"],"labelHier":["assay design method"]}],"annotsRemoved":[{"propURI":"http://www.bioassayontology.org/bao#BAX_0000003","propAbbrev":"bao:BAX_0000003","valueURI":"http://www.bioassayontology.org/bao#BAO_0000126","valueLabel":"molecular redistribution determination method","valueAbbrev":"bao:BAO_0000126","valueDescr":"The technologies used to measure the distribution of organelles and molecules within the cell (proteins, second messengers, metal ions, dyes, etc). This is generally visualized by microscopy.","valueHier":[],"labelHier":[],"outOfSchema":true}],"labelsAdded":[{"propURI":"http://www.bioassayontology.org/bao#BAO_0095009","valueLabel":"molecular redistribution determination method","propAbbrev":"bao:BAO_0095009","propLabel":"assay design method"}],"labelsRemoved":[{"propURI":"http://www.bioassayontology.org/bao#BAX_0000003","valueLabel":"molecular redistribution determination method","propAbbrev":"bao:BAX_0000003"}]},{"curationTime":1492468124257,"curatorID":"admin","annotsAdded":[{"propURI":"http://www.bioassayontology.org/bao#BAO_0000211","propLabel":"target","propAbbrev":"bao:BAO_0000211","valueURI":"http://www.bioassayontology.org/bat#SeeGeneID","valueLabel":"see Gene ID","valueAbbrev":"bat:SeeGeneID","valueDescr":"The target is present in the Gene ID section, but needs to be mapped to a formal ontology.","valueHier":["http://www.bioassayontology.org/bat#SeeAlso"],"labelHier":["see also"]}],"annotsRemoved":[{"propURI":"http://www.bioassayontology.org/bao#BAX_0000005","propAbbrev":"bao:BAX_0000005","valueURI":"http://www.bioassayontology.org/bat#SeeGeneID","valueLabel":"see Gene ID","valueAbbrev":"bat:SeeGeneID","valueDescr":"The target is present in the Gene ID section, but needs to be mapped to a formal ontology.","valueHier":[],"labelHier":[],"outOfSchema":true}],"labelsAdded":[{"propURI":"http://www.bioassayontology.org/bao#BAO_0000211","valueLabel":"see Gene ID","propAbbrev":"bao:BAO_0000211","propLabel":"target"}],"labelsRemoved":[{"propURI":"http://www.bioassayontology.org/bao#BAX_0000005","valueLabel":"see Gene ID","propAbbrev":"bao:BAX_0000005"}]},{"curationTime":1492468124257,"curatorID":"admin","annotsAdded":[{"propURI":"http://www.bioassayontology.org/bao#BAO_0002855","propLabel":"bioassay","propAbbrev":"bao:BAO_0002855","valueURI":"http://www.bioassayontology.org/bao#BAO_0003008","valueLabel":"transporter assay","valueAbbrev":"bao:BAO_0003008","valueDescr":"This assay quantifies the activity of a transporter that carries proteins, cofactors, ions, drugs, etc. across the cell membranes. Fluorescence-conjugated dyes or radiolabeled ligands are used to quantitate the various molecular entities that are being transported.","valueHier":["http://www.bioassayontology.org/bao#BAO_0000015"],"labelHier":["bioassay"]}],"annotsRemoved":[{"propURI":"http://www.bioassayontology.org/bao#BAX_0000002","propLabel":"has bioassay type","propAbbrev":"bao:BAX_0000002","valueURI":"http://www.bioassayontology.org/bao#BAO_0003008","valueLabel":"transporter assay","valueAbbrev":"bao:BAO_0003008","valueDescr":"This assay quantifies the activity of a transporter that carries proteins, cofactors, ions, drugs, etc. across the cell membranes. Fluorescence-conjugated dyes or radiolabeled ligands are used to quantitate the various molecular entities that are being transported.","valueHier":[],"labelHier":[],"outOfSchema":true}],"labelsAdded":[{"propURI":"http://www.bioassayontology.org/bao#BAO_0002855","valueLabel":"transporter assay","propAbbrev":"bao:BAO_0002855","propLabel":"bioassay"}],"labelsRemoved":[{"propURI":"http://www.bioassayontology.org/bao#BAX_0000002","valueLabel":"transporter assay","propAbbrev":"bao:BAX_0000002","propLabel":"has bioassay type"}]},{"curationTime":1492468124257,"curatorID":"admin","annotsAdded":[{"propURI":"http://www.bioassayontology.org/bao#BAO_0002874","propLabel":"units","propAbbrev":"bao:BAO_0002874","valueURI":"http://purl.obolibrary.org/obo/UO_0000064","valueLabel":"micromolar","valueAbbrev":"obo:UO_0000064","valueDescr":"A unit of molarity which is equal to one millionth of a molar or 10^[-6] M.","valueHier":["http://purl.obolibrary.org/obo/UO_0000061","http://purl.obolibrary.org/obo/UO_0000051","http://purl.obolibrary.org/obo/UO_0000000"],"labelHier":["unit of molarity","concentration unit","unit"]}],"annotsRemoved":[{"propURI":"http://www.bioassayontology.org/bao#BAO_0002874","propLabel":"units","propAbbrev":"bao:BAO_0002874","valueURI":"http://purl.org/obo/owl/UO#UO_0000064","valueLabel":"micromolar","valueAbbrev":"uo:UO_0000064","valueDescr":"","valueHier":[],"labelHier":[],"outOfSchema":true}],"labelsAdded":[{"propURI":"http://www.bioassayontology.org/bao#BAO_0002874","valueLabel":"micromolar","propAbbrev":"bao:BAO_0002874","propLabel":"units"}],"labelsRemoved":[{"propURI":"http://www.bioassayontology.org/bao#BAO_0002874","valueLabel":"micromolar","propAbbrev":"bao:BAO_0002874","propLabel":"units"}]},{"curationTime":1520356885444,"curatorID":"google:108375455890260223170","curatorName":"","curatorEmail":"aclark.xyz@gmail.com","annotsAdded":[{"propURI":"http://www.bioassayontology.org/bao#BAO_0002800","propLabel":"assay cell line","propAbbrev":"bao:BAO_0002800","valueURI":"http://purl.obolibrary.org/obo/BTO_0000246","valueAbbrev":"obo:BTO_0000246","valueHier":[],"labelHier":[],"outOfSchema":true}],"annotsRemoved":[],"labelsAdded":[],"labelsRemoved":[]}],"holdingIDList":[]}