{"assayID":5556,"uniqueID":"pubchemAID:651612","text":"Luminescence-based biochemical high throughput confirmation assay for inhibitors of the interaction of the lipase co-activator protein, abhydrolase domain containing 5 (ABHD5) with perilipin-5 (MLDP; PLIN5)\n\nThe purpose of this biochemical assay is to confirm activity of available compounds that were identified as active in a set of previous experiments entitled, \"Luminescence-based biochemical primary high throughput screening assay to identify inhibitors of the interaction of the lipase co-activator protein, abhydrolase domain containing 5 (ABHD5) with perilipin-5 (MLDP; PLIN5)\" (AID 602281). This assay confirms the ability of compounds to inhibit the interaction of the lipase co-activator protein ABHD5 with the muscle lipid droplet protein (MLDP). In this G. princeps luciferase complementation assay, ABHD5 fused to the C-terminus of luciferase (ABHD5-LucC) and MLDP fused to the N-terminus of luciferase (MLDP-LucN) are incubated in the presence of test compounds. Binding of the two proteins reconstitutes full length luciferase, leading to an increase in well luminescence. As designed, compounds that inhibit the interaction of ABHD5 and MLDP will prevent luciferase reconstitution, thereby preventing an increase in well luminescence. Compounds are tested in triplicate at a final nominal concentration of 4 uM.\n\nProtocol Summary:\n\nPrior to the start of the assay 2.5 uL of lysate containing recombinant ABHD5 were dispensed into each well of 1536-well microtiter plates. Test compounds or DMSO alone were then added to the appropriate wells. The assay was started by adding 2.5 uL of lysate containing recombinant MLDP protein. The plates were incubated for 4 hours at 25 C. Next, the assay was stopped by dispensing 5 uL of Coelenterazine reagent to each well, followed by incubation at room temperature for 30 minutes. Well luminescence was measured on the ViewLux plate reader.\n\nThe percent inhibition for each compound was calculated as follows:\n\n%_Inhibition = ( ( Test_Compound - Median_Low_Control ) / ( Median_High_Control - Median_Low_Control ) ) * 100\n\nWhere:\n\nTest_Compound is defined as wells containing test compound.\nLow_Control is defined as wells containing DMSO.\nHigh_Control is defined as wells containing 25 uM Trans-chalcone.\n\nPubChem Activity Outcome and Score:\n\nThe average percent inhibition and standard deviation of each compound tested were calculated. Two values were calculated : (1) the average percent inhibition of all low controls and (2) three times their standard deviation. The sum of these two values was used as a cutoff parameter for each plate, i.e. any compound that exhibited greater % inhibition than the hit cutoff was declared active.\n\nThe reported PubChem Activity Score has been normalized to 100% observed inhibition. Negative % inhibition values are reported as activity score zero.\n\nThe PubChem Activity Score range for active compounds is 100-20, and for inactive compounds 20-0.\n\nList of Reagents:\n\nTrans-chalcone control (Sigma, 136123-5G)\nABHD5-LucC and MLDP-LucN proteins (supplied by Assay Provider)\nFull length G. princeps Luciferase (supplied by Assay Provider)\n10X Assay Buffer (provided by Assay Provider)\n1536 well plates (Corning, 7254)\nCoelenterazine substrate (Prolume, 303B NF-CTZ-FB)","schemaURI":"http://www.bioassayontology.org/bas#","annotations":[{"propURI":"http://www.bioassayontology.org/bao#BAO_0003107","propLabel":"GO terms","propAbbrev":"bao:BAO_0003107","valueURI":"http://purl.obolibrary.org/obo/GO_0003841","valueLabel":"1-acylglycerol-3-phosphate O-acyltransferase activity","valueAbbrev":"obo:GO_0003841","valueDescr":"Catalysis of the reaction: acyl-CoA + 1-acyl-sn-glycerol-3-phosphate = CoA + 1,2-diacyl-sn-glycerol-3-phosphate.","groupNest":[],"groupLabel":[],"valueHier":["http://purl.obolibrary.org/obo/GO_0042171","http://purl.obolibrary.org/obo/GO_0071617","http://purl.obolibrary.org/obo/GO_0016747","http://purl.obolibrary.org/obo/GO_0016746","http://purl.obolibrary.org/obo/GO_0016740","http://purl.obolibrary.org/obo/GO_0003824","http://purl.obolibrary.org/obo/GO_0003674","http://www.bioassayontology.org/bao#BAO_0003117","http://www.bioassayontology.org/bao#BAO_0003114"],"labelHier":["lysophosphatidic acid acyltransferase activity","lysophospholipid acyltransferase activity","transferase activity, transferring acyl groups other than amino-acyl groups","transferase activity, transferring acyl groups","transferase activity","catalytic activity","molecular function","function","assay biology component"]},{"propURI":"http://www.bioassayontology.org/bao#BAO_0003107","propLabel":"GO terms","propAbbrev":"bao:BAO_0003107","valueURI":"http://purl.obolibrary.org/obo/GO_0004806","valueLabel":"triglyceride lipase activity","valueAbbrev":"obo:GO_0004806","valueDescr":"Catalysis of the reaction: triacylglycerol + H2O = diacylglycerol + a carboxylate.","groupNest":[],"groupLabel":[],"valueHier":["http://purl.obolibrary.org/obo/GO_0052689","http://purl.obolibrary.org/obo/GO_0016788","http://purl.obolibrary.org/obo/GO_0016787","http://purl.obolibrary.org/obo/GO_0003824","http://purl.obolibrary.org/obo/GO_0003674","http://www.bioassayontology.org/bao#BAO_0003117","http://www.bioassayontology.org/bao#BAO_0003114"],"labelHier":["carboxylic ester hydrolase activity","hydrolase activity, acting on ester bonds","hydrolase activity","catalytic activity","molecular function","function","assay biology component"]},{"propURI":"http://www.bioassayontology.org/bao#BAO_0003107","propLabel":"GO terms","propAbbrev":"bao:BAO_0003107","valueURI":"http://purl.obolibrary.org/obo/GO_0005634","valueLabel":"nucleus","valueAbbrev":"obo:GO_0005634","valueDescr":"A membrane-bounded organelle of eukaryotic cells in which chromosomes are housed and replicated. In most cells, the nucleus contains all of the cell's chromosomes except the organellar chromosomes, and is the site of RNA synthesis and processing. In some species, or in specialized cell types, RNA metabolism or DNA replication may be absent.","groupNest":[],"groupLabel":[],"valueHier":["http://purl.obolibrary.org/obo/GO_0005575","http://www.bioassayontology.org/bao#BAO_0003114"],"labelHier":["cellular component","assay biology component"]},{"propURI":"http://www.bioassayontology.org/bao#BAO_0003107","propLabel":"GO terms","propAbbrev":"bao:BAO_0003107","valueURI":"http://purl.obolibrary.org/obo/GO_0005737","valueLabel":"cytoplasm","valueAbbrev":"obo:GO_0005737","valueDescr":"All of the contents of a cell excluding the plasma membrane and nucleus, but including other subcellular structures.","groupNest":[],"groupLabel":[],"valueHier":["http://purl.obolibrary.org/obo/GO_0005575","http://www.bioassayontology.org/bao#BAO_0003114"],"labelHier":["cellular component","assay biology component"]},{"propURI":"http://www.bioassayontology.org/bao#BAO_0003107","propLabel":"GO terms","propAbbrev":"bao:BAO_0003107","valueURI":"http://purl.obolibrary.org/obo/GO_0005811","valueLabel":"lipid particle","valueAbbrev":"obo:GO_0005811","valueDescr":"An intracellular non-membrane-bounded organelle comprising a matrix of coalesced lipids surrounded by a phospholipid monolayer. May include associated proteins.","groupNest":[],"groupLabel":[],"valueHier":["http://purl.obolibrary.org/obo/GO_0043232","http://purl.obolibrary.org/obo/GO_0043229","http://purl.obolibrary.org/obo/GO_0043226","http://purl.obolibrary.org/obo/GO_0005575","http://www.bioassayontology.org/bao#BAO_0003114"],"labelHier":["intracellular non-membrane-bounded organelle","intracellular organelle","organelle","cellular component","assay biology component"]},{"propURI":"http://www.bioassayontology.org/bao#BAO_0003107","propLabel":"GO terms","propAbbrev":"bao:BAO_0003107","valueURI":"http://purl.obolibrary.org/obo/GO_0005829","valueLabel":"cytosol","valueAbbrev":"obo:GO_0005829","valueDescr":"The part of the cytoplasm that does not contain organelles but which does contain other particulate matter, such as protein complexes.","groupNest":[],"groupLabel":[],"valueHier":["http://purl.obolibrary.org/obo/GO_0005575","http://www.bioassayontology.org/bao#BAO_0003114"],"labelHier":["cellular component","assay biology component"]},{"propURI":"http://www.bioassayontology.org/bao#BAO_0003107","propLabel":"GO terms","propAbbrev":"bao:BAO_0003107","valueURI":"http://purl.obolibrary.org/obo/GO_0006631","valueLabel":"fatty acid metabolic process","valueAbbrev":"obo:GO_0006631","valueDescr":"The chemical reactions and pathways involving fatty acids, aliphatic monocarboxylic acids liberated from naturally occurring fats and oils by hydrolysis.","groupNest":[],"groupLabel":[],"valueHier":["http://purl.obolibrary.org/obo/GO_0032787","http://purl.obolibrary.org/obo/GO_0019752","http://purl.obolibrary.org/obo/GO_0043436","http://purl.obolibrary.org/obo/GO_0006082","http://purl.obolibrary.org/obo/GO_0044237","http://purl.obolibrary.org/obo/GO_0009987","http://purl.obolibrary.org/obo/GO_0008150","http://www.bioassayontology.org/bao#BAO_0003114"],"labelHier":["monocarboxylic acid metabolic process","carboxylic acid metabolic process","oxoacid metabolic process","organic acid metabolic process","cellular metabolic process","cellular process","biological process","assay biology component"]},{"propURI":"http://www.bioassayontology.org/bao#BAO_0003107","propLabel":"GO terms","propAbbrev":"bao:BAO_0003107","valueURI":"http://purl.obolibrary.org/obo/GO_0006654","valueLabel":"phosphatidic acid biosynthetic process","valueAbbrev":"obo:GO_0006654","valueDescr":"The chemical reactions and pathways resulting in the formation of phosphatidic acid, any derivative of glycerol phosphate in which both the remaining hydroxyl groups of the glycerol moiety are esterified with fatty acids.","groupNest":[],"groupLabel":[],"valueHier":["http://purl.obolibrary.org/obo/GO_0046474","http://purl.obolibrary.org/obo/GO_0006650","http://purl.obolibrary.org/obo/GO_0006644","http://purl.obolibrary.org/obo/GO_0019637","http://purl.obolibrary.org/obo/GO_0071704","http://purl.obolibrary.org/obo/GO_0008152","http://purl.obolibrary.org/obo/GO_0008150","http://www.bioassayontology.org/bao#BAO_0003114"],"labelHier":["glycerophospholipid biosynthetic process","glycerophospholipid metabolic process","phospholipid metabolic process","organophosphate metabolic process","organic substance metabolic process","metabolic process","biological process","assay biology component"]},{"propURI":"http://www.bioassayontology.org/bao#BAO_0003107","propLabel":"GO terms","propAbbrev":"bao:BAO_0003107","valueURI":"http://purl.obolibrary.org/obo/GO_0010891","valueLabel":"negative regulation of sequestering of triglyceride","valueAbbrev":"obo:GO_0010891","valueDescr":"Any process that modulates the rate, frequency or extent of sequestering of triglyceride. Triglyceride sequestration is the process of binding or confining any triester of glycerol such that it is separated from other components of a biological system.","groupNest":[],"groupLabel":[],"valueHier":["http://purl.obolibrary.org/obo/GO_0010889","http://purl.obolibrary.org/obo/GO_0010883","http://purl.obolibrary.org/obo/GO_0032879","http://purl.obolibrary.org/obo/GO_0050789","http://purl.obolibrary.org/obo/GO_0065007","http://purl.obolibrary.org/obo/GO_0008150","http://www.bioassayontology.org/bao#BAO_0003114"],"labelHier":["regulation of sequestering of triglyceride","regulation of lipid storage","regulation of localization","regulation of biological process","biological regulation","biological process","assay biology component"]},{"propURI":"http://www.bioassayontology.org/bao#BAO_0003107","propLabel":"GO terms","propAbbrev":"bao:BAO_0003107","valueURI":"http://purl.obolibrary.org/obo/GO_0010898","valueLabel":"positive regulation of triglyceride catabolic process","valueAbbrev":"obo:GO_0010898","valueDescr":"Any process that increases the frequency, rate, or extent of the chemical reactions and pathways resulting in the breakdown of triglyceride.","groupNest":[],"groupLabel":[],"valueHier":["http://purl.obolibrary.org/obo/GO_0031331","http://purl.obolibrary.org/obo/GO_0009896","http://purl.obolibrary.org/obo/GO_0009893","http://purl.obolibrary.org/obo/GO_0048518","http://purl.obolibrary.org/obo/GO_0050789","http://purl.obolibrary.org/obo/GO_0065007","http://purl.obolibrary.org/obo/GO_0008150","http://www.bioassayontology.org/bao#BAO_0003114"],"labelHier":["positive regulation of cellular catabolic process","positive regulation of catabolic process","positive regulation of metabolic process","positive regulation of biological process","regulation of biological process","biological regulation","biological process","assay biology component"]},{"propURI":"http://www.bioassayontology.org/bao#BAO_0003107","propLabel":"GO terms","propAbbrev":"bao:BAO_0003107","valueURI":"http://purl.obolibrary.org/obo/GO_0019433","valueLabel":"triglyceride catabolic process","valueAbbrev":"obo:GO_0019433","valueDescr":"The chemical reactions and pathways resulting in the breakdown of a triglyceride, any triester of glycerol.","groupNest":[],"groupLabel":[],"valueHier":["http://purl.obolibrary.org/obo/GO_0046464","http://purl.obolibrary.org/obo/GO_0006639","http://purl.obolibrary.org/obo/GO_0006638","http://purl.obolibrary.org/obo/GO_0044255","http://purl.obolibrary.org/obo/GO_0006629","http://purl.obolibrary.org/obo/GO_0071704","http://purl.obolibrary.org/obo/GO_0008152","http://purl.obolibrary.org/obo/GO_0008150","http://www.bioassayontology.org/bao#BAO_0003114"],"labelHier":["acylglycerol catabolic process","acylglycerol metabolic process","neutral lipid metabolic process","cellular lipid metabolic process","lipid metabolic process","organic substance metabolic process","metabolic process","biological process","assay biology component"]},{"propURI":"http://www.bioassayontology.org/bao#BAO_0003107","propLabel":"GO terms","propAbbrev":"bao:BAO_0003107","valueURI":"http://purl.obolibrary.org/obo/GO_0019915","valueLabel":"lipid storage","valueAbbrev":"obo:GO_0019915","valueDescr":"The accumulation and maintenance in cells or tissues of lipids, compounds soluble in organic solvents but insoluble or sparingly soluble in aqueous solvents. Lipid reserves can be accumulated during early developmental stages for mobilization and utilization at later stages of development.","groupNest":[],"groupLabel":[],"valueHier":["http://purl.obolibrary.org/obo/GO_0051235","http://purl.obolibrary.org/obo/GO_0051179","http://purl.obolibrary.org/obo/GO_0008150","http://www.bioassayontology.org/bao#BAO_0003114"],"labelHier":["maintenance of location","localization","biological process","assay biology component"]},{"propURI":"http://www.bioassayontology.org/bao#BAO_0003107","propLabel":"GO terms","propAbbrev":"bao:BAO_0003107","valueURI":"http://purl.obolibrary.org/obo/GO_0030154","valueLabel":"cell differentiation","valueAbbrev":"obo:GO_0030154","valueDescr":"The process in which relatively unspecialized cells, e.g. embryonic or regenerative cells, acquire specialized structural and/or functional features that characterize the cells, tissues, or organs of the mature organism or some other relatively stable phase of the organism's life history. Differentiation includes the processes involved in commitment of a cell to a specific fate and its subsequent development to the mature state.","groupNest":[],"groupLabel":[],"valueHier":["http://purl.obolibrary.org/obo/GO_0048869","http://purl.obolibrary.org/obo/GO_0044763","http://purl.obolibrary.org/obo/GO_0009987","http://purl.obolibrary.org/obo/GO_0008150","http://www.bioassayontology.org/bao#BAO_0003114"],"labelHier":["cellular developmental process","single-organism cellular process","cellular process","biological process","assay biology component"]},{"propURI":"http://www.bioassayontology.org/bao#BAO_0003107","propLabel":"GO terms","propAbbrev":"bao:BAO_0003107","valueURI":"http://purl.obolibrary.org/obo/GO_0042171","valueLabel":"lysophosphatidic acid acyltransferase activity","valueAbbrev":"obo:GO_0042171","valueDescr":"Catalysis of the transfer of acyl groups from an acyl-CoA to lysophosphatidic acid to form phosphatidic acid.","groupNest":[],"groupLabel":[],"valueHier":["http://purl.obolibrary.org/obo/GO_0071617","http://purl.obolibrary.org/obo/GO_0016747","http://purl.obolibrary.org/obo/GO_0016746","http://purl.obolibrary.org/obo/GO_0016740","http://purl.obolibrary.org/obo/GO_0003824","http://purl.obolibrary.org/obo/GO_0003674","http://www.bioassayontology.org/bao#BAO_0003117","http://www.bioassayontology.org/bao#BAO_0003114"],"labelHier":["lysophospholipid acyltransferase activity","transferase activity, transferring acyl groups other than amino-acyl groups","transferase activity, transferring acyl groups","transferase activity","catalytic activity","molecular function","function","assay biology component"]},{"propURI":"http://www.bioassayontology.org/bao#BAO_0003107","propLabel":"GO terms","propAbbrev":"bao:BAO_0003107","valueURI":"http://purl.obolibrary.org/obo/GO_0043231","valueLabel":"intracellular membrane-bounded organelle","valueAbbrev":"obo:GO_0043231","valueDescr":"Organized structure of distinctive morphology and function, bounded by a single or double lipid bilayer membrane and occurring within the cell. Includes the nucleus, mitochondria, plastids, vacuoles, and vesicles. Excludes the plasma membrane.","groupNest":[],"groupLabel":[],"valueHier":["http://purl.obolibrary.org/obo/GO_0043227","http://purl.obolibrary.org/obo/GO_0043226","http://purl.obolibrary.org/obo/GO_0005575","http://www.bioassayontology.org/bao#BAO_0003114"],"labelHier":["membrane-bounded organelle","organelle","cellular component","assay biology component"]},{"propURI":"http://www.bioassayontology.org/bao#BAO_0003107","propLabel":"GO terms","propAbbrev":"bao:BAO_0003107","valueURI":"http://purl.obolibrary.org/obo/GO_0044281","valueLabel":"small molecule metabolic process","valueAbbrev":"obo:GO_0044281","valueDescr":"The chemical reactions and pathways involving small molecules, any low molecular weight, monomeric, non-encoded molecule.","groupNest":[],"groupLabel":[],"valueHier":["http://purl.obolibrary.org/obo/GO_0044710","http://purl.obolibrary.org/obo/GO_0008152","http://purl.obolibrary.org/obo/GO_0008150","http://www.bioassayontology.org/bao#BAO_0003114"],"labelHier":["single-organism metabolic process","metabolic process","biological process","assay biology component"]},{"propURI":"http://www.bioassayontology.org/bao#BAO_0003107","propLabel":"GO terms","propAbbrev":"bao:BAO_0003107","valueURI":"http://purl.obolibrary.org/obo/GO_0051006","valueLabel":"positive regulation of lipoprotein lipase activity","valueAbbrev":"obo:GO_0051006","valueDescr":"Any process that activates or increases the activity of the enzyme lipoprotein lipase.","groupNest":[],"groupLabel":[],"valueHier":["http://purl.obolibrary.org/obo/GO_0061365","http://purl.obolibrary.org/obo/GO_0060193","http://purl.obolibrary.org/obo/GO_0051345","http://purl.obolibrary.org/obo/GO_0043085","http://purl.obolibrary.org/obo/GO_0009893","http://purl.obolibrary.org/obo/GO_0048518","http://purl.obolibrary.org/obo/GO_0050789","http://purl.obolibrary.org/obo/GO_0065007","http://purl.obolibrary.org/obo/GO_0008150","http://www.bioassayontology.org/bao#BAO_0003114"],"labelHier":["positive regulation of triglyceride lipase activity","positive regulation of lipase activity","positive regulation of hydrolase activity","positive regulation of catalytic activity","positive regulation of metabolic process","positive regulation of biological process","regulation of biological process","biological regulation","biological process","assay biology component"]},{"propURI":"http://www.bioassayontology.org/bao#BAO_0003107","propLabel":"GO terms","propAbbrev":"bao:BAO_0003107","valueURI":"http://purl.obolibrary.org/obo/GO_0052689","valueLabel":"carboxylic ester hydrolase activity","valueAbbrev":"obo:GO_0052689","valueDescr":"Catalysis of the hydrolysis of a carboxylic ester bond.","groupNest":[],"groupLabel":[],"valueHier":["http://purl.obolibrary.org/obo/GO_0016788","http://purl.obolibrary.org/obo/GO_0016787","http://purl.obolibrary.org/obo/GO_0003824","http://purl.obolibrary.org/obo/GO_0003674","http://www.bioassayontology.org/bao#BAO_0003117","http://www.bioassayontology.org/bao#BAO_0003114"],"labelHier":["hydrolase activity, acting on ester bonds","hydrolase activity","catalytic activity","molecular function","function","assay biology component"]},{"propURI":"http://www.bioassayontology.org/bao#BAO_0002855","propLabel":"bioassay","propAbbrev":"bao:BAO_0002855","valueURI":"http://www.bioassayontology.org/bao#BAO_0002990","valueLabel":"protein-protein interaction assay","valueAbbrev":"bao:BAO_0002990","valueDescr":"It is performed to quantify the interactions between two protein molecules, using methods such as protein fragment complementation assay, immunoassay, radioligand binding, etc.","groupNest":[],"groupLabel":[],"valueHier":["http://www.bioassayontology.org/bao#BAO_0002989","http://www.bioassayontology.org/bao#BAO_0000015"],"labelHier":["binding assay","bioassay"]},{"propURI":"http://www.bioassayontology.org/bao#BAO_0002855","propLabel":"bioassay","propAbbrev":"bao:BAO_0002855","valueURI":"http://www.bioassayontology.org/bao#BAO_0000110","valueLabel":"protein-small molecule interaction assay","valueAbbrev":"bao:BAO_0000110","valueDescr":"It is an interaction between a protein (e.g., receptor, transcription factor) and small molecule (e.g., hormone, organic compound with a low molecular weight (<800 Da)).","groupNest":[],"groupLabel":[],"valueHier":["http://www.bioassayontology.org/bao#BAO_0002989","http://www.bioassayontology.org/bao#BAO_0000015"],"labelHier":["binding assay","bioassay"]},{"propURI":"http://www.bioassayontology.org/bao#BAO_0002854","propLabel":"bioassay type","propAbbrev":"bao:BAO_0002854","valueURI":"http://www.bioassayontology.org/bao#BAO_0000041","valueLabel":"binding type","valueAbbrev":"bao:BAO_0000041","valueDescr":"Binding assays are performed to understand the interaction between two molecules, e.g. perturbagen-protein, protein-protein, protein-DNA, etc.","groupNest":[],"groupLabel":[],"valueHier":["http://www.bioassayontology.org/bao#BAO_0000008"],"labelHier":["bioassay type"]},{"propURI":"http://www.bioassayontology.org/bao#BAO_0000205","propLabel":"assay format","propAbbrev":"bao:BAO_0000205","valueURI":"http://www.bioassayontology.org/bao#BAO_0000223","valueLabel":"protein complex format","valueAbbrev":"bao:BAO_0000223","valueDescr":"Two or more proteins interact to form a stable complex. Each of the members of this complex has a distinct role in mediating the overall function of the complex, which can be as a chaperone (DnaK, DnaJ and grpE), an enzyme (mitochondrial respiratory complexes), a signaling complex (G-proteins), etc. It can be viewed as a quaternary structure of the proteins.","groupNest":[],"groupLabel":[],"valueHier":["http://www.bioassayontology.org/bao#BAO_0000224","http://www.bioassayontology.org/bao#BAO_0000217","http://www.bioassayontology.org/bao#BAO_0000019"],"labelHier":["protein format","biochemical format","assay format"]},{"propURI":"http://www.bioassayontology.org/bao#BAO_0095009","propLabel":"assay design method","propAbbrev":"bao:BAO_0095009","valueURI":"http://www.bioassayontology.org/bao#BAO_0000406","valueLabel":"protein fragment complementation method","valueAbbrev":"bao:BAO_0000406","valueDescr":"This is used to study the interaction of two proteins. An enzyme or fluorescent protein is rationally dissected into two fragments and fused to two test proteins, whose interaction is being studied. Binding of the two test proteins results in the reconstitution of the enzyme or fluorescent protein from the two fragments, which can be measured.","groupNest":[],"groupLabel":[],"valueHier":["http://www.bioassayontology.org/bao#BAO_0000123","http://www.bioassayontology.org/bao#BAO_0002202"],"labelHier":["binding assessment method","assay design method"]},{"propURI":"http://www.bioassayontology.org/bao#BAO_0002800","propLabel":"assay cell line","propAbbrev":"bao:BAO_0002800","valueURI":"http://www.bioassayontology.org/bat#NotApplicable","valueLabel":"not applicable","valueAbbrev":"bat:NotApplicable","valueDescr":"This property does not apply to this assay.","groupNest":[],"groupLabel":[],"valueHier":[],"labelHier":[]},{"propURI":"http://www.bioassayontology.org/bao#BAO_0002921","propLabel":"organism","propAbbrev":"bao:BAO_0002921","valueURI":"http://purl.obolibrary.org/obo/NCBITaxon_9606","valueLabel":"Homo sapiens","valueAbbrev":"obo:NCBITaxon_9606","valueDescr":"","groupNest":[],"groupLabel":[],"altLabels":["Homo spiens","Homo sapience","Homo sapien","human","Homo spaiens","Homo sapians","man","Humo sapiens","Home sapiens","Homo sapiense","Homo sampiens","Homo sapeins","Homo sapines","Homo sapian","Homo sapients"],"valueHier":["http://www.bioassayontology.org/bao#BAO_0000362","http://www.bioassayontology.org/bao#BAO_0000510","http://www.bioassayontology.org/bao#BAO_0000659","http://www.bioassayontology.org/bao#BAO_0000509","http://www.bioassayontology.org/bao#BAO_0000658","http://www.bioassayontology.org/bao#BAO_0000551"],"labelHier":["mammalian","vertebrate","metazoa","eukaryote","cellular organisms","organism"]},{"propURI":"http://www.bioassayontology.org/bao#BAO_0002009","propLabel":"biological process","propAbbrev":"bao:BAO_0002009","valueURI":"http://purl.obolibrary.org/obo/GO_0061725","valueLabel":"cytosolic lipolysis","valueAbbrev":"obo:GO_0061725","valueDescr":"The chemical reactions and pathways resulting in the breakdown of lipid droplets and hydrolysis of stored triglycerides occurring through the orchestrated activation of cytosolic lipases.","groupNest":[],"groupLabel":[],"valueHier":["http://purl.obolibrary.org/obo/GO_0044242","http://purl.obolibrary.org/obo/GO_0044248","http://purl.obolibrary.org/obo/GO_0044237","http://purl.obolibrary.org/obo/GO_0009987","http://purl.obolibrary.org/obo/GO_0008150","http://www.bioassayontology.org/bao#BAO_0003114"],"labelHier":["cellular lipid catabolic process","cellular catabolic process","cellular metabolic process","cellular process","biological process","assay biology component"]},{"propURI":"http://www.bioassayontology.org/bao#BAO_0000211","propLabel":"target","propAbbrev":"bao:BAO_0000211","valueURI":"http://www.drugtargetontology.org/dto/DTO_05390003","valueLabel":"Putative metabolic drug target","valueAbbrev":"dto:DTO_05390003","valueDescr":"","groupNest":[],"groupLabel":[],"valueHier":["http://www.drugtargetontology.org/dto/DTO_00100000"],"labelHier":["Protein"]},{"propURI":"http://www.bioassayontology.org/bao#BAO_0002848","propLabel":"applies to disease","propAbbrev":"bao:BAO_0002848","valueURI":"http://purl.obolibrary.org/obo/DOID_9351","valueLabel":"diabetes mellitus","valueAbbrev":"obo:DOID_9351","valueDescr":"\nA glucose metabolism disease characterized by chronic hyperglycaemia with disturbances of carbohydrate, fat and protein metabolism resulting from defects in insulin secretion, insulin action, or both.\n","groupNest":[],"groupLabel":[],"valueHier":["http://purl.obolibrary.org/obo/DOID_4194","http://purl.obolibrary.org/obo/DOID_0050013","http://purl.obolibrary.org/obo/DOID_0060158","http://purl.obolibrary.org/obo/DOID_0014667","http://purl.obolibrary.org/obo/DOID_4"],"labelHier":["glucose metabolism disease","carbohydrate metabolism disease","acquired metabolic disease","disease of metabolism","Disease"]},{"propURI":"http://www.bioassayontology.org/bao#BAO_0002848","propLabel":"applies to disease","propAbbrev":"bao:BAO_0002848","valueURI":"http://purl.obolibrary.org/obo/DOID_9970","valueLabel":"obesity","valueAbbrev":"obo:DOID_9970","valueDescr":"An overnutrition that is characterized by excess body fat, traditionally defined as an elevated ratio of weight to height (specifically 30 kilograms per meter squared), has_material_basis_in a multifactorial etiology related to excess nutrition intake, decreased caloric utilization, and genetic susceptibility, and possibly medications and certain disorders of metabolism, endocrine function, and mental illness.","groupNest":[],"groupLabel":[],"valueHier":["http://purl.obolibrary.org/obo/DOID_654","http://purl.obolibrary.org/obo/DOID_374","http://purl.obolibrary.org/obo/DOID_0060158","http://purl.obolibrary.org/obo/DOID_0014667","http://purl.obolibrary.org/obo/DOID_4"],"labelHier":["overnutrition","nutrition disease","acquired metabolic disease","disease of metabolism","Disease"]},{"propURI":"http://www.bioassayontology.org/bao#BAO_0002848","propLabel":"applies to disease","propAbbrev":"bao:BAO_0002848","valueURI":"http://purl.obolibrary.org/obo/DOID_1287","valueLabel":"cardiovascular system disease","valueAbbrev":"obo:DOID_1287","valueDescr":"\nA disease of anatomical entity which occurs in the blood, heart, blood vessels or the lymphatic system that passes nutrients (such as amino acids and electrolytes), gases, hormones, blood cells or lymph to and from cells in the body to help fight diseases and help stabilize body temperature and pH to maintain homeostasis.\n","groupNest":[],"groupLabel":[],"valueHier":["http://purl.obolibrary.org/obo/DOID_7","http://purl.obolibrary.org/obo/DOID_4"],"labelHier":["disease of anatomical entity","Disease"]},{"propURI":"http://www.bioassayontology.org/bao#BAO_0000196","propLabel":"assay mode of action","propAbbrev":"bao:BAO_0000196","valueURI":"http://www.bioassayontology.org/bao#BAO_0000091","valueLabel":"inhibition","valueAbbrev":"bao:BAO_0000091","valueDescr":"Reduction of a predefined stimulus. Unit of Measure is always % when normalized to the dynamic range of the assay.","groupNest":[],"groupLabel":[],"valueHier":["http://www.bioassayontology.org/bao#BAO_0000084","http://www.bioassayontology.org/bao#BAO_0000074"],"labelHier":["ligand function mode of action","mode of action"]},{"propURI":"http://www.bioassayontology.org/bao#BAO_0000208","propLabel":"result","propAbbrev":"bao:BAO_0000208","valueURI":"http://www.bioassayontology.org/bao#BAO_0000201","valueLabel":"percent inhibition","valueAbbrev":"bao:BAO_0000201","valueDescr":"Percent decrease of a measureable response as a consequence of compound treatment.  Unit of Measure is always % when normalized to the dynamic range of the assay. Percent inhibition is expressed relative to a positive control (which results in total inhibition).","groupNest":[],"groupLabel":[],"valueHier":["http://www.bioassayontology.org/bao#BAO_0000082","http://www.bioassayontology.org/bao#BAO_0000181","http://www.bioassayontology.org/bao#BAO_0000179"],"labelHier":["percent response","response endpoint","endpoint"]},{"propURI":"http://www.bioassayontology.org/bao#BAO_0002874","propLabel":"units","propAbbrev":"bao:BAO_0002874","valueURI":"http://purl.obolibrary.org/obo/UO_0000187","valueLabel":"percent","valueAbbrev":"obo:UO_0000187","valueDescr":"A dimensionless ratio unit which denotes numbers as fractions of 100.","groupNest":["http://www.bioassayontology.org/bao#BAX_0000017"],"groupLabel":["measurement"],"valueHier":["http://purl.obolibrary.org/obo/UO_0000190","http://purl.obolibrary.org/obo/UO_0000186","http://purl.obolibrary.org/obo/UO_0000000"],"labelHier":["ratio","dimensionless unit","unit"]},{"propURI":"http://www.bioassayontology.org/bao#BAO_0002867","propLabel":"assay footprint","propAbbrev":"bao:BAO_0002867","valueURI":"http://www.bioassayontology.org/bao#BAO_0000516","valueLabel":"1536 well plate","valueAbbrev":"bao:BAO_0000516","valueDescr":"This microplate contains 1536 wells. It is highly miniaturized to accommodate more wells on one plate which reduces the plate handling time and allows working with very small volumes (few microliters) that reduces the cost of an assay.","groupNest":[],"groupLabel":[],"valueHier":["http://www.bioassayontology.org/bao#BAO_0000508","http://www.bioassayontology.org/bao#BAO_0000512"],"labelHier":["microplate","assay footprint"]},{"propURI":"http://www.bioassayontology.org/bao#BAO_0002663","propLabel":"assay kit","propAbbrev":"bao:BAO_0002663","valueURI":"http://www.bioassayontology.org/bat#NotApplicable","valueLabel":"not applicable","valueAbbrev":"bat:NotApplicable","valueDescr":"This property does not apply to this assay.","groupNest":[],"groupLabel":[],"valueHier":[],"labelHier":[]},{"propURI":"http://www.bioassayontology.org/bao#BAO_0000207","propLabel":"physical detection method","propAbbrev":"bao:BAO_0000207","valueURI":"http://www.bioassayontology.org/bao#BAO_0000050","valueLabel":"bioluminescence","valueAbbrev":"bao:BAO_0000050","valueDescr":"Bioluminescence refers to the production and emission of light by a living organism. Bioluminescence is a naturally occurring form of chemiluminescence whereby energy is released by a chemical reaction in the form of light emission. The chemical reaction can occur either inside or outside the cell, and can be detected using a plate reader or a charge-coupled device (CCD) camera.","groupNest":[],"groupLabel":[],"valueHier":["http://www.bioassayontology.org/bao#BAO_0000045","http://www.bioassayontology.org/bao#BAO_0000035"],"labelHier":["luminescence method","physical detection method"]},{"propURI":"http://www.bioassayontology.org/bao#BAO_0002865","propLabel":"detection instrument","propAbbrev":"bao:BAO_0002865","valueURI":"http://www.bioassayontology.org/bao#BAO_0000691","valueLabel":"ViewLux ultraHTS Microplate Imager","valueAbbrev":"bao:BAO_0000691","valueDescr":"","groupNest":[],"groupLabel":[],"valueHier":["http://www.bioassayontology.org/bao#BAO_0000697"],"labelHier":["detection instrument"]},{"propURI":"http://www.bioassayontology.org/bao#BAO_0000185","propLabel":"perturbagen type","propAbbrev":"bao:BAO_0000185","valueURI":"http://www.bioassayontology.org/bao#BAO_0000733","valueLabel":"MLSMR library","valueAbbrev":"bao:BAO_0000733","valueDescr":"","groupNest":[],"groupLabel":[],"valueHier":["http://www.bioassayontology.org/bao#BAO_0000648","http://www.bioassayontology.org/bao#BAO_0000661","http://www.bioassayontology.org/bao#BAO_0003120"],"labelHier":["compound library","perturbagen library","assay screened entity component"]},{"propURI":"http://www.bioassayontology.org/bao#BAO_0000210","propLabel":"screening campaign stage","propAbbrev":"bao:BAO_0000210","valueURI":"http://www.bioassayontology.org/bao#BAO_0000030","valueLabel":"confirmatory assay","valueAbbrev":"bao:BAO_0000030","valueDescr":"Assay performed to confirm activity of compounds identified in the primary screen.  It can be performed as replicate measurements at a single screening concentration or as concentration-response assay.","groupNest":[],"groupLabel":[],"valueHier":["http://www.bioassayontology.org/bao#BAO_0000029"],"labelHier":["assay screening campaign stage"]},{"propURI":"http://www.bioassayontology.org/bao#BAX_0000011","propLabel":"gene identity","propAbbrev":"bao:BAX_0000011","valueURI":"http://www.bioassayontology.org/geneid#51099","valueLabel":"ABHD5: abhydrolase domain containing 5","valueAbbrev":"geneid:51099","valueDescr":"","groupNest":[],"groupLabel":[],"altLabels":["CGI58 , IECN2 , NCIE2"],"externalURLs":["https://www.ncbi.nlm.nih.gov/gene/51099"],"valueHier":["http://www.bioassayontology.org/geneid#Homo_sapiens","http://www.bioassayontology.org/geneid#Mammalia","http://www.bioassayontology.org/geneid#Root"],"labelHier":["Homo sapiens","Mammalia","Faux GeneID"]},{"propURI":"http://www.bioassayontology.org/bao#BAX_0000011","propLabel":"gene identity","propAbbrev":"bao:BAX_0000011","valueURI":"http://www.bioassayontology.org/geneid#440503","valueLabel":"PLIN5: perilipin 5","valueAbbrev":"geneid:440503","valueDescr":"","groupNest":[],"groupLabel":[],"altLabels":["LSDA5 , LSDP5 , MLDP , OXPAT"],"externalURLs":["https://www.ncbi.nlm.nih.gov/gene/440503"],"valueHier":["http://www.bioassayontology.org/geneid#Homo_sapiens","http://www.bioassayontology.org/geneid#Mammalia","http://www.bioassayontology.org/geneid#Root"],"labelHier":["Homo sapiens","Mammalia","Faux GeneID"]},{"propURI":"http://www.bioassayontology.org/bao#BAX_0000012","propLabel":"protein identity","propAbbrev":"bao:BAX_0000012","valueURI":"http://www.bioassayontology.org/protein#31542303","valueLabel":"1-acylglycerol-3-phosphate O-acyltransferase ABHD5 [Homo sapiens]","valueAbbrev":"protein:31542303","valueDescr":"Protein: 1-acylglycerol-3-phosphate O-acyltransferase ABHD5 [Homo sapiens], Organism: Homo sapiens","groupNest":[],"groupLabel":[],"externalURLs":["https://www.ncbi.nlm.nih.gov/protein/31542303"],"valueHier":["http://www.bioassayontology.org/taxon#9606","http://www.bioassayontology.org/taxon#9605","http://www.bioassayontology.org/taxon#314295","http://www.bioassayontology.org/taxon#9526","http://www.bioassayontology.org/taxon#9443","http://www.bioassayontology.org/taxon#314146","http://www.bioassayontology.org/taxon#40674","http://www.bioassayontology.org/taxon#32524","http://www.bioassayontology.org/taxon#8287","http://www.bioassayontology.org/taxon#117570","http://www.bioassayontology.org/taxon#7711","http://www.bioassayontology.org/taxon#33511","http://www.bioassayontology.org/taxon#33213","http://www.bioassayontology.org/taxon#33208","http://www.bioassayontology.org/taxon#33154","http://www.bioassayontology.org/taxon#2759","http://www.bioassayontology.org/taxon#131567","http://www.bioassayontology.org/taxon#Root"],"labelHier":["Homo sapiens","Homo","Hominoidea / Hominidae / Homininae","Catarrhini","Primates / Haplorrhini / Simiiformes","Euarchontoglires","Mammalia / Theria / Eutheria / Boreoeutheria","Amniota","Sarcopterygii / Dipnotetrapodomorpha / Tetrapoda","Teleostomi / Euteleostomi","Chordata / Craniata / Vertebrata / Gnathostomata","Deuterostomia","Bilateria","Metazoa / Eumetazoa","Opisthokonta","Eukaryota","cellular organisms","Faux ProteinID"]},{"propURI":"http://www.bioassayontology.org/bao#BAX_0000012","propLabel":"protein identity","propAbbrev":"bao:BAX_0000012","valueURI":"http://www.bioassayontology.org/protein#116292172","valueLabel":"perilipin-5 [Homo sapiens]","valueAbbrev":"protein:116292172","valueDescr":"Protein: perilipin-5 [Homo sapiens], Organism: Homo sapiens","groupNest":[],"groupLabel":[],"externalURLs":["https://www.ncbi.nlm.nih.gov/protein/116292172"],"valueHier":["http://www.bioassayontology.org/taxon#9606","http://www.bioassayontology.org/taxon#9605","http://www.bioassayontology.org/taxon#314295","http://www.bioassayontology.org/taxon#9526","http://www.bioassayontology.org/taxon#9443","http://www.bioassayontology.org/taxon#314146","http://www.bioassayontology.org/taxon#40674","http://www.bioassayontology.org/taxon#32524","http://www.bioassayontology.org/taxon#8287","http://www.bioassayontology.org/taxon#117570","http://www.bioassayontology.org/taxon#7711","http://www.bioassayontology.org/taxon#33511","http://www.bioassayontology.org/taxon#33213","http://www.bioassayontology.org/taxon#33208","http://www.bioassayontology.org/taxon#33154","http://www.bioassayontology.org/taxon#2759","http://www.bioassayontology.org/taxon#131567","http://www.bioassayontology.org/taxon#Root"],"labelHier":["Homo sapiens","Homo","Hominoidea / Hominidae / Homininae","Catarrhini","Primates / Haplorrhini / Simiiformes","Euarchontoglires","Mammalia / Theria / Eutheria / Boreoeutheria","Amniota","Sarcopterygii / Dipnotetrapodomorpha / Tetrapoda","Teleostomi / Euteleostomi","Chordata / Craniata / Vertebrata / Gnathostomata","Deuterostomia","Bilateria","Metazoa / Eumetazoa","Opisthokonta","Eukaryota","cellular organisms","Faux ProteinID"]},{"propURI":"http://www.bioassayontology.org/bao#BAO_0000211","propLabel":"target","propAbbrev":"bao:BAO_0000211","valueURI":"http://www.bioassayontology.org/bat#SeeGeneID","valueLabel":"see Gene ID","valueAbbrev":"bat:SeeGeneID","valueDescr":"The target is present in the Gene ID section, but needs to be mapped to a formal ontology.","groupNest":[],"groupLabel":[],"valueHier":["http://www.bioassayontology.org/bat#SeeAlso"],"labelHier":["see also"]},{"propURI":"http://www.bioassayontology.org/bao#BAO_0002848","propLabel":"applies to disease","propAbbrev":"bao:BAO_0002848","valueURI":"http://purl.obolibrary.org/obo/DOID_0050729","valueLabel":"neutral lipid storage disease","valueAbbrev":"obo:DOID_0050729","valueDescr":"A lipid storage disease that is characterized by accumulation of triglycerides in the cytoplasm of leukocytes, muscle, liver, fibroblasts, and other tissues.","groupNest":[],"groupLabel":[],"valueHier":["http://purl.obolibrary.org/obo/DOID_9455","http://purl.obolibrary.org/obo/DOID_3211","http://purl.obolibrary.org/obo/DOID_655","http://purl.obolibrary.org/obo/DOID_0014667","http://purl.obolibrary.org/obo/DOID_4"],"labelHier":["lipid storage disease","lysosomal storage disease","inherited metabolic disorder","disease of metabolism","Disease"]},{"propURI":"http://www.bioassayontology.org/bao#BAO_0002852","propLabel":"assay sources","propAbbrev":"bao:BAO_0002852","valueURI":"http://www.bioassayexpress.org/sources#SRC_0000026","valueLabel":"Molecular Screening Center (The Scripps Research Institute)","valueAbbrev":"src:SRC_0000026","valueDescr":"The Scripps Research Institute Molecular Screening Center.","groupNest":[],"groupLabel":[],"externalURLs":["http://mlpcn.florida.scripps.edu"],"valueHier":["http://www.bioassayexpress.org/sources#pubchem_sources","http://www.bioassayontology.org/bao#BAO_0002934"],"labelHier":["PubChem Sources","organization"]},{"propURI":"http://www.bioassayontology.org/bao#BAO_0000539","valueLabel":"pubchemAID:493035","propAbbrev":"bao:BAO_0000539","groupNest":[],"propLabel":"related assays","groupLabel":[]},{"propURI":"http://www.bioassayontology.org/bao#BAO_0000539","valueLabel":"pubchemAID:493241","propAbbrev":"bao:BAO_0000539","groupNest":[],"propLabel":"related assays","groupLabel":[]},{"propURI":"http://www.bioassayontology.org/bao#BAO_0000539","valueLabel":"pubchemAID:504319","propAbbrev":"bao:BAO_0000539","groupNest":[],"propLabel":"related assays","groupLabel":[]},{"propURI":"http://www.bioassayontology.org/bao#BAO_0000539","valueLabel":"pubchemAID:602281","propAbbrev":"bao:BAO_0000539","groupNest":[],"propLabel":"related assays","groupLabel":[]},{"propURI":"http://www.bioassayontology.org/bao#BAO_0002853","valueLabel":"Luminescence-based biochemical high throughput confirmation assay for inhibitors of the interaction of the lipase co-activator protein, abhydrolase domain containing 5 (ABHD5) with perilipin-5 (MLDP; PLIN5)","propAbbrev":"bao:BAO_0002853","groupNest":[],"propLabel":"assay title","groupLabel":[]}],"pubchemXRef":[{"type":"aid","id":"493035","comment":"Primary screen (ABHD5-MLDP inhibitors in singlicate, 2K set)"},{"type":"aid","id":"493241","comment":"Summary (ABHD5-MLDP inhibitors)"},{"type":"aid","id":"504319","comment":"Dose response (ABHD5-MLDP inhibitors in triplicate, 2K set)"},{"type":"aid","id":"602281","comment":"Primary screen (ABHD5-MLDP inhibitors in singlicate)"},{"type":"gene","id":"51099","comment":"ABHD5 abhydrolase domain containing 5"},{"type":"gene","id":"440503","comment":"PLIN5 perilipin 5"},{"type":"dburl","id":"http://mlpcn.florida.scripps.edu/","comment":""},{"type":"taxonomy","id":"9606","comment":""},{"type":"mim","id":"604780","comment":""},{"type":"mim","id":"613248","comment":""},{"type":"pmid","id":"16731815","comment":"Reference (1)"},{"type":"pmid","id":"18996284","comment":"Reference (2)"},{"type":"pmid","id":"11943743","comment":"Reference (3)"},{"type":"pmid","id":"19064991","comment":"Reference (4)"},{"type":"pmid","id":"19299455","comment":"Reference (5)"},{"type":"pmid","id":"10948207","comment":"Reference (6)"},{"type":"pmid","id":"11590543","comment":"Reference (7)"},{"type":"pmid","id":"17052606","comment":"Reference (8)"},{"type":"protein_gi","id":"31542303","comment":"1-acylglycerol-3-phosphate O-acyltransferase ABHD5 [Homo sapiens]"},{"type":"protein_gi","id":"116292172","comment":"perilipin-5 [Homo sapiens]"}],"curationTime":1492468127795,"curatorID":"admin","history":[{"curationTime":1481653568765,"curatorID":"orcid:0000-0003-2629-5583","annotsAdded":[{"propURI":"http://www.bioassayontology.org/bao#BAX_0000005","propAbbrev":"bao:BAX_0000005","valueURI":"http://www.bioassayontology.org/bat#SeeGeneID","valueLabel":"see Gene ID","valueAbbrev":"bat:SeeGeneID","valueDescr":"The target is present in the Gene ID section, but needs to be mapped to a formal ontology.","valueHier":[],"labelHier":[],"outOfSchema":true},{"propURI":"http://www.bioassayontology.org/bao#BAX_0000010","propAbbrev":"bao:BAX_0000010","valueURI":"http://purl.obolibrary.org/obo/DOID_0050729","valueLabel":"neutral lipid storage disease","valueAbbrev":"obo:DOID_0050729","valueDescr":"A lipid storage disease that is characterized by accumulation of triglycerides in the cytoplasm of leukocytes, muscle, liver, fibroblasts, and other tissues.","valueHier":[],"labelHier":[],"outOfSchema":true}],"annotsRemoved":[{"propURI":"http://www.bioassayontology.org/bao#BAX_0000005","propAbbrev":"bao:BAX_0000005","valueURI":"http://www.bioassayontology.org/bat#RequiresTerm","valueLabel":"requires term","valueAbbrev":"bat:RequiresTerm","valueDescr":"An appropriate term could not be found in the underlying ontologies: it may be necessary to create a new one.","valueHier":[],"labelHier":[]},{"propURI":"http://www.bioassayontology.org/bao#BAX_0000010","propAbbrev":"bao:BAX_0000010","valueURI":"http://www.bioassayontology.org/bat#RequiresTerm","valueLabel":"requires term","valueAbbrev":"bat:RequiresTerm","valueDescr":"An appropriate term could not be found in the underlying ontologies: it may be necessary to create a new one.","valueHier":[],"labelHier":[]}],"labelsAdded":[{"propURI":"http://www.bioassayontology.org/bao#BAX_0000005","valueLabel":"see Gene ID","propAbbrev":"bao:BAX_0000005"},{"propURI":"http://www.bioassayontology.org/bao#BAX_0000010","valueLabel":"neutral lipid storage disease","propAbbrev":"bao:BAX_0000010"}],"labelsRemoved":[{"propURI":"http://www.bioassayontology.org/bao#BAX_0000005","valueLabel":"requires term","propAbbrev":"bao:BAX_0000005"},{"propURI":"http://www.bioassayontology.org/bao#BAX_0000010","valueLabel":"requires term","propAbbrev":"bao:BAX_0000010"}]},{"curationTime":1492468127795,"curatorID":"admin","annotsAdded":[{"propURI":"http://www.bioassayontology.org/bao#BAO_0002854","propLabel":"bioassay type","propAbbrev":"bao:BAO_0002854","valueURI":"http://www.bioassayontology.org/bao#BAO_0000041","valueLabel":"binding type","valueAbbrev":"bao:BAO_0000041","valueDescr":"Binding assays are performed to understand the interaction between two molecules, e.g. perturbagen-protein, protein-protein, protein-DNA, etc.","valueHier":["http://www.bioassayontology.org/bao#BAO_0000008"],"labelHier":["bioassay type"]}],"annotsRemoved":[{"propURI":"http://www.bioassayontology.org/bao#BAX_0000002","propLabel":"has bioassay type","propAbbrev":"bao:BAX_0000002","valueURI":"http://www.bioassayontology.org/bao#BAO_0000041","valueLabel":"binding type","valueAbbrev":"bao:BAO_0000041","valueDescr":"Binding assays are performed to understand the interaction between two molecules, e.g. perturbagen-protein, protein-protein, protein-DNA, etc.","valueHier":[],"labelHier":[],"outOfSchema":true}],"labelsAdded":[{"propURI":"http://www.bioassayontology.org/bao#BAO_0002854","valueLabel":"binding type","propAbbrev":"bao:BAO_0002854","propLabel":"bioassay type"}],"labelsRemoved":[{"propURI":"http://www.bioassayontology.org/bao#BAX_0000002","valueLabel":"binding type","propAbbrev":"bao:BAX_0000002","propLabel":"has bioassay type"}]},{"curationTime":1492468127795,"curatorID":"admin","annotsAdded":[{"propURI":"http://www.bioassayontology.org/bao#BAO_0002009","propLabel":"biological process","propAbbrev":"bao:BAO_0002009","valueURI":"http://purl.obolibrary.org/obo/GO_0061725","valueLabel":"cytosolic lipolysis","valueAbbrev":"obo:GO_0061725","valueDescr":"The chemical reactions and pathways resulting in the breakdown of lipid droplets and hydrolysis of stored triglycerides occurring through the orchestrated activation of cytosolic lipases.","valueHier":["http://purl.obolibrary.org/obo/GO_0044242","http://purl.obolibrary.org/obo/GO_0044248","http://purl.obolibrary.org/obo/GO_0044237","http://purl.obolibrary.org/obo/GO_0009987","http://purl.obolibrary.org/obo/GO_0008150","http://www.bioassayontology.org/bao#BAO_0003114"],"labelHier":["cellular lipid catabolic process","cellular catabolic process","cellular metabolic process","cellular process","biological process","assay biology component"]}],"annotsRemoved":[{"propURI":"http://www.bioassayontology.org/bao#BAX_0000004","propAbbrev":"bao:BAX_0000004","valueURI":"http://purl.obolibrary.org/obo/GO_0061725","valueLabel":"cytosolic lipolysis","valueAbbrev":"obo:GO_0061725","valueDescr":"The chemical reactions and pathways resulting in the breakdown of lipid droplets and hydrolysis of stored triglycerides occurring through the orchestrated activation of cytosolic lipases.","valueHier":[],"labelHier":[],"outOfSchema":true}],"labelsAdded":[{"propURI":"http://www.bioassayontology.org/bao#BAO_0002009","valueLabel":"cytosolic lipolysis","propAbbrev":"bao:BAO_0002009","propLabel":"biological process"}],"labelsRemoved":[{"propURI":"http://www.bioassayontology.org/bao#BAX_0000004","valueLabel":"cytosolic lipolysis","propAbbrev":"bao:BAX_0000004"}]},{"curationTime":1492468127795,"curatorID":"admin","annotsAdded":[{"propURI":"http://www.bioassayontology.org/bao#BAO_0002848","propLabel":"applies to disease","propAbbrev":"bao:BAO_0002848","valueURI":"http://purl.obolibrary.org/obo/DOID_9970","valueLabel":"obesity","valueAbbrev":"obo:DOID_9970","valueDescr":"An overnutrition that is characterized by excess body fat, traditionally defined as an elevated ratio of weight to height (specifically 30 kilograms per meter squared), has_material_basis_in a multifactorial etiology related to excess nutrition intake, decreased caloric utilization, and genetic susceptibility, and possibly medications and certain disorders of metabolism, endocrine function, and mental illness.","valueHier":["http://purl.obolibrary.org/obo/DOID_654","http://purl.obolibrary.org/obo/DOID_374","http://purl.obolibrary.org/obo/DOID_0060158","http://purl.obolibrary.org/obo/DOID_0014667","http://purl.obolibrary.org/obo/DOID_4"],"labelHier":["overnutrition","nutrition disease","acquired metabolic disease","disease of metabolism","Disease"]},{"propURI":"http://www.bioassayontology.org/bao#BAO_0002848","propLabel":"applies to disease","propAbbrev":"bao:BAO_0002848","valueURI":"http://purl.obolibrary.org/obo/DOID_9351","valueLabel":"diabetes mellitus","valueAbbrev":"obo:DOID_9351","valueDescr":"\nA glucose metabolism disease characterized by chronic hyperglycaemia with disturbances of carbohydrate, fat and protein metabolism resulting from defects in insulin secretion, insulin action, or both.\n","valueHier":["http://purl.obolibrary.org/obo/DOID_4194","http://purl.obolibrary.org/obo/DOID_0050013","http://purl.obolibrary.org/obo/DOID_0060158","http://purl.obolibrary.org/obo/DOID_0014667","http://purl.obolibrary.org/obo/DOID_4"],"labelHier":["glucose metabolism disease","carbohydrate metabolism disease","acquired metabolic disease","disease of metabolism","Disease"]},{"propURI":"http://www.bioassayontology.org/bao#BAO_0002848","propLabel":"applies to disease","propAbbrev":"bao:BAO_0002848","valueURI":"http://purl.obolibrary.org/obo/DOID_0050729","valueLabel":"neutral lipid storage disease","valueAbbrev":"obo:DOID_0050729","valueDescr":"A lipid storage disease that is characterized by accumulation of triglycerides in the cytoplasm of leukocytes, muscle, liver, fibroblasts, and other tissues.","valueHier":["http://purl.obolibrary.org/obo/DOID_9455","http://purl.obolibrary.org/obo/DOID_3211","http://purl.obolibrary.org/obo/DOID_655","http://purl.obolibrary.org/obo/DOID_0014667","http://purl.obolibrary.org/obo/DOID_4"],"labelHier":["lipid storage disease","lysosomal storage disease","inherited metabolic disorder","disease of metabolism","Disease"]},{"propURI":"http://www.bioassayontology.org/bao#BAO_0002848","propLabel":"applies to disease","propAbbrev":"bao:BAO_0002848","valueURI":"http://purl.obolibrary.org/obo/DOID_1287","valueLabel":"cardiovascular system disease","valueAbbrev":"obo:DOID_1287","valueDescr":"\nA disease of anatomical entity which occurs in the blood, heart, blood vessels or the lymphatic system that passes nutrients (such as amino acids and electrolytes), gases, hormones, blood cells or lymph to and from cells in the body to help fight diseases and help stabilize body temperature and pH to maintain homeostasis.\n","valueHier":["http://purl.obolibrary.org/obo/DOID_7","http://purl.obolibrary.org/obo/DOID_4"],"labelHier":["disease of anatomical entity","Disease"]}],"annotsRemoved":[{"propURI":"http://www.bioassayontology.org/bao#BAX_0000010","propAbbrev":"bao:BAX_0000010","valueURI":"http://purl.obolibrary.org/obo/DOID_9970","valueLabel":"obesity","valueAbbrev":"obo:DOID_9970","valueDescr":"An overnutrition that is characterized by excess body fat, traditionally defined as an elevated ratio of weight to height (specifically 30 kilograms per meter squared), has_material_basis_in a multifactorial etiology related to excess nutrition intake, decreased caloric utilization, and genetic susceptibility, and possibly medications and certain disorders of metabolism, endocrine function, and mental illness.","valueHier":[],"labelHier":[],"outOfSchema":true},{"propURI":"http://www.bioassayontology.org/bao#BAX_0000010","propAbbrev":"bao:BAX_0000010","valueURI":"http://purl.obolibrary.org/obo/DOID_0050729","valueLabel":"neutral lipid storage disease","valueAbbrev":"obo:DOID_0050729","valueDescr":"A lipid storage disease that is characterized by accumulation of triglycerides in the cytoplasm of leukocytes, muscle, liver, fibroblasts, and other tissues.","valueHier":[],"labelHier":[],"outOfSchema":true},{"propURI":"http://www.bioassayontology.org/bao#BAX_0000010","propAbbrev":"bao:BAX_0000010","valueURI":"http://purl.obolibrary.org/obo/DOID_9351","valueLabel":"diabetes mellitus","valueAbbrev":"obo:DOID_9351","valueDescr":"\nA glucose metabolism disease characterized by chronic hyperglycaemia with disturbances of carbohydrate, fat and protein metabolism resulting from defects in insulin secretion, insulin action, or both.\n","valueHier":[],"labelHier":[],"outOfSchema":true},{"propURI":"http://www.bioassayontology.org/bao#BAX_0000010","propAbbrev":"bao:BAX_0000010","valueURI":"http://purl.obolibrary.org/obo/DOID_1287","valueLabel":"cardiovascular system disease","valueAbbrev":"obo:DOID_1287","valueDescr":"\nA disease of anatomical entity which occurs in the blood, heart, blood vessels or the lymphatic system that passes nutrients (such as amino acids and electrolytes), gases, hormones, blood cells or lymph to and from cells in the body to help fight diseases and help stabilize body temperature and pH to maintain homeostasis.\n","valueHier":[],"labelHier":[],"outOfSchema":true}],"labelsAdded":[{"propURI":"http://www.bioassayontology.org/bao#BAO_0002848","valueLabel":"obesity","propAbbrev":"bao:BAO_0002848","propLabel":"applies to disease"},{"propURI":"http://www.bioassayontology.org/bao#BAO_0002848","valueLabel":"diabetes mellitus","propAbbrev":"bao:BAO_0002848","propLabel":"applies to disease"},{"propURI":"http://www.bioassayontology.org/bao#BAO_0002848","valueLabel":"neutral lipid storage disease","propAbbrev":"bao:BAO_0002848","propLabel":"applies to disease"},{"propURI":"http://www.bioassayontology.org/bao#BAO_0002848","valueLabel":"cardiovascular system disease","propAbbrev":"bao:BAO_0002848","propLabel":"applies to disease"}],"labelsRemoved":[{"propURI":"http://www.bioassayontology.org/bao#BAX_0000010","valueLabel":"obesity","propAbbrev":"bao:BAX_0000010"},{"propURI":"http://www.bioassayontology.org/bao#BAX_0000010","valueLabel":"neutral lipid storage disease","propAbbrev":"bao:BAX_0000010"},{"propURI":"http://www.bioassayontology.org/bao#BAX_0000010","valueLabel":"diabetes mellitus","propAbbrev":"bao:BAX_0000010"},{"propURI":"http://www.bioassayontology.org/bao#BAX_0000010","valueLabel":"cardiovascular system disease","propAbbrev":"bao:BAX_0000010"}]},{"curationTime":1492468127795,"curatorID":"admin","annotsAdded":[{"propURI":"http://www.bioassayontology.org/bao#BAO_0000208","propLabel":"result","propAbbrev":"bao:BAO_0000208","valueURI":"http://www.bioassayontology.org/bao#BAO_0000201","valueLabel":"percent inhibition","valueAbbrev":"bao:BAO_0000201","valueDescr":"Percent decrease of a measureable response as a consequence of compound treatment.  Unit of Measure is always % when normalized to the dynamic range of the assay. Percent inhibition is expressed relative to a positive control (which results in total inhibition).","valueHier":["http://www.bioassayontology.org/bao#BAO_0000082","http://www.bioassayontology.org/bao#BAO_0000181","http://www.bioassayontology.org/bao#BAO_0000179"],"labelHier":["percent response","response endpoint","endpoint"]}],"annotsRemoved":[{"propURI":"http://www.bioassayontology.org/bao#BAX_0000006","propAbbrev":"bao:BAX_0000006","valueURI":"http://www.bioassayontology.org/bao#BAO_0000201","valueLabel":"percent inhibition","valueAbbrev":"bao:BAO_0000201","valueDescr":"Percent decrease of a measureable response as a consequence of compound treatment.  Unit of Measure is always % when normalized to the dynamic range of the assay. Percent inhibition is expressed relative to a positive control (which results in total inhibition).","valueHier":[],"labelHier":[],"outOfSchema":true}],"labelsAdded":[{"propURI":"http://www.bioassayontology.org/bao#BAO_0000208","valueLabel":"percent inhibition","propAbbrev":"bao:BAO_0000208","propLabel":"result"}],"labelsRemoved":[{"propURI":"http://www.bioassayontology.org/bao#BAX_0000006","valueLabel":"percent inhibition","propAbbrev":"bao:BAX_0000006"}]},{"curationTime":1492468127795,"curatorID":"admin","annotsAdded":[{"propURI":"http://www.bioassayontology.org/bao#BAO_0002874","propLabel":"units","propAbbrev":"bao:BAO_0002874","valueURI":"http://purl.org/obo/owl/UO#UO_0000187","valueLabel":"percent","valueAbbrev":"uo:UO_0000187","valueDescr":"","valueHier":[],"labelHier":[],"outOfSchema":true}],"annotsRemoved":[{"propURI":"http://www.bioassayontology.org/bao#BAX_0000007","propAbbrev":"bao:BAX_0000007","valueURI":"http://purl.org/obo/owl/UO#UO_0000187","valueLabel":"percent","valueAbbrev":"uo:UO_0000187","valueDescr":"","valueHier":[],"labelHier":[],"outOfSchema":true}],"labelsAdded":[{"propURI":"http://www.bioassayontology.org/bao#BAO_0002874","valueLabel":"percent","propAbbrev":"bao:BAO_0002874","propLabel":"units"}],"labelsRemoved":[{"propURI":"http://www.bioassayontology.org/bao#BAX_0000007","valueLabel":"percent","propAbbrev":"bao:BAX_0000007"}]},{"curationTime":1492468127795,"curatorID":"admin","annotsAdded":[{"propURI":"http://www.bioassayontology.org/bao#BAO_0003107","propLabel":"GO terms","propAbbrev":"bao:BAO_0003107","valueURI":"http://purl.obolibrary.org/obo/GO_0051006","valueLabel":"positive regulation of lipoprotein lipase activity","valueAbbrev":"obo:GO_0051006","valueDescr":"Any process that activates or increases the activity of the enzyme lipoprotein lipase.","valueHier":["http://purl.obolibrary.org/obo/GO_0061365","http://purl.obolibrary.org/obo/GO_0060193","http://purl.obolibrary.org/obo/GO_0051345","http://purl.obolibrary.org/obo/GO_0043085","http://purl.obolibrary.org/obo/GO_0009893","http://purl.obolibrary.org/obo/GO_0048518","http://purl.obolibrary.org/obo/GO_0050789","http://purl.obolibrary.org/obo/GO_0065007","http://purl.obolibrary.org/obo/GO_0008150","http://www.bioassayontology.org/bao#BAO_0003114"],"labelHier":["positive regulation of triglyceride lipase activity","positive regulation of lipase activity","positive regulation of hydrolase activity","positive regulation of catalytic activity","positive regulation of metabolic process","positive regulation of biological process","regulation of biological process","biological regulation","biological process","assay biology component"]},{"propURI":"http://www.bioassayontology.org/bao#BAO_0003107","propLabel":"GO terms","propAbbrev":"bao:BAO_0003107","valueURI":"http://purl.obolibrary.org/obo/GO_0042171","valueLabel":"lysophosphatidic acid acyltransferase activity","valueAbbrev":"obo:GO_0042171","valueDescr":"Catalysis of the transfer of acyl groups from an acyl-CoA to lysophosphatidic acid to form phosphatidic acid.","valueHier":["http://purl.obolibrary.org/obo/GO_0071617","http://purl.obolibrary.org/obo/GO_0016747","http://purl.obolibrary.org/obo/GO_0016746","http://purl.obolibrary.org/obo/GO_0016740","http://purl.obolibrary.org/obo/GO_0003824","http://purl.obolibrary.org/obo/GO_0003674","http://www.bioassayontology.org/bao#BAO_0003117","http://www.bioassayontology.org/bao#BAO_0003114"],"labelHier":["lysophospholipid acyltransferase activity","transferase activity, transferring acyl groups other than amino-acyl groups","transferase activity, transferring acyl groups","transferase activity","catalytic activity","molecular function","function","assay biology component"]},{"propURI":"http://www.bioassayontology.org/bao#BAO_0003107","propLabel":"GO terms","propAbbrev":"bao:BAO_0003107","valueURI":"http://purl.obolibrary.org/obo/GO_0003841","valueLabel":"1-acylglycerol-3-phosphate O-acyltransferase activity","valueAbbrev":"obo:GO_0003841","valueDescr":"Catalysis of the reaction: acyl-CoA + 1-acyl-sn-glycerol-3-phosphate = CoA + 1,2-diacyl-sn-glycerol-3-phosphate.","valueHier":["http://purl.obolibrary.org/obo/GO_0042171","http://purl.obolibrary.org/obo/GO_0071617","http://purl.obolibrary.org/obo/GO_0016747","http://purl.obolibrary.org/obo/GO_0016746","http://purl.obolibrary.org/obo/GO_0016740","http://purl.obolibrary.org/obo/GO_0003824","http://purl.obolibrary.org/obo/GO_0003674","http://www.bioassayontology.org/bao#BAO_0003117","http://www.bioassayontology.org/bao#BAO_0003114"],"labelHier":["lysophosphatidic acid acyltransferase activity","lysophospholipid acyltransferase activity","transferase activity, transferring acyl groups other than amino-acyl groups","transferase activity, transferring acyl groups","transferase activity","catalytic activity","molecular function","function","assay biology component"]},{"propURI":"http://www.bioassayontology.org/bao#BAO_0003107","propLabel":"GO terms","propAbbrev":"bao:BAO_0003107","valueURI":"http://purl.obolibrary.org/obo/GO_0006631","valueLabel":"fatty acid metabolic process","valueAbbrev":"obo:GO_0006631","valueDescr":"The chemical reactions and pathways involving fatty acids, aliphatic monocarboxylic acids liberated from naturally occurring fats and oils by hydrolysis.","valueHier":["http://purl.obolibrary.org/obo/GO_0032787","http://purl.obolibrary.org/obo/GO_0019752","http://purl.obolibrary.org/obo/GO_0043436","http://purl.obolibrary.org/obo/GO_0006082","http://purl.obolibrary.org/obo/GO_0044237","http://purl.obolibrary.org/obo/GO_0009987","http://purl.obolibrary.org/obo/GO_0008150","http://www.bioassayontology.org/bao#BAO_0003114"],"labelHier":["monocarboxylic acid metabolic process","carboxylic acid metabolic process","oxoacid metabolic process","organic acid metabolic process","cellular metabolic process","cellular process","biological process","assay biology component"]},{"propURI":"http://www.bioassayontology.org/bao#BAO_0003107","propLabel":"GO terms","propAbbrev":"bao:BAO_0003107","valueURI":"http://purl.obolibrary.org/obo/GO_0006654","valueLabel":"phosphatidic acid biosynthetic process","valueAbbrev":"obo:GO_0006654","valueDescr":"The chemical reactions and pathways resulting in the formation of phosphatidic acid, any derivative of glycerol phosphate in which both the remaining hydroxyl groups of the glycerol moiety are esterified with fatty acids.","valueHier":["http://purl.obolibrary.org/obo/GO_0046474","http://purl.obolibrary.org/obo/GO_0006650","http://purl.obolibrary.org/obo/GO_0006644","http://purl.obolibrary.org/obo/GO_0019637","http://purl.obolibrary.org/obo/GO_0071704","http://purl.obolibrary.org/obo/GO_0008152","http://purl.obolibrary.org/obo/GO_0008150","http://www.bioassayontology.org/bao#BAO_0003114"],"labelHier":["glycerophospholipid biosynthetic process","glycerophospholipid metabolic process","phospholipid metabolic process","organophosphate metabolic process","organic substance metabolic process","metabolic process","biological process","assay biology component"]},{"propURI":"http://www.bioassayontology.org/bao#BAO_0003107","propLabel":"GO terms","propAbbrev":"bao:BAO_0003107","valueURI":"http://purl.obolibrary.org/obo/GO_0010891","valueLabel":"negative regulation of sequestering of triglyceride","valueAbbrev":"obo:GO_0010891","valueDescr":"Any process that modulates the rate, frequency or extent of sequestering of triglyceride. Triglyceride sequestration is the process of binding or confining any triester of glycerol such that it is separated from other components of a biological system.","valueHier":["http://purl.obolibrary.org/obo/GO_0010889","http://purl.obolibrary.org/obo/GO_0010883","http://purl.obolibrary.org/obo/GO_0032879","http://purl.obolibrary.org/obo/GO_0050789","http://purl.obolibrary.org/obo/GO_0065007","http://purl.obolibrary.org/obo/GO_0008150","http://www.bioassayontology.org/bao#BAO_0003114"],"labelHier":["regulation of sequestering of triglyceride","regulation of lipid storage","regulation of localization","regulation of biological process","biological regulation","biological process","assay biology component"]},{"propURI":"http://www.bioassayontology.org/bao#BAO_0003107","propLabel":"GO terms","propAbbrev":"bao:BAO_0003107","valueURI":"http://purl.obolibrary.org/obo/GO_0010898","valueLabel":"positive regulation of triglyceride catabolic process","valueAbbrev":"obo:GO_0010898","valueDescr":"Any process that increases the frequency, rate, or extent of the chemical reactions and pathways resulting in the breakdown of triglyceride.","valueHier":["http://purl.obolibrary.org/obo/GO_0031331","http://purl.obolibrary.org/obo/GO_0009896","http://purl.obolibrary.org/obo/GO_0009893","http://purl.obolibrary.org/obo/GO_0048518","http://purl.obolibrary.org/obo/GO_0050789","http://purl.obolibrary.org/obo/GO_0065007","http://purl.obolibrary.org/obo/GO_0008150","http://www.bioassayontology.org/bao#BAO_0003114"],"labelHier":["positive regulation of cellular catabolic process","positive regulation of catabolic process","positive regulation of metabolic process","positive regulation of biological process","regulation of biological process","biological regulation","biological process","assay biology component"]},{"propURI":"http://www.bioassayontology.org/bao#BAO_0003107","propLabel":"GO terms","propAbbrev":"bao:BAO_0003107","valueURI":"http://purl.obolibrary.org/obo/GO_0005829","valueLabel":"cytosol","valueAbbrev":"obo:GO_0005829","valueDescr":"The part of the cytoplasm that does not contain organelles but which does contain other particulate matter, such as protein complexes.","valueHier":["http://purl.obolibrary.org/obo/GO_0005575","http://www.bioassayontology.org/bao#BAO_0003114"],"labelHier":["cellular component","assay biology component"]},{"propURI":"http://www.bioassayontology.org/bao#BAO_0003107","propLabel":"GO terms","propAbbrev":"bao:BAO_0003107","valueURI":"http://purl.obolibrary.org/obo/GO_0052689","valueLabel":"carboxylic ester hydrolase activity","valueAbbrev":"obo:GO_0052689","valueDescr":"Catalysis of the hydrolysis of a carboxylic ester bond.","valueHier":["http://purl.obolibrary.org/obo/GO_0016788","http://purl.obolibrary.org/obo/GO_0016787","http://purl.obolibrary.org/obo/GO_0003824","http://purl.obolibrary.org/obo/GO_0003674","http://www.bioassayontology.org/bao#BAO_0003117","http://www.bioassayontology.org/bao#BAO_0003114"],"labelHier":["hydrolase activity, acting on ester bonds","hydrolase activity","catalytic activity","molecular function","function","assay biology component"]},{"propURI":"http://www.bioassayontology.org/bao#BAO_0003107","propLabel":"GO terms","propAbbrev":"bao:BAO_0003107","valueURI":"http://purl.obolibrary.org/obo/GO_0005811","valueLabel":"lipid particle","valueAbbrev":"obo:GO_0005811","valueDescr":"An intracellular non-membrane-bounded organelle comprising a matrix of coalesced lipids surrounded by a phospholipid monolayer. May include associated proteins.","valueHier":["http://purl.obolibrary.org/obo/GO_0043232","http://purl.obolibrary.org/obo/GO_0043229","http://purl.obolibrary.org/obo/GO_0043226","http://purl.obolibrary.org/obo/GO_0005575","http://www.bioassayontology.org/bao#BAO_0003114"],"labelHier":["intracellular non-membrane-bounded organelle","intracellular organelle","organelle","cellular component","assay biology component"]},{"propURI":"http://www.bioassayontology.org/bao#BAO_0003107","propLabel":"GO terms","propAbbrev":"bao:BAO_0003107","valueURI":"http://purl.obolibrary.org/obo/GO_0044281","valueLabel":"small molecule metabolic process","valueAbbrev":"obo:GO_0044281","valueDescr":"The chemical reactions and pathways involving small molecules, any low molecular weight, monomeric, non-encoded molecule.","valueHier":["http://purl.obolibrary.org/obo/GO_0044710","http://purl.obolibrary.org/obo/GO_0008152","http://purl.obolibrary.org/obo/GO_0008150","http://www.bioassayontology.org/bao#BAO_0003114"],"labelHier":["single-organism metabolic process","metabolic process","biological process","assay biology component"]},{"propURI":"http://www.bioassayontology.org/bao#BAO_0003107","propLabel":"GO terms","propAbbrev":"bao:BAO_0003107","valueURI":"http://purl.obolibrary.org/obo/GO_0005634","valueLabel":"nucleus","valueAbbrev":"obo:GO_0005634","valueDescr":"A membrane-bounded organelle of eukaryotic cells in which chromosomes are housed and replicated. In most cells, the nucleus contains all of the cell's chromosomes except the organellar chromosomes, and is the site of RNA synthesis and processing. In some species, or in specialized cell types, RNA metabolism or DNA replication may be absent.","valueHier":["http://purl.obolibrary.org/obo/GO_0005575","http://www.bioassayontology.org/bao#BAO_0003114"],"labelHier":["cellular component","assay biology component"]},{"propURI":"http://www.bioassayontology.org/bao#BAO_0003107","propLabel":"GO terms","propAbbrev":"bao:BAO_0003107","valueURI":"http://purl.obolibrary.org/obo/GO_0043231","valueLabel":"intracellular membrane-bounded organelle","valueAbbrev":"obo:GO_0043231","valueDescr":"Organized structure of distinctive morphology and function, bounded by a single or double lipid bilayer membrane and occurring within the cell. Includes the nucleus, mitochondria, plastids, vacuoles, and vesicles. Excludes the plasma membrane.","valueHier":["http://purl.obolibrary.org/obo/GO_0043227","http://purl.obolibrary.org/obo/GO_0043226","http://purl.obolibrary.org/obo/GO_0005575","http://www.bioassayontology.org/bao#BAO_0003114"],"labelHier":["membrane-bounded organelle","organelle","cellular component","assay biology component"]},{"propURI":"http://www.bioassayontology.org/bao#BAO_0003107","propLabel":"GO terms","propAbbrev":"bao:BAO_0003107","valueURI":"http://purl.obolibrary.org/obo/GO_0005737","valueLabel":"cytoplasm","valueAbbrev":"obo:GO_0005737","valueDescr":"All of the contents of a cell excluding the plasma membrane and nucleus, but including other subcellular structures.","valueHier":["http://purl.obolibrary.org/obo/GO_0005575","http://www.bioassayontology.org/bao#BAO_0003114"],"labelHier":["cellular component","assay biology component"]},{"propURI":"http://www.bioassayontology.org/bao#BAO_0003107","propLabel":"GO terms","propAbbrev":"bao:BAO_0003107","valueURI":"http://purl.obolibrary.org/obo/GO_0019915","valueLabel":"lipid storage","valueAbbrev":"obo:GO_0019915","valueDescr":"The accumulation and maintenance in cells or tissues of lipids, compounds soluble in organic solvents but insoluble or sparingly soluble in aqueous solvents. Lipid reserves can be accumulated during early developmental stages for mobilization and utilization at later stages of development.","valueHier":["http://purl.obolibrary.org/obo/GO_0051235","http://purl.obolibrary.org/obo/GO_0051179","http://purl.obolibrary.org/obo/GO_0008150","http://www.bioassayontology.org/bao#BAO_0003114"],"labelHier":["maintenance of location","localization","biological process","assay biology component"]},{"propURI":"http://www.bioassayontology.org/bao#BAO_0003107","propLabel":"GO terms","propAbbrev":"bao:BAO_0003107","valueURI":"http://purl.obolibrary.org/obo/GO_0019433","valueLabel":"triglyceride catabolic process","valueAbbrev":"obo:GO_0019433","valueDescr":"The chemical reactions and pathways resulting in the breakdown of a triglyceride, any triester of glycerol.","valueHier":["http://purl.obolibrary.org/obo/GO_0046464","http://purl.obolibrary.org/obo/GO_0006639","http://purl.obolibrary.org/obo/GO_0006638","http://purl.obolibrary.org/obo/GO_0044255","http://purl.obolibrary.org/obo/GO_0006629","http://purl.obolibrary.org/obo/GO_0071704","http://purl.obolibrary.org/obo/GO_0008152","http://purl.obolibrary.org/obo/GO_0008150","http://www.bioassayontology.org/bao#BAO_0003114"],"labelHier":["acylglycerol catabolic process","acylglycerol metabolic process","neutral lipid metabolic process","cellular lipid metabolic process","lipid metabolic process","organic substance metabolic process","metabolic process","biological process","assay biology component"]},{"propURI":"http://www.bioassayontology.org/bao#BAO_0003107","propLabel":"GO terms","propAbbrev":"bao:BAO_0003107","valueURI":"http://purl.obolibrary.org/obo/GO_0030154","valueLabel":"cell differentiation","valueAbbrev":"obo:GO_0030154","valueDescr":"The process in which relatively unspecialized cells, e.g. embryonic or regenerative cells, acquire specialized structural and/or functional features that characterize the cells, tissues, or organs of the mature organism or some other relatively stable phase of the organism's life history. Differentiation includes the processes involved in commitment of a cell to a specific fate and its subsequent development to the mature state.","valueHier":["http://purl.obolibrary.org/obo/GO_0048869","http://purl.obolibrary.org/obo/GO_0044763","http://purl.obolibrary.org/obo/GO_0009987","http://purl.obolibrary.org/obo/GO_0008150","http://www.bioassayontology.org/bao#BAO_0003114"],"labelHier":["cellular developmental process","single-organism cellular process","cellular process","biological process","assay biology component"]},{"propURI":"http://www.bioassayontology.org/bao#BAO_0003107","propLabel":"GO terms","propAbbrev":"bao:BAO_0003107","valueURI":"http://purl.obolibrary.org/obo/GO_0004806","valueLabel":"triglyceride lipase activity","valueAbbrev":"obo:GO_0004806","valueDescr":"Catalysis of the reaction: triacylglycerol + H2O = diacylglycerol + a carboxylate.","valueHier":["http://purl.obolibrary.org/obo/GO_0052689","http://purl.obolibrary.org/obo/GO_0016788","http://purl.obolibrary.org/obo/GO_0016787","http://purl.obolibrary.org/obo/GO_0003824","http://purl.obolibrary.org/obo/GO_0003674","http://www.bioassayontology.org/bao#BAO_0003117","http://www.bioassayontology.org/bao#BAO_0003114"],"labelHier":["carboxylic ester hydrolase activity","hydrolase activity, acting on ester bonds","hydrolase activity","catalytic activity","molecular function","function","assay biology component"]}],"annotsRemoved":[{"propURI":"http://www.bioassayontology.org/bao#BAX_0000009","propAbbrev":"bao:BAX_0000009","valueURI":"http://purl.obolibrary.org/obo/GO_0005634","valueLabel":"nucleus","valueAbbrev":"obo:GO_0005634","valueDescr":"A membrane-bounded organelle of eukaryotic cells in which chromosomes are housed and replicated. In most cells, the nucleus contains all of the cell's chromosomes except the organellar chromosomes, and is the site of RNA synthesis and processing. In some species, or in specialized cell types, RNA metabolism or DNA replication may be absent.","valueHier":[],"labelHier":[],"outOfSchema":true},{"propURI":"http://www.bioassayontology.org/bao#BAX_0000009","propAbbrev":"bao:BAX_0000009","valueURI":"http://purl.obolibrary.org/obo/GO_0005811","valueLabel":"lipid particle","valueAbbrev":"obo:GO_0005811","valueDescr":"An intracellular non-membrane-bounded organelle comprising a matrix of coalesced lipids surrounded by a phospholipid monolayer. May include associated proteins.","valueHier":[],"labelHier":[],"outOfSchema":true},{"propURI":"http://www.bioassayontology.org/bao#BAX_0000009","propAbbrev":"bao:BAX_0000009","valueURI":"http://purl.obolibrary.org/obo/GO_0052689","valueLabel":"carboxylic ester hydrolase activity","valueAbbrev":"obo:GO_0052689","valueDescr":"Catalysis of the hydrolysis of a carboxylic ester bond.","valueHier":[],"labelHier":[],"outOfSchema":true},{"propURI":"http://www.bioassayontology.org/bao#BAX_0000009","propAbbrev":"bao:BAX_0000009","valueURI":"http://purl.obolibrary.org/obo/GO_0005737","valueLabel":"cytoplasm","valueAbbrev":"obo:GO_0005737","valueDescr":"All of the contents of a cell excluding the plasma membrane and nucleus, but including other subcellular structures.","valueHier":[],"labelHier":[],"outOfSchema":true},{"propURI":"http://www.bioassayontology.org/bao#BAX_0000009","propAbbrev":"bao:BAX_0000009","valueURI":"http://purl.obolibrary.org/obo/GO_0044281","valueLabel":"small molecule metabolic process","valueAbbrev":"obo:GO_0044281","valueDescr":"The chemical reactions and pathways involving small molecules, any low molecular weight, monomeric, non-encoded molecule.","valueHier":[],"labelHier":[],"outOfSchema":true},{"propURI":"http://www.bioassayontology.org/bao#BAX_0000009","propAbbrev":"bao:BAX_0000009","valueURI":"http://purl.obolibrary.org/obo/GO_0043231","valueLabel":"intracellular membrane-bounded organelle","valueAbbrev":"obo:GO_0043231","valueDescr":"Organized structure of distinctive morphology and function, bounded by a single or double lipid bilayer membrane and occurring within the cell. Includes the nucleus, mitochondria, plastids, vacuoles, and vesicles. Excludes the plasma membrane.","valueHier":[],"labelHier":[],"outOfSchema":true},{"propURI":"http://www.bioassayontology.org/bao#BAX_0000009","propAbbrev":"bao:BAX_0000009","valueURI":"http://purl.obolibrary.org/obo/GO_0010891","valueLabel":"negative regulation of sequestering of triglyceride","valueAbbrev":"obo:GO_0010891","valueDescr":"Any process that modulates the rate, frequency or extent of sequestering of triglyceride. Triglyceride sequestration is the process of binding or confining any triester of glycerol such that it is separated from other components of a biological system.","valueHier":[],"labelHier":[],"outOfSchema":true},{"propURI":"http://www.bioassayontology.org/bao#BAX_0000009","propAbbrev":"bao:BAX_0000009","valueURI":"http://purl.obolibrary.org/obo/GO_0005829","valueLabel":"cytosol","valueAbbrev":"obo:GO_0005829","valueDescr":"The part of the cytoplasm that does not contain organelles but which does contain other particulate matter, such as protein complexes.","valueHier":[],"labelHier":[],"outOfSchema":true},{"propURI":"http://www.bioassayontology.org/bao#BAX_0000009","propAbbrev":"bao:BAX_0000009","valueURI":"http://purl.obolibrary.org/obo/GO_0003841","valueLabel":"1-acylglycerol-3-phosphate O-acyltransferase activity","valueAbbrev":"obo:GO_0003841","valueDescr":"Catalysis of the reaction: acyl-CoA + 1-acyl-sn-glycerol-3-phosphate = CoA + 1,2-diacyl-sn-glycerol-3-phosphate.","valueHier":[],"labelHier":[],"outOfSchema":true},{"propURI":"http://www.bioassayontology.org/bao#BAX_0000009","propAbbrev":"bao:BAX_0000009","valueURI":"http://purl.obolibrary.org/obo/GO_0051006","valueLabel":"positive regulation of lipoprotein lipase activity","valueAbbrev":"obo:GO_0051006","valueDescr":"Any process that activates or increases the activity of the enzyme lipoprotein lipase.","valueHier":[],"labelHier":[],"outOfSchema":true},{"propURI":"http://www.bioassayontology.org/bao#BAX_0000009","propAbbrev":"bao:BAX_0000009","valueURI":"http://purl.obolibrary.org/obo/GO_0006654","valueLabel":"phosphatidic acid biosynthetic process","valueAbbrev":"obo:GO_0006654","valueDescr":"The chemical reactions and pathways resulting in the formation of phosphatidic acid, any derivative of glycerol phosphate in which both the remaining hydroxyl groups of the glycerol moiety are esterified with fatty acids.","valueHier":[],"labelHier":[],"outOfSchema":true},{"propURI":"http://www.bioassayontology.org/bao#BAX_0000009","propAbbrev":"bao:BAX_0000009","valueURI":"http://purl.obolibrary.org/obo/GO_0042171","valueLabel":"lysophosphatidic acid acyltransferase activity","valueAbbrev":"obo:GO_0042171","valueDescr":"Catalysis of the transfer of acyl groups from an acyl-CoA to lysophosphatidic acid to form phosphatidic acid.","valueHier":[],"labelHier":[],"outOfSchema":true},{"propURI":"http://www.bioassayontology.org/bao#BAX_0000009","propAbbrev":"bao:BAX_0000009","valueURI":"http://purl.obolibrary.org/obo/GO_0010898","valueLabel":"positive regulation of triglyceride catabolic process","valueAbbrev":"obo:GO_0010898","valueDescr":"Any process that increases the frequency, rate, or extent of the chemical reactions and pathways resulting in the breakdown of triglyceride.","valueHier":[],"labelHier":[],"outOfSchema":true},{"propURI":"http://www.bioassayontology.org/bao#BAX_0000009","propAbbrev":"bao:BAX_0000009","valueURI":"http://purl.obolibrary.org/obo/GO_0006631","valueLabel":"fatty acid metabolic process","valueAbbrev":"obo:GO_0006631","valueDescr":"The chemical reactions and pathways involving fatty acids, aliphatic monocarboxylic acids liberated from naturally occurring fats and oils by hydrolysis.","valueHier":[],"labelHier":[],"outOfSchema":true},{"propURI":"http://www.bioassayontology.org/bao#BAX_0000009","propAbbrev":"bao:BAX_0000009","valueURI":"http://purl.obolibrary.org/obo/GO_0019915","valueLabel":"lipid storage","valueAbbrev":"obo:GO_0019915","valueDescr":"The accumulation and maintenance in cells or tissues of lipids, compounds soluble in organic solvents but insoluble or sparingly soluble in aqueous solvents. Lipid reserves can be accumulated during early developmental stages for mobilization and utilization at later stages of development.","valueHier":[],"labelHier":[],"outOfSchema":true},{"propURI":"http://www.bioassayontology.org/bao#BAX_0000009","propAbbrev":"bao:BAX_0000009","valueURI":"http://purl.obolibrary.org/obo/GO_0004806","valueLabel":"triglyceride lipase activity","valueAbbrev":"obo:GO_0004806","valueDescr":"Catalysis of the reaction: triacylglycerol + H2O = diacylglycerol + a carboxylate.","valueHier":[],"labelHier":[],"outOfSchema":true},{"propURI":"http://www.bioassayontology.org/bao#BAX_0000009","propAbbrev":"bao:BAX_0000009","valueURI":"http://purl.obolibrary.org/obo/GO_0019433","valueLabel":"triglyceride catabolic process","valueAbbrev":"obo:GO_0019433","valueDescr":"The chemical reactions and pathways resulting in the breakdown of a triglyceride, any triester of glycerol.","valueHier":[],"labelHier":[],"outOfSchema":true},{"propURI":"http://www.bioassayontology.org/bao#BAX_0000009","propAbbrev":"bao:BAX_0000009","valueURI":"http://purl.obolibrary.org/obo/GO_0030154","valueLabel":"cell differentiation","valueAbbrev":"obo:GO_0030154","valueDescr":"The process in which relatively unspecialized cells, e.g. embryonic or regenerative cells, acquire specialized structural and/or functional features that characterize the cells, tissues, or organs of the mature organism or some other relatively stable phase of the organism's life history. Differentiation includes the processes involved in commitment of a cell to a specific fate and its subsequent development to the mature state.","valueHier":[],"labelHier":[],"outOfSchema":true}],"labelsAdded":[{"propURI":"http://www.bioassayontology.org/bao#BAO_0003107","valueLabel":"positive regulation of lipoprotein lipase activity","propAbbrev":"bao:BAO_0003107","propLabel":"GO terms"},{"propURI":"http://www.bioassayontology.org/bao#BAO_0003107","valueLabel":"lysophosphatidic acid acyltransferase activity","propAbbrev":"bao:BAO_0003107","propLabel":"GO terms"},{"propURI":"http://www.bioassayontology.org/bao#BAO_0003107","valueLabel":"1-acylglycerol-3-phosphate O-acyltransferase activity","propAbbrev":"bao:BAO_0003107","propLabel":"GO terms"},{"propURI":"http://www.bioassayontology.org/bao#BAO_0003107","valueLabel":"fatty acid metabolic process","propAbbrev":"bao:BAO_0003107","propLabel":"GO terms"},{"propURI":"http://www.bioassayontology.org/bao#BAO_0003107","valueLabel":"phosphatidic acid biosynthetic process","propAbbrev":"bao:BAO_0003107","propLabel":"GO terms"},{"propURI":"http://www.bioassayontology.org/bao#BAO_0003107","valueLabel":"negative regulation of sequestering of triglyceride","propAbbrev":"bao:BAO_0003107","propLabel":"GO terms"},{"propURI":"http://www.bioassayontology.org/bao#BAO_0003107","valueLabel":"positive regulation of triglyceride catabolic process","propAbbrev":"bao:BAO_0003107","propLabel":"GO terms"},{"propURI":"http://www.bioassayontology.org/bao#BAO_0003107","valueLabel":"cytosol","propAbbrev":"bao:BAO_0003107","propLabel":"GO terms"},{"propURI":"http://www.bioassayontology.org/bao#BAO_0003107","valueLabel":"carboxylic ester hydrolase activity","propAbbrev":"bao:BAO_0003107","propLabel":"GO terms"},{"propURI":"http://www.bioassayontology.org/bao#BAO_0003107","valueLabel":"lipid particle","propAbbrev":"bao:BAO_0003107","propLabel":"GO terms"},{"propURI":"http://www.bioassayontology.org/bao#BAO_0003107","valueLabel":"small molecule metabolic process","propAbbrev":"bao:BAO_0003107","propLabel":"GO terms"},{"propURI":"http://www.bioassayontology.org/bao#BAO_0003107","valueLabel":"nucleus","propAbbrev":"bao:BAO_0003107","propLabel":"GO terms"},{"propURI":"http://www.bioassayontology.org/bao#BAO_0003107","valueLabel":"intracellular membrane-bounded organelle","propAbbrev":"bao:BAO_0003107","propLabel":"GO terms"},{"propURI":"http://www.bioassayontology.org/bao#BAO_0003107","valueLabel":"cytoplasm","propAbbrev":"bao:BAO_0003107","propLabel":"GO terms"},{"propURI":"http://www.bioassayontology.org/bao#BAO_0003107","valueLabel":"lipid storage","propAbbrev":"bao:BAO_0003107","propLabel":"GO terms"},{"propURI":"http://www.bioassayontology.org/bao#BAO_0003107","valueLabel":"triglyceride catabolic process","propAbbrev":"bao:BAO_0003107","propLabel":"GO terms"},{"propURI":"http://www.bioassayontology.org/bao#BAO_0003107","valueLabel":"cell differentiation","propAbbrev":"bao:BAO_0003107","propLabel":"GO terms"},{"propURI":"http://www.bioassayontology.org/bao#BAO_0003107","valueLabel":"triglyceride lipase activity","propAbbrev":"bao:BAO_0003107","propLabel":"GO terms"}],"labelsRemoved":[{"propURI":"http://www.bioassayontology.org/bao#BAX_0000009","valueLabel":"nucleus","propAbbrev":"bao:BAX_0000009"},{"propURI":"http://www.bioassayontology.org/bao#BAX_0000009","valueLabel":"lipid particle","propAbbrev":"bao:BAX_0000009"},{"propURI":"http://www.bioassayontology.org/bao#BAX_0000009","valueLabel":"carboxylic ester hydrolase activity","propAbbrev":"bao:BAX_0000009"},{"propURI":"http://www.bioassayontology.org/bao#BAX_0000009","valueLabel":"cytoplasm","propAbbrev":"bao:BAX_0000009"},{"propURI":"http://www.bioassayontology.org/bao#BAX_0000009","valueLabel":"small molecule metabolic process","propAbbrev":"bao:BAX_0000009"},{"propURI":"http://www.bioassayontology.org/bao#BAX_0000009","valueLabel":"intracellular membrane-bounded organelle","propAbbrev":"bao:BAX_0000009"},{"propURI":"http://www.bioassayontology.org/bao#BAX_0000009","valueLabel":"negative regulation of sequestering of triglyceride","propAbbrev":"bao:BAX_0000009"},{"propURI":"http://www.bioassayontology.org/bao#BAX_0000009","valueLabel":"cytosol","propAbbrev":"bao:BAX_0000009"},{"propURI":"http://www.bioassayontology.org/bao#BAX_0000009","valueLabel":"1-acylglycerol-3-phosphate O-acyltransferase activity","propAbbrev":"bao:BAX_0000009"},{"propURI":"http://www.bioassayontology.org/bao#BAX_0000009","valueLabel":"positive regulation of lipoprotein lipase activity","propAbbrev":"bao:BAX_0000009"},{"propURI":"http://www.bioassayontology.org/bao#BAX_0000009","valueLabel":"phosphatidic acid biosynthetic process","propAbbrev":"bao:BAX_0000009"},{"propURI":"http://www.bioassayontology.org/bao#BAX_0000009","valueLabel":"lysophosphatidic acid acyltransferase activity","propAbbrev":"bao:BAX_0000009"},{"propURI":"http://www.bioassayontology.org/bao#BAX_0000009","valueLabel":"positive regulation of triglyceride catabolic process","propAbbrev":"bao:BAX_0000009"},{"propURI":"http://www.bioassayontology.org/bao#BAX_0000009","valueLabel":"fatty acid metabolic process","propAbbrev":"bao:BAX_0000009"},{"propURI":"http://www.bioassayontology.org/bao#BAX_0000009","valueLabel":"lipid storage","propAbbrev":"bao:BAX_0000009"},{"propURI":"http://www.bioassayontology.org/bao#BAX_0000009","valueLabel":"triglyceride lipase activity","propAbbrev":"bao:BAX_0000009"},{"propURI":"http://www.bioassayontology.org/bao#BAX_0000009","valueLabel":"triglyceride catabolic process","propAbbrev":"bao:BAX_0000009"},{"propURI":"http://www.bioassayontology.org/bao#BAX_0000009","valueLabel":"cell differentiation","propAbbrev":"bao:BAX_0000009"}]},{"curationTime":1492468127795,"curatorID":"admin","annotsAdded":[{"propURI":"http://www.bioassayontology.org/bao#BAO_0095009","propLabel":"assay design method","propAbbrev":"bao:BAO_0095009","valueURI":"http://www.bioassayontology.org/bao#BAO_0000406","valueLabel":"protein fragment complementation method","valueAbbrev":"bao:BAO_0000406","valueDescr":"This is used to study the interaction of two proteins. An enzyme or fluorescent protein is rationally dissected into two fragments and fused to two test proteins, whose interaction is being studied. Binding of the two test proteins results in the reconstitution of the enzyme or fluorescent protein from the two fragments, which can be measured.","valueHier":["http://www.bioassayontology.org/bao#BAO_0000123","http://www.bioassayontology.org/bao#BAO_0002202"],"labelHier":["binding assessment method","assay design method"]}],"annotsRemoved":[{"propURI":"http://www.bioassayontology.org/bao#BAX_0000003","propAbbrev":"bao:BAX_0000003","valueURI":"http://www.bioassayontology.org/bao#BAO_0000406","valueLabel":"protein fragment complementation method","valueAbbrev":"bao:BAO_0000406","valueDescr":"This is used to study the interaction of two proteins. An enzyme or fluorescent protein is rationally dissected into two fragments and fused to two test proteins, whose interaction is being studied. Binding of the two test proteins results in the reconstitution of the enzyme or fluorescent protein from the two fragments, which can be measured.","valueHier":[],"labelHier":[],"outOfSchema":true}],"labelsAdded":[{"propURI":"http://www.bioassayontology.org/bao#BAO_0095009","valueLabel":"protein fragment complementation method","propAbbrev":"bao:BAO_0095009","propLabel":"assay design method"}],"labelsRemoved":[{"propURI":"http://www.bioassayontology.org/bao#BAX_0000003","valueLabel":"protein fragment complementation method","propAbbrev":"bao:BAX_0000003"}]},{"curationTime":1492468127795,"curatorID":"admin","annotsAdded":[{"propURI":"http://www.bioassayontology.org/bao#BAO_0000211","propLabel":"target","propAbbrev":"bao:BAO_0000211","valueURI":"http://www.drugtargetontology.org/dto/DTO_05390003","valueLabel":"Putative metabolic drug target","valueAbbrev":"dto:DTO_05390003","valueDescr":"","valueHier":["http://www.drugtargetontology.org/dto/DTO_00100000"],"labelHier":["Protein"]},{"propURI":"http://www.bioassayontology.org/bao#BAO_0000211","propLabel":"target","propAbbrev":"bao:BAO_0000211","valueURI":"http://www.bioassayontology.org/bat#SeeGeneID","valueLabel":"see Gene ID","valueAbbrev":"bat:SeeGeneID","valueDescr":"The target is present in the Gene ID section, but needs to be mapped to a formal ontology.","valueHier":["http://www.bioassayontology.org/bat#SeeAlso"],"labelHier":["see also"]}],"annotsRemoved":[{"propURI":"http://www.bioassayontology.org/bao#BAX_0000005","propAbbrev":"bao:BAX_0000005","valueURI":"http://www.bioassayontology.org/bat#SeeGeneID","valueLabel":"see Gene ID","valueAbbrev":"bat:SeeGeneID","valueDescr":"The target is present in the Gene ID section, but needs to be mapped to a formal ontology.","valueHier":[],"labelHier":[],"outOfSchema":true},{"propURI":"http://www.bioassayontology.org/bao#BAX_0000005","propAbbrev":"bao:BAX_0000005","valueURI":"http://www.drugtargetontology.org/dto/DTO_05390003","valueLabel":"Putative metabolic drug target","valueAbbrev":"dto:DTO_05390003","valueDescr":"","valueHier":[],"labelHier":[],"outOfSchema":true}],"labelsAdded":[{"propURI":"http://www.bioassayontology.org/bao#BAO_0000211","valueLabel":"Putative metabolic drug target","propAbbrev":"bao:BAO_0000211","propLabel":"target"},{"propURI":"http://www.bioassayontology.org/bao#BAO_0000211","valueLabel":"see Gene ID","propAbbrev":"bao:BAO_0000211","propLabel":"target"}],"labelsRemoved":[{"propURI":"http://www.bioassayontology.org/bao#BAX_0000005","valueLabel":"see Gene ID","propAbbrev":"bao:BAX_0000005"},{"propURI":"http://www.bioassayontology.org/bao#BAX_0000005","valueLabel":"Putative metabolic drug target","propAbbrev":"bao:BAX_0000005"}]},{"curationTime":1492468127795,"curatorID":"admin","annotsAdded":[{"propURI":"http://www.bioassayontology.org/bao#BAO_0002855","propLabel":"bioassay","propAbbrev":"bao:BAO_0002855","valueURI":"http://www.bioassayontology.org/bao#BAO_0002990","valueLabel":"protein-protein interaction assay","valueAbbrev":"bao:BAO_0002990","valueDescr":"It is performed to quantify the interactions between two protein molecules, using methods such as protein fragment complementation assay, immunoassay, radioligand binding, etc.","valueHier":["http://www.bioassayontology.org/bao#BAO_0002989","http://www.bioassayontology.org/bao#BAO_0000015"],"labelHier":["binding assay","bioassay"]},{"propURI":"http://www.bioassayontology.org/bao#BAO_0002855","propLabel":"bioassay","propAbbrev":"bao:BAO_0002855","valueURI":"http://www.bioassayontology.org/bao#BAO_0000110","valueLabel":"protein-small molecule interaction assay","valueAbbrev":"bao:BAO_0000110","valueDescr":"It is an interaction between a protein (e.g., receptor, transcription factor) and small molecule (e.g., hormone, organic compound with a low molecular weight (<800 Da)).","valueHier":["http://www.bioassayontology.org/bao#BAO_0002989","http://www.bioassayontology.org/bao#BAO_0000015"],"labelHier":["binding assay","bioassay"]}],"annotsRemoved":[{"propURI":"http://www.bioassayontology.org/bao#BAX_0000002","propLabel":"has bioassay type","propAbbrev":"bao:BAX_0000002","valueURI":"http://www.bioassayontology.org/bao#BAO_0000110","valueLabel":"protein-small molecule interaction assay","valueAbbrev":"bao:BAO_0000110","valueDescr":"It is an interaction between a protein (e.g., receptor, transcription factor) and small molecule (e.g., hormone, organic compound with a low molecular weight (<800 Da)).","valueHier":[],"labelHier":[],"outOfSchema":true},{"propURI":"http://www.bioassayontology.org/bao#BAX_0000002","propLabel":"has bioassay type","propAbbrev":"bao:BAX_0000002","valueURI":"http://www.bioassayontology.org/bao#BAO_0002990","valueLabel":"protein-protein interaction assay","valueAbbrev":"bao:BAO_0002990","valueDescr":"It is performed to quantify the interactions between two protein molecules, using methods such as protein fragment complementation assay, immunoassay, radioligand binding, etc.","valueHier":[],"labelHier":[],"outOfSchema":true}],"labelsAdded":[{"propURI":"http://www.bioassayontology.org/bao#BAO_0002855","valueLabel":"protein-protein interaction assay","propAbbrev":"bao:BAO_0002855","propLabel":"bioassay"},{"propURI":"http://www.bioassayontology.org/bao#BAO_0002855","valueLabel":"protein-small molecule interaction assay","propAbbrev":"bao:BAO_0002855","propLabel":"bioassay"}],"labelsRemoved":[{"propURI":"http://www.bioassayontology.org/bao#BAX_0000002","valueLabel":"protein-small molecule interaction assay","propAbbrev":"bao:BAX_0000002","propLabel":"has bioassay type"},{"propURI":"http://www.bioassayontology.org/bao#BAX_0000002","valueLabel":"protein-protein interaction assay","propAbbrev":"bao:BAX_0000002","propLabel":"has bioassay type"}]},{"curationTime":1492468127795,"curatorID":"admin","annotsAdded":[{"propURI":"http://www.bioassayontology.org/bao#BAO_0002874","propLabel":"units","propAbbrev":"bao:BAO_0002874","valueURI":"http://purl.obolibrary.org/obo/UO_0000187","valueLabel":"percent","valueAbbrev":"obo:UO_0000187","valueDescr":"A dimensionless ratio unit which denotes numbers as fractions of 100.","valueHier":["http://purl.obolibrary.org/obo/UO_0000190","http://purl.obolibrary.org/obo/UO_0000186","http://purl.obolibrary.org/obo/UO_0000000"],"labelHier":["ratio","dimensionless unit","unit"]}],"annotsRemoved":[{"propURI":"http://www.bioassayontology.org/bao#BAO_0002874","propLabel":"units","propAbbrev":"bao:BAO_0002874","valueURI":"http://purl.org/obo/owl/UO#UO_0000187","valueLabel":"percent","valueAbbrev":"uo:UO_0000187","valueDescr":"","valueHier":[],"labelHier":[],"outOfSchema":true}],"labelsAdded":[{"propURI":"http://www.bioassayontology.org/bao#BAO_0002874","valueLabel":"percent","propAbbrev":"bao:BAO_0002874","propLabel":"units"}],"labelsRemoved":[{"propURI":"http://www.bioassayontology.org/bao#BAO_0002874","valueLabel":"percent","propAbbrev":"bao:BAO_0002874","propLabel":"units"}]}],"holdingIDList":[]}