{"assayID":5124,"uniqueID":"pubchemAID:624082","text":"Late stage assay provider results from the probe development efforts to identify inhibitors of VIM-2 metallo-beta-lactamase (nonselective): Growth inhibition of clinically relevant New Delhi metallo-beta-lactamase-1 (NDM-1)-transformed K. pneumoniae (BAA-2146) in the presence of imipenem (synergy)\n\nKeywords:\n\nLate stage, powder, synthesized, BAA-2146, NDM-1, carbapenemase, New Delhi metallo-beta-lactamase, New Delhi, NDM, VIM-2, K. pneumoniae, beta-lactamase, metallo beta-lactamase, antibiotic resistance, bacteria, SAR, dose response, kinetic, nonselective, non-selective, inhibitor, inhibit, inhibition, absorbance, checkerboard assay, synergy, potentiation, assay provider, growth, viability, cytotoxicity, minimum inhibitory concentration, MIC, Scripps, Scripps Florida, The Scripps Research Institute Molecular Screening Center, SRIMSC, Molecular Libraries Probe Production Center Network, MLPCN.\n\nAssay Overview:\n\nThe purpose of this assay is to determine if powder samples of a compounds identified as VIM-2 nonselective inhibitor probe candidates can reduce the growth of K. pneumoniae (BAA-2146) transformed withNDM-1. NDM-1 is the gene found in some bacteria which codes for the carbapenemase enzyme, resulting in the ability of bacteria to neutralize antibiotics such as Imipenem which contain the beta-lactam carbapenen. There are currently no NDM-1 inhibitors. Synergy assays were conducted using two-fold serial broth dilution method as recommended by Clinical and Laboratory Standards Institute (CLSI). All testing was performed in 384 well plates in 0.06 mL final volume. Imipenem or test compound was titrated in Cation Adjusted Mueller-Hinton Broth (CAMHB) immediately prior to testing. Imipenem and inhibitor were diluted down columns and across rows respectively. K. pneumoniae previously grown in CAMHB to log phase OD600 of 0.5 - 0.7 was used to inoculate each well with 0.03 mL of bacterial inoculums of 1 x 10^6 CFU/mL. The plates were incubated for at least 18 hours at 37 C under aerobic conditions. The results of synergy testing were determined in manners previously reported (14-17).Turbidity was determined using OD590 and Minimum Inhibitory Concentrations (MIC) were determined per CLSI methods (18). As designed, compounds with antibacterial activity will inhibit bacterial growth, leading to reduced well absorbance. Synergy between the antibiotic and test compound is reported as the minimum concentration of test compound required to restore or enhance imipenem susceptibility (14).\n\nProtocol Summary:\n\nPrior to the start of the assay, compounds or imipenem was titrated as described above, in separate plates, in 15 uL of CAMHB in a 384 well microtiter plate. Next, these titrations were combined into one assay plate for a total volume of 30 uL yielding unique combinations of test compounds and imipenem. Next, 30 uL of CAMHB inoculated with BAA-2146 /NDM-1 K. pneumoniae at 1 x 10^6 CFU/mL was added to wells. Next, the plates were centrifuged briefly and were incubated for 18 hours at 37 C in a humidified environment. Absorbance (OD590) was read on a Tecan Spectraflour Plus plate reader (Tecan U.S., Inc.) using 4 reads per well. The percent inhibition for each compound was calculated as follows:\n\n%_Inhibition = 100 * ( ( Test_Compound - Median_Low_Control ) / ( Median_High_Control - Median_Low_Control ) )\n\nWhere:\n\nHigh_Control is defined as wells containing media only (no bacteria).\nLow_Control is defined as wells containing NDM-1-transformed BAA-2146 K. pneumoniae.\nTest_Compound is defined as wells containing NDM-1-transformed BAA-2146 K. pneumoniae in the presence of test compound.\n\nA mathematical algorithm was used to determine the MIC of compounds. Two values were calculated: (1) the average percent inhibition of all high control wells, and (2) three times their standard deviation. The sum of these two values was used as a cutoff parameter. The reported MIC values were generated by identifying the lowest concentration of inhibitor that yields a value that is less than the cutoff value; i.e. no bacterial growth. In cases where the highest concentration tested (i.e. 100 uM) did not result in a value that was less than the cutoff, the MIC was determined as greater than the highest concentration tested.\n\nPubChem Activity Outcome and Score:\n\nCompounds with a four fold reduction in MIC value greater than 10 uM were considered inactive. Compounds with an four fold reduction in MIC value equal to or less than 10 uM were considered active.\n\nActivity score was then ranked by the potency of the compounds, with the most potent compounds assigned the highest activity scores.\n\nThe PubChem Activity Score range for inactive compounds is 0-0. There are no active compounds.\n\nList of Reagents:\n\n384 well plates (Corning, part 3701)\nImipenem antibiotic (USP, Rockville MD, part 1337809)\nNDM-1-transformed K. pneumoniae (BAA-2146, ATCC)\nMueller Hinton II Broth Cation-Adjusted (CAMHB; Becton Dickinson, part 297963)","schemaURI":"http://www.bioassayontology.org/bas#","annotations":[{"propURI":"http://www.bioassayontology.org/bao#BAO_0002854","propLabel":"bioassay type","propAbbrev":"bao:BAO_0002854","valueURI":"http://www.bioassayontology.org/bao#BAO_0000010","valueLabel":"functional","valueAbbrev":"bao:BAO_0000010","valueDescr":"An assay where the measured signal corresponds to a complex response such as cell survival, proliferation, localization of a protein, nuclear translocation etc. The molecular target is not assumed.","groupNest":[],"groupLabel":[],"valueHier":["http://www.bioassayontology.org/bao#BAO_0000008"],"labelHier":["bioassay type"]},{"propURI":"http://www.bioassayontology.org/bao#BAO_0002800","propLabel":"assay cell line","propAbbrev":"bao:BAO_0002800","valueURI":"http://www.bioassayontology.org/bat#NotApplicable","valueLabel":"not applicable","valueAbbrev":"bat:NotApplicable","valueDescr":"This property does not apply to this assay.","groupNest":[],"groupLabel":[],"valueHier":[],"labelHier":[]},{"propURI":"http://www.bioassayontology.org/bao#BAO_0000211","propLabel":"target","propAbbrev":"bao:BAO_0000211","valueURI":"http://www.bioassayontology.org/bat#SeeGeneID","valueLabel":"see Gene ID","valueAbbrev":"bat:SeeGeneID","valueDescr":"The target is present in the Gene ID section, but needs to be mapped to a formal ontology.","groupNest":[],"groupLabel":[],"valueHier":["http://www.bioassayontology.org/bat#SeeAlso"],"labelHier":["see also"]},{"propURI":"http://www.bioassayontology.org/bao#BAO_0002848","propLabel":"applies to disease","propAbbrev":"bao:BAO_0002848","valueURI":"http://purl.obolibrary.org/obo/DOID_104","valueLabel":"bacterial infectious disease","valueAbbrev":"obo:DOID_104","valueDescr":"\nA disease by infectious agent that results_in infection, has_material_basis_in Bacteria.\n","groupNest":[],"groupLabel":[],"valueHier":["http://purl.obolibrary.org/obo/DOID_0050117","http://purl.obolibrary.org/obo/DOID_4"],"labelHier":["disease by infectious agent","Disease"]},{"propURI":"http://www.bioassayontology.org/bao#BAO_0002663","propLabel":"assay kit","propAbbrev":"bao:BAO_0002663","valueURI":"http://www.bioassayontology.org/bat#NotApplicable","valueLabel":"not applicable","valueAbbrev":"bat:NotApplicable","valueDescr":"This property does not apply to this assay.","groupNest":[],"groupLabel":[],"valueHier":[],"labelHier":[]},{"propURI":"http://www.bioassayontology.org/bao#BAO_0000185","propLabel":"perturbagen type","propAbbrev":"bao:BAO_0000185","valueURI":"http://www.bioassayontology.org/bao#BAO_0000733","valueLabel":"MLSMR library","valueAbbrev":"bao:BAO_0000733","valueDescr":"","groupNest":[],"groupLabel":[],"valueHier":["http://www.bioassayontology.org/bao#BAO_0000648","http://www.bioassayontology.org/bao#BAO_0000661","http://www.bioassayontology.org/bao#BAO_0003120"],"labelHier":["compound library","perturbagen library","assay screened entity component"]},{"propURI":"http://www.bioassayontology.org/bao#BAO_0000210","propLabel":"screening campaign stage","propAbbrev":"bao:BAO_0000210","valueURI":"http://www.bioassayontology.org/bao#BAO_0001097","valueLabel":"alternate assay type","valueAbbrev":"bao:BAO_0001097","valueDescr":"This assay is a different bioassay type when compared to the primary or confirmatory assays, for e.g., a functional confirmatory assay (Ca-flux FLIPR), where the primary assay could be a binding assay.","groupNest":[],"groupLabel":[],"valueHier":["http://www.bioassayontology.org/bao#BAO_0000806","http://www.bioassayontology.org/bao#BAO_0000032","http://www.bioassayontology.org/bao#BAO_0000029"],"labelHier":["alternate confirmatory assay","secondary assay","assay screening campaign stage"]},{"propURI":"http://www.bioassayontology.org/bao#BAO_0002867","propLabel":"assay footprint","propAbbrev":"bao:BAO_0002867","valueURI":"http://www.bioassayontology.org/bao#BAO_0000515","valueLabel":"384 well plate","valueAbbrev":"bao:BAO_0000515","valueDescr":"This microplate contains 384 wells. It is suitable for a HTS assay.","groupNest":[],"groupLabel":[],"valueHier":["http://www.bioassayontology.org/bao#BAO_0000508","http://www.bioassayontology.org/bao#BAO_0000512"],"labelHier":["microplate","assay footprint"]},{"propURI":"http://www.bioassayontology.org/bao#BAO_0000207","propLabel":"physical detection method","propAbbrev":"bao:BAO_0000207","valueURI":"http://www.bioassayontology.org/bao#BAO_0000070","valueLabel":"absorbance","valueAbbrev":"bao:BAO_0000070","valueDescr":"The absorbance of a beam of collimated monochromatic radiation in a homogeneous isotropic medium is proportional to the absorption path length and to the concentration of the absorbing species. Absorbance is a logarithmic measure of the amount of light (at a specific wavelength) that is absorbed when passing through a sample.  A= -log10(I/I0), where A is absorbance, I is the intensity of incident light and I0 is the intensity of light transmitted after passing through the sample.","groupNest":[],"groupLabel":[],"valueHier":["http://www.bioassayontology.org/bao#BAO_0000049","http://www.bioassayontology.org/bao#BAO_0000035"],"labelHier":["spectrophotometry method","physical detection method"]},{"propURI":"http://www.bioassayontology.org/bao#BAO_0002855","propLabel":"bioassay","propAbbrev":"bao:BAO_0002855","valueURI":"http://www.bioassayontology.org/bao#BAO_0002100","valueLabel":"cell growth assay","valueAbbrev":"bao:BAO_0002100","valueDescr":"","groupNest":[],"groupLabel":[],"valueHier":["http://www.bioassayontology.org/bao#BAO_0000015"],"labelHier":["bioassay"]},{"propURI":"http://www.bioassayontology.org/bao#BAO_0002009","propLabel":"biological process","propAbbrev":"bao:BAO_0002009","valueURI":"http://purl.obolibrary.org/obo/GO_0008283","valueLabel":"cell population proliferation","valueAbbrev":"obo:GO_0008283","valueDescr":"The multiplication or reproduction of cells, resulting in the expansion of a cell population.","groupNest":[],"groupLabel":[],"valueHier":["http://purl.obolibrary.org/obo/GO_0044699","http://purl.obolibrary.org/obo/GO_0008150","http://www.bioassayontology.org/bao#BAO_0003114"],"labelHier":["single-organism process","biological process","assay biology component"]},{"propURI":"http://www.bioassayontology.org/bao#BAO_0000196","propLabel":"assay mode of action","propAbbrev":"bao:BAO_0000196","valueURI":"http://www.bioassayontology.org/bao#BAO_0000094","valueLabel":"growth inhibition","valueAbbrev":"bao:BAO_0000094","valueDescr":"Growth reduction of a predefined stimulus. Unit of Measure is always % when normalized to the dynamic range of the assay. \nAs a measure of viable or proliferating cells, different researchers measure different parameters, namely, protein content (by sulforhodamine B staining followed by absorbance measurement), mitochondrial dehydrogenase activity (by 3-(4,5-dimethylthiazol-2-yl)-2,5-diphenyl tetrasodium bromide, known as MTT staining followed by absorbance measurement), expression of proliferation associated antigens (by immunostaining for Ki-67), and ATP content (by using CellTiter-Glo reagent (Promega) followed by luminescence measurement.","groupNest":[],"groupLabel":[],"valueHier":["http://www.bioassayontology.org/bao#BAO_0000091","http://www.bioassayontology.org/bao#BAO_0000084","http://www.bioassayontology.org/bao#BAO_0000074"],"labelHier":["inhibition","ligand function mode of action","mode of action"]},{"propURI":"http://www.bioassayontology.org/bao#BAO_0000208","propLabel":"result","propAbbrev":"bao:BAO_0000208","valueURI":"http://www.bioassayontology.org/bao#BAO_0002146","valueLabel":"MIC","valueAbbrev":"bao:BAO_0002146","valueDescr":"The lowest concentration of an inhibitor (antimicrobial agent) required to inhibit the growth of a microorganism.","groupNest":[],"groupLabel":[],"altLabels":["minimum inhibitory concentration"],"valueHier":["http://www.bioassayontology.org/bao#BAO_0002162","http://www.bioassayontology.org/bao#BAO_0000180","http://www.bioassayontology.org/bao#BAO_0000179"],"labelHier":["concentration response endpoint","concentration endpoint","endpoint"]},{"propURI":"http://www.bioassayontology.org/bao#BAO_0002874","propLabel":"units","propAbbrev":"bao:BAO_0002874","valueURI":"http://purl.obolibrary.org/obo/UO_0000064","valueLabel":"micromolar","valueAbbrev":"obo:UO_0000064","valueDescr":"A unit of molarity which is equal to one millionth of a molar or 10^[-6] M.","groupNest":["http://www.bioassayontology.org/bao#BAX_0000017"],"groupLabel":["measurement"],"valueHier":["http://purl.obolibrary.org/obo/UO_0000061","http://purl.obolibrary.org/obo/UO_0000051","http://purl.obolibrary.org/obo/UO_0000000"],"labelHier":["unit of molarity","concentration unit","unit"]},{"propURI":"http://www.bioassayontology.org/bao#BAX_0000012","propLabel":"protein identity","propAbbrev":"bao:BAX_0000012","valueURI":"http://www.bioassayontology.org/protein#345105285","valueLabel":"NDM-1 metallo-beta-lactamase (plasmid) [Escherichia coli]","valueAbbrev":"protein:345105285","valueDescr":"Protein: NDM-1 metallo-beta-lactamase (plasmid) [Escherichia coli], Organism: Escherichia coli","groupNest":[],"groupLabel":[],"externalURLs":["https://www.ncbi.nlm.nih.gov/protein/345105285"],"valueHier":["http://www.bioassayontology.org/taxon#562","http://www.bioassayontology.org/taxon#561","http://www.bioassayontology.org/taxon#543","http://www.bioassayontology.org/taxon#91347","http://www.bioassayontology.org/taxon#1236","http://www.bioassayontology.org/taxon#1224","http://www.bioassayontology.org/taxon#2","http://www.bioassayontology.org/taxon#131567","http://www.bioassayontology.org/taxon#Root"],"labelHier":["Escherichia coli","Escherichia","Enterobacteriaceae","Enterobacterales","Gammaproteobacteria","Proteobacteria","Bacteria","cellular organisms","Faux ProteinID"]},{"propURI":"http://www.bioassayontology.org/bao#BAO_0000205","propLabel":"assay format","propAbbrev":"bao:BAO_0000205","valueURI":"http://www.bioassayontology.org/bao#BAO_0000219","valueLabel":"cell based format","valueAbbrev":"bao:BAO_0000219","valueDescr":"Involves the use of living cells of eukaryotic origin, derived from a multicellular organism, and is a heterogeneous assay type. Typically, this refers to permanent (immortal) cell lines, or primary cells, or some form of stem cells. This is distinct from a single-celled organism-based format (classically bacteria or yeast).","groupNest":[],"groupLabel":[],"valueHier":["http://www.bioassayontology.org/bao#BAO_0000019"],"labelHier":["assay format"]},{"propURI":"http://www.bioassayontology.org/bao#BAO_0002921","propLabel":"organism","propAbbrev":"bao:BAO_0002921","valueURI":"http://purl.obolibrary.org/obo/NCBITaxon_573","valueLabel":"Klebsiella pneumoniae","valueAbbrev":"obo:NCBITaxon_573","valueDescr":"","groupNest":[],"groupLabel":[],"altLabels":["Klebsiella pneumonia","Bacillus pneumoniae","'Klebsiella aerogenes' (Kruse) Taylor et al. 1956","Hyalococcus pneumoniae","Bacterium pneumoniae crouposae","Klebsiella pneumoniae aerogenes"],"valueHier":["http://www.bioassayontology.org/bao#BAO_0000364","http://www.bioassayexpress.org/bae#BAE_0000064","http://www.bioassayontology.org/bao#BAO_0000658","http://www.bioassayontology.org/bao#BAO_0000551"],"labelHier":["bacterium","prokaryote","cellular organisms","organism"]},{"propURI":"http://www.bioassayontology.org/bao#BAO_0002865","propLabel":"detection instrument","propAbbrev":"bao:BAO_0002865","valueURI":"http://www.bioassayontology.org/bao#BAO_0150079","valueLabel":"SpectraFluor Plus Microplate Reader (Tecan)","valueAbbrev":"bao:BAO_0150079","valueDescr":"","groupNest":[],"groupLabel":[],"valueHier":["http://www.bioassayontology.org/bao#BAO_0000697"],"labelHier":["detection instrument"]},{"propURI":"http://www.bioassayontology.org/bao#BAO_0095009","propLabel":"assay design method","propAbbrev":"bao:BAO_0095009","valueURI":"http://www.bioassayontology.org/bao#BAO_0040015","valueLabel":"cell density determination","valueAbbrev":"bao:BAO_0040015","valueDescr":"Cell density, typically measured by absorbance (often indicated as A600 or OD600), is often used for bacterial or fungal cultures as an indication of cell number, viability or proliferation.","groupNest":[],"groupLabel":[],"valueHier":["http://www.bioassayontology.org/bao#BAO_0000127","http://www.bioassayontology.org/bao#BAO_0002202"],"labelHier":["viability measurement method","assay design method"]},{"propURI":"http://www.bioassayontology.org/bao#BAX_0000011","propLabel":"gene identity","propAbbrev":"bao:BAX_0000011","valueURI":"http://www.bioassayontology.org/geneid#11027496","valueLabel":"blaNDM-1: metallo-beta-lactamase","valueAbbrev":"geneid:11027496","valueDescr":"","groupNest":[],"groupLabel":[],"externalURLs":["https://www.ncbi.nlm.nih.gov/gene/11027496"],"valueHier":["http://www.bioassayontology.org/geneid#Bacteria","http://www.bioassayontology.org/geneid#ArchaeaBacteria","http://www.bioassayontology.org/geneid#Root"],"labelHier":["Bacteria","Archaea & Bacteria","Faux GeneID"]},{"propURI":"http://www.bioassayontology.org/bao#BAO_0002852","propLabel":"assay sources","propAbbrev":"bao:BAO_0002852","valueURI":"http://www.bioassayexpress.org/sources#SRC_0000026","valueLabel":"Molecular Screening Center (The Scripps Research Institute)","valueAbbrev":"src:SRC_0000026","valueDescr":"The Scripps Research Institute Molecular Screening Center.","groupNest":[],"groupLabel":[],"externalURLs":["http://mlpcn.florida.scripps.edu"],"valueHier":["http://www.bioassayexpress.org/sources#pubchem_sources","http://www.bioassayontology.org/bao#BAO_0002934"],"labelHier":["PubChem Sources","organization"]},{"propURI":"http://www.bioassayontology.org/bao#BAO_0000539","valueLabel":"pubchemAID:1527","propAbbrev":"bao:BAO_0000539","groupNest":[],"propLabel":"related assays","groupLabel":[]},{"propURI":"http://www.bioassayontology.org/bao#BAO_0000539","valueLabel":"pubchemAID:1556","propAbbrev":"bao:BAO_0000539","groupNest":[],"propLabel":"related assays","groupLabel":[]},{"propURI":"http://www.bioassayontology.org/bao#BAO_0000539","valueLabel":"pubchemAID:1854","propAbbrev":"bao:BAO_0000539","groupNest":[],"propLabel":"related assays","groupLabel":[]},{"propURI":"http://www.bioassayontology.org/bao#BAO_0000539","valueLabel":"pubchemAID:1856","propAbbrev":"bao:BAO_0000539","groupNest":[],"propLabel":"related assays","groupLabel":[]},{"propURI":"http://www.bioassayontology.org/bao#BAO_0000539","valueLabel":"pubchemAID:1857","propAbbrev":"bao:BAO_0000539","groupNest":[],"propLabel":"related assays","groupLabel":[]},{"propURI":"http://www.bioassayontology.org/bao#BAO_0000539","valueLabel":"pubchemAID:1860","propAbbrev":"bao:BAO_0000539","groupNest":[],"propLabel":"related assays","groupLabel":[]},{"propURI":"http://www.bioassayontology.org/bao#BAO_0000539","valueLabel":"pubchemAID:1866","propAbbrev":"bao:BAO_0000539","groupNest":[],"propLabel":"related assays","groupLabel":[]},{"propURI":"http://www.bioassayontology.org/bao#BAO_0000539","valueLabel":"pubchemAID:1919","propAbbrev":"bao:BAO_0000539","groupNest":[],"propLabel":"related assays","groupLabel":[]},{"propURI":"http://www.bioassayontology.org/bao#BAO_0000539","valueLabel":"pubchemAID:1920","propAbbrev":"bao:BAO_0000539","groupNest":[],"propLabel":"related assays","groupLabel":[]},{"propURI":"http://www.bioassayontology.org/bao#BAO_0000539","valueLabel":"pubchemAID:1925","propAbbrev":"bao:BAO_0000539","groupNest":[],"propLabel":"related assays","groupLabel":[]},{"propURI":"http://www.bioassayontology.org/bao#BAO_0000539","valueLabel":"pubchemAID:1926","propAbbrev":"bao:BAO_0000539","groupNest":[],"propLabel":"related assays","groupLabel":[]},{"propURI":"http://www.bioassayontology.org/bao#BAO_0000539","valueLabel":"pubchemAID:1927","propAbbrev":"bao:BAO_0000539","groupNest":[],"propLabel":"related assays","groupLabel":[]},{"propURI":"http://www.bioassayontology.org/bao#BAO_0000539","valueLabel":"pubchemAID:2128","propAbbrev":"bao:BAO_0000539","groupNest":[],"propLabel":"related assays","groupLabel":[]},{"propURI":"http://www.bioassayontology.org/bao#BAO_0000539","valueLabel":"pubchemAID:2317","propAbbrev":"bao:BAO_0000539","groupNest":[],"propLabel":"related assays","groupLabel":[]},{"propURI":"http://www.bioassayontology.org/bao#BAO_0002853","valueLabel":"Late stage assay provider results from the probe development efforts to identify inhibitors of VIM-2 metallo-beta-lactamase (nonselective): Growth inhibition of clinically relevant New Delhi metallo-beta-lactamase-1 (NDM-1)-transformed K. pneumoniae (BAA-2146) in the presence of imipenem (synergy)","propAbbrev":"bao:BAO_0002853","groupNest":[],"propLabel":"assay title","groupLabel":[]}],"pubchemXRef":[{"type":"aid","id":"1527","comment":"Primary screen (VIM-2 inhibitors in singlicate)"},{"type":"aid","id":"1556","comment":"Primary screen (IMP-1 inhibitors in singlicate)"},{"type":"aid","id":"1854","comment":"Summary (VIM-2 inhibitors)"},{"type":"aid","id":"1856","comment":"Counterscreen (IMP-1 inhibitors in triplicate)"},{"type":"aid","id":"1857","comment":"Counterscreen (epi-absorbance assay artifacts in triplicate)"},{"type":"aid","id":"1860","comment":"Confirmation screen (VIM-2 inhibitors in triplicate)"},{"type":"aid","id":"1866","comment":"Counterscreen (TEM-1 inhibitors in triplicate)"},{"type":"aid","id":"1919","comment":"Dose response (VIM-2 inhibitors in triplicate)"},{"type":"aid","id":"1920","comment":"Dose response counterscreen (IMP-1 inhibitors in triplicate)"},{"type":"aid","id":"1925","comment":"Dose response counterscreen (TEM-1 inhibitors in triplicate)"},{"type":"aid","id":"1926","comment":"Dose response counterscreen (epi-absorbance assay artifacts in triplicate)"},{"type":"aid","id":"1927","comment":"Dose response counterscreen (IMP-1 inhibitors in triplicate)"},{"type":"aid","id":"2128","comment":"Late stage results (VIM-2 selective inhibitors, probe results)"},{"type":"aid","id":"2317","comment":"Late stage results (VIM-2 selective inhibitors, prior art results)"},{"type":"gene","id":"11027496","comment":"blaNDM-1 metallo-beta-lactamase"},{"type":"dburl","id":"http://mlpcn.florida.scripps.edu/","comment":""},{"type":"taxonomy","id":"562","comment":""},{"type":"pmid","id":"18364060","comment":"Reference (1)"},{"type":"pmid","id":"18160745","comment":"Reference (2)"},{"type":"pmid","id":"11585791","comment":"Reference (3)"},{"type":"pmid","id":"18519228","comment":"Reference (4)"},{"type":"pmid","id":"14557293","comment":"Reference (5)"},{"type":"pmid","id":"15187432","comment":"Reference (6)"},{"type":"pmid","id":"18754746","comment":"Reference (7)"},{"type":"pmid","id":"10508665","comment":"Reference (8)"},{"type":"pmid","id":"15831827","comment":"Reference (9)"},{"type":"pmid","id":"9687398","comment":"Reference (10)"},{"type":"pmid","id":"10390207","comment":"Reference (11)"},{"type":"pmid","id":"16476803","comment":"Reference (12)"},{"type":"pmid","id":"15949786","comment":"Reference (13)"},{"type":"pmid","id":"19553129","comment":"Reference (14)"},{"type":"pmid","id":"20044254","comment":"Reference (15)"},{"type":"pmid","id":"12543542","comment":"Reference (16)"},{"type":"pmid","id":"9145872","comment":"Reference (17)"},{"type":"protein_gi","id":"345105285","comment":"NDM-1 metallo-beta-lactamase [Escherichia coli]"}],"curationTime":1492468127574,"curatorID":"admin","history":[{"curationTime":1481673219215,"curatorID":"orcid:0000-0003-2629-5583","annotsAdded":[{"propURI":"http://www.bioassayontology.org/bao#BAO_0000205","propLabel":"assay format","propAbbrev":"bao:BAO_0000205","valueURI":"http://www.bioassayontology.org/bao#BAO_0000219","valueLabel":"cell based format","valueAbbrev":"bao:BAO_0000219","valueDescr":"Involves the use of living cells of eukaryotic origin, derived from a multicellular organism, and is a heterogeneous assay type. Typically, this refers to permanent (immortal) cell lines, or primary cells, or some form of stem cells. This is distinct from a single-celled organism-based format (classically bacteria or yeast).","valueHier":["http://www.bioassayontology.org/bao#BAO_0000019"],"labelHier":["assay format"]},{"propURI":"http://www.bioassayontology.org/bao#BAX_0000003","propAbbrev":"bao:BAX_0000003","valueURI":"http://www.bioassayontology.org/bao#BAO_0040015","valueLabel":"cell density determination","valueAbbrev":"bao:BAO_0040015","valueDescr":"Cell density, typically measured by absorbance (often indicated as A600 or OD600), is often used for bacterial or fungal cultures as an indication of cell number, viability or proliferation.","valueHier":[],"labelHier":[],"outOfSchema":true},{"propURI":"http://www.bioassayontology.org/bao#BAO_0002865","propLabel":"detection instrument","propAbbrev":"bao:BAO_0002865","valueURI":"http://www.bioassayontology.org/bao#BAO_0150079","valueLabel":"SpectraFluor Plus Microplate Reader (Tecan)","valueAbbrev":"bao:BAO_0150079","valueDescr":"","valueHier":["http://www.bioassayontology.org/bao#BAO_0000697"],"labelHier":["detection instrument"]},{"propURI":"http://www.bioassayontology.org/bao#BAO_0002921","propLabel":"organism","propAbbrev":"bao:BAO_0002921","valueURI":"http://purl.obolibrary.org/obo/NCBITaxon_573","valueLabel":"Klebsiella pneumoniae","valueAbbrev":"obo:NCBITaxon_573","valueDescr":"","altLabels":["Klebsiella pneumonia","Bacillus pneumoniae","'Klebsiella aerogenes' (Kruse) Taylor et al. 1956","Hyalococcus pneumoniae","Bacterium pneumoniae crouposae","Klebsiella pneumoniae aerogenes"],"valueHier":["http://www.bioassayontology.org/bao#BAO_0000364","http://www.bioassayexpress.org/bae#BAE_0000064","http://www.bioassayontology.org/bao#BAO_0000658","http://www.bioassayontology.org/bao#BAO_0000551"],"labelHier":["bacterium","prokaryote","cellular organisms","organism"]}],"annotsRemoved":[{"propURI":"http://www.bioassayontology.org/bao#BAO_0002921","propLabel":"organism","propAbbrev":"bao:BAO_0002921","valueURI":"http://www.bioassayontology.org/bao#BAO_0000364","valueLabel":"bacterium","valueAbbrev":"bao:BAO_0000364","valueDescr":"Bacteria lack membrane bound organelles and are surrounded by a rigid cell wall. Though they are unicellular, they function by aggregating into multicellular colonies.","valueHier":["http://www.bioassayexpress.org/bae#BAE_0000064","http://www.bioassayontology.org/bao#BAO_0000658","http://www.bioassayontology.org/bao#BAO_0000551"],"labelHier":["prokaryote","cellular organisms","organism"]},{"propURI":"http://www.bioassayontology.org/bao#BAO_0000205","propLabel":"assay format","propAbbrev":"bao:BAO_0000205","valueURI":"http://www.bioassayontology.org/bao#BAO_0000218","valueLabel":"organism-based format","valueAbbrev":"bao:BAO_0000218","valueDescr":"Involves the use of a living organism, either single or multi-celled, and is a heterogeneous assay type.","valueHier":["http://www.bioassayontology.org/bao#BAO_0000019"],"labelHier":["assay format"]},{"propURI":"http://www.bioassayontology.org/bao#BAX_0000003","propAbbrev":"bao:BAX_0000003","valueURI":"http://www.bioassayontology.org/bao#BAO_0000572","valueLabel":"cell number determination","valueAbbrev":"bao:BAO_0000572","valueDescr":"Cells are counted to determine their viability. Cultured animal cells are counted either manually using hemocytometer, or by an automated cell counter, e.g. Coulter counter or Vi-CELL. The latter can distinguish live and dead cells by the trypan blue cell exclusion method. \nYeast and bacterial cell growth is determined by measuring absorbance in a spectrophotometer, or by viable plate count.","valueHier":[],"labelHier":[],"outOfSchema":true},{"propURI":"http://www.bioassayontology.org/bao#BAO_0002865","propLabel":"detection instrument","propAbbrev":"bao:BAO_0002865","valueURI":"http://www.bioassayontology.org/bat#RequiresTerm","valueLabel":"requires term","valueAbbrev":"bat:RequiresTerm","valueDescr":"An appropriate term could not be found in the underlying ontologies: it may be necessary to create a new one.","valueHier":[],"labelHier":[]},{"propURI":"http://www.bioassayontology.org/bao#BAO_0002921","propLabel":"organism","propAbbrev":"bao:BAO_0002921","valueURI":"http://www.bioassayontology.org/bat#RequiresTerm","valueLabel":"requires term","valueAbbrev":"bat:RequiresTerm","valueDescr":"An appropriate term could not be found in the underlying ontologies: it may be necessary to create a new one.","valueHier":[],"labelHier":[]}],"labelsAdded":[{"propURI":"http://www.bioassayontology.org/bao#BAO_0000205","valueLabel":"cell based format","propAbbrev":"bao:BAO_0000205","propLabel":"assay format"},{"propURI":"http://www.bioassayontology.org/bao#BAX_0000003","valueLabel":"cell density determination","propAbbrev":"bao:BAX_0000003"},{"propURI":"http://www.bioassayontology.org/bao#BAO_0002865","valueLabel":"SpectraFluor Plus Microplate Reader (Tecan)","propAbbrev":"bao:BAO_0002865","propLabel":"detection instrument"},{"propURI":"http://www.bioassayontology.org/bao#BAO_0002921","valueLabel":"Klebsiella pneumoniae","propAbbrev":"bao:BAO_0002921","propLabel":"organism"}],"labelsRemoved":[{"propURI":"http://www.bioassayontology.org/bao#BAO_0002921","valueLabel":"bacterium","propAbbrev":"bao:BAO_0002921","propLabel":"organism"},{"propURI":"http://www.bioassayontology.org/bao#BAO_0000205","valueLabel":"organism-based format","propAbbrev":"bao:BAO_0000205","propLabel":"assay format"},{"propURI":"http://www.bioassayontology.org/bao#BAX_0000003","valueLabel":"cell number determination","propAbbrev":"bao:BAX_0000003"},{"propURI":"http://www.bioassayontology.org/bao#BAO_0002865","valueLabel":"requires term","propAbbrev":"bao:BAO_0002865","propLabel":"detection instrument"},{"propURI":"http://www.bioassayontology.org/bao#BAO_0002921","valueLabel":"requires term","propAbbrev":"bao:BAO_0002921","propLabel":"organism"}]},{"curationTime":1492468127574,"curatorID":"admin","annotsAdded":[{"propURI":"http://www.bioassayontology.org/bao#BAO_0002854","propLabel":"bioassay type","propAbbrev":"bao:BAO_0002854","valueURI":"http://www.bioassayontology.org/bao#BAO_0000010","valueLabel":"functional","valueAbbrev":"bao:BAO_0000010","valueDescr":"An assay where the measured signal corresponds to a complex response such as cell survival, proliferation, localization of a protein, nuclear translocation etc. The molecular target is not assumed.","valueHier":["http://www.bioassayontology.org/bao#BAO_0000008"],"labelHier":["bioassay type"]}],"annotsRemoved":[{"propURI":"http://www.bioassayontology.org/bao#BAX_0000002","propLabel":"has bioassay type","propAbbrev":"bao:BAX_0000002","valueURI":"http://www.bioassayontology.org/bao#BAO_0000010","valueLabel":"functional","valueAbbrev":"bao:BAO_0000010","valueDescr":"An assay where the measured signal corresponds to a complex response such as cell survival, proliferation, localization of a protein, nuclear translocation etc. The molecular target is not assumed.","valueHier":[],"labelHier":[],"outOfSchema":true}],"labelsAdded":[{"propURI":"http://www.bioassayontology.org/bao#BAO_0002854","valueLabel":"functional","propAbbrev":"bao:BAO_0002854","propLabel":"bioassay type"}],"labelsRemoved":[{"propURI":"http://www.bioassayontology.org/bao#BAX_0000002","valueLabel":"functional","propAbbrev":"bao:BAX_0000002","propLabel":"has bioassay type"}]},{"curationTime":1492468127574,"curatorID":"admin","annotsAdded":[{"propURI":"http://www.bioassayontology.org/bao#BAO_0002009","propLabel":"biological process","propAbbrev":"bao:BAO_0002009","valueURI":"http://purl.obolibrary.org/obo/GO_0008283","valueLabel":"cell population proliferation","valueAbbrev":"obo:GO_0008283","valueDescr":"The multiplication or reproduction of cells, resulting in the expansion of a cell population.","valueHier":["http://purl.obolibrary.org/obo/GO_0044699","http://purl.obolibrary.org/obo/GO_0008150","http://www.bioassayontology.org/bao#BAO_0003114"],"labelHier":["single-organism process","biological process","assay biology component"]}],"annotsRemoved":[{"propURI":"http://www.bioassayontology.org/bao#BAX_0000004","propAbbrev":"bao:BAX_0000004","valueURI":"http://purl.obolibrary.org/obo/GO_0008283","valueLabel":"cell population proliferation","valueAbbrev":"obo:GO_0008283","valueDescr":"The multiplication or reproduction of cells, resulting in the expansion of a cell population.","valueHier":[],"labelHier":[],"outOfSchema":true}],"labelsAdded":[{"propURI":"http://www.bioassayontology.org/bao#BAO_0002009","valueLabel":"cell proliferation","propAbbrev":"bao:BAO_0002009","propLabel":"biological process"}],"labelsRemoved":[{"propURI":"http://www.bioassayontology.org/bao#BAX_0000004","valueLabel":"cell proliferation","propAbbrev":"bao:BAX_0000004"}]},{"curationTime":1492468127574,"curatorID":"admin","annotsAdded":[{"propURI":"http://www.bioassayontology.org/bao#BAO_0002848","propLabel":"applies to disease","propAbbrev":"bao:BAO_0002848","valueURI":"http://purl.obolibrary.org/obo/DOID_104","valueLabel":"bacterial infectious disease","valueAbbrev":"obo:DOID_104","valueDescr":"\nA disease by infectious agent that results_in infection, has_material_basis_in Bacteria.\n","valueHier":["http://purl.obolibrary.org/obo/DOID_0050117","http://purl.obolibrary.org/obo/DOID_4"],"labelHier":["disease by infectious agent","Disease"]}],"annotsRemoved":[{"propURI":"http://www.bioassayontology.org/bao#BAX_0000010","propAbbrev":"bao:BAX_0000010","valueURI":"http://purl.obolibrary.org/obo/DOID_104","valueLabel":"bacterial infectious disease","valueAbbrev":"obo:DOID_104","valueDescr":"\nA disease by infectious agent that results_in infection, has_material_basis_in Bacteria.\n","valueHier":[],"labelHier":[],"outOfSchema":true}],"labelsAdded":[{"propURI":"http://www.bioassayontology.org/bao#BAO_0002848","valueLabel":"bacterial infectious disease","propAbbrev":"bao:BAO_0002848","propLabel":"applies to disease"}],"labelsRemoved":[{"propURI":"http://www.bioassayontology.org/bao#BAX_0000010","valueLabel":"bacterial infectious disease","propAbbrev":"bao:BAX_0000010"}]},{"curationTime":1492468127574,"curatorID":"admin","annotsAdded":[{"propURI":"http://www.bioassayontology.org/bao#BAO_0000208","propLabel":"result","propAbbrev":"bao:BAO_0000208","valueURI":"http://www.bioassayontology.org/bao#BAO_0002146","valueLabel":"MIC","valueAbbrev":"bao:BAO_0002146","valueDescr":"The lowest concentration of an inhibitor (antimicrobial agent) required to inhibit the growth of a microorganism.","altLabels":["minimum inhibitory concentration"],"valueHier":["http://www.bioassayontology.org/bao#BAO_0002162","http://www.bioassayontology.org/bao#BAO_0000180","http://www.bioassayontology.org/bao#BAO_0000179"],"labelHier":["concentration response endpoint","concentration endpoint","endpoint"]}],"annotsRemoved":[{"propURI":"http://www.bioassayontology.org/bao#BAX_0000006","propAbbrev":"bao:BAX_0000006","valueURI":"http://www.bioassayontology.org/bao#BAO_0002146","valueLabel":"MIC","valueAbbrev":"bao:BAO_0002146","valueDescr":"The lowest concentration of an inhibitor (antimicrobial agent) required to inhibit the growth of a microorganism.","valueHier":[],"labelHier":[],"outOfSchema":true}],"labelsAdded":[{"propURI":"http://www.bioassayontology.org/bao#BAO_0000208","valueLabel":"MIC","propAbbrev":"bao:BAO_0000208","propLabel":"result"}],"labelsRemoved":[{"propURI":"http://www.bioassayontology.org/bao#BAX_0000006","valueLabel":"MIC","propAbbrev":"bao:BAX_0000006"}]},{"curationTime":1492468127574,"curatorID":"admin","annotsAdded":[{"propURI":"http://www.bioassayontology.org/bao#BAO_0002874","propLabel":"units","propAbbrev":"bao:BAO_0002874","valueURI":"http://purl.org/obo/owl/UO#UO_0000064","valueLabel":"micromolar","valueAbbrev":"uo:UO_0000064","valueDescr":"","valueHier":[],"labelHier":[],"outOfSchema":true}],"annotsRemoved":[{"propURI":"http://www.bioassayontology.org/bao#BAX_0000007","propAbbrev":"bao:BAX_0000007","valueURI":"http://purl.org/obo/owl/UO#UO_0000064","valueLabel":"micromolar","valueAbbrev":"uo:UO_0000064","valueDescr":"","valueHier":[],"labelHier":[],"outOfSchema":true}],"labelsAdded":[{"propURI":"http://www.bioassayontology.org/bao#BAO_0002874","valueLabel":"micromolar","propAbbrev":"bao:BAO_0002874","propLabel":"units"}],"labelsRemoved":[{"propURI":"http://www.bioassayontology.org/bao#BAX_0000007","valueLabel":"micromolar","propAbbrev":"bao:BAX_0000007"}]},{"curationTime":1492468127574,"curatorID":"admin","annotsAdded":[{"propURI":"http://www.bioassayontology.org/bao#BAO_0095009","propLabel":"assay design method","propAbbrev":"bao:BAO_0095009","valueURI":"http://www.bioassayontology.org/bao#BAO_0040015","valueLabel":"cell density determination","valueAbbrev":"bao:BAO_0040015","valueDescr":"Cell density, typically measured by absorbance (often indicated as A600 or OD600), is often used for bacterial or fungal cultures as an indication of cell number, viability or proliferation.","valueHier":["http://www.bioassayontology.org/bao#BAO_0000127","http://www.bioassayontology.org/bao#BAO_0002202"],"labelHier":["viability measurement method","assay design method"]}],"annotsRemoved":[{"propURI":"http://www.bioassayontology.org/bao#BAX_0000003","propAbbrev":"bao:BAX_0000003","valueURI":"http://www.bioassayontology.org/bao#BAO_0040015","valueLabel":"cell density determination","valueAbbrev":"bao:BAO_0040015","valueDescr":"Cell density, typically measured by absorbance (often indicated as A600 or OD600), is often used for bacterial or fungal cultures as an indication of cell number, viability or proliferation.","valueHier":[],"labelHier":[],"outOfSchema":true}],"labelsAdded":[{"propURI":"http://www.bioassayontology.org/bao#BAO_0095009","valueLabel":"cell density determination","propAbbrev":"bao:BAO_0095009","propLabel":"assay design method"}],"labelsRemoved":[{"propURI":"http://www.bioassayontology.org/bao#BAX_0000003","valueLabel":"cell density determination","propAbbrev":"bao:BAX_0000003"}]},{"curationTime":1492468127574,"curatorID":"admin","annotsAdded":[{"propURI":"http://www.bioassayontology.org/bao#BAO_0000211","propLabel":"target","propAbbrev":"bao:BAO_0000211","valueURI":"http://www.bioassayontology.org/bat#SeeGeneID","valueLabel":"see Gene ID","valueAbbrev":"bat:SeeGeneID","valueDescr":"The target is present in the Gene ID section, but needs to be mapped to a formal ontology.","valueHier":["http://www.bioassayontology.org/bat#SeeAlso"],"labelHier":["see also"]}],"annotsRemoved":[{"propURI":"http://www.bioassayontology.org/bao#BAX_0000005","propAbbrev":"bao:BAX_0000005","valueURI":"http://www.bioassayontology.org/bat#SeeGeneID","valueLabel":"see Gene ID","valueAbbrev":"bat:SeeGeneID","valueDescr":"The target is present in the Gene ID section, but needs to be mapped to a formal ontology.","valueHier":[],"labelHier":[],"outOfSchema":true}],"labelsAdded":[{"propURI":"http://www.bioassayontology.org/bao#BAO_0000211","valueLabel":"see Gene ID","propAbbrev":"bao:BAO_0000211","propLabel":"target"}],"labelsRemoved":[{"propURI":"http://www.bioassayontology.org/bao#BAX_0000005","valueLabel":"see Gene ID","propAbbrev":"bao:BAX_0000005"}]},{"curationTime":1492468127574,"curatorID":"admin","annotsAdded":[{"propURI":"http://www.bioassayontology.org/bao#BAO_0002855","propLabel":"bioassay","propAbbrev":"bao:BAO_0002855","valueURI":"http://www.bioassayontology.org/bao#BAO_0002100","valueLabel":"cell growth assay","valueAbbrev":"bao:BAO_0002100","valueDescr":"","valueHier":["http://www.bioassayontology.org/bao#BAO_0000015"],"labelHier":["bioassay"]}],"annotsRemoved":[{"propURI":"http://www.bioassayontology.org/bao#BAX_0000002","propLabel":"has bioassay type","propAbbrev":"bao:BAX_0000002","valueURI":"http://www.bioassayontology.org/bao#BAO_0002100","valueLabel":"cell growth assay","valueAbbrev":"bao:BAO_0002100","valueDescr":"","valueHier":[],"labelHier":[],"outOfSchema":true}],"labelsAdded":[{"propURI":"http://www.bioassayontology.org/bao#BAO_0002855","valueLabel":"cell growth assay","propAbbrev":"bao:BAO_0002855","propLabel":"bioassay"}],"labelsRemoved":[{"propURI":"http://www.bioassayontology.org/bao#BAX_0000002","valueLabel":"cell growth assay","propAbbrev":"bao:BAX_0000002","propLabel":"has bioassay type"}]},{"curationTime":1492468127574,"curatorID":"admin","annotsAdded":[{"propURI":"http://www.bioassayontology.org/bao#BAO_0002874","propLabel":"units","propAbbrev":"bao:BAO_0002874","valueURI":"http://purl.obolibrary.org/obo/UO_0000064","valueLabel":"micromolar","valueAbbrev":"obo:UO_0000064","valueDescr":"A unit of molarity which is equal to one millionth of a molar or 10^[-6] M.","valueHier":["http://purl.obolibrary.org/obo/UO_0000061","http://purl.obolibrary.org/obo/UO_0000051","http://purl.obolibrary.org/obo/UO_0000000"],"labelHier":["unit of molarity","concentration unit","unit"]}],"annotsRemoved":[{"propURI":"http://www.bioassayontology.org/bao#BAO_0002874","propLabel":"units","propAbbrev":"bao:BAO_0002874","valueURI":"http://purl.org/obo/owl/UO#UO_0000064","valueLabel":"micromolar","valueAbbrev":"uo:UO_0000064","valueDescr":"","valueHier":[],"labelHier":[],"outOfSchema":true}],"labelsAdded":[{"propURI":"http://www.bioassayontology.org/bao#BAO_0002874","valueLabel":"micromolar","propAbbrev":"bao:BAO_0002874","propLabel":"units"}],"labelsRemoved":[{"propURI":"http://www.bioassayontology.org/bao#BAO_0002874","valueLabel":"micromolar","propAbbrev":"bao:BAO_0002874","propLabel":"units"}]}],"holdingIDList":[]}