{"assayID":5026,"uniqueID":"pubchemAID:623984","text":"Activators of the GIRK family of Potassium Channels (hKir2.1_ThalliumFlux_CRC)\n\nBACKGROUND: \nGIRK potassium channels are a family of inward-rectifying potassium channels also known as the Kir3 family. They are expressed as homo and heterotetramers in with specific subunit combinations expressed in different brain regions and peripheral organ systems notably including the heart. Multiple lines of evidence support important roles for GIRK in a variety of physiological processes including the control of heart rate and electrical excitability in a variety of neuronal populations. Data concerning GIRK's role in neurons suggest GIRK as a potential target for a variety of therapeutic indications including pain, epilepsy, and reward/addiction. However, a complete lack of selective and effective GIRK activators has prevented any further target validation for the many indications where GIRK activation is speculated to be of potential benefit. And, although GIRK small molecule GIRK inhibitors are known, their lack of selectivity limits their utility as research tools or potential therapeutics for such indications as atrial fibrillation.\n\nPURPOSE: \nThe purpose of this assay was to test the concentration-dependent efficacy of putative GIRK 1/2 activators in a cell line that expressed the Kir family member Kir2.1 in order to determine the selectivity of the GIRK activator probe, SID 135363148, for another member of the Kir family of potassium channels.\n\nHigh-throughput Screening: \nThe GIRK activator probe, SID 135363148, was serially diluted in DMSO manually from a 100 mM DMSO stock and transferred to Echo compatible source plates by hand. Compounds were then transferred to daughter plates as described in AID 623909. \n\nTwenty-thousand T-REx-293 cells/well stably transfected with hKir2.1 were plated into 384-well, black-walled, clear-bottom, poly-D-lysine coated plates in 20 uL/well Dulbecco's Modified Eagles Medium (DMEM) supplemented with 10% (v/v) dialyzed fetal bovine serum and 0.5 uG/ml tetracycline. The cell plates were incubated overnight in a 5% CO2 incubator at 37 degrees C. Cell culture medium was removed from cell plates using a BioTek ELx405 cell washer and replaced with 20 uL/well Assay Buffer. Twenty uL/well of 0.5 uM FluoZin-2 AM in Assay Buffer was added to cell plates using a Thermo Fisher Combi. Cell plates were incubated for ~60 min at room temperature and then the FluoZin-2 solution was removed from cell plates using the BioTek ELx405 cell washer and replaced with 20 uL/well Assay Buffer. Dye loaded and washed cell plates were transferred to a Hamamatsu FDSS 6000 and a double-addition protocol was initiated. After 10 seconds, 20 uL/well of 20 uM test compound in 0.2% DMSO and Assay Buffer was added. After 4 minutes 10 uL/well of a 5x sodium bicarbonate-based thallium stimulus buffer (20 mM HEPES pH 7.4, 135 mM NaHCO3, 2 mM CaSO4, 1 mM MgSO4, 5 mM glucose, 2.4 mM Tl2SO4) containing and EC20 concentration of glutamate was added and 2 more minutes of data collection followed. Fluorescence data were collected at 1 Hz.\n\nData Analysis: \nWaveform signals (fluorescence intensity versus time normalized by dividing each fluorescence value (F) by the initial fluorescence value for each trace (F0)) were reduced to single values by subtracting the average normalized waveform from uninduced control wells from each wave on the plate followed by obtaining the slope of the change in fluorescence immediately after the addition of the thallium stimulus. Slope values were normalized as a percentage of the slope obtained from vehicle-treated control wells. Curve fits were attempted for normalized slope values from triplicate wells using a four-parameter logistic equation.","schemaURI":"http://www.bioassayontology.org/bas#","annotations":[{"propURI":"http://www.bioassayontology.org/bao#BAO_0000205","propLabel":"assay format","propAbbrev":"bao:BAO_0000205","valueURI":"http://www.bioassayontology.org/bao#BAO_0000219","valueLabel":"cell based format","valueAbbrev":"bao:BAO_0000219","valueDescr":"Involves the use of living cells of eukaryotic origin, derived from a multicellular organism, and is a heterogeneous assay type. Typically, this refers to permanent (immortal) cell lines, or primary cells, or some form of stem cells. This is distinct from a single-celled organism-based format (classically bacteria or yeast).","groupNest":[],"groupLabel":[],"valueHier":["http://www.bioassayontology.org/bao#BAO_0000019"],"labelHier":["assay format"]},{"propURI":"http://www.bioassayontology.org/bao#BAO_0002855","propLabel":"bioassay","propAbbrev":"bao:BAO_0002855","valueURI":"http://www.bioassayontology.org/bao#BAO_0000653","valueLabel":"dye redistribution assay","valueAbbrev":"bao:BAO_0000653","valueDescr":"Dye redistribution is used to study flux of molecules across membranes, e.g. calcein AM, ethidium homodimer-1, etc.","groupNest":[],"groupLabel":[],"valueHier":["http://www.bioassayontology.org/bao#BAO_0002999","http://www.bioassayontology.org/bao#BAO_0000015"],"labelHier":["redistribution assay","bioassay"]},{"propURI":"http://www.bioassayontology.org/bao#BAO_0095009","propLabel":"assay design method","propAbbrev":"bao:BAO_0095009","valueURI":"http://www.bioassayontology.org/bao#BAO_0000377","valueLabel":"membrane potential measurement method","valueAbbrev":"bao:BAO_0000377","valueDescr":"All living cells maintain a resting membrane potential, which is the difference in voltage between the interior and exterior of the cell. Electrically active cells, such as neurons, muscle and endocrine cells undergo changes in membrane potential due to depolarization and hyperpolarization as a result of opening and closing of ion channels. Action potentials are large and rapid changes in membrane potential which are generated as a result of a large depolarization event. In neurons, action potentials are used to transmit signals across neurons, while in muscle and endocrine cells, they lead to intracellular events, such as muscle contraction and hormone release, respectively.\nIn addition, mitochondria possess a trans-membrane potential as a result of their respiratory function.\nMembrane potential can be measured either by using electrophysiological techniques or by staining with dyes whose binding is dependent on the membrane potential.","groupNest":[],"groupLabel":[],"valueHier":["http://www.bioassayontology.org/bao#BAO_0002202"],"labelHier":["assay design method"]},{"propURI":"http://www.bioassayontology.org/bao#BAO_0095009","propLabel":"assay design method","propAbbrev":"bao:BAO_0095009","valueURI":"http://www.bioassayontology.org/bao#BAO_0000425","valueLabel":"dye binding method","valueAbbrev":"bao:BAO_0000425","valueDescr":"Most often, the mitochondrial membrane potential which is called delta-psi is quantitated by staining with specific dyes whose binding is dependent on the potential.","groupNest":[],"groupLabel":[],"valueHier":["http://www.bioassayontology.org/bao#BAO_0000377","http://www.bioassayontology.org/bao#BAO_0002202"],"labelHier":["membrane potential measurement method","assay design method"]},{"propURI":"http://www.bioassayontology.org/bao#BAO_0002854","propLabel":"bioassay type","propAbbrev":"bao:BAO_0002854","valueURI":"http://www.bioassayontology.org/bao#BAO_0000010","valueLabel":"functional","valueAbbrev":"bao:BAO_0000010","valueDescr":"An assay where the measured signal corresponds to a complex response such as cell survival, proliferation, localization of a protein, nuclear translocation etc. The molecular target is not assumed.","groupNest":[],"groupLabel":[],"valueHier":["http://www.bioassayontology.org/bao#BAO_0000008"],"labelHier":["bioassay type"]},{"propURI":"http://www.bioassayontology.org/bao#BAO_0002867","propLabel":"assay footprint","propAbbrev":"bao:BAO_0002867","valueURI":"http://www.bioassayontology.org/bao#BAO_0000515","valueLabel":"384 well plate","valueAbbrev":"bao:BAO_0000515","valueDescr":"This microplate contains 384 wells. It is suitable for a HTS assay.","groupNest":[],"groupLabel":[],"valueHier":["http://www.bioassayontology.org/bao#BAO_0000508","http://www.bioassayontology.org/bao#BAO_0000512"],"labelHier":["microplate","assay footprint"]},{"propURI":"http://www.bioassayontology.org/bao#BAO_0002865","propLabel":"detection instrument","propAbbrev":"bao:BAO_0002865","valueURI":"http://www.bioassayontology.org/bao#BAO_0000903","valueLabel":"FDSS6000","valueAbbrev":"bao:BAO_0000903","valueDescr":"","groupNest":[],"groupLabel":[],"valueHier":["http://www.bioassayontology.org/bao#BAO_0000697"],"labelHier":["detection instrument"]},{"propURI":"http://www.bioassayontology.org/bao#BAO_0000196","propLabel":"assay mode of action","propAbbrev":"bao:BAO_0000196","valueURI":"http://www.bioassayontology.org/bao#BAO_0000087","valueLabel":"activation","valueAbbrev":"bao:BAO_0000087","valueDescr":"Increase of a predefined stimulus. Unit of Measure is always % when normalized to the dynamic range of the assay.","groupNest":[],"groupLabel":[],"valueHier":["http://www.bioassayontology.org/bao#BAO_0000084","http://www.bioassayontology.org/bao#BAO_0000074"],"labelHier":["ligand function mode of action","mode of action"]},{"propURI":"http://www.bioassayontology.org/bao#BAO_0000207","propLabel":"physical detection method","propAbbrev":"bao:BAO_0000207","valueURI":"http://www.bioassayontology.org/bao#BAO_0000363","valueLabel":"fluorescence intensity","valueAbbrev":"bao:BAO_0000363","valueDescr":"Fluorescence intensity is the measure of fluorescence from a sample.","groupNest":[],"groupLabel":[],"valueHier":["http://www.bioassayontology.org/bao#BAO_0000046","http://www.bioassayontology.org/bao#BAO_0000035"],"labelHier":["fluorescence method","physical detection method"]},{"propURI":"http://www.bioassayontology.org/bao#BAO_0002800","propLabel":"assay cell line","propAbbrev":"bao:BAO_0002800","valueURI":"http://purl.obolibrary.org/obo/CLO_0001230","valueLabel":"HEK-293 cell","valueAbbrev":"obo:CLO_0001230","valueDescr":"Established from a human primary embryonal kidney transformed by adenovirus type 5.","groupNest":[],"groupLabel":[],"altLabels":["人胚肾 293","HEK 293","293 细胞","HEK-293","293 HEK","293","293 cell","Human Embryonic Kidney 293"],"valueHier":["http://dto.org/DTO/DTO_000"],"labelHier":["BRENDA tissues and cell lines"]},{"propURI":"http://www.bioassayontology.org/bao#BAO_0000185","propLabel":"perturbagen type","propAbbrev":"bao:BAO_0000185","valueURI":"http://www.bioassayontology.org/bao#BAO_0000648","valueLabel":"compound library","valueAbbrev":"bao:BAO_0000648","valueDescr":"The name of a small molecule collection from one source, which can be either commercial or academic, e.g., MLSMR, LOPAC, etc. This collection is generally diverse and contains compounds that modulate diverse biological targets.","groupNest":[],"groupLabel":[],"valueHier":["http://www.bioassayontology.org/bao#BAO_0000661","http://www.bioassayontology.org/bao#BAO_0003120"],"labelHier":["perturbagen library","assay screened entity component"]},{"propURI":"http://www.bioassayontology.org/bao#BAO_0000210","propLabel":"screening campaign stage","propAbbrev":"bao:BAO_0000210","valueURI":"http://www.bioassayontology.org/bao#BAO_0000803","valueLabel":"counter screening assay","valueAbbrev":"bao:BAO_0000803","valueDescr":"An assay run to eliminate those hits from the primary and confirmatory assay stages that are not of interest, i.e. do not act via the MMOA of interest; for example compounds that are assay artifacts (e.g. fluorescent), promiscuously active, toxic. ","groupNest":[],"groupLabel":[],"valueHier":["http://www.bioassayontology.org/bao#BAO_0000032","http://www.bioassayontology.org/bao#BAO_0000029"],"labelHier":["secondary assay","assay screening campaign stage"]},{"propURI":"http://www.bioassayontology.org/bao#BAO_0002874","propLabel":"units","propAbbrev":"bao:BAO_0002874","valueURI":"http://purl.obolibrary.org/obo/UO_0000064","valueLabel":"micromolar","valueAbbrev":"obo:UO_0000064","valueDescr":"A unit of molarity which is equal to one millionth of a molar or 10^[-6] M.","groupNest":["http://www.bioassayontology.org/bao#BAX_0000017"],"groupLabel":["measurement"],"valueHier":["http://purl.obolibrary.org/obo/UO_0000061","http://purl.obolibrary.org/obo/UO_0000051","http://purl.obolibrary.org/obo/UO_0000000"],"labelHier":["unit of molarity","concentration unit","unit"]},{"propURI":"http://www.bioassayontology.org/bao#BAO_0000208","propLabel":"result","propAbbrev":"bao:BAO_0000208","valueURI":"http://www.bioassayontology.org/bao#BAO_0000181","valueLabel":"response endpoint","valueAbbrev":"bao:BAO_0000181","valueDescr":"Reporting the extent / magnitude of the perturbation (induced by the perturbagen) such as percent inhibition. Response-type endpoints would typically be obtained from a single concentration perturbagen measurement.","groupNest":[],"groupLabel":[],"valueHier":["http://www.bioassayontology.org/bao#BAO_0000179"],"labelHier":["endpoint"]},{"propURI":"http://www.bioassayontology.org/bao#BAO_0002009","propLabel":"biological process","propAbbrev":"bao:BAO_0002009","valueURI":"http://purl.obolibrary.org/obo/GO_0055075","valueLabel":"potassium ion homeostasis","valueAbbrev":"obo:GO_0055075","valueDescr":"Any process involved in the maintenance of an internal steady state of potassium ions within an organism or cell.","groupNest":[],"groupLabel":[],"valueHier":["http://purl.obolibrary.org/obo/GO_0055067","http://purl.obolibrary.org/obo/GO_0098771","http://purl.obolibrary.org/obo/GO_0050801","http://purl.obolibrary.org/obo/GO_0048878","http://purl.obolibrary.org/obo/GO_0042592","http://purl.obolibrary.org/obo/GO_0065008","http://purl.obolibrary.org/obo/GO_0065007","http://purl.obolibrary.org/obo/GO_0008150","http://www.bioassayontology.org/bao#BAO_0003114"],"labelHier":["monovalent inorganic cation homeostasis","inorganic ion homeostasis","ion homeostasis","chemical homeostasis","homeostatic process","regulation of biological quality","biological regulation","biological process","assay biology component"]},{"propURI":"http://www.bioassayontology.org/bao#BAO_0002921","propLabel":"organism","propAbbrev":"bao:BAO_0002921","valueURI":"http://purl.obolibrary.org/obo/NCBITaxon_9606","valueLabel":"Homo sapiens","valueAbbrev":"obo:NCBITaxon_9606","valueDescr":"","groupNest":[],"groupLabel":[],"altLabels":["Homo spiens","Homo sapience","Homo sapien","human","Homo spaiens","Homo sapians","man","Humo sapiens","Home sapiens","Homo sapiense","Homo sampiens","Homo sapeins","Homo sapines","Homo sapian","Homo sapients"],"valueHier":["http://www.bioassayontology.org/bao#BAO_0000362","http://www.bioassayontology.org/bao#BAO_0000510","http://www.bioassayontology.org/bao#BAO_0000659","http://www.bioassayontology.org/bao#BAO_0000509","http://www.bioassayontology.org/bao#BAO_0000658","http://www.bioassayontology.org/bao#BAO_0000551"],"labelHier":["mammalian","vertebrate","metazoa","eukaryote","cellular organisms","organism"]},{"propURI":"http://www.bioassayontology.org/bao#BAO_0000211","propLabel":"target","propAbbrev":"bao:BAO_0000211","valueURI":"http://www.drugtargetontology.org/dto/DTO_01300353","valueLabel":"Inward rectifier-type potassium channel family","valueAbbrev":"dto:DTO_01300353","valueDescr":"","groupNest":[],"groupLabel":[],"valueHier":["http://www.drugtargetontology.org/dto/DTO_01300327","http://www.drugtargetontology.org/dto/DTO_00100000"],"labelHier":["Ion channel","Protein"]},{"propURI":"http://www.bioassayontology.org/bao#BAO_0002848","propLabel":"applies to disease","propAbbrev":"bao:BAO_0002848","valueURI":"http://purl.obolibrary.org/obo/DOID_114","valueLabel":"heart disease","valueAbbrev":"obo:DOID_114","valueDescr":"\nA cardiovascular system disease that involves the heart.\n","groupNest":[],"groupLabel":[],"valueHier":["http://purl.obolibrary.org/obo/DOID_1287","http://purl.obolibrary.org/obo/DOID_7","http://purl.obolibrary.org/obo/DOID_4"],"labelHier":["cardiovascular system disease","disease of anatomical entity","Disease"]},{"propURI":"http://www.bioassayontology.org/bao#BAO_0000208","propLabel":"result","propAbbrev":"bao:BAO_0000208","valueURI":"http://www.bioassayontology.org/bao#BAO_0000656","valueLabel":"efficacy","valueAbbrev":"bao:BAO_0000656","valueDescr":"The maximum response that can be achieved with the perturbagen as percentage of the positive control.","groupNest":[],"groupLabel":[],"altLabels":["Efficacy"],"valueHier":["http://www.bioassayontology.org/bao#BAO_0000082","http://www.bioassayontology.org/bao#BAO_0000181","http://www.bioassayontology.org/bao#BAO_0000179"],"labelHier":["percent response","response endpoint","endpoint"]},{"propURI":"http://www.bioassayontology.org/bao#BAO_0000210","propLabel":"screening campaign stage","propAbbrev":"bao:BAO_0000210","valueURI":"http://www.bioassayontology.org/bao#BAO_0000478","valueLabel":"selectivity assay","valueAbbrev":"bao:BAO_0000478","valueDescr":"Assay employed to elucidate the specificity of biologically active chemical entities towards one or more targets that are (closely) related to the (intended) primary target.","groupNest":[],"groupLabel":[],"altLabels":["specificity"],"valueHier":["http://www.bioassayontology.org/bao#BAO_0000032","http://www.bioassayontology.org/bao#BAO_0000029"],"labelHier":["secondary assay","assay screening campaign stage"]},{"propURI":"http://www.bioassayontology.org/bao#BAO_0002009","propLabel":"biological process","propAbbrev":"bao:BAO_0002009","valueURI":"http://purl.obolibrary.org/obo/GO_1903760","valueLabel":"regulation of voltage-gated potassium channel activity involved in ventricular cardiac muscle cell action potential repolarization","valueAbbrev":"obo:GO_1903760","valueDescr":"Any process that modulates the frequency, rate or extent of voltage-gated potassium channel activity involved in ventricular cardiac muscle cell action potential repolarization.","groupNest":[],"groupLabel":[],"valueHier":["http://purl.obolibrary.org/obo/GO_0098901","http://purl.obolibrary.org/obo/GO_0098900","http://purl.obolibrary.org/obo/GO_0050789","http://purl.obolibrary.org/obo/GO_0065007","http://purl.obolibrary.org/obo/GO_0008150","http://www.bioassayontology.org/bao#BAO_0003114"],"labelHier":["regulation of cardiac muscle cell action potential","regulation of action potential","regulation of biological process","biological regulation","biological process","assay biology component"]},{"propURI":"http://www.bioassayontology.org/bao#BAO_0000211","propLabel":"target","propAbbrev":"bao:BAO_0000211","valueURI":"http://www.drugtargetontology.org/dto/DTO_01300429","valueLabel":"KCNJ2 subfamily","valueAbbrev":"dto:DTO_01300429","valueDescr":"","groupNest":[],"groupLabel":[],"valueHier":["http://www.drugtargetontology.org/dto/DTO_01300353","http://www.drugtargetontology.org/dto/DTO_01300327","http://www.drugtargetontology.org/dto/DTO_00100000"],"labelHier":["Inward rectifier-type potassium channel family","Ion channel","Protein"]},{"propURI":"http://www.bioassayontology.org/bao#BAX_0000011","propLabel":"gene identity","propAbbrev":"bao:BAX_0000011","valueURI":"http://www.bioassayontology.org/geneid#3759","valueLabel":"KCNJ2: potassium inwardly rectifying channel subfamily J member 2","valueAbbrev":"geneid:3759","valueDescr":"","groupNest":[],"groupLabel":[],"altLabels":["ATFB9 , HHBIRK1 , HHIRK1 , IRK1 , KIR2.1 , LQT7 , SQT3"],"externalURLs":["https://www.ncbi.nlm.nih.gov/gene/3759"],"valueHier":["http://www.bioassayontology.org/geneid#Homo_sapiens","http://www.bioassayontology.org/geneid#Mammalia","http://www.bioassayontology.org/geneid#Root"],"labelHier":["Homo sapiens","Mammalia","Faux GeneID"]},{"propURI":"http://www.bioassayontology.org/bao#BAX_0000012","propLabel":"protein identity","propAbbrev":"bao:BAX_0000012","valueURI":"http://www.bioassayontology.org/protein#119609498","valueLabel":"potassium inwardly-rectifying channel, subfamily J, member 2 [Homo sapiens]","valueAbbrev":"protein:119609498","valueDescr":"Protein: potassium inwardly-rectifying channel, subfamily J, member 2 [Homo sapiens], Organism: Homo sapiens","groupNest":[],"groupLabel":[],"externalURLs":["https://www.ncbi.nlm.nih.gov/protein/119609498"],"valueHier":["http://www.bioassayontology.org/taxon#9606","http://www.bioassayontology.org/taxon#9605","http://www.bioassayontology.org/taxon#314295","http://www.bioassayontology.org/taxon#9526","http://www.bioassayontology.org/taxon#9443","http://www.bioassayontology.org/taxon#314146","http://www.bioassayontology.org/taxon#40674","http://www.bioassayontology.org/taxon#32524","http://www.bioassayontology.org/taxon#8287","http://www.bioassayontology.org/taxon#117570","http://www.bioassayontology.org/taxon#7711","http://www.bioassayontology.org/taxon#33511","http://www.bioassayontology.org/taxon#33213","http://www.bioassayontology.org/taxon#33208","http://www.bioassayontology.org/taxon#33154","http://www.bioassayontology.org/taxon#2759","http://www.bioassayontology.org/taxon#131567","http://www.bioassayontology.org/taxon#Root"],"labelHier":["Homo sapiens","Homo","Hominoidea / Hominidae / Homininae","Catarrhini","Primates / Haplorrhini / Simiiformes","Euarchontoglires","Mammalia / Theria / Eutheria / Boreoeutheria","Amniota","Sarcopterygii / Dipnotetrapodomorpha / Tetrapoda","Teleostomi / Euteleostomi","Chordata / Craniata / Vertebrata / Gnathostomata","Deuterostomia","Bilateria","Metazoa / Eumetazoa","Opisthokonta","Eukaryota","cellular organisms","Faux ProteinID"]},{"propURI":"http://www.bioassayontology.org/bao#BAO_0002855","propLabel":"bioassay","propAbbrev":"bao:BAO_0002855","valueURI":"http://www.bioassayontology.org/bao#BAO_0002997","valueLabel":"ion channel assay","valueAbbrev":"bao:BAO_0002997","valueDescr":"Ion channel assays are performed in electrically active cells: neurons, muscle, and endocrine cells.","groupNest":[],"groupLabel":[],"valueHier":["http://www.bioassayontology.org/bao#BAO_0000015"],"labelHier":["bioassay"]},{"propURI":"http://www.bioassayontology.org/bao#BAO_0002663","propLabel":"assay kit","propAbbrev":"bao:BAO_0002663","valueURI":"http://www.bioassayontology.org/bao#BAO_0140034","valueLabel":"FluoZin-2 AM fluorescent assay of zinc concentration","valueAbbrev":"bao:BAO_0140034","valueDescr":"FluoZin-2 AM is a cell-permeant (acetoxymymethyl (AM)) fluorescent indicator designed to detect Zn2+ concentrations that are present in synaptic vesicles and released in response to electrical stimulation or excitotoxic agonists. (Sold by Molecular Probes, Themro-Fisher)","groupNest":[],"groupLabel":[],"valueHier":["http://www.bioassayontology.org/bao#BAO_0000248"],"labelHier":["assay kit"]},{"propURI":"http://www.bioassayontology.org/bao#BAO_0002852","propLabel":"assay sources","propAbbrev":"bao:BAO_0002852","valueURI":"http://www.bioassayexpress.org/sources#SRC_0000030","valueLabel":"Screening Center for GPCRs, Ion Channels and Transporters (Vanderbilt)","valueAbbrev":"src:SRC_0000030","valueDescr":"The Vanderbilt High-Throughput Screening (HTS) facility provides screening-based services to aide research investigators in the identification and investigation of new compounds for basic research and pharmacological discovery.","groupNest":[],"groupLabel":[],"externalURLs":["http://www.vanderbilt.edu/hts"],"valueHier":["http://www.bioassayexpress.org/sources#pubchem_sources","http://www.bioassayontology.org/bao#BAO_0002934"],"labelHier":["PubChem Sources","organization"]},{"propURI":"http://www.bioassayontology.org/bao#BAO_0000539","valueLabel":"pubchemAID:504480","propAbbrev":"bao:BAO_0000539","groupNest":[],"propLabel":"related assays","groupLabel":[]},{"propURI":"http://www.bioassayontology.org/bao#BAO_0000539","valueLabel":"pubchemAID:488969","propAbbrev":"bao:BAO_0000539","groupNest":[],"propLabel":"related assays","groupLabel":[]},{"propURI":"http://www.bioassayontology.org/bao#BAO_0000539","valueLabel":"pubchemAID:623911","propAbbrev":"bao:BAO_0000539","groupNest":[],"propLabel":"related assays","groupLabel":[]},{"propURI":"http://www.bioassayontology.org/bao#BAO_0000539","valueLabel":"pubchemAID:623869","propAbbrev":"bao:BAO_0000539","groupNest":[],"propLabel":"related assays","groupLabel":[]},{"propURI":"http://www.bioassayontology.org/bao#BAO_0000539","valueLabel":"pubchemAID:623868","propAbbrev":"bao:BAO_0000539","groupNest":[],"propLabel":"related assays","groupLabel":[]},{"propURI":"http://www.bioassayontology.org/bao#BAO_0000539","valueLabel":"pubchemAID:623909","propAbbrev":"bao:BAO_0000539","groupNest":[],"propLabel":"related assays","groupLabel":[]},{"propURI":"http://www.bioassayontology.org/bao#BAO_0000539","valueLabel":"pubchemAID:623952","propAbbrev":"bao:BAO_0000539","groupNest":[],"propLabel":"related assays","groupLabel":[]},{"propURI":"http://www.bioassayontology.org/bao#BAO_0000539","valueLabel":"pubchemAID:624042","propAbbrev":"bao:BAO_0000539","groupNest":[],"propLabel":"related assays","groupLabel":[]},{"propURI":"http://www.bioassayontology.org/bao#BAO_0000539","valueLabel":"pubchemAID:623975","propAbbrev":"bao:BAO_0000539","groupNest":[],"propLabel":"related assays","groupLabel":[]},{"propURI":"http://www.bioassayontology.org/bao#BAO_0000539","valueLabel":"pubchemAID:623983","propAbbrev":"bao:BAO_0000539","groupNest":[],"propLabel":"related assays","groupLabel":[]},{"propURI":"http://www.bioassayontology.org/bao#BAO_0000539","valueLabel":"pubchemAID:623986","propAbbrev":"bao:BAO_0000539","groupNest":[],"propLabel":"related assays","groupLabel":[]},{"propURI":"http://www.bioassayontology.org/bao#BAO_0000539","valueLabel":"pubchemAID:623988","propAbbrev":"bao:BAO_0000539","groupNest":[],"propLabel":"related assays","groupLabel":[]},{"propURI":"http://www.bioassayontology.org/bao#BAO_0000539","valueLabel":"pubchemAID:623977","propAbbrev":"bao:BAO_0000539","groupNest":[],"propLabel":"related assays","groupLabel":[]},{"propURI":"http://www.bioassayontology.org/bao#BAO_0000539","valueLabel":"pubchemAID:623976","propAbbrev":"bao:BAO_0000539","groupNest":[],"propLabel":"related assays","groupLabel":[]},{"propURI":"http://www.bioassayontology.org/bao#BAO_0000539","valueLabel":"pubchemAID:623974","propAbbrev":"bao:BAO_0000539","groupNest":[],"propLabel":"related assays","groupLabel":[]},{"propURI":"http://www.bioassayontology.org/bao#BAO_0000539","valueLabel":"pubchemAID:623932","propAbbrev":"bao:BAO_0000539","groupNest":[],"propLabel":"related assays","groupLabel":[]},{"propURI":"http://www.bioassayontology.org/bao#BAO_0002853","valueLabel":"Activators of the GIRK family of Potassium Channels (hKir2.1_ThalliumFlux_CRC)","propAbbrev":"bao:BAO_0002853","groupNest":[],"propLabel":"assay title","groupLabel":[]}],"pubchemXRef":[{"type":"aid","id":"504480","comment":"mGlu8 Summary Assay"},{"type":"aid","id":"488969","comment":"mGlu8 Primary Screening Assay"},{"type":"aid","id":"623911","comment":"hGIRK1/2_mGlu8_WaveformData (GIRK1/2_Confirmatory)"},{"type":"aid","id":"623869","comment":"rmGlu8_Gqi9_Counterscreen"},{"type":"aid","id":"623868","comment":"mGlu8_nonGIRK_Counterscreen"},{"type":"aid","id":"623909","comment":"rmGlu8_hGIRK1/2_CRC (GIRK_Confirmatory_CRC) - Dry powder reorder"},{"type":"aid","id":"623952","comment":"hGIRK_1/2_Thallium_Flux_minus_mGlu8 - Dry powder reorder"},{"type":"aid","id":"624042","comment":"rmGlu8_hGIRK1/2_PTX (GIRK1/2_PTX_Treated_CRC)"},{"type":"aid","id":"623975","comment":"human_GIRK1/4_ThalliumFlux (GIRK1/4_ThalliumFlux_CRC)"},{"type":"aid","id":"623983","comment":"human_GIRK2/3_ThalliumFlux (GIRK2_3_ThalliumFlux_CRC)"},{"type":"aid","id":"623986","comment":"human_KV7.4_ThalliumFlux (hKV7.4_ThalliumFlux_CRC)"},{"type":"aid","id":"623988","comment":"human_hERG_kV11.1_ThalliumFlux (hERG_ThalliumFlux_CRC)"},{"type":"aid","id":"623977","comment":"human_GIRK1/2_Voltage_clamp (GIRK1_2_Confirmatory_EP)"},{"type":"aid","id":"623976","comment":"human_GIRK1/4_Voltage_clamp (GIRK1_4_Confirmatory_EP)"},{"type":"aid","id":"623974","comment":"human_GIRK2/3_Voltage_clamp (GIRK2/3_Confirmatory_EP)"},{"type":"aid","id":"623932","comment":"ML297 Competition in Radioligand Binding assays (Ricerca)"},{"type":"taxonomy","id":"9606","comment":"Homo sapiens"},{"type":"gene","id":"3759","comment":"KCNJ2 (Kir2.1) potassium inwardly-rectifying channel, subfamily J, member 2 [Homo sapiens]"},{"type":"pmid","id":"22275899","comment":"Raphemot R, Lonergan DF, Nguyen TT, Utley T, Lewis LM, Kadakia R, Weaver CD, Gogliotti R, Hopkins C, Lindsley CW, DentonJS. (2011) Discovery, characterization, and structure-activity relationships of an inhibitor of inward rectifier potassium (Kir) channels with preference for Kir2.3, Kir3.x, and Kir7.1. Front Pharmacol. 2:75."},{"type":"protein_gi","id":"119609498","comment":"Kir2.1"}],"curationTime":1520356885110,"curatorID":"google:108375455890260223170","curatorName":"","curatorEmail":"aclark.xyz@gmail.com","history":[{"curationTime":1482451047787,"curatorID":"orcid:0000-0003-2629-5583","annotsAdded":[{"propURI":"http://www.bioassayontology.org/bao#BAX_0000002","propLabel":"has bioassay type","propAbbrev":"bao:BAX_0000002","valueURI":"http://www.bioassayontology.org/bao#BAO_0002997","valueLabel":"ion channel assay","valueAbbrev":"bao:BAO_0002997","valueDescr":"Ion channel assays are performed in electrically active cells: neurons, muscle, and endocrine cells.","valueHier":[],"labelHier":[],"outOfSchema":true},{"propURI":"http://www.bioassayontology.org/bao#BAO_0002663","propLabel":"assay kit","propAbbrev":"bao:BAO_0002663","valueURI":"http://www.bioassayontology.org/bao#BAO_0140034","valueLabel":"FluoZin-2 AM fluorescent assay of zinc concentration","valueAbbrev":"bao:BAO_0140034","valueDescr":"FluoZin-2 AM is a cell-permeant (acetoxymymethyl (AM)) fluorescent indicator designed to detect Zn2+ concentrations that are present in synaptic vesicles and released in response to electrical stimulation or excitotoxic agonists. (Sold by Molecular Probes, Themro-Fisher)","valueHier":["http://www.bioassayontology.org/bao#BAO_0000248"],"labelHier":["assay kit"]}],"annotsRemoved":[{"propURI":"http://www.bioassayontology.org/bao#BAO_0002663","propLabel":"assay kit","propAbbrev":"bao:BAO_0002663","valueURI":"http://www.bioassayontology.org/bao#BAO_0000248","valueLabel":"assay kit","valueAbbrev":"bao:BAO_0000248","valueDescr":"The title of the kit/biologicals used in the assay.","valueHier":[],"labelHier":[]},{"propURI":"http://www.bioassayontology.org/bao#BAO_0002663","propLabel":"assay kit","propAbbrev":"bao:BAO_0002663","valueURI":"http://www.bioassayontology.org/bao#BAO_0000915","valueLabel":"fluozin-2","valueAbbrev":"bao:BAO_0000915","valueDescr":"","valueHier":[],"labelHier":[],"outOfSchema":true}],"labelsAdded":[{"propURI":"http://www.bioassayontology.org/bao#BAX_0000002","valueLabel":"ion channel assay","propAbbrev":"bao:BAX_0000002","propLabel":"has bioassay type"},{"propURI":"http://www.bioassayontology.org/bao#BAO_0002663","valueLabel":"FluoZin-2 AM fluorescent assay of zinc concentration","propAbbrev":"bao:BAO_0002663","propLabel":"assay kit"}],"labelsRemoved":[{"propURI":"http://www.bioassayontology.org/bao#BAO_0002663","valueLabel":"assay kit","propAbbrev":"bao:BAO_0002663","propLabel":"assay kit"},{"propURI":"http://www.bioassayontology.org/bao#BAO_0002663","valueLabel":"fluozin-2","propAbbrev":"bao:BAO_0002663","propLabel":"assay kit"}]},{"curationTime":1492468131186,"curatorID":"admin","annotsAdded":[{"propURI":"http://www.bioassayontology.org/bao#BAO_0002854","propLabel":"bioassay type","propAbbrev":"bao:BAO_0002854","valueURI":"http://www.bioassayontology.org/bao#BAO_0000010","valueLabel":"functional","valueAbbrev":"bao:BAO_0000010","valueDescr":"An assay where the measured signal corresponds to a complex response such as cell survival, proliferation, localization of a protein, nuclear translocation etc. The molecular target is not assumed.","valueHier":["http://www.bioassayontology.org/bao#BAO_0000008"],"labelHier":["bioassay type"]}],"annotsRemoved":[{"propURI":"http://www.bioassayontology.org/bao#BAX_0000002","propLabel":"has bioassay type","propAbbrev":"bao:BAX_0000002","valueURI":"http://www.bioassayontology.org/bao#BAO_0000010","valueLabel":"functional","valueAbbrev":"bao:BAO_0000010","valueDescr":"An assay where the measured signal corresponds to a complex response such as cell survival, proliferation, localization of a protein, nuclear translocation etc. The molecular target is not assumed.","valueHier":[],"labelHier":[],"outOfSchema":true}],"labelsAdded":[{"propURI":"http://www.bioassayontology.org/bao#BAO_0002854","valueLabel":"functional","propAbbrev":"bao:BAO_0002854","propLabel":"bioassay type"}],"labelsRemoved":[{"propURI":"http://www.bioassayontology.org/bao#BAX_0000002","valueLabel":"functional","propAbbrev":"bao:BAX_0000002","propLabel":"has bioassay type"}]},{"curationTime":1492468131186,"curatorID":"admin","annotsAdded":[{"propURI":"http://www.bioassayontology.org/bao#BAO_0002009","propLabel":"biological process","propAbbrev":"bao:BAO_0002009","valueURI":"http://purl.obolibrary.org/obo/GO_1903760","valueLabel":"regulation of voltage-gated potassium channel activity involved in ventricular cardiac muscle cell action potential repolarization","valueAbbrev":"obo:GO_1903760","valueDescr":"Any process that modulates the frequency, rate or extent of voltage-gated potassium channel activity involved in ventricular cardiac muscle cell action potential repolarization.","valueHier":["http://purl.obolibrary.org/obo/GO_0098901","http://purl.obolibrary.org/obo/GO_0098900","http://purl.obolibrary.org/obo/GO_0050789","http://purl.obolibrary.org/obo/GO_0065007","http://purl.obolibrary.org/obo/GO_0008150","http://www.bioassayontology.org/bao#BAO_0003114"],"labelHier":["regulation of cardiac muscle cell action potential","regulation of action potential","regulation of biological process","biological regulation","biological process","assay biology component"]},{"propURI":"http://www.bioassayontology.org/bao#BAO_0002009","propLabel":"biological process","propAbbrev":"bao:BAO_0002009","valueURI":"http://purl.obolibrary.org/obo/GO_0055075","valueLabel":"potassium ion homeostasis","valueAbbrev":"obo:GO_0055075","valueDescr":"Any process involved in the maintenance of an internal steady state of potassium ions within an organism or cell.","valueHier":["http://purl.obolibrary.org/obo/GO_0055067","http://purl.obolibrary.org/obo/GO_0098771","http://purl.obolibrary.org/obo/GO_0050801","http://purl.obolibrary.org/obo/GO_0048878","http://purl.obolibrary.org/obo/GO_0042592","http://purl.obolibrary.org/obo/GO_0065008","http://purl.obolibrary.org/obo/GO_0065007","http://purl.obolibrary.org/obo/GO_0008150","http://www.bioassayontology.org/bao#BAO_0003114"],"labelHier":["monovalent inorganic cation homeostasis","inorganic ion homeostasis","ion homeostasis","chemical homeostasis","homeostatic process","regulation of biological quality","biological regulation","biological process","assay biology component"]}],"annotsRemoved":[{"propURI":"http://www.bioassayontology.org/bao#BAX_0000004","propAbbrev":"bao:BAX_0000004","valueURI":"http://purl.obolibrary.org/obo/GO_1903760","valueLabel":"regulation of voltage-gated potassium channel activity involved in ventricular cardiac muscle cell action potential repolarization","valueAbbrev":"obo:GO_1903760","valueDescr":"Any process that modulates the frequency, rate or extent of voltage-gated potassium channel activity involved in ventricular cardiac muscle cell action potential repolarization.","valueHier":[],"labelHier":[],"outOfSchema":true},{"propURI":"http://www.bioassayontology.org/bao#BAX_0000004","propAbbrev":"bao:BAX_0000004","valueURI":"http://purl.obolibrary.org/obo/GO_0055075","valueLabel":"potassium ion homeostasis","valueAbbrev":"obo:GO_0055075","valueDescr":"Any process involved in the maintenance of an internal steady state of potassium ions within an organism or cell.","valueHier":[],"labelHier":[],"outOfSchema":true}],"labelsAdded":[{"propURI":"http://www.bioassayontology.org/bao#BAO_0002009","valueLabel":"regulation of voltage-gated potassium channel activity involved in ventricular cardiac muscle cell action potential repolarization","propAbbrev":"bao:BAO_0002009","propLabel":"biological process"},{"propURI":"http://www.bioassayontology.org/bao#BAO_0002009","valueLabel":"potassium ion homeostasis","propAbbrev":"bao:BAO_0002009","propLabel":"biological process"}],"labelsRemoved":[{"propURI":"http://www.bioassayontology.org/bao#BAX_0000004","valueLabel":"regulation of voltage-gated potassium channel activity involved in ventricular cardiac muscle cell action potential repolarization","propAbbrev":"bao:BAX_0000004"},{"propURI":"http://www.bioassayontology.org/bao#BAX_0000004","valueLabel":"potassium ion homeostasis","propAbbrev":"bao:BAX_0000004"}]},{"curationTime":1492468131186,"curatorID":"admin","annotsAdded":[{"propURI":"http://www.bioassayontology.org/bao#BAO_0002848","propLabel":"applies to disease","propAbbrev":"bao:BAO_0002848","valueURI":"http://purl.obolibrary.org/obo/DOID_114","valueLabel":"heart disease","valueAbbrev":"obo:DOID_114","valueDescr":"\nA cardiovascular system disease that involves the heart.\n","valueHier":["http://purl.obolibrary.org/obo/DOID_1287","http://purl.obolibrary.org/obo/DOID_7","http://purl.obolibrary.org/obo/DOID_4"],"labelHier":["cardiovascular system disease","disease of anatomical entity","Disease"]}],"annotsRemoved":[{"propURI":"http://www.bioassayontology.org/bao#BAX_0000010","propAbbrev":"bao:BAX_0000010","valueURI":"http://purl.obolibrary.org/obo/DOID_114","valueLabel":"heart disease","valueAbbrev":"obo:DOID_114","valueDescr":"\nA cardiovascular system disease that involves the heart.\n","valueHier":[],"labelHier":[],"outOfSchema":true}],"labelsAdded":[{"propURI":"http://www.bioassayontology.org/bao#BAO_0002848","valueLabel":"heart disease","propAbbrev":"bao:BAO_0002848","propLabel":"applies to disease"}],"labelsRemoved":[{"propURI":"http://www.bioassayontology.org/bao#BAX_0000010","valueLabel":"heart disease","propAbbrev":"bao:BAX_0000010"}]},{"curationTime":1492468131186,"curatorID":"admin","annotsAdded":[{"propURI":"http://www.bioassayontology.org/bao#BAO_0000208","propLabel":"result","propAbbrev":"bao:BAO_0000208","valueURI":"http://www.bioassayontology.org/bao#BAO_0000181","valueLabel":"response endpoint","valueAbbrev":"bao:BAO_0000181","valueDescr":"Reporting the extent / magnitude of the perturbation (induced by the perturbagen) such as percent inhibition. Response-type endpoints would typically be obtained from a single concentration perturbagen measurement.","valueHier":["http://www.bioassayontology.org/bao#BAO_0000179"],"labelHier":["endpoint"]},{"propURI":"http://www.bioassayontology.org/bao#BAO_0000208","propLabel":"result","propAbbrev":"bao:BAO_0000208","valueURI":"http://www.bioassayontology.org/bao#BAO_0000656","valueLabel":"efficacy","valueAbbrev":"bao:BAO_0000656","valueDescr":"The maximum response that can be achieved with the perturbagen as percentage of the positive control.","altLabels":["Efficacy"],"valueHier":["http://www.bioassayontology.org/bao#BAO_0000082","http://www.bioassayontology.org/bao#BAO_0000181","http://www.bioassayontology.org/bao#BAO_0000179"],"labelHier":["percent response","response endpoint","endpoint"]}],"annotsRemoved":[{"propURI":"http://www.bioassayontology.org/bao#BAX_0000006","propAbbrev":"bao:BAX_0000006","valueURI":"http://www.bioassayontology.org/bao#BAO_0000656","valueLabel":"efficacy","valueAbbrev":"bao:BAO_0000656","valueDescr":"The maximum response that can be achieved with the perturbagen as percentage of the positive control.","valueHier":[],"labelHier":[],"outOfSchema":true},{"propURI":"http://www.bioassayontology.org/bao#BAX_0000006","propAbbrev":"bao:BAX_0000006","valueURI":"http://www.bioassayontology.org/bao#BAO_0000181","valueLabel":"response endpoint","valueAbbrev":"bao:BAO_0000181","valueDescr":"Reporting the extent / magnitude of the perturbation (induced by the perturbagen) such as percent inhibition. Response-type endpoints would typically be obtained from a single concentration perturbagen measurement.","valueHier":[],"labelHier":[],"outOfSchema":true}],"labelsAdded":[{"propURI":"http://www.bioassayontology.org/bao#BAO_0000208","valueLabel":"response endpoint","propAbbrev":"bao:BAO_0000208","propLabel":"result"},{"propURI":"http://www.bioassayontology.org/bao#BAO_0000208","valueLabel":"efficacy","propAbbrev":"bao:BAO_0000208","propLabel":"result"}],"labelsRemoved":[{"propURI":"http://www.bioassayontology.org/bao#BAX_0000006","valueLabel":"efficacy","propAbbrev":"bao:BAX_0000006"},{"propURI":"http://www.bioassayontology.org/bao#BAX_0000006","valueLabel":"response endpoint","propAbbrev":"bao:BAX_0000006"}]},{"curationTime":1492468131186,"curatorID":"admin","annotsAdded":[{"propURI":"http://www.bioassayontology.org/bao#BAO_0002874","propLabel":"units","propAbbrev":"bao:BAO_0002874","valueURI":"http://purl.org/obo/owl/UO#UO_0000064","valueLabel":"micromolar","valueAbbrev":"uo:UO_0000064","valueDescr":"","valueHier":[],"labelHier":[],"outOfSchema":true}],"annotsRemoved":[{"propURI":"http://www.bioassayontology.org/bao#BAX_0000007","propAbbrev":"bao:BAX_0000007","valueURI":"http://purl.org/obo/owl/UO#UO_0000064","valueLabel":"micromolar","valueAbbrev":"uo:UO_0000064","valueDescr":"","valueHier":[],"labelHier":[],"outOfSchema":true}],"labelsAdded":[{"propURI":"http://www.bioassayontology.org/bao#BAO_0002874","valueLabel":"micromolar","propAbbrev":"bao:BAO_0002874","propLabel":"units"}],"labelsRemoved":[{"propURI":"http://www.bioassayontology.org/bao#BAX_0000007","valueLabel":"micromolar","propAbbrev":"bao:BAX_0000007"}]},{"curationTime":1492468131186,"curatorID":"admin","annotsAdded":[{"propURI":"http://www.bioassayontology.org/bao#BAO_0095009","propLabel":"assay design method","propAbbrev":"bao:BAO_0095009","valueURI":"http://www.bioassayontology.org/bao#BAO_0000425","valueLabel":"dye binding method","valueAbbrev":"bao:BAO_0000425","valueDescr":"Most often, the mitochondrial membrane potential which is called delta-psi is quantitated by staining with specific dyes whose binding is dependent on the potential.","valueHier":["http://www.bioassayontology.org/bao#BAO_0000377","http://www.bioassayontology.org/bao#BAO_0002202"],"labelHier":["membrane potential measurement method","assay design method"]},{"propURI":"http://www.bioassayontology.org/bao#BAO_0095009","propLabel":"assay design method","propAbbrev":"bao:BAO_0095009","valueURI":"http://www.bioassayontology.org/bao#BAO_0000377","valueLabel":"membrane potential measurement method","valueAbbrev":"bao:BAO_0000377","valueDescr":"All living cells maintain a resting membrane potential, which is the difference in voltage between the interior and exterior of the cell. Electrically active cells, such as neurons, muscle and endocrine cells undergo changes in membrane potential due to depolarization and hyperpolarization as a result of opening and closing of ion channels. Action potentials are large and rapid changes in membrane potential which are generated as a result of a large depolarization event. In neurons, action potentials are used to transmit signals across neurons, while in muscle and endocrine cells, they lead to intracellular events, such as muscle contraction and hormone release, respectively.\nIn addition, mitochondria possess a trans-membrane potential as a result of their respiratory function.\nMembrane potential can be measured either by using electrophysiological techniques or by staining with dyes whose binding is dependent on the membrane potential.","valueHier":["http://www.bioassayontology.org/bao#BAO_0002202"],"labelHier":["assay design method"]}],"annotsRemoved":[{"propURI":"http://www.bioassayontology.org/bao#BAX_0000003","propAbbrev":"bao:BAX_0000003","valueURI":"http://www.bioassayontology.org/bao#BAO_0000425","valueLabel":"dye binding method","valueAbbrev":"bao:BAO_0000425","valueDescr":"Most often, the mitochondrial membrane potential which is called delta-psi is quantitated by staining with specific dyes whose binding is dependent on the potential.","valueHier":[],"labelHier":[],"outOfSchema":true},{"propURI":"http://www.bioassayontology.org/bao#BAX_0000003","propAbbrev":"bao:BAX_0000003","valueURI":"http://www.bioassayontology.org/bao#BAO_0000377","valueLabel":"membrane potential measurement method","valueAbbrev":"bao:BAO_0000377","valueDescr":"All living cells maintain a resting membrane potential, which is the difference in voltage between the interior and exterior of the cell. Electrically active cells, such as neurons, muscle and endocrine cells undergo changes in membrane potential due to depolarization and hyperpolarization as a result of opening and closing of ion channels. Action potentials are large and rapid changes in membrane potential which are generated as a result of a large depolarization event. In neurons, action potentials are used to transmit signals across neurons, while in muscle and endocrine cells, they lead to intracellular events, such as muscle contraction and hormone release, respectively.\nIn addition, mitochondria possess a trans-membrane potential as a result of their respiratory function.\nMembrane potential can be measured either by using electrophysiological techniques or by staining with dyes whose binding is dependent on the membrane potential.","valueHier":[],"labelHier":[],"outOfSchema":true}],"labelsAdded":[{"propURI":"http://www.bioassayontology.org/bao#BAO_0095009","valueLabel":"dye binding method","propAbbrev":"bao:BAO_0095009","propLabel":"assay design method"},{"propURI":"http://www.bioassayontology.org/bao#BAO_0095009","valueLabel":"membrane potential measurement method","propAbbrev":"bao:BAO_0095009","propLabel":"assay design method"}],"labelsRemoved":[{"propURI":"http://www.bioassayontology.org/bao#BAX_0000003","valueLabel":"dye binding method","propAbbrev":"bao:BAX_0000003"},{"propURI":"http://www.bioassayontology.org/bao#BAX_0000003","valueLabel":"membrane potential measurement method","propAbbrev":"bao:BAX_0000003"}]},{"curationTime":1492468131186,"curatorID":"admin","annotsAdded":[{"propURI":"http://www.bioassayontology.org/bao#BAO_0000211","propLabel":"target","propAbbrev":"bao:BAO_0000211","valueURI":"http://www.drugtargetontology.org/dto/DTO_01300353","valueLabel":"Inward rectifier-type potassium channel family","valueAbbrev":"dto:DTO_01300353","valueDescr":"","valueHier":["http://www.drugtargetontology.org/dto/DTO_01300327","http://www.drugtargetontology.org/dto/DTO_00100000"],"labelHier":["Ion channel","Protein"]},{"propURI":"http://www.bioassayontology.org/bao#BAO_0000211","propLabel":"target","propAbbrev":"bao:BAO_0000211","valueURI":"http://www.drugtargetontology.org/dto/DTO_01300429","valueLabel":"KCNJ2 subfamily","valueAbbrev":"dto:DTO_01300429","valueDescr":"","valueHier":["http://www.drugtargetontology.org/dto/DTO_01300353","http://www.drugtargetontology.org/dto/DTO_01300327","http://www.drugtargetontology.org/dto/DTO_00100000"],"labelHier":["Inward rectifier-type potassium channel family","Ion channel","Protein"]}],"annotsRemoved":[{"propURI":"http://www.bioassayontology.org/bao#BAX_0000005","propAbbrev":"bao:BAX_0000005","valueURI":"http://www.drugtargetontology.org/dto/DTO_01300353","valueLabel":"Inward rectifier-type potassium channel family","valueAbbrev":"dto:DTO_01300353","valueDescr":"","valueHier":[],"labelHier":[],"outOfSchema":true},{"propURI":"http://www.bioassayontology.org/bao#BAX_0000005","propAbbrev":"bao:BAX_0000005","valueURI":"http://www.drugtargetontology.org/dto/DTO_01300429","valueLabel":"KCNJ2 subfamily","valueAbbrev":"dto:DTO_01300429","valueDescr":"","valueHier":[],"labelHier":[],"outOfSchema":true}],"labelsAdded":[{"propURI":"http://www.bioassayontology.org/bao#BAO_0000211","valueLabel":"Inward rectifier-type potassium channel family","propAbbrev":"bao:BAO_0000211","propLabel":"target"},{"propURI":"http://www.bioassayontology.org/bao#BAO_0000211","valueLabel":"KCNJ2 subfamily","propAbbrev":"bao:BAO_0000211","propLabel":"target"}],"labelsRemoved":[{"propURI":"http://www.bioassayontology.org/bao#BAX_0000005","valueLabel":"Inward rectifier-type potassium channel family","propAbbrev":"bao:BAX_0000005"},{"propURI":"http://www.bioassayontology.org/bao#BAX_0000005","valueLabel":"KCNJ2 subfamily","propAbbrev":"bao:BAX_0000005"}]},{"curationTime":1492468131186,"curatorID":"admin","annotsAdded":[{"propURI":"http://www.bioassayontology.org/bao#BAO_0002855","propLabel":"bioassay","propAbbrev":"bao:BAO_0002855","valueURI":"http://www.bioassayontology.org/bao#BAO_0002997","valueLabel":"ion channel assay","valueAbbrev":"bao:BAO_0002997","valueDescr":"Ion channel assays are performed in electrically active cells: neurons, muscle, and endocrine cells.","valueHier":["http://www.bioassayontology.org/bao#BAO_0000015"],"labelHier":["bioassay"]},{"propURI":"http://www.bioassayontology.org/bao#BAO_0002855","propLabel":"bioassay","propAbbrev":"bao:BAO_0002855","valueURI":"http://www.bioassayontology.org/bao#BAO_0000653","valueLabel":"dye redistribution assay","valueAbbrev":"bao:BAO_0000653","valueDescr":"Dye redistribution is used to study flux of molecules across membranes, e.g. calcein AM, ethidium homodimer-1, etc.","valueHier":["http://www.bioassayontology.org/bao#BAO_0002999","http://www.bioassayontology.org/bao#BAO_0000015"],"labelHier":["redistribution assay","bioassay"]}],"annotsRemoved":[{"propURI":"http://www.bioassayontology.org/bao#BAX_0000002","propLabel":"has bioassay type","propAbbrev":"bao:BAX_0000002","valueURI":"http://www.bioassayontology.org/bao#BAO_0002997","valueLabel":"ion channel assay","valueAbbrev":"bao:BAO_0002997","valueDescr":"Ion channel assays are performed in electrically active cells: neurons, muscle, and endocrine cells.","valueHier":[],"labelHier":[],"outOfSchema":true},{"propURI":"http://www.bioassayontology.org/bao#BAX_0000002","propLabel":"has bioassay type","propAbbrev":"bao:BAX_0000002","valueURI":"http://www.bioassayontology.org/bao#BAO_0000653","valueLabel":"dye redistribution assay","valueAbbrev":"bao:BAO_0000653","valueDescr":"Dye redistribution is used to study flux of molecules across membranes, e.g. calcein AM, ethidium homodimer-1, etc.","valueHier":[],"labelHier":[],"outOfSchema":true}],"labelsAdded":[{"propURI":"http://www.bioassayontology.org/bao#BAO_0002855","valueLabel":"ion channel assay","propAbbrev":"bao:BAO_0002855","propLabel":"bioassay"},{"propURI":"http://www.bioassayontology.org/bao#BAO_0002855","valueLabel":"dye redistribution assay","propAbbrev":"bao:BAO_0002855","propLabel":"bioassay"}],"labelsRemoved":[{"propURI":"http://www.bioassayontology.org/bao#BAX_0000002","valueLabel":"ion channel assay","propAbbrev":"bao:BAX_0000002","propLabel":"has bioassay type"},{"propURI":"http://www.bioassayontology.org/bao#BAX_0000002","valueLabel":"dye redistribution assay","propAbbrev":"bao:BAX_0000002","propLabel":"has bioassay type"}]},{"curationTime":1492468131186,"curatorID":"admin","annotsAdded":[{"propURI":"http://www.bioassayontology.org/bao#BAO_0002874","propLabel":"units","propAbbrev":"bao:BAO_0002874","valueURI":"http://purl.obolibrary.org/obo/UO_0000064","valueLabel":"micromolar","valueAbbrev":"obo:UO_0000064","valueDescr":"A unit of molarity which is equal to one millionth of a molar or 10^[-6] M.","valueHier":["http://purl.obolibrary.org/obo/UO_0000061","http://purl.obolibrary.org/obo/UO_0000051","http://purl.obolibrary.org/obo/UO_0000000"],"labelHier":["unit of molarity","concentration unit","unit"]}],"annotsRemoved":[{"propURI":"http://www.bioassayontology.org/bao#BAO_0002874","propLabel":"units","propAbbrev":"bao:BAO_0002874","valueURI":"http://purl.org/obo/owl/UO#UO_0000064","valueLabel":"micromolar","valueAbbrev":"uo:UO_0000064","valueDescr":"","valueHier":[],"labelHier":[],"outOfSchema":true}],"labelsAdded":[{"propURI":"http://www.bioassayontology.org/bao#BAO_0002874","valueLabel":"micromolar","propAbbrev":"bao:BAO_0002874","propLabel":"units"}],"labelsRemoved":[{"propURI":"http://www.bioassayontology.org/bao#BAO_0002874","valueLabel":"micromolar","propAbbrev":"bao:BAO_0002874","propLabel":"units"}]},{"curationTime":1520356885110,"curatorID":"google:108375455890260223170","curatorName":"","curatorEmail":"aclark.xyz@gmail.com","annotsAdded":[{"propURI":"http://www.bioassayontology.org/bao#BAO_0002800","propLabel":"assay cell line","propAbbrev":"bao:BAO_0002800","valueURI":"http://purl.obolibrary.org/obo/CLO_0001230","valueLabel":"HEK-293 cell","valueAbbrev":"obo:CLO_0001230","valueDescr":"Established from a human primary embryonal kidney transformed by adenovirus type 5.","altLabels":["人胚肾 293","HEK 293","293 细胞","HEK-293","293 HEK","293","293 cell","Human Embryonic Kidney 293"],"valueHier":["http://dto.org/DTO/DTO_000"],"labelHier":["BRENDA tissues and cell lines"]}],"annotsRemoved":[],"labelsAdded":[],"labelsRemoved":[]}],"holdingIDList":[]}