{"assayID":5498,"uniqueID":"pubchemAID:651554","text":"Late-stage FRET-based cell-based primary screening assay to identify biased ligands of the melanocortin 4 receptor (MC4R): antagonists of MC4R\n\nDescription:\n\nHeterotrimeric G-protein coupled receptors (GPCRs) are major targets for disease therapeutics, due in part to their broad tissue distribution, structural diversity, varied modes of action, and disease-associated mutations (1-4). However, it has recently been demonstrated that GPCRs do not only signal in this simplistic fashion, but rather activate a network of downstream effects comprised of parallel signal transduction pathways. GPCR ligands biased towards induction or blockade of specific signaling pathways may have different physiology compared with unbiased molecules, through selective engagement of a desired subset of signal cascades. For example, the melanocortin 4 receptor (MC4R) transduces its signal via coupling to Gs and adenylyl cyclase activation, and is involved in the regulation of energy homeostasis and chronic disease-associated cachexia. Recent studies indicate that classical antagonists do not mimic MC4R regulation by its endogenous ligand, Agouti-Related Protein (AgRP). Indeed, AgRP has several actions including antagonizing Gs-mediated adenylyl cyclase activation, inducing beta-arrestin recruitment and MC4R endocytosis (5), as well as stimulating Gi-mediated inhibition of adenylyl cyclase (6). As a result, the identification of small molecules that act as biased MC4R ligands, by blocking Gs protein coupling but stimulating beta-arrestin functions and/or Gi protein coupling, may lead to a better understanding of this receptor and its role in metabolic/wasting diseases.\n\nAssay Overview:\n\nThe purpose of this assay is to identify compounds that inhibit Melanotan II generated cAMP signaling via MC4R. This assay employs the cAMP Perkin Elmer LANCE Ultra cAMP competitive immunoassay kit and cells that stably express the Gs-coupled human receptor MC4R. This receptor signals through adenylyl cyclase to trigger the cAMP cascade. Labeled anti-cAMP antibody and Europium-labeled cAMP (Eu-cAMP) are included for FRET-based detection of receptor activity. In this assay, cells are incubated with test compounds, labeled cAMP antibody and Eu-cAMP, and agonist Melanotan II. Binding of the labeled cAMP antibody to Eu-cAMP causes energy transfer from the Eu-cAMP molecule to the labeled-antibody, increasing well FRET. Melanotan II-mediated MC4R activation stimulates endogenous cellular cAMP production by the cells, which competes with the labeled cAMP for binding to the labeled cAMP-antibody, thereby reducing FRET. As designed, compounds that act as antagonists will prevent receptor activation by Melanotan II, reduce cellular cAMP production, reduce levels of cAMP available to compete with labeled Eu-cAMP, leading to increased interactions between Eu-cAMP and the labeled anti-cAMP antibody, and resulting in increased well FRET. Compounds were tested in quadruplicate in a 10-point 1:3 dilution series starting at a nominal concentration of 50 uM.\n\nProtocol Summary:\n\nThe MC4R cell line was routinely cultured in T-175 sq cm flasks at 37 C and 95% relative humidity (RH). The growth medium consisted of a 1:1 mixture of Ham's F-12 Nutrient Media (F-12) and Dulbecco's Modified Eagle Media (DMEM) supplemented with 10% v/v heat-inactivated certified fetal bovine serum, 25 mM HEPES, 500 ug/mL Geneticin, 250 ug/mL Hygromycin B, and 1X antibiotic mix (penicillin, streptomycin, and neomycin). The day of the assay, 5000 cells in 10 uL of cell medium (HBSS, 25 mM HEPES and 0.1% BSA) were seeded into each well of 384-well microtiter plates. Then, 50 nL of test compound in DMSO or DMSO alone was added to the appropriate wells and plates were incubated at room temperature for 30 minutes at room temperature. Next, 1 uL of the MC4R agonist, Melanotan II in assay buffer (EC80 challenge; 20nM Melanotan II, in HBSS, 25 mM HEPES, 550 uM Ro 20-1724 and 0.1% BSA), or assay buffer alone was dispensed to the appropriate wells. After incubation for 1 hour at room temperature, 5 uL of Eu-cAMP (prepared in lysis buffer according to the manufacturer's protocol) followed by 5 uL of labeled-anti-cAMP (prepared in lysis buffer according to the manufacturer's protocol) were added to each well. Incubation was continued at room temperature for 1 hour before measurement of well FRET. After excitation at 340 nm, well fluorescence was monitored at 665 nm and 615nm using an Envision microplate reader (Perkin Elmer). For each well, fluorescence was calculated to normalize assay data, according to the following mathematical expression:\n\nList of Reagents:\n\ncAMP PerkinElmer LANCE Ultra cAMP kit (Perkin Elmer, part TRF0264)\nU2OS MC4R cell line (DiscoveRx, part 93-0211C3)\nHBSS (Invitrogen, part 14025)\nBSA (EMD, part 126609)\nMelanotan II (control agonist, Anaspec, part 61188)\nMCL0020 (control antagonist, Tocris, part 3438).\nHam's F-12 media (Invitrogen, part 11765)\nDMEM media (Invitrogen, part 11995)\nDetachin (Genlantis, part T100100)\nHeat Inactivated Fetal Bovine Serum (Invitrogen, part 10082)\nPuromycin (Invitrogen, part A11138)\nHygromycin B (Invitrogen, part 10687)\nGeneticin (Invitrogen, part 10131)\n100X Penicillin-Streptomycin-Neomycin mix (Invitrogen, part 15640)\nRo 20-1724 (Sigma, part B8279)\nT-175 tissue culture flasks (Nunc, part 159910)\n384-well plates (Corning, part 3750)","schemaURI":"http://www.bioassayontology.org/bas#","annotations":[{"propURI":"http://www.bioassayontology.org/bao#BAO_0002800","propLabel":"assay cell line","propAbbrev":"bao:BAO_0002800","valueURI":"http://purl.obolibrary.org/obo/CLO_0009454","valueLabel":"U-2 OS cell","valueAbbrev":"obo:CLO_0009454","valueDescr":"Human osteosarcoma cell line.","groupNest":[],"groupLabel":[],"altLabels":["U2OS","U-2 OS"],"valueHier":["http://purl.obolibrary.org/obo/CLO_0000019","http://purl.obolibrary.org/obo/CLO_0000001"],"labelHier":["immortal cell line cell","cell line cell"]},{"propURI":"http://www.bioassayontology.org/bao#BAO_0002854","propLabel":"bioassay type","propAbbrev":"bao:BAO_0002854","valueURI":"http://www.bioassayontology.org/bao#BAO_0000010","valueLabel":"functional","valueAbbrev":"bao:BAO_0000010","valueDescr":"An assay where the measured signal corresponds to a complex response such as cell survival, proliferation, localization of a protein, nuclear translocation etc. The molecular target is not assumed.","groupNest":[],"groupLabel":[],"valueHier":["http://www.bioassayontology.org/bao#BAO_0000008"],"labelHier":["bioassay type"]},{"propURI":"http://www.bioassayontology.org/bao#BAO_0002855","propLabel":"bioassay","propAbbrev":"bao:BAO_0002855","valueURI":"http://www.bioassayontology.org/bao#BAO_0002989","valueLabel":"binding assay","valueAbbrev":"bao:BAO_0002989","valueDescr":"It is performed to quantify the interactions between two molecules, e.g. small molecule-protein, protein-protein, protein-DNA, etc.","groupNest":[],"groupLabel":[],"valueHier":["http://www.bioassayontology.org/bao#BAO_0000015"],"labelHier":["bioassay"]},{"propURI":"http://www.bioassayontology.org/bao#BAO_0002009","propLabel":"biological process","propAbbrev":"bao:BAO_0002009","valueURI":"http://purl.obolibrary.org/obo/GO_0007186","valueLabel":"G-protein coupled receptor signaling pathway","valueAbbrev":"obo:GO_0007186","valueDescr":"A series of molecular signals that proceeds with an activated receptor promoting the exchange of GDP for GTP on the alpha-subunit of an associated heterotrimeric G-protein complex. The GTP-bound activated alpha-G-protein then dissociates from the beta- and gamma-subunits to further transmit the signal within the cell. The pathway begins with receptor-ligand interaction, or for basal GPCR signaling the pathway begins with the receptor activating its G protein in the absence of an agonist, and ends with regulation of a downstream cellular process, e.g. transcription.  The pathway can start from the plasma membrane, Golgi or nuclear membrane (PMID:24568158 and PMID:16902576).","groupNest":[],"groupLabel":[],"valueHier":["http://purl.obolibrary.org/obo/GO_0008150","http://www.bioassayontology.org/bao#BAO_0003114"],"labelHier":["biological process","assay biology component"]},{"propURI":"http://www.bioassayontology.org/bao#BAO_0002009","propLabel":"biological process","propAbbrev":"bao:BAO_0002009","valueURI":"http://purl.obolibrary.org/obo/GO_0004977","valueLabel":"melanocortin receptor activity","valueAbbrev":"obo:GO_0004977","valueDescr":"Combining with melanocortin to initiate a change in cell activity.","groupNest":[],"groupLabel":[],"valueHier":["http://purl.obolibrary.org/obo/GO_0008528","http://purl.obolibrary.org/obo/GO_0004930","http://purl.obolibrary.org/obo/GO_0004888","http://purl.obolibrary.org/obo/GO_0038023","http://purl.obolibrary.org/obo/GO_0004872","http://purl.obolibrary.org/obo/GO_0003674","http://www.bioassayontology.org/bao#BAO_0003117","http://www.bioassayontology.org/bao#BAO_0003114"],"labelHier":["G-protein coupled peptide receptor activity","G-protein coupled receptor activity","transmembrane signaling receptor activity","signaling receptor activity","receptor activity","molecular function","function","assay biology component"]},{"propURI":"http://www.bioassayontology.org/bao#BAO_0002921","propLabel":"organism","propAbbrev":"bao:BAO_0002921","valueURI":"http://purl.obolibrary.org/obo/NCBITaxon_9606","valueLabel":"Homo sapiens","valueAbbrev":"obo:NCBITaxon_9606","valueDescr":"","groupNest":[],"groupLabel":[],"altLabels":["Homo spiens","Homo sapience","Homo sapien","human","Homo spaiens","Homo sapians","man","Humo sapiens","Home sapiens","Homo sapiense","Homo sampiens","Homo sapeins","Homo sapines","Homo sapian","Homo sapients"],"valueHier":["http://www.bioassayontology.org/bao#BAO_0000362","http://www.bioassayontology.org/bao#BAO_0000510","http://www.bioassayontology.org/bao#BAO_0000659","http://www.bioassayontology.org/bao#BAO_0000509","http://www.bioassayontology.org/bao#BAO_0000658","http://www.bioassayontology.org/bao#BAO_0000551"],"labelHier":["mammalian","vertebrate","metazoa","eukaryote","cellular organisms","organism"]},{"propURI":"http://www.bioassayontology.org/bao#BAO_0000211","propLabel":"target","propAbbrev":"bao:BAO_0000211","valueURI":"http://www.drugtargetontology.org/dto/DTO_02100253","valueLabel":"Melanocortin receptor 4","valueAbbrev":"dto:DTO_02100253","valueDescr":"","groupNest":[],"groupLabel":[],"valueHier":["http://www.drugtargetontology.org/dto/DTO_02300021","http://www.drugtargetontology.org/dto/DTO_02300002","http://www.drugtargetontology.org/dto/DTO_02300001","http://www.drugtargetontology.org/dto/DTO_00100000"],"labelHier":["Melanocortin receptor","Class A rhodopsin like","GPCR","Protein"]},{"propURI":"http://www.bioassayontology.org/bao#BAO_0095009","propLabel":"assay design method","propAbbrev":"bao:BAO_0095009","valueURI":"http://www.bioassayontology.org/bao#BAO_0000123","valueLabel":"binding assessment method","valueAbbrev":"bao:BAO_0000123","valueDescr":"Binding reporter technology is used to quantitate the interactions between two molecules, e.g. perturbagen-protein, protein-protein, protein-DNA, etc.\nThe technologies used are radioligand binding, resonance energy transfer, fluorescence polarization, protein fragment complementation assay, and several label-free methods, including surface plasmon resonance, impedance, nuclear magnetic resonance, X-ray diffraction, isothermal titration calorimetry, mass spectrometry, etc.\n","groupNest":[],"groupLabel":[],"valueHier":["http://www.bioassayontology.org/bao#BAO_0002202"],"labelHier":["assay design method"]},{"propURI":"http://www.bioassayontology.org/bao#BAO_0095009","propLabel":"assay design method","propAbbrev":"bao:BAO_0095009","valueURI":"http://www.bioassayontology.org/bao#BAO_0002755","valueLabel":"fluorescent ligand binding method","valueAbbrev":"bao:BAO_0002755","valueDescr":"","groupNest":[],"groupLabel":[],"valueHier":["http://www.bioassayontology.org/bao#BAO_0000123","http://www.bioassayontology.org/bao#BAO_0002202"],"labelHier":["binding assessment method","assay design method"]},{"propURI":"http://www.bioassayontology.org/bao#BAO_0002663","propLabel":"assay kit","propAbbrev":"bao:BAO_0002663","valueURI":"http://www.bioassayontology.org/bao#BAO_0000953","valueLabel":"LANCE cAMP Detection Kit","valueAbbrev":"bao:BAO_0000953","valueDescr":"","groupNest":[],"groupLabel":[],"valueHier":["http://www.bioassayontology.org/bao#BAO_0000248"],"labelHier":["assay kit"]},{"propURI":"http://www.bioassayontology.org/bao#BAO_0000207","propLabel":"physical detection method","propAbbrev":"bao:BAO_0000207","valueURI":"http://www.bioassayontology.org/bao#BAO_0000004","valueLabel":"time resolved fluorescence resonance energy transfer","valueAbbrev":"bao:BAO_0000004","valueDescr":"Time resolved-fluorescence resonance energy transfer (TR-FRET) unites TRF (Time-Resolved Fluorescence) and FRET (Fluorescence Resonance Energy Transfer) principles. This combination brings together the low background benefits of TRF with the homogeneous assay format of FRET. Introducing a time delay (50-150 micro seconds) between the system excitation and fluorescence measurement allows the signal to be cleared of all non-specific short lived emissions. TR-FRET uses lanthanide donors which are fluorophores with long emission half-lives.\n    \n","groupNest":[],"groupLabel":[],"altLabels":["TR-FRET"],"valueHier":["http://www.bioassayontology.org/bao#BAO_0000001","http://www.bioassayontology.org/bao#BAO_0000046","http://www.bioassayontology.org/bao#BAO_0000035"],"labelHier":["fluorescence resonance energy transfer","fluorescence method","physical detection method"]},{"propURI":"http://www.bioassayontology.org/bao#BAO_0002865","propLabel":"detection instrument","propAbbrev":"bao:BAO_0002865","valueURI":"http://www.bioassayontology.org/bao#BAO_0000701","valueLabel":"EnVision Multilabel Reader","valueAbbrev":"bao:BAO_0000701","valueDescr":"","groupNest":[],"groupLabel":[],"valueHier":["http://www.bioassayontology.org/bao#BAO_0000697"],"labelHier":["detection instrument"]},{"propURI":"http://www.bioassayontology.org/bao#BAO_0000185","propLabel":"perturbagen type","propAbbrev":"bao:BAO_0000185","valueURI":"http://www.bioassayontology.org/bao#BAO_0000733","valueLabel":"MLSMR library","valueAbbrev":"bao:BAO_0000733","valueDescr":"","groupNest":[],"groupLabel":[],"valueHier":["http://www.bioassayontology.org/bao#BAO_0000648","http://www.bioassayontology.org/bao#BAO_0000661","http://www.bioassayontology.org/bao#BAO_0003120"],"labelHier":["compound library","perturbagen library","assay screened entity component"]},{"propURI":"http://www.bioassayontology.org/bao#BAO_0095009","propLabel":"assay design method","propAbbrev":"bao:BAO_0095009","valueURI":"http://www.bioassayontology.org/bao#BAO_0000129","valueLabel":"immunoassay","valueAbbrev":"bao:BAO_0000129","valueDescr":"It measures the concentration of a substance in a solution based on the specific binding of an antibody to that substance, which produces a measurable signal. The signal measured depends on the label that is associated with this interaction, namely radioactive element (in radioimmunoassays), fluorescent, phosphorescent and chemiluminescent dyes, etc.","groupNest":[],"groupLabel":[],"valueHier":["http://www.bioassayontology.org/bao#BAO_0000123","http://www.bioassayontology.org/bao#BAO_0002202"],"labelHier":["binding assessment method","assay design method"]},{"propURI":"http://www.bioassayontology.org/bao#BAO_0000196","propLabel":"assay mode of action","propAbbrev":"bao:BAO_0000196","valueURI":"http://www.bioassayontology.org/bao#BAO_0002903","valueLabel":"antagonism","valueAbbrev":"bao:BAO_0002903","valueDescr":"","groupNest":[],"groupLabel":[],"valueHier":["http://www.bioassayontology.org/bao#BAO_0000084","http://www.bioassayontology.org/bao#BAO_0000074"],"labelHier":["ligand function mode of action","mode of action"]},{"propURI":"http://www.bioassayontology.org/bao#BAO_0002848","propLabel":"applies to disease","propAbbrev":"bao:BAO_0002848","valueURI":"http://purl.obolibrary.org/obo/DOID_3530","valueLabel":"chronic wasting disease","valueAbbrev":"obo:DOID_3530","valueDescr":"","groupNest":[],"groupLabel":[],"valueHier":["http://purl.obolibrary.org/obo/DOID_649","http://purl.obolibrary.org/obo/DOID_936","http://purl.obolibrary.org/obo/DOID_331","http://purl.obolibrary.org/obo/DOID_863","http://purl.obolibrary.org/obo/DOID_7","http://purl.obolibrary.org/obo/DOID_4"],"labelHier":["prion disease","brain disease","central nervous system disease","nervous system disease","disease of anatomical entity","Disease"]},{"propURI":"http://www.bioassayontology.org/bao#BAO_0002848","propLabel":"applies to disease","propAbbrev":"bao:BAO_0002848","valueURI":"http://purl.obolibrary.org/obo/DOID_0014667","valueLabel":"disease of metabolism","valueAbbrev":"obo:DOID_0014667","valueDescr":"\nA disease that involving errors in metabolic processes of building or degradation of molecules.\n","groupNest":[],"groupLabel":[],"valueHier":["http://purl.obolibrary.org/obo/DOID_4"],"labelHier":["Disease"]},{"propURI":"http://www.bioassayontology.org/bao#BAO_0000205","propLabel":"assay format","propAbbrev":"bao:BAO_0000205","valueURI":"http://www.bioassayontology.org/bao#BAO_0000219","valueLabel":"cell based format","valueAbbrev":"bao:BAO_0000219","valueDescr":"Involves the use of living cells of eukaryotic origin, derived from a multicellular organism, and is a heterogeneous assay type. Typically, this refers to permanent (immortal) cell lines, or primary cells, or some form of stem cells. This is distinct from a single-celled organism-based format (classically bacteria or yeast).","groupNest":[],"groupLabel":[],"valueHier":["http://www.bioassayontology.org/bao#BAO_0000019"],"labelHier":["assay format"]},{"propURI":"http://www.bioassayontology.org/bao#BAO_0000210","propLabel":"screening campaign stage","propAbbrev":"bao:BAO_0000210","valueURI":"http://www.bioassayontology.org/bao#BAO_0000030","valueLabel":"confirmatory assay","valueAbbrev":"bao:BAO_0000030","valueDescr":"Assay performed to confirm activity of compounds identified in the primary screen.  It can be performed as replicate measurements at a single screening concentration or as concentration-response assay.","groupNest":[],"groupLabel":[],"valueHier":["http://www.bioassayontology.org/bao#BAO_0000029"],"labelHier":["assay screening campaign stage"]},{"propURI":"http://www.bioassayontology.org/bao#BAO_0000208","propLabel":"result","propAbbrev":"bao:BAO_0000208","valueURI":"http://www.bioassayontology.org/bao#BAO_0000190","valueLabel":"IC50","valueAbbrev":"bao:BAO_0000190","valueDescr":"The effective concentration of an inhibitor, which produces 50% of the maximum possible response for that inhibitor.","groupNest":[],"groupLabel":[],"valueHier":["http://www.bioassayontology.org/bao#BAO_0002162","http://www.bioassayontology.org/bao#BAO_0000180","http://www.bioassayontology.org/bao#BAO_0000179"],"labelHier":["concentration response endpoint","concentration endpoint","endpoint"]},{"propURI":"http://www.bioassayontology.org/bao#BAO_0002874","propLabel":"units","propAbbrev":"bao:BAO_0002874","valueURI":"http://purl.obolibrary.org/obo/UO_0000064","valueLabel":"micromolar","valueAbbrev":"obo:UO_0000064","valueDescr":"A unit of molarity which is equal to one millionth of a molar or 10^[-6] M.","groupNest":["http://www.bioassayontology.org/bao#BAX_0000017"],"groupLabel":["measurement"],"valueHier":["http://purl.obolibrary.org/obo/UO_0000061","http://purl.obolibrary.org/obo/UO_0000051","http://purl.obolibrary.org/obo/UO_0000000"],"labelHier":["unit of molarity","concentration unit","unit"]},{"propURI":"http://www.bioassayontology.org/bao#BAO_0002867","propLabel":"assay footprint","propAbbrev":"bao:BAO_0002867","valueURI":"http://www.bioassayontology.org/bao#BAO_0000515","valueLabel":"384 well plate","valueAbbrev":"bao:BAO_0000515","valueDescr":"This microplate contains 384 wells. It is suitable for a HTS assay.","groupNest":[],"groupLabel":[],"valueHier":["http://www.bioassayontology.org/bao#BAO_0000508","http://www.bioassayontology.org/bao#BAO_0000512"],"labelHier":["microplate","assay footprint"]},{"propURI":"http://www.bioassayontology.org/bao#BAX_0000012","propLabel":"protein identity","propAbbrev":"bao:BAX_0000012","valueURI":"http://www.bioassayontology.org/protein#119508433","valueLabel":"melanocortin receptor 4 [Homo sapiens]","valueAbbrev":"protein:119508433","valueDescr":"Protein: melanocortin receptor 4 [Homo sapiens], Organism: Homo sapiens","groupNest":[],"groupLabel":[],"externalURLs":["https://www.ncbi.nlm.nih.gov/protein/119508433"],"valueHier":["http://www.bioassayontology.org/taxon#9606","http://www.bioassayontology.org/taxon#9605","http://www.bioassayontology.org/taxon#314295","http://www.bioassayontology.org/taxon#9526","http://www.bioassayontology.org/taxon#9443","http://www.bioassayontology.org/taxon#314146","http://www.bioassayontology.org/taxon#40674","http://www.bioassayontology.org/taxon#32524","http://www.bioassayontology.org/taxon#8287","http://www.bioassayontology.org/taxon#117570","http://www.bioassayontology.org/taxon#7711","http://www.bioassayontology.org/taxon#33511","http://www.bioassayontology.org/taxon#33213","http://www.bioassayontology.org/taxon#33208","http://www.bioassayontology.org/taxon#33154","http://www.bioassayontology.org/taxon#2759","http://www.bioassayontology.org/taxon#131567","http://www.bioassayontology.org/taxon#Root"],"labelHier":["Homo sapiens","Homo","Hominoidea / Hominidae / Homininae","Catarrhini","Primates / Haplorrhini / Simiiformes","Euarchontoglires","Mammalia / Theria / Eutheria / Boreoeutheria","Amniota","Sarcopterygii / Dipnotetrapodomorpha / Tetrapoda","Teleostomi / Euteleostomi","Chordata / Craniata / Vertebrata / Gnathostomata","Deuterostomia","Bilateria","Metazoa / Eumetazoa","Opisthokonta","Eukaryota","cellular organisms","Faux ProteinID"]},{"propURI":"http://www.bioassayontology.org/bao#BAO_0002852","propLabel":"assay sources","propAbbrev":"bao:BAO_0002852","valueURI":"http://www.bioassayexpress.org/sources#SRC_0000026","valueLabel":"Molecular Screening Center (The Scripps Research Institute)","valueAbbrev":"src:SRC_0000026","valueDescr":"The Scripps Research Institute Molecular Screening Center.","groupNest":[],"groupLabel":[],"externalURLs":["http://mlpcn.florida.scripps.edu"],"valueHier":["http://www.bioassayexpress.org/sources#pubchem_sources","http://www.bioassayontology.org/bao#BAO_0002934"],"labelHier":["PubChem Sources","organization"]},{"propURI":"http://www.bioassayontology.org/bao#BAO_0002867","propLabel":"assay footprint","propAbbrev":"bao:BAO_0002867","valueURI":"http://www.bioassayontology.org/bao#BAO_0002517","valueLabel":"T-175","valueAbbrev":"bao:BAO_0002517","valueDescr":"","groupNest":[],"groupLabel":[],"valueHier":["http://www.bioassayontology.org/bao#BAO_0002192","http://www.bioassayontology.org/bao#BAO_0000512"],"labelHier":["tissue culture flask","assay footprint"]},{"propURI":"http://www.bioassayontology.org/bao#BAO_0000211","propLabel":"target","propAbbrev":"bao:BAO_0000211","valueURI":"http://purl.obolibrary.org/obo/PR_P32245","valueLabel":"melanocortin receptor 4 (human)","valueAbbrev":"obo:PR_P32245","valueDescr":"A melanocortin receptor 4 that is encoded in the genome of human.","groupNest":[],"groupLabel":[],"altLabels":["MC4-R (human)","hMC4R"],"valueHier":["http://purl.obolibrary.org/obo/PR_000001237","http://purl.obolibrary.org/obo/PR_000001146","http://purl.obolibrary.org/obo/PR_000001094","http://purl.obolibrary.org/obo/PR_000030035","http://purl.obolibrary.org/obo/PR_000000001"],"labelHier":["melanocortin receptor 4","melanocortin receptor","rhodopsin-like G-protein coupled receptor","G-protein coupled receptor","protein"]},{"propURI":"http://www.bioassayontology.org/bao#BAO_0000539","valueLabel":"pubchemAID:540295","propAbbrev":"bao:BAO_0000539","groupNest":[],"propLabel":"related assays","groupLabel":[]},{"propURI":"http://www.bioassayontology.org/bao#BAO_0000539","valueLabel":"pubchemAID:540307","propAbbrev":"bao:BAO_0000539","groupNest":[],"propLabel":"related assays","groupLabel":[]},{"propURI":"http://www.bioassayontology.org/bao#BAO_0000539","valueLabel":"pubchemAID:540319","propAbbrev":"bao:BAO_0000539","groupNest":[],"propLabel":"related assays","groupLabel":[]},{"propURI":"http://www.bioassayontology.org/bao#BAO_0000539","valueLabel":"pubchemAID:602195","propAbbrev":"bao:BAO_0000539","groupNest":[],"propLabel":"related assays","groupLabel":[]},{"propURI":"http://www.bioassayontology.org/bao#BAO_0000539","valueLabel":"pubchemAID:602298","propAbbrev":"bao:BAO_0000539","groupNest":[],"propLabel":"related assays","groupLabel":[]},{"propURI":"http://www.bioassayontology.org/bao#BAO_0000539","valueLabel":"pubchemAID:602193","propAbbrev":"bao:BAO_0000539","groupNest":[],"propLabel":"related assays","groupLabel":[]},{"propURI":"http://www.bioassayontology.org/bao#BAO_0000539","valueLabel":"pubchemAID:602305","propAbbrev":"bao:BAO_0000539","groupNest":[],"propLabel":"related assays","groupLabel":[]},{"propURI":"http://www.bioassayontology.org/bao#BAO_0000539","valueLabel":"pubchemAID:540308","propAbbrev":"bao:BAO_0000539","groupNest":[],"propLabel":"related assays","groupLabel":[]},{"propURI":"http://www.bioassayontology.org/bao#BAO_0000539","valueLabel":"pubchemAID:602192","propAbbrev":"bao:BAO_0000539","groupNest":[],"propLabel":"related assays","groupLabel":[]},{"propURI":"http://www.bioassayontology.org/bao#BAO_0000539","valueLabel":"pubchemAID:602263","propAbbrev":"bao:BAO_0000539","groupNest":[],"propLabel":"related assays","groupLabel":[]},{"propURI":"http://www.bioassayontology.org/bao#BAO_0000539","valueLabel":"pubchemAID:602194","propAbbrev":"bao:BAO_0000539","groupNest":[],"propLabel":"related assays","groupLabel":[]},{"propURI":"http://www.bioassayontology.org/bao#BAO_0000539","valueLabel":"pubchemAID:602264","propAbbrev":"bao:BAO_0000539","groupNest":[],"propLabel":"related assays","groupLabel":[]},{"propURI":"http://www.bioassayontology.org/bao#BAO_0002853","valueLabel":"Late-stage FRET-based cell-based primary screening assay to identify biased ligands of the melanocortin 4 receptor (MC4R): antagonists of MC4R","propAbbrev":"bao:BAO_0002853","groupNest":[],"propLabel":"assay title","groupLabel":[]}],"pubchemXRef":[{"type":"aid","id":"540295","comment":"HTS primary screen (MC4R antagonists in singlicate)"},{"type":"aid","id":"540307","comment":"Summary (MC4R antagonists)"},{"type":"aid","id":"540319","comment":"Summary (MC4R agonists)"},{"type":"aid","id":"602195","comment":"Confirmation screen (MC4R antagonists in triplicate)"},{"type":"aid","id":"602298","comment":"Dose response assay (MC4R antagonists in triplicate)"},{"type":"aid","id":"602193","comment":"Counterscreen (nonselective inhibitors of cAMP signaling in triplicate)"},{"type":"aid","id":"602305","comment":"Dose response counterscreen (cAMP signaling nonselective inhibitors in triplicate)"},{"type":"aid","id":"540308","comment":"Primary screen (MC4R agonists in singlicate)"},{"type":"aid","id":"602192","comment":"Confirmation screen (MC4R agonists in triplicate)"},{"type":"aid","id":"602263","comment":"Dose response (MC4R agonists)"},{"type":"aid","id":"602194","comment":"Counterscreen (OPRM1-OPRD1 heterodimerization agonists in triplicate)"},{"type":"aid","id":"602264","comment":"Dose response counterscreen (OPRM1-OPRD1 heterodimerization agonists in triplicate)"},{"type":"dburl","id":"http://mlpcn.florida.scripps.edu/","comment":""},{"type":"mim","id":"155541","comment":""},{"type":"pmid","id":"17959251","comment":"Reference 1"},{"type":"pmid","id":"18382464","comment":"Reference 2"},{"type":"pmid","id":"18370232","comment":"Reference 3"},{"type":"pmid","id":"17629964","comment":"Reference 4"},{"type":"pmid","id":"17041250","comment":"Reference 5"},{"type":"pmid","id":"19648111","comment":"Reference 6"}],"curationTime":1584620544254,"curatorID":"google:108375455890260223170","curatorName":"","curatorEmail":"aclark.xyz@gmail.com","history":[{"curationTime":1492468127789,"curatorID":"admin","annotsAdded":[{"propURI":"http://www.bioassayontology.org/bao#BAO_0002854","propLabel":"bioassay type","propAbbrev":"bao:BAO_0002854","valueURI":"http://www.bioassayontology.org/bao#BAO_0000010","valueLabel":"functional","valueAbbrev":"bao:BAO_0000010","valueDescr":"An assay where the measured signal corresponds to a complex response such as cell survival, proliferation, localization of a protein, nuclear translocation etc. The molecular target is not assumed.","valueHier":["http://www.bioassayontology.org/bao#BAO_0000008"],"labelHier":["bioassay type"]}],"annotsRemoved":[{"propURI":"http://www.bioassayontology.org/bao#BAX_0000002","propLabel":"has bioassay type","propAbbrev":"bao:BAX_0000002","valueURI":"http://www.bioassayontology.org/bao#BAO_0000010","valueLabel":"functional","valueAbbrev":"bao:BAO_0000010","valueDescr":"An assay where the measured signal corresponds to a complex response such as cell survival, proliferation, localization of a protein, nuclear translocation etc. The molecular target is not assumed.","valueHier":[],"labelHier":[],"outOfSchema":true}],"labelsAdded":[{"propURI":"http://www.bioassayontology.org/bao#BAO_0002854","valueLabel":"functional","propAbbrev":"bao:BAO_0002854","propLabel":"bioassay type"}],"labelsRemoved":[{"propURI":"http://www.bioassayontology.org/bao#BAX_0000002","valueLabel":"functional","propAbbrev":"bao:BAX_0000002","propLabel":"has bioassay type"}]},{"curationTime":1492468127789,"curatorID":"admin","annotsAdded":[{"propURI":"http://www.bioassayontology.org/bao#BAO_0002009","propLabel":"biological process","propAbbrev":"bao:BAO_0002009","valueURI":"http://purl.obolibrary.org/obo/GO_0007186","valueLabel":"G-protein coupled receptor signaling pathway","valueAbbrev":"obo:GO_0007186","valueDescr":"A series of molecular signals that proceeds with an activated receptor promoting the exchange of GDP for GTP on the alpha-subunit of an associated heterotrimeric G-protein complex. The GTP-bound activated alpha-G-protein then dissociates from the beta- and gamma-subunits to further transmit the signal within the cell. The pathway begins with receptor-ligand interaction, or for basal GPCR signaling the pathway begins with the receptor activating its G protein in the absence of an agonist, and ends with regulation of a downstream cellular process, e.g. transcription.  The pathway can start from the plasma membrane, Golgi or nuclear membrane (PMID:24568158 and PMID:16902576).","valueHier":["http://purl.obolibrary.org/obo/GO_0008150","http://www.bioassayontology.org/bao#BAO_0003114"],"labelHier":["biological process","assay biology component"]},{"propURI":"http://www.bioassayontology.org/bao#BAO_0002009","propLabel":"biological process","propAbbrev":"bao:BAO_0002009","valueURI":"http://purl.obolibrary.org/obo/GO_0004977","valueLabel":"melanocortin receptor activity","valueAbbrev":"obo:GO_0004977","valueDescr":"Combining with melanocortin to initiate a change in cell activity.","valueHier":["http://purl.obolibrary.org/obo/GO_0008528","http://purl.obolibrary.org/obo/GO_0004930","http://purl.obolibrary.org/obo/GO_0004888","http://purl.obolibrary.org/obo/GO_0038023","http://purl.obolibrary.org/obo/GO_0004872","http://purl.obolibrary.org/obo/GO_0003674","http://www.bioassayontology.org/bao#BAO_0003117","http://www.bioassayontology.org/bao#BAO_0003114"],"labelHier":["G-protein coupled peptide receptor activity","G-protein coupled receptor activity","transmembrane signaling receptor activity","signaling receptor activity","receptor activity","molecular function","function","assay biology component"]}],"annotsRemoved":[{"propURI":"http://www.bioassayontology.org/bao#BAX_0000004","propAbbrev":"bao:BAX_0000004","valueURI":"http://purl.obolibrary.org/obo/GO_0007186","valueLabel":"G-protein coupled receptor signaling pathway","valueAbbrev":"obo:GO_0007186","valueDescr":"A series of molecular signals that proceeds with an activated receptor promoting the exchange of GDP for GTP on the alpha-subunit of an associated heterotrimeric G-protein complex. The GTP-bound activated alpha-G-protein then dissociates from the beta- and gamma-subunits to further transmit the signal within the cell. The pathway begins with receptor-ligand interaction, or for basal GPCR signaling the pathway begins with the receptor activating its G protein in the absence of an agonist, and ends with regulation of a downstream cellular process, e.g. transcription.  The pathway can start from the plasma membrane, Golgi or nuclear membrane (PMID:24568158 and PMID:16902576).","valueHier":[],"labelHier":[],"outOfSchema":true},{"propURI":"http://www.bioassayontology.org/bao#BAX_0000004","propAbbrev":"bao:BAX_0000004","valueURI":"http://purl.obolibrary.org/obo/GO_0004977","valueLabel":"melanocortin receptor activity","valueAbbrev":"obo:GO_0004977","valueDescr":"Combining with melanocortin to initiate a change in cell activity.","valueHier":[],"labelHier":[],"outOfSchema":true}],"labelsAdded":[{"propURI":"http://www.bioassayontology.org/bao#BAO_0002009","valueLabel":"G-protein coupled receptor signaling pathway","propAbbrev":"bao:BAO_0002009","propLabel":"biological process"},{"propURI":"http://www.bioassayontology.org/bao#BAO_0002009","valueLabel":"melanocortin receptor activity","propAbbrev":"bao:BAO_0002009","propLabel":"biological process"}],"labelsRemoved":[{"propURI":"http://www.bioassayontology.org/bao#BAX_0000004","valueLabel":"G-protein coupled receptor signaling pathway","propAbbrev":"bao:BAX_0000004"},{"propURI":"http://www.bioassayontology.org/bao#BAX_0000004","valueLabel":"melanocortin receptor activity","propAbbrev":"bao:BAX_0000004"}]},{"curationTime":1492468127789,"curatorID":"admin","annotsAdded":[{"propURI":"http://www.bioassayontology.org/bao#BAO_0002848","propLabel":"applies to disease","propAbbrev":"bao:BAO_0002848","valueURI":"http://purl.obolibrary.org/obo/DOID_0014667","valueLabel":"disease of metabolism","valueAbbrev":"obo:DOID_0014667","valueDescr":"\nA disease that involving errors in metabolic processes of building or degradation of molecules.\n","valueHier":["http://purl.obolibrary.org/obo/DOID_4"],"labelHier":["Disease"]},{"propURI":"http://www.bioassayontology.org/bao#BAO_0002848","propLabel":"applies to disease","propAbbrev":"bao:BAO_0002848","valueURI":"http://purl.obolibrary.org/obo/DOID_3530","valueLabel":"chronic wasting disease","valueAbbrev":"obo:DOID_3530","valueDescr":"","valueHier":["http://purl.obolibrary.org/obo/DOID_649","http://purl.obolibrary.org/obo/DOID_936","http://purl.obolibrary.org/obo/DOID_331","http://purl.obolibrary.org/obo/DOID_863","http://purl.obolibrary.org/obo/DOID_7","http://purl.obolibrary.org/obo/DOID_4"],"labelHier":["prion disease","brain disease","central nervous system disease","nervous system disease","disease of anatomical entity","Disease"]}],"annotsRemoved":[{"propURI":"http://www.bioassayontology.org/bao#BAX_0000010","propAbbrev":"bao:BAX_0000010","valueURI":"http://purl.obolibrary.org/obo/DOID_3530","valueLabel":"chronic wasting disease","valueAbbrev":"obo:DOID_3530","valueDescr":"","valueHier":[],"labelHier":[],"outOfSchema":true},{"propURI":"http://www.bioassayontology.org/bao#BAX_0000010","propAbbrev":"bao:BAX_0000010","valueURI":"http://purl.obolibrary.org/obo/DOID_0014667","valueLabel":"disease of metabolism","valueAbbrev":"obo:DOID_0014667","valueDescr":"\nA disease that involving errors in metabolic processes of building or degradation of molecules.\n","valueHier":[],"labelHier":[],"outOfSchema":true}],"labelsAdded":[{"propURI":"http://www.bioassayontology.org/bao#BAO_0002848","valueLabel":"disease of metabolism","propAbbrev":"bao:BAO_0002848","propLabel":"applies to disease"},{"propURI":"http://www.bioassayontology.org/bao#BAO_0002848","valueLabel":"chronic wasting disease","propAbbrev":"bao:BAO_0002848","propLabel":"applies to disease"}],"labelsRemoved":[{"propURI":"http://www.bioassayontology.org/bao#BAX_0000010","valueLabel":"chronic wasting disease","propAbbrev":"bao:BAX_0000010"},{"propURI":"http://www.bioassayontology.org/bao#BAX_0000010","valueLabel":"disease of metabolism","propAbbrev":"bao:BAX_0000010"}]},{"curationTime":1492468127789,"curatorID":"admin","annotsAdded":[{"propURI":"http://www.bioassayontology.org/bao#BAO_0000208","propLabel":"result","propAbbrev":"bao:BAO_0000208","valueURI":"http://www.bioassayontology.org/bao#BAO_0000190","valueLabel":"IC50","valueAbbrev":"bao:BAO_0000190","valueDescr":"The effective concentration of an inhibitor, which produces 50% of the maximum possible response for that inhibitor.","valueHier":["http://www.bioassayontology.org/bao#BAO_0002162","http://www.bioassayontology.org/bao#BAO_0000180","http://www.bioassayontology.org/bao#BAO_0000179"],"labelHier":["concentration response endpoint","concentration endpoint","endpoint"]}],"annotsRemoved":[{"propURI":"http://www.bioassayontology.org/bao#BAX_0000006","propAbbrev":"bao:BAX_0000006","valueURI":"http://www.bioassayontology.org/bao#BAO_0000190","valueLabel":"IC50","valueAbbrev":"bao:BAO_0000190","valueDescr":"The effective concentration of an inhibitor, which produces 50% of the maximum possible response for that inhibitor.","valueHier":[],"labelHier":[],"outOfSchema":true}],"labelsAdded":[{"propURI":"http://www.bioassayontology.org/bao#BAO_0000208","valueLabel":"IC50","propAbbrev":"bao:BAO_0000208","propLabel":"result"}],"labelsRemoved":[{"propURI":"http://www.bioassayontology.org/bao#BAX_0000006","valueLabel":"IC50","propAbbrev":"bao:BAX_0000006"}]},{"curationTime":1492468127789,"curatorID":"admin","annotsAdded":[{"propURI":"http://www.bioassayontology.org/bao#BAO_0002874","propLabel":"units","propAbbrev":"bao:BAO_0002874","valueURI":"http://purl.org/obo/owl/UO#UO_0000064","valueLabel":"micromolar","valueAbbrev":"uo:UO_0000064","valueDescr":"","valueHier":[],"labelHier":[],"outOfSchema":true}],"annotsRemoved":[{"propURI":"http://www.bioassayontology.org/bao#BAX_0000007","propAbbrev":"bao:BAX_0000007","valueURI":"http://purl.org/obo/owl/UO#UO_0000064","valueLabel":"micromolar","valueAbbrev":"uo:UO_0000064","valueDescr":"","valueHier":[],"labelHier":[],"outOfSchema":true}],"labelsAdded":[{"propURI":"http://www.bioassayontology.org/bao#BAO_0002874","valueLabel":"micromolar","propAbbrev":"bao:BAO_0002874","propLabel":"units"}],"labelsRemoved":[{"propURI":"http://www.bioassayontology.org/bao#BAX_0000007","valueLabel":"micromolar","propAbbrev":"bao:BAX_0000007"}]},{"curationTime":1492468127789,"curatorID":"admin","annotsAdded":[{"propURI":"http://www.bioassayontology.org/bao#BAO_0095009","propLabel":"assay design method","propAbbrev":"bao:BAO_0095009","valueURI":"http://www.bioassayontology.org/bao#BAO_0002755","valueLabel":"fluorescent ligand binding method","valueAbbrev":"bao:BAO_0002755","valueDescr":"","valueHier":["http://www.bioassayontology.org/bao#BAO_0000123","http://www.bioassayontology.org/bao#BAO_0002202"],"labelHier":["binding assessment method","assay design method"]},{"propURI":"http://www.bioassayontology.org/bao#BAO_0095009","propLabel":"assay design method","propAbbrev":"bao:BAO_0095009","valueURI":"http://www.bioassayontology.org/bao#BAO_0000129","valueLabel":"immunoassay","valueAbbrev":"bao:BAO_0000129","valueDescr":"It measures the concentration of a substance in a solution based on the specific binding of an antibody to that substance, which produces a measurable signal. The signal measured depends on the label that is associated with this interaction, namely radioactive element (in radioimmunoassays), fluorescent, phosphorescent and chemiluminescent dyes, etc.","valueHier":["http://www.bioassayontology.org/bao#BAO_0000123","http://www.bioassayontology.org/bao#BAO_0002202"],"labelHier":["binding assessment method","assay design method"]},{"propURI":"http://www.bioassayontology.org/bao#BAO_0095009","propLabel":"assay design method","propAbbrev":"bao:BAO_0095009","valueURI":"http://www.bioassayontology.org/bao#BAO_0000123","valueLabel":"binding assessment method","valueAbbrev":"bao:BAO_0000123","valueDescr":"Binding reporter technology is used to quantitate the interactions between two molecules, e.g. perturbagen-protein, protein-protein, protein-DNA, etc.\nThe technologies used are radioligand binding, resonance energy transfer, fluorescence polarization, protein fragment complementation assay, and several label-free methods, including surface plasmon resonance, impedance, nuclear magnetic resonance, X-ray diffraction, isothermal titration calorimetry, mass spectrometry, etc.\n","valueHier":["http://www.bioassayontology.org/bao#BAO_0002202"],"labelHier":["assay design method"]}],"annotsRemoved":[{"propURI":"http://www.bioassayontology.org/bao#BAX_0000003","propAbbrev":"bao:BAX_0000003","valueURI":"http://www.bioassayontology.org/bao#BAO_0002755","valueLabel":"fluorescent ligand binding method","valueAbbrev":"bao:BAO_0002755","valueDescr":"","valueHier":[],"labelHier":[],"outOfSchema":true},{"propURI":"http://www.bioassayontology.org/bao#BAX_0000003","propAbbrev":"bao:BAX_0000003","valueURI":"http://www.bioassayontology.org/bao#BAO_0000129","valueLabel":"immunoassay","valueAbbrev":"bao:BAO_0000129","valueDescr":"It measures the concentration of a substance in a solution based on the specific binding of an antibody to that substance, which produces a measurable signal. The signal measured depends on the label that is associated with this interaction, namely radioactive element (in radioimmunoassays), fluorescent, phosphorescent and chemiluminescent dyes, etc.","valueHier":[],"labelHier":[],"outOfSchema":true},{"propURI":"http://www.bioassayontology.org/bao#BAX_0000003","propAbbrev":"bao:BAX_0000003","valueURI":"http://www.bioassayontology.org/bao#BAO_0000123","valueLabel":"binding assessment method","valueAbbrev":"bao:BAO_0000123","valueDescr":"Binding reporter technology is used to quantitate the interactions between two molecules, e.g. perturbagen-protein, protein-protein, protein-DNA, etc.\nThe technologies used are radioligand binding, resonance energy transfer, fluorescence polarization, protein fragment complementation assay, and several label-free methods, including surface plasmon resonance, impedance, nuclear magnetic resonance, X-ray diffraction, isothermal titration calorimetry, mass spectrometry, etc.\n","valueHier":[],"labelHier":[],"outOfSchema":true}],"labelsAdded":[{"propURI":"http://www.bioassayontology.org/bao#BAO_0095009","valueLabel":"fluorescent ligand binding method","propAbbrev":"bao:BAO_0095009","propLabel":"assay design method"},{"propURI":"http://www.bioassayontology.org/bao#BAO_0095009","valueLabel":"immunoassay","propAbbrev":"bao:BAO_0095009","propLabel":"assay design method"},{"propURI":"http://www.bioassayontology.org/bao#BAO_0095009","valueLabel":"binding assessment method","propAbbrev":"bao:BAO_0095009","propLabel":"assay design method"}],"labelsRemoved":[{"propURI":"http://www.bioassayontology.org/bao#BAX_0000003","valueLabel":"fluorescent ligand binding method","propAbbrev":"bao:BAX_0000003"},{"propURI":"http://www.bioassayontology.org/bao#BAX_0000003","valueLabel":"immunoassay","propAbbrev":"bao:BAX_0000003"},{"propURI":"http://www.bioassayontology.org/bao#BAX_0000003","valueLabel":"binding assessment method","propAbbrev":"bao:BAX_0000003"}]},{"curationTime":1492468127789,"curatorID":"admin","annotsAdded":[{"propURI":"http://www.bioassayontology.org/bao#BAO_0000211","propLabel":"target","propAbbrev":"bao:BAO_0000211","valueURI":"http://www.drugtargetontology.org/dto/DTO_02100253","valueLabel":"Melanocortin receptor 4","valueAbbrev":"dto:DTO_02100253","valueDescr":"","valueHier":["http://www.drugtargetontology.org/dto/DTO_02300021","http://www.drugtargetontology.org/dto/DTO_02300002","http://www.drugtargetontology.org/dto/DTO_02300001","http://www.drugtargetontology.org/dto/DTO_00100000"],"labelHier":["Melanocortin receptor","Class A rhodopsin like","GPCR","Protein"]}],"annotsRemoved":[{"propURI":"http://www.bioassayontology.org/bao#BAX_0000005","propAbbrev":"bao:BAX_0000005","valueURI":"http://www.drugtargetontology.org/dto/DTO_02100253","valueLabel":"Melanocortin receptor 4","valueAbbrev":"dto:DTO_02100253","valueDescr":"","valueHier":[],"labelHier":[],"outOfSchema":true}],"labelsAdded":[{"propURI":"http://www.bioassayontology.org/bao#BAO_0000211","valueLabel":"Melanocortin receptor 4","propAbbrev":"bao:BAO_0000211","propLabel":"target"}],"labelsRemoved":[{"propURI":"http://www.bioassayontology.org/bao#BAX_0000005","valueLabel":"Melanocortin receptor 4","propAbbrev":"bao:BAX_0000005"}]},{"curationTime":1492468127789,"curatorID":"admin","annotsAdded":[{"propURI":"http://www.bioassayontology.org/bao#BAO_0002855","propLabel":"bioassay","propAbbrev":"bao:BAO_0002855","valueURI":"http://www.bioassayontology.org/bao#BAO_0002989","valueLabel":"binding assay","valueAbbrev":"bao:BAO_0002989","valueDescr":"It is performed to quantify the interactions between two molecules, e.g. small molecule-protein, protein-protein, protein-DNA, etc.","valueHier":["http://www.bioassayontology.org/bao#BAO_0000015"],"labelHier":["bioassay"]}],"annotsRemoved":[{"propURI":"http://www.bioassayontology.org/bao#BAX_0000002","propLabel":"has bioassay type","propAbbrev":"bao:BAX_0000002","valueURI":"http://www.bioassayontology.org/bao#BAO_0002989","valueLabel":"binding assay","valueAbbrev":"bao:BAO_0002989","valueDescr":"It is performed to quantify the interactions between two molecules, e.g. small molecule-protein, protein-protein, protein-DNA, etc.","valueHier":[],"labelHier":[],"outOfSchema":true}],"labelsAdded":[{"propURI":"http://www.bioassayontology.org/bao#BAO_0002855","valueLabel":"binding assay","propAbbrev":"bao:BAO_0002855","propLabel":"bioassay"}],"labelsRemoved":[{"propURI":"http://www.bioassayontology.org/bao#BAX_0000002","valueLabel":"binding assay","propAbbrev":"bao:BAX_0000002","propLabel":"has bioassay type"}]},{"curationTime":1492468127789,"curatorID":"admin","annotsAdded":[{"propURI":"http://www.bioassayontology.org/bao#BAO_0002874","propLabel":"units","propAbbrev":"bao:BAO_0002874","valueURI":"http://purl.obolibrary.org/obo/UO_0000064","valueLabel":"micromolar","valueAbbrev":"obo:UO_0000064","valueDescr":"A unit of molarity which is equal to one millionth of a molar or 10^[-6] M.","valueHier":["http://purl.obolibrary.org/obo/UO_0000061","http://purl.obolibrary.org/obo/UO_0000051","http://purl.obolibrary.org/obo/UO_0000000"],"labelHier":["unit of molarity","concentration unit","unit"]}],"annotsRemoved":[{"propURI":"http://www.bioassayontology.org/bao#BAO_0002874","propLabel":"units","propAbbrev":"bao:BAO_0002874","valueURI":"http://purl.org/obo/owl/UO#UO_0000064","valueLabel":"micromolar","valueAbbrev":"uo:UO_0000064","valueDescr":"","valueHier":[],"labelHier":[],"outOfSchema":true}],"labelsAdded":[{"propURI":"http://www.bioassayontology.org/bao#BAO_0002874","valueLabel":"micromolar","propAbbrev":"bao:BAO_0002874","propLabel":"units"}],"labelsRemoved":[{"propURI":"http://www.bioassayontology.org/bao#BAO_0002874","valueLabel":"micromolar","propAbbrev":"bao:BAO_0002874","propLabel":"units"}]},{"curationTime":1520356888525,"curatorID":"google:108375455890260223170","curatorName":"","curatorEmail":"aclark.xyz@gmail.com","annotsAdded":[{"propURI":"http://www.bioassayontology.org/bao#BAO_0002800","propLabel":"assay cell line","propAbbrev":"bao:BAO_0002800","valueURI":"http://purl.obolibrary.org/obo/BTO_0001938","valueAbbrev":"obo:BTO_0001938","valueHier":[],"labelHier":[],"outOfSchema":true}],"annotsRemoved":[],"labelsAdded":[],"labelsRemoved":[]},{"curationTime":1523302888347,"curatorID":"google:108375455890260223170","curatorName":"","curatorEmail":"aclark.xyz@gmail.com","annotsAdded":[{"propURI":"http://www.bioassayontology.org/bao#BAO_0002867","propLabel":"assay footprint","propAbbrev":"bao:BAO_0002867","valueURI":"http://www.bioassayontology.org/bao#BAO_0002517","valueLabel":"T-175","valueAbbrev":"bao:BAO_0002517","valueDescr":"","valueHier":["http://www.bioassayontology.org/bao#BAO_0002192","http://www.bioassayontology.org/bao#BAO_0000512"],"labelHier":["tissue culture flask","assay footprint"]}],"annotsRemoved":[],"labelsAdded":[],"labelsRemoved":[]},{"curationTime":1584620544254,"curatorID":"google:108375455890260223170","curatorName":"","curatorEmail":"aclark.xyz@gmail.com","annotsAdded":[{"propURI":"http://www.bioassayontology.org/bao#BAO_0000211","propLabel":"target","propAbbrev":"bao:BAO_0000211","valueURI":"http://purl.obolibrary.org/obo/PR_P32245","valueLabel":"melanocortin receptor 4 (human)","valueAbbrev":"obo:PR_P32245","valueDescr":"A melanocortin receptor 4 that is encoded in the genome of human.","altLabels":["MC4-R (human)","hMC4R"],"valueHier":["http://purl.obolibrary.org/obo/PR_000001237","http://purl.obolibrary.org/obo/PR_000001146","http://purl.obolibrary.org/obo/PR_000001094","http://purl.obolibrary.org/obo/PR_000030035","http://purl.obolibrary.org/obo/PR_000000001"],"labelHier":["melanocortin receptor 4","melanocortin receptor","rhodopsin-like G-protein coupled receptor","G-protein coupled receptor","protein"]}],"annotsRemoved":[],"labelsAdded":[],"labelsRemoved":[]}],"holdingIDList":[]}