{"assayID":5194,"uniqueID":"pubchemAID:624154","text":"Glutaminase (GLS) catalyzes the hydrolysis of glutamine into glutamate and ammonia. It plays a critical role in glutaminolysis, which is an important energy source for proliferating cells. It was shown that c-Myc, an oncogenic transcription factor known to regulate microRNAs and to stimulate cell proliferation, increases glutamine metabolism by stimulating the expression of GLS via direct suppression of miR23a and miR23b. Glutamine deprivation, or GLS siRNA treatment in PC3 cancer cells or P-493 B lymphoma cells caused significant decrease in cell proliferation [1]; while a non-potent, non-selective inhibitor of glutaminase BPTES (Ki = 2.9 uM) [2] also showed cancer cell growth inhibition [Slusher lab, unpublished data]. Therefore, GLS has been identified as a target for the treatment of cMyc-expressing cancer, where the upregulated GLS has recently been shown to play a critical metabolic role promoting cancer cell growth. \n\nGLS is also thought to play a pathogenic role on HAD using a human HIV-1 infected macrophage system. Mechanistic studies show that during HIV-1 infection, GLS is tranlocated from mitochondria into the cytosol and extracellular space, where it converts mM levels of glutamine into glutamate, causing an increase level of excitotoxic glutamate [3, 4]. A prototype glutaminase inhibitor is shown to suppress neuronal toxicity caused by HIV-1 infected macrophages [5], suggesting the role of GLS in HIV-induced neurotoxicity. GLS inhibition limits glutamate release and provides neuroprotection against HIV-1 infected macrophages. Interestingly, glutaminase-mediated glutamate release from macrophage has also been shown to occur in a multiple sclerosis model [6], suggesting that GLS inhibition can also be of broad therapeutic interest for neuroinflammatory disorders.\n\nThe overall goal of this project is to identify small molecule inhibitors of GLS through quantitative high throughput screening (qHTS) of the MLSMR. A validated potent and selective inhibitor can be used as a tool molecule to further study the pharmacology of its target as well as explore its potential therapeutic application in cancer and inflammatory neurological disorders, such as HIV1-associated dementia (HAD) and multiple sclerosis.\n\nNIH Chemical Genomics Center [NCGC]\nNIH Molecular Libraries Probe Centers Network [MLPCN]\n\nMLPCN Grant: DA032470\nAssay Submitter (PI): Barbara S. Slusher, Johns Hopkins University\n\nThis project is on-going and will be updated at a later point.\n\n[1] P. Gao, I. Tchernyshyov, T.C. Chang, Y.S. Lee, K. Kita, T. Ochi, K.I. Zeller, A.M. De Marzo, J.E. Van Eyk, J.T. Mendell, and C.V. Dang, c-Myc suppression of miR-23a/b enhances mitochondrial glutaminase expression and glutamine metabolism. Nature 458 (2009) 762-5.\n[2] M.M. Robinson, S.J. McBryant, T. Tsukamoto, C. Rojas, D.V. Ferraris, S.K. Hamilton, J.C. Hansen, and N.P. Curthoys, Novel mechanism of inhibition of rat kidney-type glutaminase by bis-2-(5-phenylacetamido-1,2,4-thiadiazol-2-yl)ethyl sulfide (BPTES). Biochem J 406 (2007) 407-14.\n[3] N. Erdmann, C. Tian, Y. Huang, J. Zhao, S. Herek, N. Curthoys, and J. Zheng, In vitro glutaminase regulation and mechanisms of glutamate generation in HIV-1-infected macrophage. J Neurochem 109 (2009) 551-61.\n[4] J. Zhao, A.L. Lopez, D. Erichsen, S. Herek, R.L. Cotter, N.P. Curthoys, and J. Zheng, Mitochondrial glutaminase enhances extracellular glutamate production in HIV-1-infected macrophages: linkage to HIV-1 associated dementia. J Neurochem 88 (2004) 169-80.\n[5] N. Erdmann, J. Zhao, A.L. Lopez, S. Herek, N. Curthoys, T.D. Hexum, T. Tsukamoto, D. Ferraris, and J. Zheng, Glutamate production by HIV-1 infected human macrophage is blocked by the inhibition of glutaminase. J Neurochem 102 (2007) 539-49.\n[6] J. Shijie, H. Takeuchi, I. Yawata, Y. Harada, Y. Sonobe, Y. Doi, J. Liang, L. Hua, S. Yasuoka, Y. Zhou, M. Noda, J. Kawanokuchi, T. Mizuno, and A. Suzumura, Blockade of glutamate release from microglia attenuates experimental autoimmune encephalomyelitis in mice. Tohoku J Exp Med 217 (2009) 87-92.\n\nPlease see linked AIDs for a detailed protocol for each assay.\n\n","schemaURI":"http://www.bioassayontology.org/bas#","annotations":[{"propURI":"http://www.bioassayontology.org/bao#BAO_0002852","propLabel":"assay sources","propAbbrev":"bao:BAO_0002852","valueURI":"http://www.bioassayexpress.org/sources#SRC_0000015","valueLabel":"NCATS Chemical Genomics Center (NCGC)","valueAbbrev":"src:SRC_0000015","valueDescr":"The NCATS Chemical Genomics Center (NCGC), formerly known as the NIH Chemical Genomics Center, was created in 2008 as a comprehensive screening center in the Molecular Libraries Probe Production Centers Network, part of the NIH Common Fund's Molecular Libraries Program. The NCGC's goal is to uncover new small molecule therapeutics and advance the process of therapeutic development through a model of collaborative research.","groupNest":[],"groupLabel":[],"externalURLs":["https://ncats.nih.gov/ncgc"],"valueHier":["http://www.bioassayexpress.org/sources#pubchem_sources","http://www.bioassayontology.org/bao#BAO_0002934"],"labelHier":["PubChem Sources","organization"]},{"propURI":"http://www.bioassayontology.org/bao#BAX_0000011","propLabel":"gene identity","propAbbrev":"bao:BAX_0000011","valueURI":"http://www.bioassayontology.org/geneid#2744","valueLabel":"GLS: glutaminase","valueAbbrev":"geneid:2744","valueDescr":"","groupNest":[],"groupLabel":[],"altLabels":["AAD20 , CASGID , EIEE71 , GAC , GAM , GDPAG , GLS1 , KGA"],"externalURLs":["https://www.ncbi.nlm.nih.gov/gene/2744"],"valueHier":["http://www.bioassayontology.org/geneid#Homo_sapiens","http://www.bioassayontology.org/geneid#Mammalia","http://www.bioassayontology.org/geneid#Root"],"labelHier":["Homo sapiens","Mammalia","Faux GeneID"]},{"propURI":"http://www.bioassayontology.org/bao#BAX_0000012","propLabel":"protein identity","propAbbrev":"bao:BAX_0000012","valueURI":"http://www.bioassayontology.org/protein#71051501","valueLabel":"GLS protein [Homo sapiens]","valueAbbrev":"protein:71051501","valueDescr":"Protein: GLS protein [Homo sapiens], Organism: Homo sapiens","groupNest":[],"groupLabel":[],"externalURLs":["https://www.ncbi.nlm.nih.gov/protein/71051501"],"valueHier":["http://www.bioassayontology.org/taxon#9606","http://www.bioassayontology.org/taxon#9605","http://www.bioassayontology.org/taxon#314295","http://www.bioassayontology.org/taxon#9526","http://www.bioassayontology.org/taxon#9443","http://www.bioassayontology.org/taxon#314146","http://www.bioassayontology.org/taxon#40674","http://www.bioassayontology.org/taxon#32524","http://www.bioassayontology.org/taxon#8287","http://www.bioassayontology.org/taxon#117570","http://www.bioassayontology.org/taxon#7711","http://www.bioassayontology.org/taxon#33511","http://www.bioassayontology.org/taxon#33213","http://www.bioassayontology.org/taxon#33208","http://www.bioassayontology.org/taxon#33154","http://www.bioassayontology.org/taxon#2759","http://www.bioassayontology.org/taxon#131567","http://www.bioassayontology.org/taxon#Root"],"labelHier":["Homo sapiens","Homo","Hominoidea / Hominidae / Homininae","Catarrhini","Primates / Haplorrhini / Simiiformes","Euarchontoglires","Mammalia / Theria / Eutheria / Boreoeutheria","Amniota","Sarcopterygii / Dipnotetrapodomorpha / Tetrapoda","Teleostomi / Euteleostomi","Chordata / Craniata / Vertebrata / Gnathostomata","Deuterostomia","Bilateria","Metazoa / Eumetazoa","Opisthokonta","Eukaryota","cellular organisms","Faux ProteinID"]},{"propURI":"http://www.bioassayontology.org/bao#BAO_0000210","propLabel":"screening campaign stage","propAbbrev":"bao:BAO_0000210","valueURI":"http://www.bioassayontology.org/bao#BAO_0000517","valueLabel":"summary assay","valueAbbrev":"bao:BAO_0000517","valueDescr":"It is a PubChem-specific assay stage. A summary assay references and summarizes the assays in PubChem that correspond to a screening campaign or a probe development project.","groupNest":[],"groupLabel":[],"valueHier":["http://www.bioassayontology.org/bao#BAO_0000029"],"labelHier":["assay screening campaign stage"]},{"propURI":"http://www.bioassayontology.org/bao#BAO_0000196","propLabel":"assay mode of action","propAbbrev":"bao:BAO_0000196","valueURI":"http://www.bioassayontology.org/bao#BAO_0000091","valueLabel":"inhibition","valueAbbrev":"bao:BAO_0000091","valueDescr":"Reduction of a predefined stimulus. Unit of Measure is always % when normalized to the dynamic range of the assay.","groupNest":[],"groupLabel":[],"valueHier":["http://www.bioassayontology.org/bao#BAO_0000084","http://www.bioassayontology.org/bao#BAO_0000074"],"labelHier":["ligand function mode of action","mode of action"]},{"propURI":"http://www.bioassayontology.org/bao#BAO_0002009","propLabel":"biological process","propAbbrev":"bao:BAO_0002009","valueURI":"http://purl.obolibrary.org/obo/GO_0008283","valueLabel":"cell population proliferation","valueAbbrev":"obo:GO_0008283","valueDescr":"The multiplication or reproduction of cells, resulting in the expansion of a cell population.","groupNest":[],"groupLabel":[],"valueHier":["http://purl.obolibrary.org/obo/GO_0044699","http://purl.obolibrary.org/obo/GO_0008150","http://www.bioassayontology.org/bao#BAO_0003114"],"labelHier":["single-organism process","biological process","assay biology component"]},{"propURI":"http://www.bioassayontology.org/bao#BAO_0002009","propLabel":"biological process","propAbbrev":"bao:BAO_0002009","valueURI":"http://purl.obolibrary.org/obo/GO_0006542","valueLabel":"glutamine biosynthetic process","valueAbbrev":"obo:GO_0006542","valueDescr":"The chemical reactions and pathways resulting in the formation of glutamine, 2-amino-4-carbamoylbutanoic acid.","groupNest":[],"groupLabel":[],"valueHier":["http://purl.obolibrary.org/obo/GO_0009084","http://purl.obolibrary.org/obo/GO_1901607","http://purl.obolibrary.org/obo/GO_0008652","http://purl.obolibrary.org/obo/GO_0046394","http://purl.obolibrary.org/obo/GO_0016053","http://purl.obolibrary.org/obo/GO_0006082","http://purl.obolibrary.org/obo/GO_0044237","http://purl.obolibrary.org/obo/GO_0009987","http://purl.obolibrary.org/obo/GO_0008150","http://www.bioassayontology.org/bao#BAO_0003114"],"labelHier":["glutamine family amino acid biosynthetic process","alpha-amino acid biosynthetic process","cellular amino acid biosynthetic process","carboxylic acid biosynthetic process","organic acid biosynthetic process","organic acid metabolic process","cellular metabolic process","cellular process","biological process","assay biology component"]},{"propURI":"http://www.bioassayontology.org/bao#BAO_0002848","propLabel":"applies to disease","propAbbrev":"bao:BAO_0002848","valueURI":"http://purl.obolibrary.org/obo/DOID_162","valueLabel":"cancer","valueAbbrev":"obo:DOID_162","valueDescr":"A disease of cellular proliferation that is malignant and primary, characterized by uncontrolled cellular proliferation, local cell invasion and metastasis.","groupNest":[],"groupLabel":[],"valueHier":["http://purl.obolibrary.org/obo/DOID_14566","http://purl.obolibrary.org/obo/DOID_4"],"labelHier":["disease of cellular proliferation","Disease"]},{"propURI":"http://www.bioassayontology.org/bao#BAO_0002848","propLabel":"applies to disease","propAbbrev":"bao:BAO_0002848","valueURI":"http://purl.obolibrary.org/obo/DOID_526","valueLabel":"human immunodeficiency virus infectious disease","valueAbbrev":"obo:DOID_526","valueDescr":"\nA viral infectious disease that results_in destruction of immune system, leading to life-threatening opportunistic infections and cancers, has_material_basis_in Human immunodeficiency virus 1 or has_material_basis_in Human immunodeficiency virus 2, which are transmitted_by sexual contact, transmitted_by transfer of blood, semen, vaginal fluid, pre-ejaculate, or breast milk, transmitted_by congenital method, and transmitted_by contaminated needles. The virus infects helper T cells (CD4+ T cells) which are directly or indirectly destroyed, macrophages, and dendritic cells. The infection has_symptom diarrhea, has_symptom fatigue, has_symptom fever, has_symptom vaginal yeast infection, has_symptom headache, has_symptom mouth sores, has_symptom muscle aches, has_symptom sore throat, and has_symptom swollen lymph glands.\n","groupNest":[],"groupLabel":[],"valueHier":["http://purl.obolibrary.org/obo/DOID_934","http://purl.obolibrary.org/obo/DOID_0050117","http://purl.obolibrary.org/obo/DOID_4"],"labelHier":["viral infectious disease","disease by infectious agent","Disease"]},{"propURI":"http://www.bioassayontology.org/bao#BAO_0002848","propLabel":"applies to disease","propAbbrev":"bao:BAO_0002848","valueURI":"http://purl.obolibrary.org/obo/DOID_2377","valueLabel":"multiple sclerosis","valueAbbrev":"obo:DOID_2377","valueDescr":"A demyelinating disease that involves damage to the fatty myelin sheaths around the axons of the brain and spinal cord resulting in demyelination and scarring.","groupNest":[],"groupLabel":[],"valueHier":["http://purl.obolibrary.org/obo/DOID_3213","http://purl.obolibrary.org/obo/DOID_1289","http://purl.obolibrary.org/obo/DOID_331","http://purl.obolibrary.org/obo/DOID_863","http://purl.obolibrary.org/obo/DOID_7","http://purl.obolibrary.org/obo/DOID_4"],"labelHier":["demyelinating disease","neurodegenerative disease","central nervous system disease","nervous system disease","disease of anatomical entity","Disease"]},{"propURI":"http://www.bioassayontology.org/bao#BAO_0000185","propLabel":"perturbagen type","propAbbrev":"bao:BAO_0000185","valueURI":"http://www.bioassayontology.org/bao#BAO_0000733","valueLabel":"MLSMR library","valueAbbrev":"bao:BAO_0000733","valueDescr":"","groupNest":[],"groupLabel":[],"valueHier":["http://www.bioassayontology.org/bao#BAO_0000648","http://www.bioassayontology.org/bao#BAO_0000661","http://www.bioassayontology.org/bao#BAO_0003120"],"labelHier":["compound library","perturbagen library","assay screened entity component"]},{"propURI":"http://www.bioassayontology.org/bao#BAO_0000539","valueLabel":"pubchemAID:624146","propAbbrev":"bao:BAO_0000539","groupNest":[],"propLabel":"related assays","groupLabel":[]},{"propURI":"http://www.bioassayontology.org/bao#BAO_0000539","valueLabel":"pubchemAID:624170","propAbbrev":"bao:BAO_0000539","groupNest":[],"propLabel":"related assays","groupLabel":[]},{"propURI":"http://www.bioassayontology.org/bao#BAO_0002853","valueLabel":"qHTS for Inhibitors of Glutaminase (GLS): Summary","propAbbrev":"bao:BAO_0002853","groupNest":[],"propLabel":"assay title","groupLabel":[]}],"pubchemXRef":[{"type":"aid","id":"624146","comment":""},{"type":"aid","id":"624170","comment":""},{"type":"taxonomy","id":"9606","comment":""},{"type":"dburl","id":"http://www.ncgc.nih.gov","comment":""},{"type":"pmid","id":"19219026","comment":""},{"type":"pmid","id":"17581113","comment":""},{"type":"pmid","id":"19222703","comment":""},{"type":"pmid","id":"14675161","comment":""},{"type":"pmid","id":"17596215","comment":""},{"type":"pmid","id":"19212100","comment":""},{"type":"gene","id":"2744","comment":"GLS glutaminase [ Homo sapiens ]"},{"type":"protein_gi","id":"71051501","comment":"GLS protein [Homo sapiens]"}],"curationTime":1534345264549,"curatorID":"google:116162532162477418918","curatorName":"","curatorEmail":"sjeschonek@collaborativedrug.com","history":[{"curationTime":1534345264549,"curatorID":"google:116162532162477418918","curatorName":"","curatorEmail":"sjeschonek@collaborativedrug.com","annotsAdded":[{"propURI":"http://www.bioassayontology.org/bao#BAO_0002009","propLabel":"biological process","propAbbrev":"bao:BAO_0002009","valueURI":"http://purl.obolibrary.org/obo/GO_0006542","valueLabel":"glutamine biosynthetic process","valueAbbrev":"obo:GO_0006542","valueDescr":"The chemical reactions and pathways resulting in the formation of glutamine, 2-amino-4-carbamoylbutanoic acid.","valueHier":["http://purl.obolibrary.org/obo/GO_0009084","http://purl.obolibrary.org/obo/GO_1901607","http://purl.obolibrary.org/obo/GO_0008652","http://purl.obolibrary.org/obo/GO_0046394","http://purl.obolibrary.org/obo/GO_0016053","http://purl.obolibrary.org/obo/GO_0006082","http://purl.obolibrary.org/obo/GO_0044237","http://purl.obolibrary.org/obo/GO_0009987","http://purl.obolibrary.org/obo/GO_0008150","http://www.bioassayontology.org/bao#BAO_0003114"],"labelHier":["glutamine family amino acid biosynthetic process","alpha-amino acid biosynthetic process","cellular amino acid biosynthetic process","carboxylic acid biosynthetic process","organic acid biosynthetic process","organic acid metabolic process","cellular metabolic process","cellular process","biological process","assay biology component"]},{"propURI":"http://www.bioassayontology.org/bao#BAO_0002848","propLabel":"applies to disease","propAbbrev":"bao:BAO_0002848","valueURI":"http://purl.obolibrary.org/obo/DOID_526","valueLabel":"human immunodeficiency virus infectious disease","valueAbbrev":"obo:DOID_526","valueDescr":"\nA viral infectious disease that results_in destruction of immune system, leading to life-threatening opportunistic infections and cancers, has_material_basis_in Human immunodeficiency virus 1 or has_material_basis_in Human immunodeficiency virus 2, which are transmitted_by sexual contact, transmitted_by transfer of blood, semen, vaginal fluid, pre-ejaculate, or breast milk, transmitted_by congenital method, and transmitted_by contaminated needles. The virus infects helper T cells (CD4+ T cells) which are directly or indirectly destroyed, macrophages, and dendritic cells. The infection has_symptom diarrhea, has_symptom fatigue, has_symptom fever, has_symptom vaginal yeast infection, has_symptom headache, has_symptom mouth sores, has_symptom muscle aches, has_symptom sore throat, and has_symptom swollen lymph glands.\n","valueHier":["http://purl.obolibrary.org/obo/DOID_934","http://purl.obolibrary.org/obo/DOID_0050117","http://purl.obolibrary.org/obo/DOID_4"],"labelHier":["viral infectious disease","disease by infectious agent","Disease"]},{"propURI":"http://www.bioassayontology.org/bao#BAO_0002848","propLabel":"applies to disease","propAbbrev":"bao:BAO_0002848","valueURI":"http://purl.obolibrary.org/obo/DOID_2377","valueLabel":"multiple sclerosis","valueAbbrev":"obo:DOID_2377","valueDescr":"A demyelinating disease that involves damage to the fatty myelin sheaths around the axons of the brain and spinal cord resulting in demyelination and scarring.","valueHier":["http://purl.obolibrary.org/obo/DOID_3213","http://purl.obolibrary.org/obo/DOID_1289","http://purl.obolibrary.org/obo/DOID_331","http://purl.obolibrary.org/obo/DOID_863","http://purl.obolibrary.org/obo/DOID_7","http://purl.obolibrary.org/obo/DOID_4"],"labelHier":["demyelinating disease","neurodegenerative disease","central nervous system disease","nervous system disease","disease of anatomical entity","Disease"]},{"propURI":"http://www.bioassayontology.org/bao#BAO_0002848","propLabel":"applies to disease","propAbbrev":"bao:BAO_0002848","valueURI":"http://purl.obolibrary.org/obo/DOID_162","valueLabel":"cancer","valueAbbrev":"obo:DOID_162","valueDescr":"A disease of cellular proliferation that is malignant and primary, characterized by uncontrolled cellular proliferation, local cell invasion and metastasis.","valueHier":["http://purl.obolibrary.org/obo/DOID_14566","http://purl.obolibrary.org/obo/DOID_4"],"labelHier":["disease of cellular proliferation","Disease"]},{"propURI":"http://www.bioassayontology.org/bao#BAO_0000196","propLabel":"assay mode of action","propAbbrev":"bao:BAO_0000196","valueURI":"http://www.bioassayontology.org/bao#BAO_0000091","valueLabel":"inhibition","valueAbbrev":"bao:BAO_0000091","valueDescr":"Reduction of a predefined stimulus. Unit of Measure is always % when normalized to the dynamic range of the assay.","valueHier":["http://www.bioassayontology.org/bao#BAO_0000084","http://www.bioassayontology.org/bao#BAO_0000074"],"labelHier":["ligand function mode of action","mode of action"]},{"propURI":"http://www.bioassayontology.org/bao#BAO_0000185","propLabel":"perturbagen type","propAbbrev":"bao:BAO_0000185","valueURI":"http://www.bioassayontology.org/bao#BAO_0000733","valueLabel":"MLSMR library","valueAbbrev":"bao:BAO_0000733","valueDescr":"","valueHier":["http://www.bioassayontology.org/bao#BAO_0000648","http://www.bioassayontology.org/bao#BAO_0000661","http://www.bioassayontology.org/bao#BAO_0003120"],"labelHier":["compound library","perturbagen library","assay screened entity component"]},{"propURI":"http://www.bioassayontology.org/bao#BAO_0002009","propLabel":"biological process","propAbbrev":"bao:BAO_0002009","valueURI":"http://purl.obolibrary.org/obo/GO_0008283","valueLabel":"cell population proliferation","valueAbbrev":"obo:GO_0008283","valueDescr":"The multiplication or reproduction of cells, resulting in the expansion of a cell population.","valueHier":["http://purl.obolibrary.org/obo/GO_0044699","http://purl.obolibrary.org/obo/GO_0008150","http://www.bioassayontology.org/bao#BAO_0003114"],"labelHier":["single-organism process","biological process","assay biology component"]},{"propURI":"http://www.bioassayontology.org/bao#BAO_0000210","propLabel":"screening campaign stage","propAbbrev":"bao:BAO_0000210","valueURI":"http://www.bioassayontology.org/bao#BAO_0000517","valueLabel":"summary assay","valueAbbrev":"bao:BAO_0000517","valueDescr":"It is a PubChem-specific assay stage. A summary assay references and summarizes the assays in PubChem that correspond to a screening campaign or a probe development project.","valueHier":["http://www.bioassayontology.org/bao#BAO_0000029"],"labelHier":["assay screening campaign stage"]}],"annotsRemoved":[],"labelsAdded":[],"labelsRemoved":[]}],"holdingIDList":[]}