{"assayID":5597,"uniqueID":"pubchemAID:651653","text":"Cytotoxicity Dose Response with cells expressing ABC transporter ABCB6 for Cherry Pick 01 and 02\n\nAssay Background and Significance:\n\nThe goal of this project is to implement a high throughput screening (HTS) assay to identify and develop selective chemical probes that regulate ABCB6 expression or function.  The long-term objective is to use these novel pharmacological tools to understand not only the significance of ABCB6 in tumor growth and proliferation and therapy-related drug resistance, but also ABCB6 substrate specificity and ABCB6 function in normal physiology.\n\nABCB6 is a member of the B subfamily of half transporters.  Transporters are transmembrane proteins that aid in movement of ions and small molecules through the membrane. Full transporters consist of two transmembrane domains and two ATP-binding cassettes; half transporters have one transmembrane domain and one ATP-binding cassette.  Based on their sequence similarity, transporters are classified into six super-families. ATP binding cassette (ABC) transporters are the largest superfamily, with seven subfamilies that are designated A to G on the basis of sequence and structural homology [1]. ABCB6 regulates cellular porphyrin biosynthesis by transporting coproporphyrinogen III (the final protoporphyrin precursor in the cytoplasm) into mitochondria [2,3]. As predicted from the mRNA sequence homologies both in human bone marrow and CD71+ early erythroid cells, ABCB6 is functionally linked to heme biosynthesis [2]. ABC transporters are increasingly recognized as playing important roles in normal biology and therapeutic responses to medications. The ABCB6 gene has been shown to be amplified in tumor cells with acquired chemotherapeutic resistance [4,5,6], suggesting a role for ABCB6 in drug resistance [7]. ABCB6 expression is induced under cell stress, including hypoxia, where it promotes cell survival [8]. Thus, ABCB6 expression could promote multiple survival strategies that are usually the hallmark of tumor development and progression.\n\nDiscovery of compounds that inhibit the function of ABCB6 would aid in understanding the significance of the ABCB6 transport process in tumor cell growth and proliferation and in the development of therapy related drug resistance. In addition, identification of ABCB6 inhibitors will pave the way in understanding the substrate specificity and the function of this transporter in normal physiology and disease pathology.\n\nThis assay will be used to determine if a compound is causing a decrease in signal by killing the cell instead of actually inhibiting ABCB6.\n\nCellTiter-Glo, a luminescent cell viability assay kit from Promega (Madison, WI), will be used according to the manufacturer's instruction. Briefly, the cell cultures of erythroleukemia K562  cell lines stably expressing ABCB6 are seeded in complete medium at twelve different cell densities in 96-well white polypropylene opaque plates (50 microL/well per 384 well) (Corning, Corning, NY).  At the time of passage, 90microL of cell suspension (10;5 cells/milliL) are added into the plates. After stabilization for 2h, test compounds are added to the wells at 10 ul per well to a final concentration range of 380 nM to 100 microM. Vehicle control wells contain 0.01% DMSO alone. Following treatment, cells are incubated at 37 degrees C and 5% CO2 for 18 hours. At the end of the respective time point, 1x CellTiter-Glo is added to each well (10 microL/well per 384 well). Plates are read after 30 minutes. Luminescence intensity (LI) is collected using a Wallac 1420 plate reader (PerkinElmer, Norwalk, CT).","schemaURI":"http://www.bioassayontology.org/bas#","annotations":[{"propURI":"http://www.bioassayontology.org/bao#BAO_0002921","propLabel":"organism","propAbbrev":"bao:BAO_0002921","valueURI":"http://purl.obolibrary.org/obo/NCBITaxon_9606","valueLabel":"Homo sapiens","valueAbbrev":"obo:NCBITaxon_9606","valueDescr":"","groupNest":[],"groupLabel":[],"altLabels":["Homo spiens","Homo sapience","Homo sapien","human","Homo spaiens","Homo sapians","man","Humo sapiens","Home sapiens","Homo sapiense","Homo sampiens","Homo sapeins","Homo sapines","Homo sapian","Homo sapients"],"valueHier":["http://www.bioassayontology.org/bao#BAO_0000362","http://www.bioassayontology.org/bao#BAO_0000510","http://www.bioassayontology.org/bao#BAO_0000659","http://www.bioassayontology.org/bao#BAO_0000509","http://www.bioassayontology.org/bao#BAO_0000658","http://www.bioassayontology.org/bao#BAO_0000551"],"labelHier":["mammalian","vertebrate","metazoa","eukaryote","cellular organisms","organism"]},{"propURI":"http://www.bioassayontology.org/bao#BAO_0000196","propLabel":"assay mode of action","propAbbrev":"bao:BAO_0000196","valueURI":"http://www.bioassayontology.org/bao#BAO_0000091","valueLabel":"inhibition","valueAbbrev":"bao:BAO_0000091","valueDescr":"Reduction of a predefined stimulus. Unit of Measure is always % when normalized to the dynamic range of the assay.","groupNest":[],"groupLabel":[],"valueHier":["http://www.bioassayontology.org/bao#BAO_0000084","http://www.bioassayontology.org/bao#BAO_0000074"],"labelHier":["ligand function mode of action","mode of action"]},{"propURI":"http://www.bioassayontology.org/bao#BAO_0000185","propLabel":"perturbagen type","propAbbrev":"bao:BAO_0000185","valueURI":"http://www.bioassayontology.org/bao#BAO_0000733","valueLabel":"MLSMR library","valueAbbrev":"bao:BAO_0000733","valueDescr":"","groupNest":[],"groupLabel":[],"valueHier":["http://www.bioassayontology.org/bao#BAO_0000648","http://www.bioassayontology.org/bao#BAO_0000661","http://www.bioassayontology.org/bao#BAO_0003120"],"labelHier":["compound library","perturbagen library","assay screened entity component"]},{"propURI":"http://www.bioassayontology.org/bao#BAO_0002854","propLabel":"bioassay type","propAbbrev":"bao:BAO_0002854","valueURI":"http://www.bioassayontology.org/bao#BAO_0000010","valueLabel":"functional","valueAbbrev":"bao:BAO_0000010","valueDescr":"An assay where the measured signal corresponds to a complex response such as cell survival, proliferation, localization of a protein, nuclear translocation etc. The molecular target is not assumed.","groupNest":[],"groupLabel":[],"valueHier":["http://www.bioassayontology.org/bao#BAO_0000008"],"labelHier":["bioassay type"]},{"propURI":"http://www.bioassayontology.org/bao#BAO_0002009","propLabel":"biological process","propAbbrev":"bao:BAO_0002009","valueURI":"http://purl.obolibrary.org/obo/GO_0034762","valueLabel":"regulation of transmembrane transport","valueAbbrev":"obo:GO_0034762","valueDescr":"Any process that modulates the frequency, rate or extent of the directed movement of a solute from one side of a membrane to the other.","groupNest":[],"groupLabel":[],"valueHier":["http://purl.obolibrary.org/obo/GO_0051049","http://purl.obolibrary.org/obo/GO_0032879","http://purl.obolibrary.org/obo/GO_0050789","http://purl.obolibrary.org/obo/GO_0065007","http://purl.obolibrary.org/obo/GO_0008150","http://www.bioassayontology.org/bao#BAO_0003114"],"labelHier":["regulation of transport","regulation of localization","regulation of biological process","biological regulation","biological process","assay biology component"]},{"propURI":"http://www.bioassayontology.org/bao#BAO_0000205","propLabel":"assay format","propAbbrev":"bao:BAO_0000205","valueURI":"http://www.bioassayontology.org/bao#BAO_0000219","valueLabel":"cell based format","valueAbbrev":"bao:BAO_0000219","valueDescr":"Involves the use of living cells of eukaryotic origin, derived from a multicellular organism, and is a heterogeneous assay type. Typically, this refers to permanent (immortal) cell lines, or primary cells, or some form of stem cells. This is distinct from a single-celled organism-based format (classically bacteria or yeast).","groupNest":[],"groupLabel":[],"valueHier":["http://www.bioassayontology.org/bao#BAO_0000019"],"labelHier":["assay format"]},{"propURI":"http://www.bioassayontology.org/bao#BAO_0002800","propLabel":"assay cell line","propAbbrev":"bao:BAO_0002800","valueURI":"http://purl.obolibrary.org/obo/CLO_0007059","valueLabel":"K-562 cell","valueAbbrev":"obo:CLO_0007059","valueDescr":"Human chronic myeloid leukemia in blast crisis established from the pleural effusion of a 53-year-old woman with chronic myeloid leukemia (CML) in blast crisis in 1970; cells can be used as highly sensitive targets in in-vitro natural killer assays; cells produce hemoglobin; cells carry the Philadelphia chromosome with a b3-a2 fusion gene.","groupNest":[],"groupLabel":[],"valueHier":["http://purl.obolibrary.org/obo/CLO_0000511","http://purl.obolibrary.org/obo/CLO_0000019","http://purl.obolibrary.org/obo/CLO_0000001"],"labelHier":["immortal human cell line cell","immortal cell line cell","cell line cell"]},{"propURI":"http://www.bioassayontology.org/bao#BAO_0002848","propLabel":"applies to disease","propAbbrev":"bao:BAO_0002848","valueURI":"http://purl.obolibrary.org/obo/DOID_14566","valueLabel":"disease of cellular proliferation","valueAbbrev":"obo:DOID_14566","valueDescr":"\nA disease that is characterized by abnormally rapid cell division.\n","groupNest":[],"groupLabel":[],"valueHier":["http://purl.obolibrary.org/obo/DOID_4"],"labelHier":["Disease"]},{"propURI":"http://www.bioassayontology.org/bao#BAO_0000208","propLabel":"result","propAbbrev":"bao:BAO_0000208","valueURI":"http://www.bioassayontology.org/bao#BAO_0000188","valueLabel":"EC50","valueAbbrev":"bao:BAO_0000188","valueDescr":"The effective concentration of an agonist, which produces 50% of the maximum possible response for that agonist.","groupNest":[],"groupLabel":[],"valueHier":["http://www.bioassayontology.org/bao#BAO_0002162","http://www.bioassayontology.org/bao#BAO_0000180","http://www.bioassayontology.org/bao#BAO_0000179"],"labelHier":["concentration response endpoint","concentration endpoint","endpoint"]},{"propURI":"http://www.bioassayontology.org/bao#BAO_0002874","propLabel":"units","propAbbrev":"bao:BAO_0002874","valueURI":"http://purl.obolibrary.org/obo/UO_0000064","valueLabel":"micromolar","valueAbbrev":"obo:UO_0000064","valueDescr":"A unit of molarity which is equal to one millionth of a molar or 10^[-6] M.","groupNest":["http://www.bioassayontology.org/bao#BAX_0000017"],"groupLabel":["measurement"],"valueHier":["http://purl.obolibrary.org/obo/UO_0000061","http://purl.obolibrary.org/obo/UO_0000051","http://purl.obolibrary.org/obo/UO_0000000"],"labelHier":["unit of molarity","concentration unit","unit"]},{"propURI":"http://www.bioassayontology.org/bao#BAO_0002867","propLabel":"assay footprint","propAbbrev":"bao:BAO_0002867","valueURI":"http://www.bioassayontology.org/bao#BAO_0000515","valueLabel":"384 well plate","valueAbbrev":"bao:BAO_0000515","valueDescr":"This microplate contains 384 wells. It is suitable for a HTS assay.","groupNest":[],"groupLabel":[],"valueHier":["http://www.bioassayontology.org/bao#BAO_0000508","http://www.bioassayontology.org/bao#BAO_0000512"],"labelHier":["microplate","assay footprint"]},{"propURI":"http://www.bioassayontology.org/bao#BAO_0000211","propLabel":"target","propAbbrev":"bao:BAO_0000211","valueURI":"http://www.bioassayontology.org/bat#NotApplicable","valueLabel":"not applicable","valueAbbrev":"bat:NotApplicable","valueDescr":"This property does not apply to this assay.","groupNest":[],"groupLabel":[],"valueHier":[],"labelHier":[]},{"propURI":"http://www.bioassayontology.org/bao#BAO_0000210","propLabel":"screening campaign stage","propAbbrev":"bao:BAO_0000210","valueURI":"http://www.bioassayontology.org/bao#BAO_0000623","valueLabel":"compound toxicity assay","valueAbbrev":"bao:BAO_0000623","valueDescr":"This assay is performed to identify compounds that have an ability to kill the cells (cytotoxic).","groupNest":[],"groupLabel":[],"valueHier":["http://www.bioassayontology.org/bao#BAO_0000803","http://www.bioassayontology.org/bao#BAO_0000032","http://www.bioassayontology.org/bao#BAO_0000029"],"labelHier":["counter screening assay","secondary assay","assay screening campaign stage"]},{"propURI":"http://www.bioassayontology.org/bao#BAO_0095009","propLabel":"assay design method","propAbbrev":"bao:BAO_0095009","valueURI":"http://www.bioassayontology.org/bao#BAO_0002079","valueLabel":"ATP quantitation using luciferase","valueAbbrev":"bao:BAO_0002079","valueDescr":"","groupNest":[],"groupLabel":[],"valueHier":["http://www.bioassayontology.org/bao#BAO_0000164","http://www.bioassayontology.org/bao#BAO_0000127","http://www.bioassayontology.org/bao#BAO_0002202"],"labelHier":["ATP quantitation","viability measurement method","assay design method"]},{"propURI":"http://www.bioassayontology.org/bao#BAO_0095009","propLabel":"assay design method","propAbbrev":"bao:BAO_0095009","valueURI":"http://www.bioassayontology.org/bao#BAO_0000127","valueLabel":"viability measurement method","valueAbbrev":"bao:BAO_0000127","valueDescr":"Compound cytotoxicity is an important parameter to measure when developing potential human therapeutics. Cytotoxicity is determined as a measure of radioisotope (3H thymidine or 51Cr) release, lactate dehydrogenase release from damaged cells, tetrazolium salt and alamar blue reduction, fluorescent dyes that selectively stain live or dead cells, and decrease in ATP content. The viability reporter technologies measure cell life or death by quantitating ATP content, caspase activity, membrane potential, and so on.","groupNest":[],"groupLabel":[],"valueHier":["http://www.bioassayontology.org/bao#BAO_0002202"],"labelHier":["assay design method"]},{"propURI":"http://www.bioassayontology.org/bao#BAO_0002663","propLabel":"assay kit","propAbbrev":"bao:BAO_0002663","valueURI":"http://www.bioassayontology.org/bao#BAO_0000682","valueLabel":"CellTiter-Glo Luminescent Cell Viability Assay","valueAbbrev":"bao:BAO_0000682","valueDescr":"","groupNest":[],"groupLabel":[],"valueHier":["http://www.bioassayontology.org/bao#BAO_0140017","http://www.bioassayontology.org/bao#BAO_0000248"],"labelHier":["Luciferase-based ('Glo') Assay System (Promega)","assay kit"]},{"propURI":"http://www.bioassayontology.org/bao#BAO_0002855","propLabel":"bioassay","propAbbrev":"bao:BAO_0002855","valueURI":"http://www.bioassayontology.org/bao#BAO_0010001","valueLabel":"cell viability ATP quantitation assay","valueAbbrev":"bao:BAO_0010001","valueDescr":"","groupNest":[],"groupLabel":[],"valueHier":["http://www.bioassayontology.org/bao#BAO_0003009","http://www.bioassayontology.org/bao#BAO_0000015"],"labelHier":["cell viability assay","bioassay"]},{"propURI":"http://www.bioassayontology.org/bao#BAO_0000207","propLabel":"physical detection method","propAbbrev":"bao:BAO_0000207","valueURI":"http://www.bioassayontology.org/bao#BAO_0000050","valueLabel":"bioluminescence","valueAbbrev":"bao:BAO_0000050","valueDescr":"Bioluminescence refers to the production and emission of light by a living organism. Bioluminescence is a naturally occurring form of chemiluminescence whereby energy is released by a chemical reaction in the form of light emission. The chemical reaction can occur either inside or outside the cell, and can be detected using a plate reader or a charge-coupled device (CCD) camera.","groupNest":[],"groupLabel":[],"valueHier":["http://www.bioassayontology.org/bao#BAO_0000045","http://www.bioassayontology.org/bao#BAO_0000035"],"labelHier":["luminescence method","physical detection method"]},{"propURI":"http://www.bioassayontology.org/bao#BAO_0002865","propLabel":"detection instrument","propAbbrev":"bao:BAO_0002865","valueURI":"http://www.bioassayontology.org/bao#BAO_0150078","valueLabel":"Wallac 1420 (Victor2) Microplate reader (PerkinElmer)","valueAbbrev":"bao:BAO_0150078","valueDescr":"","groupNest":[],"groupLabel":[],"valueHier":["http://www.bioassayontology.org/bao#BAO_0000697"],"labelHier":["detection instrument"]},{"propURI":"http://www.bioassayontology.org/bao#BAO_0002852","propLabel":"assay sources","propAbbrev":"bao:BAO_0002852","valueURI":"http://www.bioassayexpress.org/sources#SRC_0000018","valueLabel":"New Mexico Molecular Libraries Screening Center (NMMLSC)","valueAbbrev":"src:SRC_0000018","valueDescr":"New Mexico Molecular Libraries Screening Center (NMMLSC).","groupNest":[],"groupLabel":[],"externalURLs":["http://nmmlsc.health.unm.edu"],"valueHier":["http://www.bioassayexpress.org/sources#pubchem_sources","http://www.bioassayontology.org/bao#BAO_0002934"],"labelHier":["PubChem Sources","organization"]},{"propURI":"http://www.bioassayontology.org/bao#BAO_0002867","propLabel":"assay footprint","propAbbrev":"bao:BAO_0002867","valueURI":"http://www.bioassayontology.org/bao#BAO_0000513","valueLabel":"96 well plate","valueAbbrev":"bao:BAO_0000513","valueDescr":"This microplate contains 96 wells. It is suitable for a low throughput assay.","groupNest":[],"groupLabel":[],"valueHier":["http://www.bioassayontology.org/bao#BAO_0000508","http://www.bioassayontology.org/bao#BAO_0000512"],"labelHier":["microplate","assay footprint"]},{"propURI":"http://www.bioassayontology.org/bao#BAO_0000539","valueLabel":"pubchemAID:588561","propAbbrev":"bao:BAO_0000539","groupNest":[],"propLabel":"related assays","groupLabel":[]},{"propURI":"http://www.bioassayontology.org/bao#BAO_0002853","valueLabel":"Cytotoxicity Dose Response with cells expressing ABC transporter ABCB6 for Cherry Pick 01 and 02","propAbbrev":"bao:BAO_0002853","groupNest":[],"propLabel":"assay title","groupLabel":[]}],"pubchemXRef":[{"type":"aid","id":"588561","comment":"Summary for HTS Screen for inhibitors of the ABC transporter ABCB6 [Summary]"},{"type":"dburl","id":"http://nmmlsc.health.unm.edu","comment":""},{"type":"taxonomy","id":"9606","comment":"Homo sapiens"},{"type":"pmid","id":"20075923","comment":"Fletcher JI HM, Henderson MJ, Norris MD. (2010) ABC transporters in cancer: more than just drug efflux pumps. Nat Rev Cancer 10: 147-156."},{"type":"pmid","id":"17006453","comment":"Krishnamurthy PC, Du G, Fukuda Y, Sun D, Sampath J, et al. (2006) Identification of a mammalian mitochondrial porphyrin transporter. Nature 443: 586-589."},{"type":"pmid","id":"19656490","comment":"Nilsson R, Schultz IJ, Pierce EL, Soltis KA, Naranuntarat A, et al. (2009) Discovery of genes essential for heme biosynthesis through large-scale gene expression analysis. Cell Metab 10: 119-130."},{"type":"pmid","id":"15342794","comment":"Annereau JP, Szakacs G, Tucker CJ, Arciello A, Cardarelli C, et al. (2004) Analysis of ATP-binding cassette transporter expression in drug-selected cell lines by a microarray dedicated to multidrug resistance. Mol Pharmacol 66: 1397-1405."},{"type":"pmid","id":"17661442","comment":"Paterson JK, Shukla S, Black CM, Tachiwada T, Garfield S, et al. (2007) Human ABCB6 localizes to both the outer mitochondrial membrane and the plasma membrane. Biochemistry 46: 9443-9452."},{"type":"pmid","id":"15324696","comment":"Szakacs G, Annereau JP, Lababidi S, Shankavaram U, Arciello A, et al. (2004) Predicting drug sensitivity and resistance: profiling ABC transporter genes in cancer cells. Cancer Cell 6: 129-137."},{"type":"pmid","id":"21118089","comment":"Krishnamurthy P, Schuetz JD. (2011) The role of ABCG2 and ABCB6 in porphyrin metabolism and cell survival. Curr Pharm Biotechnol 12: 647-655."}],"curationTime":1522964039162,"curatorID":"google:108375455890260223170","curatorName":"","curatorEmail":"aclark.xyz@gmail.com","history":[{"curationTime":1482250487780,"curatorID":"orcid:0000-0003-2629-5583","annotsAdded":[{"propURI":"http://www.bioassayontology.org/bao#BAO_0000207","propLabel":"physical detection method","propAbbrev":"bao:BAO_0000207","valueURI":"http://www.bioassayontology.org/bao#BAO_0000050","valueLabel":"bioluminescence","valueAbbrev":"bao:BAO_0000050","valueDescr":"Bioluminescence refers to the production and emission of light by a living organism. Bioluminescence is a naturally occurring form of chemiluminescence whereby energy is released by a chemical reaction in the form of light emission. The chemical reaction can occur either inside or outside the cell, and can be detected using a plate reader or a charge-coupled device (CCD) camera.","valueHier":["http://www.bioassayontology.org/bao#BAO_0000045","http://www.bioassayontology.org/bao#BAO_0000035"],"labelHier":["luminescence method","physical detection method"]},{"propURI":"http://www.bioassayontology.org/bao#BAX_0000002","propLabel":"has bioassay type","propAbbrev":"bao:BAX_0000002","valueURI":"http://www.bioassayontology.org/bao#BAO_0010001","valueLabel":"cell viability ATP quantitation assay","valueAbbrev":"bao:BAO_0010001","valueDescr":"","valueHier":[],"labelHier":[],"outOfSchema":true},{"propURI":"http://www.bioassayontology.org/bao#BAO_0002865","propLabel":"detection instrument","propAbbrev":"bao:BAO_0002865","valueURI":"http://www.bioassayontology.org/bao#BAO_0150078","valueLabel":"Wallac 1420 (Victor2) Microplate reader (PerkinElmer)","valueAbbrev":"bao:BAO_0150078","valueDescr":"","valueHier":["http://www.bioassayontology.org/bao#BAO_0000697"],"labelHier":["detection instrument"]}],"annotsRemoved":[{"propURI":"http://www.bioassayontology.org/bao#BAO_0000207","propLabel":"physical detection method","propAbbrev":"bao:BAO_0000207","valueURI":"http://www.bioassayontology.org/bao#BAO_0000045","valueLabel":"luminescence method","valueAbbrev":"bao:BAO_0000045","valueDescr":"The emission of light from a substance that occurs from an electronically excited state which is reached either by a physical, mechanical, or chemical mechanism.","valueHier":["http://www.bioassayontology.org/bao#BAO_0000035"],"labelHier":["physical detection method"]},{"propURI":"http://www.bioassayontology.org/bao#BAO_0002865","propLabel":"detection instrument","propAbbrev":"bao:BAO_0002865","valueURI":"http://www.bioassayontology.org/bat#RequiresTerm","valueLabel":"requires term","valueAbbrev":"bat:RequiresTerm","valueDescr":"An appropriate term could not be found in the underlying ontologies: it may be necessary to create a new one.","valueHier":[],"labelHier":[]},{"propURI":"http://www.bioassayontology.org/bao#BAX_0000002","propLabel":"has bioassay type","propAbbrev":"bao:BAX_0000002","valueURI":"http://www.bioassayontology.org/bao#BAO_0002993","valueLabel":"cytotoxicity assay","valueAbbrev":"bao:BAO_0002993","valueDescr":"","valueHier":[],"labelHier":[],"outOfSchema":true}],"labelsAdded":[{"propURI":"http://www.bioassayontology.org/bao#BAO_0000207","valueLabel":"bioluminescence","propAbbrev":"bao:BAO_0000207","propLabel":"physical detection method"},{"propURI":"http://www.bioassayontology.org/bao#BAX_0000002","valueLabel":"cell viability ATP quantitation assay","propAbbrev":"bao:BAX_0000002","propLabel":"has bioassay type"},{"propURI":"http://www.bioassayontology.org/bao#BAO_0002865","valueLabel":"Wallac 1420 (Victor2) Microplate reader (PerkinElmer)","propAbbrev":"bao:BAO_0002865","propLabel":"detection instrument"}],"labelsRemoved":[{"propURI":"http://www.bioassayontology.org/bao#BAO_0000207","valueLabel":"luminescence method","propAbbrev":"bao:BAO_0000207","propLabel":"physical detection method"},{"propURI":"http://www.bioassayontology.org/bao#BAO_0002865","valueLabel":"requires term","propAbbrev":"bao:BAO_0002865","propLabel":"detection instrument"},{"propURI":"http://www.bioassayontology.org/bao#BAX_0000002","valueLabel":"cytotoxicity assay","propAbbrev":"bao:BAX_0000002","propLabel":"has bioassay type"}]},{"curationTime":1492468131096,"curatorID":"admin","annotsAdded":[{"propURI":"http://www.bioassayontology.org/bao#BAO_0002854","propLabel":"bioassay type","propAbbrev":"bao:BAO_0002854","valueURI":"http://www.bioassayontology.org/bao#BAO_0000010","valueLabel":"functional","valueAbbrev":"bao:BAO_0000010","valueDescr":"An assay where the measured signal corresponds to a complex response such as cell survival, proliferation, localization of a protein, nuclear translocation etc. The molecular target is not assumed.","valueHier":["http://www.bioassayontology.org/bao#BAO_0000008"],"labelHier":["bioassay type"]}],"annotsRemoved":[{"propURI":"http://www.bioassayontology.org/bao#BAX_0000002","propLabel":"has bioassay type","propAbbrev":"bao:BAX_0000002","valueURI":"http://www.bioassayontology.org/bao#BAO_0000010","valueLabel":"functional","valueAbbrev":"bao:BAO_0000010","valueDescr":"An assay where the measured signal corresponds to a complex response such as cell survival, proliferation, localization of a protein, nuclear translocation etc. The molecular target is not assumed.","valueHier":[],"labelHier":[],"outOfSchema":true}],"labelsAdded":[{"propURI":"http://www.bioassayontology.org/bao#BAO_0002854","valueLabel":"functional","propAbbrev":"bao:BAO_0002854","propLabel":"bioassay type"}],"labelsRemoved":[{"propURI":"http://www.bioassayontology.org/bao#BAX_0000002","valueLabel":"functional","propAbbrev":"bao:BAX_0000002","propLabel":"has bioassay type"}]},{"curationTime":1492468131096,"curatorID":"admin","annotsAdded":[{"propURI":"http://www.bioassayontology.org/bao#BAO_0002009","propLabel":"biological process","propAbbrev":"bao:BAO_0002009","valueURI":"http://purl.obolibrary.org/obo/GO_0034762","valueLabel":"regulation of transmembrane transport","valueAbbrev":"obo:GO_0034762","valueDescr":"Any process that modulates the frequency, rate or extent of the directed movement of a solute from one side of a membrane to the other.","valueHier":["http://purl.obolibrary.org/obo/GO_0051049","http://purl.obolibrary.org/obo/GO_0032879","http://purl.obolibrary.org/obo/GO_0050789","http://purl.obolibrary.org/obo/GO_0065007","http://purl.obolibrary.org/obo/GO_0008150","http://www.bioassayontology.org/bao#BAO_0003114"],"labelHier":["regulation of transport","regulation of localization","regulation of biological process","biological regulation","biological process","assay biology component"]}],"annotsRemoved":[{"propURI":"http://www.bioassayontology.org/bao#BAX_0000004","propAbbrev":"bao:BAX_0000004","valueURI":"http://purl.obolibrary.org/obo/GO_0034762","valueLabel":"regulation of transmembrane transport","valueAbbrev":"obo:GO_0034762","valueDescr":"Any process that modulates the frequency, rate or extent of the directed movement of a solute from one side of a membrane to the other.","valueHier":[],"labelHier":[],"outOfSchema":true}],"labelsAdded":[{"propURI":"http://www.bioassayontology.org/bao#BAO_0002009","valueLabel":"regulation of transmembrane transport","propAbbrev":"bao:BAO_0002009","propLabel":"biological process"}],"labelsRemoved":[{"propURI":"http://www.bioassayontology.org/bao#BAX_0000004","valueLabel":"regulation of transmembrane transport","propAbbrev":"bao:BAX_0000004"}]},{"curationTime":1492468131096,"curatorID":"admin","annotsAdded":[{"propURI":"http://www.bioassayontology.org/bao#BAO_0002848","propLabel":"applies to disease","propAbbrev":"bao:BAO_0002848","valueURI":"http://purl.obolibrary.org/obo/DOID_14566","valueLabel":"disease of cellular proliferation","valueAbbrev":"obo:DOID_14566","valueDescr":"\nA disease that is characterized by abnormally rapid cell division.\n","valueHier":["http://purl.obolibrary.org/obo/DOID_4"],"labelHier":["Disease"]}],"annotsRemoved":[{"propURI":"http://www.bioassayontology.org/bao#BAX_0000010","propAbbrev":"bao:BAX_0000010","valueURI":"http://purl.obolibrary.org/obo/DOID_14566","valueLabel":"disease of cellular proliferation","valueAbbrev":"obo:DOID_14566","valueDescr":"\nA disease that is characterized by abnormally rapid cell division.\n","valueHier":[],"labelHier":[],"outOfSchema":true}],"labelsAdded":[{"propURI":"http://www.bioassayontology.org/bao#BAO_0002848","valueLabel":"disease of cellular proliferation","propAbbrev":"bao:BAO_0002848","propLabel":"applies to disease"}],"labelsRemoved":[{"propURI":"http://www.bioassayontology.org/bao#BAX_0000010","valueLabel":"disease of cellular proliferation","propAbbrev":"bao:BAX_0000010"}]},{"curationTime":1492468131096,"curatorID":"admin","annotsAdded":[{"propURI":"http://www.bioassayontology.org/bao#BAO_0000208","propLabel":"result","propAbbrev":"bao:BAO_0000208","valueURI":"http://www.bioassayontology.org/bao#BAO_0000188","valueLabel":"EC50","valueAbbrev":"bao:BAO_0000188","valueDescr":"The effective concentration of an agonist, which produces 50% of the maximum possible response for that agonist.","valueHier":["http://www.bioassayontology.org/bao#BAO_0002162","http://www.bioassayontology.org/bao#BAO_0000180","http://www.bioassayontology.org/bao#BAO_0000179"],"labelHier":["concentration response endpoint","concentration endpoint","endpoint"]}],"annotsRemoved":[{"propURI":"http://www.bioassayontology.org/bao#BAX_0000006","propAbbrev":"bao:BAX_0000006","valueURI":"http://www.bioassayontology.org/bao#BAO_0000188","valueLabel":"EC50","valueAbbrev":"bao:BAO_0000188","valueDescr":"The effective concentration of an agonist, which produces 50% of the maximum possible response for that agonist.","valueHier":[],"labelHier":[],"outOfSchema":true}],"labelsAdded":[{"propURI":"http://www.bioassayontology.org/bao#BAO_0000208","valueLabel":"EC50","propAbbrev":"bao:BAO_0000208","propLabel":"result"}],"labelsRemoved":[{"propURI":"http://www.bioassayontology.org/bao#BAX_0000006","valueLabel":"EC50","propAbbrev":"bao:BAX_0000006"}]},{"curationTime":1492468131096,"curatorID":"admin","annotsAdded":[{"propURI":"http://www.bioassayontology.org/bao#BAO_0002874","propLabel":"units","propAbbrev":"bao:BAO_0002874","valueURI":"http://purl.org/obo/owl/UO#UO_0000064","valueLabel":"micromolar","valueAbbrev":"uo:UO_0000064","valueDescr":"","valueHier":[],"labelHier":[],"outOfSchema":true}],"annotsRemoved":[{"propURI":"http://www.bioassayontology.org/bao#BAX_0000007","propAbbrev":"bao:BAX_0000007","valueURI":"http://purl.org/obo/owl/UO#UO_0000064","valueLabel":"micromolar","valueAbbrev":"uo:UO_0000064","valueDescr":"","valueHier":[],"labelHier":[],"outOfSchema":true}],"labelsAdded":[{"propURI":"http://www.bioassayontology.org/bao#BAO_0002874","valueLabel":"micromolar","propAbbrev":"bao:BAO_0002874","propLabel":"units"}],"labelsRemoved":[{"propURI":"http://www.bioassayontology.org/bao#BAX_0000007","valueLabel":"micromolar","propAbbrev":"bao:BAX_0000007"}]},{"curationTime":1492468131096,"curatorID":"admin","annotsAdded":[{"propURI":"http://www.bioassayontology.org/bao#BAO_0095009","propLabel":"assay design method","propAbbrev":"bao:BAO_0095009","valueURI":"http://www.bioassayontology.org/bao#BAO_0000127","valueLabel":"viability measurement method","valueAbbrev":"bao:BAO_0000127","valueDescr":"Compound cytotoxicity is an important parameter to measure when developing potential human therapeutics. Cytotoxicity is determined as a measure of radioisotope (3H thymidine or 51Cr) release, lactate dehydrogenase release from damaged cells, tetrazolium salt and alamar blue reduction, fluorescent dyes that selectively stain live or dead cells, and decrease in ATP content. The viability reporter technologies measure cell life or death by quantitating ATP content, caspase activity, membrane potential, and so on.","valueHier":["http://www.bioassayontology.org/bao#BAO_0002202"],"labelHier":["assay design method"]},{"propURI":"http://www.bioassayontology.org/bao#BAO_0095009","propLabel":"assay design method","propAbbrev":"bao:BAO_0095009","valueURI":"http://www.bioassayontology.org/bao#BAO_0002079","valueLabel":"ATP quantitation using luciferase","valueAbbrev":"bao:BAO_0002079","valueDescr":"","valueHier":["http://www.bioassayontology.org/bao#BAO_0000164","http://www.bioassayontology.org/bao#BAO_0000127","http://www.bioassayontology.org/bao#BAO_0002202"],"labelHier":["ATP quantitation","viability measurement method","assay design method"]}],"annotsRemoved":[{"propURI":"http://www.bioassayontology.org/bao#BAX_0000003","propAbbrev":"bao:BAX_0000003","valueURI":"http://www.bioassayontology.org/bao#BAO_0000127","valueLabel":"viability measurement method","valueAbbrev":"bao:BAO_0000127","valueDescr":"Compound cytotoxicity is an important parameter to measure when developing potential human therapeutics. Cytotoxicity is determined as a measure of radioisotope (3H thymidine or 51Cr) release, lactate dehydrogenase release from damaged cells, tetrazolium salt and alamar blue reduction, fluorescent dyes that selectively stain live or dead cells, and decrease in ATP content. The viability reporter technologies measure cell life or death by quantitating ATP content, caspase activity, membrane potential, and so on.","valueHier":[],"labelHier":[],"outOfSchema":true},{"propURI":"http://www.bioassayontology.org/bao#BAX_0000003","propAbbrev":"bao:BAX_0000003","valueURI":"http://www.bioassayontology.org/bao#BAO_0002079","valueLabel":"ATP quantitation using luciferase","valueAbbrev":"bao:BAO_0002079","valueDescr":"","valueHier":[],"labelHier":[],"outOfSchema":true}],"labelsAdded":[{"propURI":"http://www.bioassayontology.org/bao#BAO_0095009","valueLabel":"viability measurement method","propAbbrev":"bao:BAO_0095009","propLabel":"assay design method"},{"propURI":"http://www.bioassayontology.org/bao#BAO_0095009","valueLabel":"ATP quantitation using luciferase","propAbbrev":"bao:BAO_0095009","propLabel":"assay design method"}],"labelsRemoved":[{"propURI":"http://www.bioassayontology.org/bao#BAX_0000003","valueLabel":"viability measurement method","propAbbrev":"bao:BAX_0000003"},{"propURI":"http://www.bioassayontology.org/bao#BAX_0000003","valueLabel":"ATP quantitation using luciferase","propAbbrev":"bao:BAX_0000003"}]},{"curationTime":1492468131096,"curatorID":"admin","annotsAdded":[{"propURI":"http://www.bioassayontology.org/bao#BAO_0000211","propLabel":"target","propAbbrev":"bao:BAO_0000211","valueURI":"http://www.bioassayontology.org/bat#NotApplicable","valueLabel":"not applicable","valueAbbrev":"bat:NotApplicable","valueDescr":"This property does not apply to this assay.","valueHier":[],"labelHier":[]}],"annotsRemoved":[{"propURI":"http://www.bioassayontology.org/bao#BAX_0000005","propAbbrev":"bao:BAX_0000005","valueURI":"http://www.bioassayontology.org/bat#NotApplicable","valueLabel":"not applicable","valueAbbrev":"bat:NotApplicable","valueDescr":"This property does not apply to this assay.","valueHier":[],"labelHier":[]}],"labelsAdded":[{"propURI":"http://www.bioassayontology.org/bao#BAO_0000211","valueLabel":"not applicable","propAbbrev":"bao:BAO_0000211","propLabel":"target"}],"labelsRemoved":[{"propURI":"http://www.bioassayontology.org/bao#BAX_0000005","valueLabel":"not applicable","propAbbrev":"bao:BAX_0000005"}]},{"curationTime":1492468131096,"curatorID":"admin","annotsAdded":[{"propURI":"http://www.bioassayontology.org/bao#BAO_0002855","propLabel":"bioassay","propAbbrev":"bao:BAO_0002855","valueURI":"http://www.bioassayontology.org/bao#BAO_0010001","valueLabel":"cell viability ATP quantitation assay","valueAbbrev":"bao:BAO_0010001","valueDescr":"","valueHier":["http://www.bioassayontology.org/bao#BAO_0003009","http://www.bioassayontology.org/bao#BAO_0000015"],"labelHier":["cell viability assay","bioassay"]}],"annotsRemoved":[{"propURI":"http://www.bioassayontology.org/bao#BAX_0000002","propLabel":"has bioassay type","propAbbrev":"bao:BAX_0000002","valueURI":"http://www.bioassayontology.org/bao#BAO_0010001","valueLabel":"cell viability ATP quantitation assay","valueAbbrev":"bao:BAO_0010001","valueDescr":"","valueHier":[],"labelHier":[],"outOfSchema":true}],"labelsAdded":[{"propURI":"http://www.bioassayontology.org/bao#BAO_0002855","valueLabel":"cell viability ATP quantitation assay","propAbbrev":"bao:BAO_0002855","propLabel":"bioassay"}],"labelsRemoved":[{"propURI":"http://www.bioassayontology.org/bao#BAX_0000002","valueLabel":"cell viability ATP quantitation assay","propAbbrev":"bao:BAX_0000002","propLabel":"has bioassay type"}]},{"curationTime":1492468131096,"curatorID":"admin","annotsAdded":[{"propURI":"http://www.bioassayontology.org/bao#BAO_0002874","propLabel":"units","propAbbrev":"bao:BAO_0002874","valueURI":"http://purl.obolibrary.org/obo/UO_0000064","valueLabel":"micromolar","valueAbbrev":"obo:UO_0000064","valueDescr":"A unit of molarity which is equal to one millionth of a molar or 10^[-6] M.","valueHier":["http://purl.obolibrary.org/obo/UO_0000061","http://purl.obolibrary.org/obo/UO_0000051","http://purl.obolibrary.org/obo/UO_0000000"],"labelHier":["unit of molarity","concentration unit","unit"]}],"annotsRemoved":[{"propURI":"http://www.bioassayontology.org/bao#BAO_0002874","propLabel":"units","propAbbrev":"bao:BAO_0002874","valueURI":"http://purl.org/obo/owl/UO#UO_0000064","valueLabel":"micromolar","valueAbbrev":"uo:UO_0000064","valueDescr":"","valueHier":[],"labelHier":[],"outOfSchema":true}],"labelsAdded":[{"propURI":"http://www.bioassayontology.org/bao#BAO_0002874","valueLabel":"micromolar","propAbbrev":"bao:BAO_0002874","propLabel":"units"}],"labelsRemoved":[{"propURI":"http://www.bioassayontology.org/bao#BAO_0002874","valueLabel":"micromolar","propAbbrev":"bao:BAO_0002874","propLabel":"units"}]},{"curationTime":1522964039162,"curatorID":"google:108375455890260223170","curatorName":"","curatorEmail":"aclark.xyz@gmail.com","annotsAdded":[{"propURI":"http://www.bioassayontology.org/bao#BAO_0002867","propLabel":"assay footprint","propAbbrev":"bao:BAO_0002867","valueURI":"http://www.bioassayontology.org/bao#BAO_0000513","valueLabel":"96 well plate","valueAbbrev":"bao:BAO_0000513","valueDescr":"This microplate contains 96 wells. It is suitable for a low throughput assay.","valueHier":["http://www.bioassayontology.org/bao#BAO_0000508","http://www.bioassayontology.org/bao#BAO_0000512"],"labelHier":["microplate","assay footprint"]}],"annotsRemoved":[],"labelsAdded":[],"labelsRemoved":[]}],"holdingIDList":[]}