{"assayID":5006,"uniqueID":"pubchemAID:623964","text":"Late stage probe development assay for inhibitors of the Hepatitis C Virus non-structural protein 3 helicase (NS3): florescence-based biochemical assay to determine whether compounds inhibit the HCV protease NS3-NS4A\n\nKeywords:\n\nlate stage, late stage AID, powders, University of Kansas, University of Kansas Specialized Chemistry Center, KUSCC, KU, HCV, NS3, NS3 helicase, hepatitisRNA virus, dose response, 96, assay provider, inhibitor, inhibition, inhibit, fluorescence, HCV protease NS3-NS4A, FRET, QFRET, quench, quencher, QXL 520, Scripps, Scripps Florida, The Scripps Research Institute Molecular Screening Center, SRIMSC, Molecular Libraries Probe Production Centers Network, MLPCN.\n\nThis assay was performed by the assay provider, and submitted to PubChem by the Scripps Research Institute Molecular Screening Center (SRIMSC). Compounds tested in this assay were purchased or synthesized by the University of Kansas Specialized Chemistry Center. Details of protocols, compound structures, and results from the original assays can be found in PubChem at the respective AIDS listed in the Related Bioassays section of this AID.\n\nAssay Overview:\n\nThe purpose of this assay is to verify enzyme activity of compounds and to examine specificity by determining whether powder samples of compounds identified as possible probe candidates inhibit the helicase encoded by the HCV protease NS3-NS4A. Upon cleavage of the substrate peptide by the NS3-NS4A protease, the 5-FAM fluorophore is separated from the QXL 520 quencher and fluorescence is recovered. As designed, compounds which inhibit the protease activity will result in no fluorescence increase.\n\nProtocol Summary:\n\nAll protease assays were carried out using the AnaSpec Enzolyte 520 Protease Assay Kit according to the manufacturer's protocol. Each assay contained either the test compound or DMSO as a negative control. Assays were carried out in a total volume of 20 uL in black 96-well half area plates with fluorescence measured using a FluoStar Omega (BMG Labtech). The protease enzyme used was 10 nM of \"single chain\" NS3-NS4A (scNS3-4A), where the portion of NS4A needed for protease activation is tethered to the N-terminus of NS3 (8). The concentration at which a compound causes a 50% reduction in reaction velocity (IC50) was calculated by fitting compound concentration to initial velocity using the equation:\n\nvi = v0 / ( 1 + ( [I] / IC50 ) ^ h )\n\nWhere:\n\nvi = initial reaction velocity\nv0 = velocity observed in DMSO-only controls\n[I] = compound concentration\nh = Hillslope coefficient\n\nPubChem Activity Outcome and Score:\n\nCompounds with an IC50 greater than 50 uM were considered inactive. Compounds with an IC50 equal to or less than 50 uM were considered active.\n\nActivity score was then ranked by the potency of the compounds with fitted curves, with the most potent compounds assigned the highest activity scores.\n\nThe PubChem Activity Score range for active compounds is 100-48, and for inactive compounds 44-0.\n\nList of Reagents:\n\nNS3-NS4A (scNS3-4A) (Supplied by Assay Provider)\nAnaSpec Enzolyte 520 Protease Assay Kit (AnaSpec, part 71145)\n96-well plates (Corning Costar, black half volume, part 3694)","schemaURI":"http://www.bioassayontology.org/bas#","annotations":[{"propURI":"http://www.bioassayontology.org/bao#BAX_0000012","propLabel":"protein identity","propAbbrev":"bao:BAX_0000012","valueURI":"http://www.bioassayontology.org/protein#125541954","valueLabel":"NS3, partial [Hepatitis C virus]","valueAbbrev":"protein:125541954","valueDescr":"Protein: NS3, partial [Hepatitis C virus], Organism: Hepacivirus C","groupNest":[],"groupLabel":[],"externalURLs":["https://www.ncbi.nlm.nih.gov/protein/125541954"],"valueHier":["http://www.bioassayontology.org/taxon#11103","http://www.bioassayontology.org/taxon#11102","http://www.bioassayontology.org/taxon#11050","http://www.bioassayontology.org/taxon#2559587","http://www.bioassayontology.org/taxon#10239","http://www.bioassayontology.org/taxon#Root"],"labelHier":["Hepacivirus C","Hepacivirus","Flaviviridae","Riboviria","Viruses","Faux ProteinID"]},{"propURI":"http://www.bioassayontology.org/bao#BAX_0000012","propLabel":"protein identity","propAbbrev":"bao:BAX_0000012","valueURI":"http://www.bioassayontology.org/protein#186701435","valueLabel":"NS3/4a protease, partial [Hepatitis C virus]","valueAbbrev":"protein:186701435","valueDescr":"Protein: NS3/4a protease, partial [Hepatitis C virus], Organism: Hepacivirus C","groupNest":[],"groupLabel":[],"externalURLs":["https://www.ncbi.nlm.nih.gov/protein/186701435"],"valueHier":["http://www.bioassayontology.org/taxon#11103","http://www.bioassayontology.org/taxon#11102","http://www.bioassayontology.org/taxon#11050","http://www.bioassayontology.org/taxon#2559587","http://www.bioassayontology.org/taxon#10239","http://www.bioassayontology.org/taxon#Root"],"labelHier":["Hepacivirus C","Hepacivirus","Flaviviridae","Riboviria","Viruses","Faux ProteinID"]},{"propURI":"http://www.bioassayontology.org/bao#BAO_0002855","propLabel":"bioassay","propAbbrev":"bao:BAO_0002855","valueURI":"http://www.bioassayontology.org/bao#BAO_0002764","valueLabel":"protease activity assay","valueAbbrev":"bao:BAO_0002764","valueDescr":"","groupNest":[],"groupLabel":[],"valueHier":["http://www.bioassayontology.org/bao#BAO_0002790","http://www.bioassayontology.org/bao#BAO_0002994","http://www.bioassayontology.org/bao#BAO_0000015"],"labelHier":["hydrolase activity assay","enzyme activity assay","bioassay"]},{"propURI":"http://www.bioassayontology.org/bao#BAO_0002854","propLabel":"bioassay type","propAbbrev":"bao:BAO_0002854","valueURI":"http://www.bioassayontology.org/bao#BAO_0000010","valueLabel":"functional","valueAbbrev":"bao:BAO_0000010","valueDescr":"An assay where the measured signal corresponds to a complex response such as cell survival, proliferation, localization of a protein, nuclear translocation etc. The molecular target is not assumed.","groupNest":[],"groupLabel":[],"valueHier":["http://www.bioassayontology.org/bao#BAO_0000008"],"labelHier":["bioassay type"]},{"propURI":"http://www.bioassayontology.org/bao#BAO_0000205","propLabel":"assay format","propAbbrev":"bao:BAO_0000205","valueURI":"http://www.bioassayontology.org/bao#BAO_0000223","valueLabel":"protein complex format","valueAbbrev":"bao:BAO_0000223","valueDescr":"Two or more proteins interact to form a stable complex. Each of the members of this complex has a distinct role in mediating the overall function of the complex, which can be as a chaperone (DnaK, DnaJ and grpE), an enzyme (mitochondrial respiratory complexes), a signaling complex (G-proteins), etc. It can be viewed as a quaternary structure of the proteins.","groupNest":[],"groupLabel":[],"valueHier":["http://www.bioassayontology.org/bao#BAO_0000224","http://www.bioassayontology.org/bao#BAO_0000217","http://www.bioassayontology.org/bao#BAO_0000019"],"labelHier":["protein format","biochemical format","assay format"]},{"propURI":"http://www.bioassayontology.org/bao#BAO_0095009","propLabel":"assay design method","propAbbrev":"bao:BAO_0095009","valueURI":"http://www.bioassayontology.org/bao#BAO_0000139","valueLabel":"direct enzyme activity measurement method","valueAbbrev":"bao:BAO_0000139","valueDescr":"An enzyme is a protein that acts as a catalyst for specific biochemical reaction, converting specific substrates into chemically distinct products. Enzyme activity assays quantify the kinetics of the product formation or substrate depletion in the reaction, which result in fluorescence, luminescence or colorimetric outputs.","groupNest":[],"groupLabel":[],"valueHier":["http://www.bioassayontology.org/bao#BAO_0000124","http://www.bioassayontology.org/bao#BAO_0002202"],"labelHier":["enzyme activity measurement method","assay design method"]},{"propURI":"http://www.bioassayontology.org/bao#BAO_0002800","propLabel":"assay cell line","propAbbrev":"bao:BAO_0002800","valueURI":"http://www.bioassayontology.org/bat#NotApplicable","valueLabel":"not applicable","valueAbbrev":"bat:NotApplicable","valueDescr":"This property does not apply to this assay.","groupNest":[],"groupLabel":[],"valueHier":[],"labelHier":[]},{"propURI":"http://www.bioassayontology.org/bao#BAO_0002921","propLabel":"organism","propAbbrev":"bao:BAO_0002921","valueURI":"http://purl.obolibrary.org/obo/NCBITaxon_11103","valueLabel":"Hepacivirus C","valueAbbrev":"obo:NCBITaxon_11103","valueDescr":"","groupNest":[],"groupLabel":[],"altLabels":["human hepatitis virus HCV","Hepatitis C","human hepatitis C virus HCV","human hepatitis C virus","Hepatitis C virus","hepatitis C virus HCV","post-transfusion hepatitis non A non B virus","human hepatitis virus C HCV"],"valueHier":["http://www.bioassayontology.org/bao#BAO_0000232","http://www.bioassayontology.org/bao#BAO_0000551"],"labelHier":["virus","organism"]},{"propURI":"http://www.bioassayontology.org/bao#BAO_0002009","propLabel":"biological process","propAbbrev":"bao:BAO_0002009","valueURI":"http://purl.obolibrary.org/obo/GO_0039693","valueLabel":"viral DNA genome replication","valueAbbrev":"obo:GO_0039693","valueDescr":"The replication of a viral DNA genome.","groupNest":[],"groupLabel":[],"valueHier":["http://purl.obolibrary.org/obo/GO_0044034","http://purl.obolibrary.org/obo/GO_0044033","http://purl.obolibrary.org/obo/GO_0008152","http://purl.obolibrary.org/obo/GO_0008150","http://www.bioassayontology.org/bao#BAO_0003114"],"labelHier":["multi-organism biosynthetic process","multi-organism metabolic process","metabolic process","biological process","assay biology component"]},{"propURI":"http://www.bioassayontology.org/bao#BAO_0000211","propLabel":"target","propAbbrev":"bao:BAO_0000211","valueURI":"http://www.bioassayontology.org/bat#SeeGeneID","valueLabel":"see Gene ID","valueAbbrev":"bat:SeeGeneID","valueDescr":"The target is present in the Gene ID section, but needs to be mapped to a formal ontology.","groupNest":[],"groupLabel":[],"valueHier":["http://www.bioassayontology.org/bat#SeeAlso"],"labelHier":["see also"]},{"propURI":"http://www.bioassayontology.org/bao#BAO_0002848","propLabel":"applies to disease","propAbbrev":"bao:BAO_0002848","valueURI":"http://purl.obolibrary.org/obo/DOID_1883","valueLabel":"hepatitis C","valueAbbrev":"obo:DOID_1883","valueDescr":"A viral infectious disease that results_in inflammation located_in liver, has_material_basis_in Hepatitis C virus, which is transmitted_by blood from an infected person enters the body of an uninfected person. The infection has_symptom fever, has_symptom fatigue, has_symptom loss of appetite, has_symptom nausea, has_symptom vomiting, has_symptom abdominal pain, has_symptom clay-colored bowel movements, has_symptom joint pain, and has_symptom jaundice.","groupNest":[],"groupLabel":[],"valueHier":["http://purl.obolibrary.org/obo/DOID_934","http://purl.obolibrary.org/obo/DOID_0050117","http://purl.obolibrary.org/obo/DOID_4"],"labelHier":["viral infectious disease","disease by infectious agent","Disease"]},{"propURI":"http://www.bioassayontology.org/bao#BAO_0002848","propLabel":"applies to disease","propAbbrev":"bao:BAO_0002848","valueURI":"http://purl.obolibrary.org/obo/DOID_684","valueLabel":"hepatocellular carcinoma","valueAbbrev":"obo:DOID_684","valueDescr":"\nA liver carcinoma that has_material_basis_in undifferentiated hepatocytes.\n","groupNest":[],"groupLabel":[],"valueHier":["http://purl.obolibrary.org/obo/DOID_686","http://purl.obolibrary.org/obo/DOID_3571","http://purl.obolibrary.org/obo/DOID_3119","http://purl.obolibrary.org/obo/DOID_77","http://purl.obolibrary.org/obo/DOID_7","http://purl.obolibrary.org/obo/DOID_4"],"labelHier":["liver carcinoma","liver cancer","gastrointestinal system cancer","gastrointestinal system disease","disease of anatomical entity","Disease"]},{"propURI":"http://www.bioassayontology.org/bao#BAO_0002848","propLabel":"applies to disease","propAbbrev":"bao:BAO_0002848","valueURI":"http://purl.obolibrary.org/obo/DOID_1884","valueLabel":"viral hepatitis","valueAbbrev":"obo:DOID_1884","valueDescr":"\nA hepatitis that involves viral infection causing inflammation of the liver.\n","groupNest":[],"groupLabel":[],"valueHier":["http://purl.obolibrary.org/obo/DOID_2237","http://purl.obolibrary.org/obo/DOID_409","http://purl.obolibrary.org/obo/DOID_3118","http://purl.obolibrary.org/obo/DOID_77","http://purl.obolibrary.org/obo/DOID_7","http://purl.obolibrary.org/obo/DOID_4"],"labelHier":["hepatitis","liver disease","hepatobiliary disease","gastrointestinal system disease","disease of anatomical entity","Disease"]},{"propURI":"http://www.bioassayontology.org/bao#BAO_0000196","propLabel":"assay mode of action","propAbbrev":"bao:BAO_0000196","valueURI":"http://www.bioassayontology.org/bao#BAO_0000091","valueLabel":"inhibition","valueAbbrev":"bao:BAO_0000091","valueDescr":"Reduction of a predefined stimulus. Unit of Measure is always % when normalized to the dynamic range of the assay.","groupNest":[],"groupLabel":[],"valueHier":["http://www.bioassayontology.org/bao#BAO_0000084","http://www.bioassayontology.org/bao#BAO_0000074"],"labelHier":["ligand function mode of action","mode of action"]},{"propURI":"http://www.bioassayontology.org/bao#BAO_0000208","propLabel":"result","propAbbrev":"bao:BAO_0000208","valueURI":"http://www.bioassayontology.org/bao#BAO_0000190","valueLabel":"IC50","valueAbbrev":"bao:BAO_0000190","valueDescr":"The effective concentration of an inhibitor, which produces 50% of the maximum possible response for that inhibitor.","groupNest":[],"groupLabel":[],"valueHier":["http://www.bioassayontology.org/bao#BAO_0002162","http://www.bioassayontology.org/bao#BAO_0000180","http://www.bioassayontology.org/bao#BAO_0000179"],"labelHier":["concentration response endpoint","concentration endpoint","endpoint"]},{"propURI":"http://www.bioassayontology.org/bao#BAO_0002874","propLabel":"units","propAbbrev":"bao:BAO_0002874","valueURI":"http://purl.obolibrary.org/obo/UO_0000064","valueLabel":"micromolar","valueAbbrev":"obo:UO_0000064","valueDescr":"A unit of molarity which is equal to one millionth of a molar or 10^[-6] M.","groupNest":["http://www.bioassayontology.org/bao#BAX_0000017"],"groupLabel":["measurement"],"valueHier":["http://purl.obolibrary.org/obo/UO_0000061","http://purl.obolibrary.org/obo/UO_0000051","http://purl.obolibrary.org/obo/UO_0000000"],"labelHier":["unit of molarity","concentration unit","unit"]},{"propURI":"http://www.bioassayontology.org/bao#BAO_0000210","propLabel":"screening campaign stage","propAbbrev":"bao:BAO_0000210","valueURI":"http://www.bioassayontology.org/bao#BAO_0001064","valueLabel":"alternate target assay","valueAbbrev":"bao:BAO_0001064","valueDescr":"This assay is performed with a different but a related target (usually from the same protein family) than that was tested in primary or confirmatory assays, e.g., SIP1 instead of SIP3.","groupNest":[],"groupLabel":[],"valueHier":["http://www.bioassayontology.org/bao#BAO_0000803","http://www.bioassayontology.org/bao#BAO_0000032","http://www.bioassayontology.org/bao#BAO_0000029"],"labelHier":["counter screening assay","secondary assay","assay screening campaign stage"]},{"propURI":"http://www.bioassayontology.org/bao#BAO_0002867","propLabel":"assay footprint","propAbbrev":"bao:BAO_0002867","valueURI":"http://www.bioassayontology.org/bao#BAO_0000513","valueLabel":"96 well plate","valueAbbrev":"bao:BAO_0000513","valueDescr":"This microplate contains 96 wells. It is suitable for a low throughput assay.","groupNest":[],"groupLabel":[],"valueHier":["http://www.bioassayontology.org/bao#BAO_0000508","http://www.bioassayontology.org/bao#BAO_0000512"],"labelHier":["microplate","assay footprint"]},{"propURI":"http://www.bioassayontology.org/bao#BAO_0000207","propLabel":"physical detection method","propAbbrev":"bao:BAO_0000207","valueURI":"http://www.bioassayontology.org/bao#BAO_0000001","valueLabel":"fluorescence resonance energy transfer","valueAbbrev":"bao:BAO_0000001","valueDescr":"Fluorescence resonance energy transfer (FRET) is based on the transfer of energy between two fluorophores, a donor and an acceptor, when in close proximity. The energy transfer is directed from higher-energy donor fluorophore to lower-energy acceptor fluorophore of labeled protein pairs. Target protein pairs are likely to exhibit FRET if they are no more than 10 nm apart.","groupNest":[],"groupLabel":[],"altLabels":["FRET"],"valueHier":["http://www.bioassayontology.org/bao#BAO_0000046","http://www.bioassayontology.org/bao#BAO_0000035"],"labelHier":["fluorescence method","physical detection method"]},{"propURI":"http://www.bioassayontology.org/bao#BAO_0002865","propLabel":"detection instrument","propAbbrev":"bao:BAO_0002865","valueURI":"http://www.bioassayontology.org/bat#Unknown","valueLabel":"unknown","valueAbbrev":"bat:Unknown","valueDescr":"There should be a term assigned to this property but the value was not specified in the source information.","groupNest":[],"groupLabel":[],"valueHier":[],"labelHier":[]},{"propURI":"http://www.bioassayontology.org/bao#BAO_0000185","propLabel":"perturbagen type","propAbbrev":"bao:BAO_0000185","valueURI":"http://www.bioassayontology.org/bao#BAO_0000733","valueLabel":"MLSMR library","valueAbbrev":"bao:BAO_0000733","valueDescr":"","groupNest":[],"groupLabel":[],"valueHier":["http://www.bioassayontology.org/bao#BAO_0000648","http://www.bioassayontology.org/bao#BAO_0000661","http://www.bioassayontology.org/bao#BAO_0003120"],"labelHier":["compound library","perturbagen library","assay screened entity component"]},{"propURI":"http://www.bioassayontology.org/bao#BAO_0002663","propLabel":"assay kit","propAbbrev":"bao:BAO_0002663","valueURI":"http://www.bioassayontology.org/bao#BAO_0140032","valueLabel":"Sensolyte 520 HCV Protease Assay Kit (AnaSpec)","valueAbbrev":"bao:BAO_0140032","valueDescr":"An assay kit for measuring hepatitits C virus (HCV) NS3/4A protease activity using a 5-FAM/QXL520 fluorescence resonance energy transfer (FRET) peptide. Called 'Enzolyte' as well as 'Sensolyte'.","groupNest":[],"groupLabel":[],"valueHier":["http://www.bioassayontology.org/bao#BAO_0000248"],"labelHier":["assay kit"]},{"propURI":"http://www.bioassayontology.org/bao#BAX_0000016","propLabel":"operator","propAbbrev":"bao:BAX_0000016","valueURI":"http://purl.obolibrary.org/obo/GENEPIO_0001002","valueLabel":"less than (<)","valueAbbrev":"obo:GENEPIO_0001002","valueDescr":"","groupNest":["http://www.bioassayontology.org/bao#BAX_0000017"],"groupLabel":["measurement"],"valueHier":["http://purl.obolibrary.org/obo/GENEPIO_0001001"],"labelHier":["threshold comparisons"]},{"propURI":"http://www.bioassayontology.org/bao#BAO_0002852","propLabel":"assay sources","propAbbrev":"bao:BAO_0002852","valueURI":"http://www.bioassayexpress.org/sources#SRC_0000026","valueLabel":"Molecular Screening Center (The Scripps Research Institute)","valueAbbrev":"src:SRC_0000026","valueDescr":"The Scripps Research Institute Molecular Screening Center.","groupNest":[],"groupLabel":[],"externalURLs":["http://mlpcn.florida.scripps.edu"],"valueHier":["http://www.bioassayexpress.org/sources#pubchem_sources","http://www.bioassayontology.org/bao#BAO_0002934"],"labelHier":["PubChem Sources","organization"]},{"propURI":"http://www.bioassayontology.org/bao#BAX_0000015","valueLabel":"Average IC50","propAbbrev":"bao:BAX_0000015","groupNest":["http://www.bioassayontology.org/bao#BAX_0000017"],"propLabel":"field","groupLabel":["measurement"]},{"propURI":"http://www.bioassayontology.org/bao#BAO_0002916","valueLabel":"49.0","propAbbrev":"bao:BAO_0002916","groupNest":["http://www.bioassayontology.org/bao#BAX_0000017"],"propLabel":"threshold","groupLabel":["measurement"]},{"propURI":"http://www.bioassayontology.org/bao#BAO_0000539","valueLabel":"pubchemAID:1800","propAbbrev":"bao:BAO_0000539","groupNest":[],"propLabel":"related assays","groupLabel":[]},{"propURI":"http://www.bioassayontology.org/bao#BAO_0000539","valueLabel":"pubchemAID:1830","propAbbrev":"bao:BAO_0000539","groupNest":[],"propLabel":"related assays","groupLabel":[]},{"propURI":"http://www.bioassayontology.org/bao#BAO_0000539","valueLabel":"pubchemAID:1845","propAbbrev":"bao:BAO_0000539","groupNest":[],"propLabel":"related assays","groupLabel":[]},{"propURI":"http://www.bioassayontology.org/bao#BAO_0000539","valueLabel":"pubchemAID:1943","propAbbrev":"bao:BAO_0000539","groupNest":[],"propLabel":"related assays","groupLabel":[]},{"propURI":"http://www.bioassayontology.org/bao#BAO_0000539","valueLabel":"pubchemAID:1945","propAbbrev":"bao:BAO_0000539","groupNest":[],"propLabel":"related assays","groupLabel":[]},{"propURI":"http://www.bioassayontology.org/bao#BAO_0000539","valueLabel":"pubchemAID:2172","propAbbrev":"bao:BAO_0000539","groupNest":[],"propLabel":"related assays","groupLabel":[]},{"propURI":"http://www.bioassayontology.org/bao#BAO_0000539","valueLabel":"pubchemAID:2173","propAbbrev":"bao:BAO_0000539","groupNest":[],"propLabel":"related assays","groupLabel":[]},{"propURI":"http://www.bioassayontology.org/bao#BAO_0000539","valueLabel":"pubchemAID:2474","propAbbrev":"bao:BAO_0000539","groupNest":[],"propLabel":"related assays","groupLabel":[]},{"propURI":"http://www.bioassayontology.org/bao#BAO_0000539","valueLabel":"pubchemAID:2476","propAbbrev":"bao:BAO_0000539","groupNest":[],"propLabel":"related assays","groupLabel":[]},{"propURI":"http://www.bioassayontology.org/bao#BAO_0000539","valueLabel":"pubchemAID:463231","propAbbrev":"bao:BAO_0000539","groupNest":[],"propLabel":"related assays","groupLabel":[]},{"propURI":"http://www.bioassayontology.org/bao#BAO_0000539","valueLabel":"pubchemAID:463235","propAbbrev":"bao:BAO_0000539","groupNest":[],"propLabel":"related assays","groupLabel":[]},{"propURI":"http://www.bioassayontology.org/bao#BAO_0000539","valueLabel":"pubchemAID:485301","propAbbrev":"bao:BAO_0000539","groupNest":[],"propLabel":"related assays","groupLabel":[]},{"propURI":"http://www.bioassayontology.org/bao#BAO_0000539","valueLabel":"pubchemAID:588360","propAbbrev":"bao:BAO_0000539","groupNest":[],"propLabel":"related assays","groupLabel":[]},{"propURI":"http://www.bioassayontology.org/bao#BAO_0000539","valueLabel":"pubchemAID:504419","propAbbrev":"bao:BAO_0000539","groupNest":[],"propLabel":"related assays","groupLabel":[]},{"propURI":"http://www.bioassayontology.org/bao#BAO_0002853","valueLabel":"Late stage probe development assay for inhibitors of the Hepatitis C Virus non-structural protein 3 helicase (NS3): florescence-based biochemical assay to determine whether compounds inhibit the HCV protease NS3-NS4A","propAbbrev":"bao:BAO_0002853","groupNest":[],"propLabel":"assay title","groupLabel":[]}],"pubchemXRef":[{"type":"aid","id":"1800","comment":"Primary screen (HCV NS3 helicase inhibitors in singlicate)"},{"type":"aid","id":"1830","comment":"Summary (HCV NS3 helicase inhibitors)"},{"type":"aid","id":"1845","comment":"Counterscreen (Fluorescent intercalator displacement in singlicate)"},{"type":"aid","id":"1943","comment":"Confirmation screen (HCV NS3 helicase inhibitors in triplicate)"},{"type":"aid","id":"1945","comment":"Counterscreen (Fluorescent intercalator displacement in triplicate)"},{"type":"aid","id":"2172","comment":"Dose response counterscreen (Fluorescent intercalator displacement in triplicate)"},{"type":"aid","id":"2173","comment":"Dose response (HCV NS3 helicase inhibitors in triplicate)"},{"type":"aid","id":"2474","comment":"Late stage dose response (HCV NS3 helicase inhibitors in triplicate)"},{"type":"aid","id":"2476","comment":"Late stage dose response counterscreen (Fluorescent intercalator displacement in triplicate )"},{"type":"aid","id":"463231","comment":"Late stage dose response counterscreen (Cytotoxicity)"},{"type":"aid","id":"463235","comment":"Late stage dose response (Replication of HCV RNA replicon inhibitors)"},{"type":"aid","id":"485301","comment":"Late stage dose response counterscreen (Helicase encoded by HCV strains inhibitors)"},{"type":"aid","id":"588360","comment":"Late stage dose response counterscreen (Cytotoxicity)"},{"type":"aid","id":"504419","comment":"Late stage dose response counterscreen (Helicase encoded by HCV strains inhibitors)"},{"type":"nucleotide_gi","id":"186701434","comment":"Hepatitis C virus isolate ps41 NS3/4a protease gene, partial cds"},{"type":"protein_gi","id":"125541954","comment":"NS3 [Hepatitis C virus]"},{"type":"nucleotide_gi","id":"203285900","comment":"Hepatitis C virus isolate 7G71R747S4 protease-helicase-like (NS3) gene, partial sequence"},{"type":"dburl","id":"http://mlpcn.florida.scripps.edu/","comment":""},{"type":"taxonomy","id":"11103","comment":""},{"type":"pmid","id":"12407573","comment":"Reference (1)"},{"type":"pmid","id":"17263143","comment":"Reference (2)"},{"type":"pmid","id":"12206878","comment":"Reference (3)"},{"type":"pmid","id":"9493270","comment":"Reference (4)"},{"type":"pmid","id":"19009270","comment":"Reference (5)"},{"type":"pmid","id":"10644352","comment":"Reference (6)"},{"type":"pmid","id":"9614113","comment":"Reference (7)"},{"type":"pmid","id":"20225153","comment":"Reference (8)"},{"type":"protein_gi","id":"186701435","comment":"NS3/4a protease, partial [Hepatitis C virus]"}],"curationTime":1492468130720,"curatorID":"admin","history":[{"curationTime":1482269712585,"curatorID":"orcid:0000-0003-2629-5583","annotsAdded":[{"propURI":"http://www.bioassayontology.org/bao#BAO_0002663","propLabel":"assay kit","propAbbrev":"bao:BAO_0002663","valueURI":"http://www.bioassayontology.org/bao#BAO_0140032","valueLabel":"Sensolyte 520 HCV Protease Assay Kit (AnaSpec)","valueAbbrev":"bao:BAO_0140032","valueDescr":"An assay kit for measuring hepatitits C virus (HCV) NS3/4A protease activity using a 5-FAM/QXL520 fluorescence resonance energy transfer (FRET) peptide. Called 'Enzolyte' as well as 'Sensolyte'.","valueHier":["http://www.bioassayontology.org/bao#BAO_0000248"],"labelHier":["assay kit"]}],"annotsRemoved":[{"propURI":"http://www.bioassayontology.org/bao#BAO_0002663","propLabel":"assay kit","propAbbrev":"bao:BAO_0002663","valueURI":"http://www.bioassayontology.org/bat#RequiresTerm","valueLabel":"requires term","valueAbbrev":"bat:RequiresTerm","valueDescr":"An appropriate term could not be found in the underlying ontologies: it may be necessary to create a new one.","valueHier":[],"labelHier":[]}],"labelsAdded":[{"propURI":"http://www.bioassayontology.org/bao#BAO_0002663","valueLabel":"Sensolyte 520 HCV Protease Assay Kit (AnaSpec)","propAbbrev":"bao:BAO_0002663","propLabel":"assay kit"}],"labelsRemoved":[{"propURI":"http://www.bioassayontology.org/bao#BAO_0002663","valueLabel":"requires term","propAbbrev":"bao:BAO_0002663","propLabel":"assay kit"}]},{"curationTime":1492468130720,"curatorID":"admin","annotsAdded":[{"propURI":"http://www.bioassayontology.org/bao#BAO_0002854","propLabel":"bioassay type","propAbbrev":"bao:BAO_0002854","valueURI":"http://www.bioassayontology.org/bao#BAO_0000010","valueLabel":"functional","valueAbbrev":"bao:BAO_0000010","valueDescr":"An assay where the measured signal corresponds to a complex response such as cell survival, proliferation, localization of a protein, nuclear translocation etc. The molecular target is not assumed.","valueHier":["http://www.bioassayontology.org/bao#BAO_0000008"],"labelHier":["bioassay type"]}],"annotsRemoved":[{"propURI":"http://www.bioassayontology.org/bao#BAX_0000002","propLabel":"has bioassay type","propAbbrev":"bao:BAX_0000002","valueURI":"http://www.bioassayontology.org/bao#BAO_0000010","valueLabel":"functional","valueAbbrev":"bao:BAO_0000010","valueDescr":"An assay where the measured signal corresponds to a complex response such as cell survival, proliferation, localization of a protein, nuclear translocation etc. The molecular target is not assumed.","valueHier":[],"labelHier":[],"outOfSchema":true}],"labelsAdded":[{"propURI":"http://www.bioassayontology.org/bao#BAO_0002854","valueLabel":"functional","propAbbrev":"bao:BAO_0002854","propLabel":"bioassay type"}],"labelsRemoved":[{"propURI":"http://www.bioassayontology.org/bao#BAX_0000002","valueLabel":"functional","propAbbrev":"bao:BAX_0000002","propLabel":"has bioassay type"}]},{"curationTime":1492468130720,"curatorID":"admin","annotsAdded":[{"propURI":"http://www.bioassayontology.org/bao#BAO_0002009","propLabel":"biological process","propAbbrev":"bao:BAO_0002009","valueURI":"http://purl.obolibrary.org/obo/GO_0039693","valueLabel":"viral DNA genome replication","valueAbbrev":"obo:GO_0039693","valueDescr":"The replication of a viral DNA genome.","valueHier":["http://purl.obolibrary.org/obo/GO_0044034","http://purl.obolibrary.org/obo/GO_0044033","http://purl.obolibrary.org/obo/GO_0008152","http://purl.obolibrary.org/obo/GO_0008150","http://www.bioassayontology.org/bao#BAO_0003114"],"labelHier":["multi-organism biosynthetic process","multi-organism metabolic process","metabolic process","biological process","assay biology component"]}],"annotsRemoved":[{"propURI":"http://www.bioassayontology.org/bao#BAX_0000004","propAbbrev":"bao:BAX_0000004","valueURI":"http://purl.obolibrary.org/obo/GO_0039693","valueLabel":"viral DNA genome replication","valueAbbrev":"obo:GO_0039693","valueDescr":"The replication of a viral DNA genome.","valueHier":[],"labelHier":[],"outOfSchema":true}],"labelsAdded":[{"propURI":"http://www.bioassayontology.org/bao#BAO_0002009","valueLabel":"viral DNA genome replication","propAbbrev":"bao:BAO_0002009","propLabel":"biological process"}],"labelsRemoved":[{"propURI":"http://www.bioassayontology.org/bao#BAX_0000004","valueLabel":"viral DNA genome replication","propAbbrev":"bao:BAX_0000004"}]},{"curationTime":1492468130720,"curatorID":"admin","annotsAdded":[{"propURI":"http://www.bioassayontology.org/bao#BAO_0002848","propLabel":"applies to disease","propAbbrev":"bao:BAO_0002848","valueURI":"http://purl.obolibrary.org/obo/DOID_684","valueLabel":"hepatocellular carcinoma","valueAbbrev":"obo:DOID_684","valueDescr":"\nA liver carcinoma that has_material_basis_in undifferentiated hepatocytes.\n","valueHier":["http://purl.obolibrary.org/obo/DOID_686","http://purl.obolibrary.org/obo/DOID_3571","http://purl.obolibrary.org/obo/DOID_3119","http://purl.obolibrary.org/obo/DOID_77","http://purl.obolibrary.org/obo/DOID_7","http://purl.obolibrary.org/obo/DOID_4"],"labelHier":["liver carcinoma","liver cancer","gastrointestinal system cancer","gastrointestinal system disease","disease of anatomical entity","Disease"]},{"propURI":"http://www.bioassayontology.org/bao#BAO_0002848","propLabel":"applies to disease","propAbbrev":"bao:BAO_0002848","valueURI":"http://purl.obolibrary.org/obo/DOID_1884","valueLabel":"viral hepatitis","valueAbbrev":"obo:DOID_1884","valueDescr":"\nA hepatitis that involves viral infection causing inflammation of the liver.\n","valueHier":["http://purl.obolibrary.org/obo/DOID_2237","http://purl.obolibrary.org/obo/DOID_409","http://purl.obolibrary.org/obo/DOID_3118","http://purl.obolibrary.org/obo/DOID_77","http://purl.obolibrary.org/obo/DOID_7","http://purl.obolibrary.org/obo/DOID_4"],"labelHier":["hepatitis","liver disease","hepatobiliary disease","gastrointestinal system disease","disease of anatomical entity","Disease"]},{"propURI":"http://www.bioassayontology.org/bao#BAO_0002848","propLabel":"applies to disease","propAbbrev":"bao:BAO_0002848","valueURI":"http://purl.obolibrary.org/obo/DOID_1883","valueLabel":"hepatitis C","valueAbbrev":"obo:DOID_1883","valueDescr":"A viral infectious disease that results_in inflammation located_in liver, has_material_basis_in Hepatitis C virus, which is transmitted_by blood from an infected person enters the body of an uninfected person. The infection has_symptom fever, has_symptom fatigue, has_symptom loss of appetite, has_symptom nausea, has_symptom vomiting, has_symptom abdominal pain, has_symptom clay-colored bowel movements, has_symptom joint pain, and has_symptom jaundice.","valueHier":["http://purl.obolibrary.org/obo/DOID_934","http://purl.obolibrary.org/obo/DOID_0050117","http://purl.obolibrary.org/obo/DOID_4"],"labelHier":["viral infectious disease","disease by infectious agent","Disease"]}],"annotsRemoved":[{"propURI":"http://www.bioassayontology.org/bao#BAX_0000010","propAbbrev":"bao:BAX_0000010","valueURI":"http://purl.obolibrary.org/obo/DOID_684","valueLabel":"hepatocellular carcinoma","valueAbbrev":"obo:DOID_684","valueDescr":"\nA liver carcinoma that has_material_basis_in undifferentiated hepatocytes.\n","valueHier":[],"labelHier":[],"outOfSchema":true},{"propURI":"http://www.bioassayontology.org/bao#BAX_0000010","propAbbrev":"bao:BAX_0000010","valueURI":"http://purl.obolibrary.org/obo/DOID_1883","valueLabel":"hepatitis C","valueAbbrev":"obo:DOID_1883","valueDescr":"A viral infectious disease that results_in inflammation located_in liver, has_material_basis_in Hepatitis C virus, which is transmitted_by blood from an infected person enters the body of an uninfected person. The infection has_symptom fever, has_symptom fatigue, has_symptom loss of appetite, has_symptom nausea, has_symptom vomiting, has_symptom abdominal pain, has_symptom clay-colored bowel movements, has_symptom joint pain, and has_symptom jaundice.","valueHier":[],"labelHier":[],"outOfSchema":true},{"propURI":"http://www.bioassayontology.org/bao#BAX_0000010","propAbbrev":"bao:BAX_0000010","valueURI":"http://purl.obolibrary.org/obo/DOID_1884","valueLabel":"viral hepatitis","valueAbbrev":"obo:DOID_1884","valueDescr":"\nA hepatitis that involves viral infection causing inflammation of the liver.\n","valueHier":[],"labelHier":[],"outOfSchema":true}],"labelsAdded":[{"propURI":"http://www.bioassayontology.org/bao#BAO_0002848","valueLabel":"hepatocellular carcinoma","propAbbrev":"bao:BAO_0002848","propLabel":"applies to disease"},{"propURI":"http://www.bioassayontology.org/bao#BAO_0002848","valueLabel":"viral hepatitis","propAbbrev":"bao:BAO_0002848","propLabel":"applies to disease"},{"propURI":"http://www.bioassayontology.org/bao#BAO_0002848","valueLabel":"hepatitis C","propAbbrev":"bao:BAO_0002848","propLabel":"applies to disease"}],"labelsRemoved":[{"propURI":"http://www.bioassayontology.org/bao#BAX_0000010","valueLabel":"hepatocellular carcinoma","propAbbrev":"bao:BAX_0000010"},{"propURI":"http://www.bioassayontology.org/bao#BAX_0000010","valueLabel":"hepatitis C","propAbbrev":"bao:BAX_0000010"},{"propURI":"http://www.bioassayontology.org/bao#BAX_0000010","valueLabel":"viral hepatitis","propAbbrev":"bao:BAX_0000010"}]},{"curationTime":1492468130720,"curatorID":"admin","annotsAdded":[{"propURI":"http://www.bioassayontology.org/bao#BAO_0000208","propLabel":"result","propAbbrev":"bao:BAO_0000208","valueURI":"http://www.bioassayontology.org/bao#BAO_0000190","valueLabel":"IC50","valueAbbrev":"bao:BAO_0000190","valueDescr":"The effective concentration of an inhibitor, which produces 50% of the maximum possible response for that inhibitor.","valueHier":["http://www.bioassayontology.org/bao#BAO_0002162","http://www.bioassayontology.org/bao#BAO_0000180","http://www.bioassayontology.org/bao#BAO_0000179"],"labelHier":["concentration response endpoint","concentration endpoint","endpoint"]}],"annotsRemoved":[{"propURI":"http://www.bioassayontology.org/bao#BAX_0000006","propAbbrev":"bao:BAX_0000006","valueURI":"http://www.bioassayontology.org/bao#BAO_0000190","valueLabel":"IC50","valueAbbrev":"bao:BAO_0000190","valueDescr":"The effective concentration of an inhibitor, which produces 50% of the maximum possible response for that inhibitor.","valueHier":[],"labelHier":[],"outOfSchema":true}],"labelsAdded":[{"propURI":"http://www.bioassayontology.org/bao#BAO_0000208","valueLabel":"IC50","propAbbrev":"bao:BAO_0000208","propLabel":"result"}],"labelsRemoved":[{"propURI":"http://www.bioassayontology.org/bao#BAX_0000006","valueLabel":"IC50","propAbbrev":"bao:BAX_0000006"}]},{"curationTime":1492468130720,"curatorID":"admin","annotsAdded":[{"propURI":"http://www.bioassayontology.org/bao#BAO_0002874","propLabel":"units","propAbbrev":"bao:BAO_0002874","valueURI":"http://purl.org/obo/owl/UO#UO_0000064","valueLabel":"micromolar","valueAbbrev":"uo:UO_0000064","valueDescr":"","valueHier":[],"labelHier":[],"outOfSchema":true}],"annotsRemoved":[{"propURI":"http://www.bioassayontology.org/bao#BAX_0000007","propAbbrev":"bao:BAX_0000007","valueURI":"http://purl.org/obo/owl/UO#UO_0000064","valueLabel":"micromolar","valueAbbrev":"uo:UO_0000064","valueDescr":"","valueHier":[],"labelHier":[],"outOfSchema":true}],"labelsAdded":[{"propURI":"http://www.bioassayontology.org/bao#BAO_0002874","valueLabel":"micromolar","propAbbrev":"bao:BAO_0002874","propLabel":"units"}],"labelsRemoved":[{"propURI":"http://www.bioassayontology.org/bao#BAX_0000007","valueLabel":"micromolar","propAbbrev":"bao:BAX_0000007"}]},{"curationTime":1492468130720,"curatorID":"admin","annotsAdded":[{"propURI":"http://www.bioassayontology.org/bao#BAO_0095009","propLabel":"assay design method","propAbbrev":"bao:BAO_0095009","valueURI":"http://www.bioassayontology.org/bao#BAO_0000139","valueLabel":"direct enzyme activity measurement method","valueAbbrev":"bao:BAO_0000139","valueDescr":"An enzyme is a protein that acts as a catalyst for specific biochemical reaction, converting specific substrates into chemically distinct products. Enzyme activity assays quantify the kinetics of the product formation or substrate depletion in the reaction, which result in fluorescence, luminescence or colorimetric outputs.","valueHier":["http://www.bioassayontology.org/bao#BAO_0000124","http://www.bioassayontology.org/bao#BAO_0002202"],"labelHier":["enzyme activity measurement method","assay design method"]}],"annotsRemoved":[{"propURI":"http://www.bioassayontology.org/bao#BAX_0000003","propAbbrev":"bao:BAX_0000003","valueURI":"http://www.bioassayontology.org/bao#BAO_0000139","valueLabel":"direct enzyme activity measurement method","valueAbbrev":"bao:BAO_0000139","valueDescr":"An enzyme is a protein that acts as a catalyst for specific biochemical reaction, converting specific substrates into chemically distinct products. Enzyme activity assays quantify the kinetics of the product formation or substrate depletion in the reaction, which result in fluorescence, luminescence or colorimetric outputs.","valueHier":[],"labelHier":[],"outOfSchema":true}],"labelsAdded":[{"propURI":"http://www.bioassayontology.org/bao#BAO_0095009","valueLabel":"direct enzyme activity measurement method","propAbbrev":"bao:BAO_0095009","propLabel":"assay design method"}],"labelsRemoved":[{"propURI":"http://www.bioassayontology.org/bao#BAX_0000003","valueLabel":"direct enzyme activity measurement method","propAbbrev":"bao:BAX_0000003"}]},{"curationTime":1492468130720,"curatorID":"admin","annotsAdded":[{"propURI":"http://www.bioassayontology.org/bao#BAO_0000211","propLabel":"target","propAbbrev":"bao:BAO_0000211","valueURI":"http://www.bioassayontology.org/bat#SeeGeneID","valueLabel":"see Gene ID","valueAbbrev":"bat:SeeGeneID","valueDescr":"The target is present in the Gene ID section, but needs to be mapped to a formal ontology.","valueHier":["http://www.bioassayontology.org/bat#SeeAlso"],"labelHier":["see also"]}],"annotsRemoved":[{"propURI":"http://www.bioassayontology.org/bao#BAX_0000005","propAbbrev":"bao:BAX_0000005","valueURI":"http://www.bioassayontology.org/bat#SeeGeneID","valueLabel":"see Gene ID","valueAbbrev":"bat:SeeGeneID","valueDescr":"The target is present in the Gene ID section, but needs to be mapped to a formal ontology.","valueHier":[],"labelHier":[],"outOfSchema":true}],"labelsAdded":[{"propURI":"http://www.bioassayontology.org/bao#BAO_0000211","valueLabel":"see Gene ID","propAbbrev":"bao:BAO_0000211","propLabel":"target"}],"labelsRemoved":[{"propURI":"http://www.bioassayontology.org/bao#BAX_0000005","valueLabel":"see Gene ID","propAbbrev":"bao:BAX_0000005"}]},{"curationTime":1492468130720,"curatorID":"admin","annotsAdded":[{"propURI":"http://www.bioassayontology.org/bao#BAO_0002855","propLabel":"bioassay","propAbbrev":"bao:BAO_0002855","valueURI":"http://www.bioassayontology.org/bao#BAO_0002764","valueLabel":"protease activity assay","valueAbbrev":"bao:BAO_0002764","valueDescr":"","valueHier":["http://www.bioassayontology.org/bao#BAO_0002790","http://www.bioassayontology.org/bao#BAO_0002994","http://www.bioassayontology.org/bao#BAO_0000015"],"labelHier":["hydrolase activity assay","enzyme activity assay","bioassay"]}],"annotsRemoved":[{"propURI":"http://www.bioassayontology.org/bao#BAX_0000002","propLabel":"has bioassay type","propAbbrev":"bao:BAX_0000002","valueURI":"http://www.bioassayontology.org/bao#BAO_0002764","valueLabel":"protease activity assay","valueAbbrev":"bao:BAO_0002764","valueDescr":"","valueHier":[],"labelHier":[],"outOfSchema":true}],"labelsAdded":[{"propURI":"http://www.bioassayontology.org/bao#BAO_0002855","valueLabel":"protease activity assay","propAbbrev":"bao:BAO_0002855","propLabel":"bioassay"}],"labelsRemoved":[{"propURI":"http://www.bioassayontology.org/bao#BAX_0000002","valueLabel":"protease activity assay","propAbbrev":"bao:BAX_0000002","propLabel":"has bioassay type"}]},{"curationTime":1492468130720,"curatorID":"admin","annotsAdded":[{"propURI":"http://www.bioassayontology.org/bao#BAO_0002874","propLabel":"units","propAbbrev":"bao:BAO_0002874","valueURI":"http://purl.obolibrary.org/obo/UO_0000064","valueLabel":"micromolar","valueAbbrev":"obo:UO_0000064","valueDescr":"A unit of molarity which is equal to one millionth of a molar or 10^[-6] M.","valueHier":["http://purl.obolibrary.org/obo/UO_0000061","http://purl.obolibrary.org/obo/UO_0000051","http://purl.obolibrary.org/obo/UO_0000000"],"labelHier":["unit of molarity","concentration unit","unit"]}],"annotsRemoved":[{"propURI":"http://www.bioassayontology.org/bao#BAO_0002874","propLabel":"units","propAbbrev":"bao:BAO_0002874","valueURI":"http://purl.org/obo/owl/UO#UO_0000064","valueLabel":"micromolar","valueAbbrev":"uo:UO_0000064","valueDescr":"","valueHier":[],"labelHier":[],"outOfSchema":true}],"labelsAdded":[{"propURI":"http://www.bioassayontology.org/bao#BAO_0002874","valueLabel":"micromolar","propAbbrev":"bao:BAO_0002874","propLabel":"units"}],"labelsRemoved":[{"propURI":"http://www.bioassayontology.org/bao#BAO_0002874","valueLabel":"micromolar","propAbbrev":"bao:BAO_0002874","propLabel":"units"}]},{"curationTime":1492468130720,"curatorID":"admin","annotsAdded":[{"propURI":"http://www.bioassayontology.org/bao#BAX_0000016","propLabel":"operator","propAbbrev":"bao:BAX_0000016","valueURI":"http://purl.obolibrary.org/obo/GENEPIO_0001002","valueLabel":"less than (<)","valueAbbrev":"obo:GENEPIO_0001002","valueDescr":"","groupNest":["http://www.bioassayontology.org/bao#BAX_0000017"],"groupLabel":["measurement"],"valueHier":["http://purl.obolibrary.org/obo/GENEPIO_0001001"],"labelHier":["threshold comparisons"]}],"annotsRemoved":[],"labelsAdded":[{"propURI":"http://www.bioassayontology.org/bao#BAX_0000016","valueLabel":"less than (<)","propAbbrev":"bao:BAX_0000016","groupNest":["http://www.bioassayontology.org/bao#BAX_0000017"],"propLabel":"operator","groupLabel":["measurement"]}],"labelsRemoved":[]}],"holdingIDList":[]}