{"assayID":7020,"uniqueID":"pubchemAID:743392","text":"C. neoformans: Assay to assess phosphorylation of C neoformans Mpk1 Measured in Cell-Based System Using Imaging - 2162-10_Inhibitor_SinglePoint_DryPowder_Activity\n\nAssay Overview: this Western blot assay assesses phosphorylation of C. neoformans Mpk-1 at active compound IC50.\n\nExpected Outcome: Reduction in phosphorylation occurs in presence of active compound. Decrease of Western blot band density indicates activity.\n\n\nWestern blot analysis of Mpk1 phosphorylation. Colonies of C. neoformans strain H99 were struck from a fresh yeast peptone dextrose (YPD) plate and used to inoculate a 2mL culture in liquid YPD. The culture was grown overnight in YPD at 30 degrees C with shaking and then diluted to an OD660 0.2 in 25 mL of YPD. The cells were grown with shaking for 3 h and then treated with Calcofluor white (20 ig/ml), DMSO (1 %), or the probe candidates (16 microg/mL final concentration, final DMSO 1%) for 2 h. The growth rate between treated and untreated cells did not differ significantly by cell density measurements. The cells were harvested at 652 x g at 4 degrees C for 10 min. The cell pellet was re-suspended in 0.3 ml 1X lysis buffer (50 mM Tris-HCl pH 7.5, 150 mM NaCl, 5 mM EDTA pH 8.2, 5 mM EGTA, 0.2 mM Na3VO4, 50 mM KF, 30 mM sodium pyrophosphate, 15 mM p-nitrophenylphosphate, 1X protease inhibitor cocktail [Roche, #11836170001], and 10 ml/ml each phosphatase inhibitor cocktail II and III [Sigma, P-5726 and P-0044]). Glass beads were added to the meniscus of the suspension and the cells were lysed by 10 cycles of bead beating (20 sec) and cooling in ice (1 min). Total protein was determined using the Quick Start Bradford dye reagent (Bio-Rad) and 15 ig of total protein were loaded into pre-cast 10% Mini-PROTEAN TGX (Bio-Rad) gels. Fractionated proteins were transferred to nitrocellulose membranes and blocked overnight at 4oC (5% bovine serum albumin in 50 mM Tris pH 7.5, 150 mM NaCl, 0.05% Tween-20 (TBST). The membranes were probed using anti-Active MAPK (Promega, Madison, WI) at 1:1000 dilution in the blocking buffer to detect phosphorylated Mpk1 followed by anti-rabbit-HRP conjugated secondary antibody (Bio-RAD, 1:10,000 dilution). Blots were visualized with the ECL Plus Western blotting detection system (GE Healthcare). The blots were photographed with a GEL doc device and images processed by PhotoShop with all lanes set to identical levels/contrast/brightness. The relative density of the bands was determined using the histogram function of PhotoShop. \nComments:\nMpk1 Phosphorylation Western Blot Analysis \nData is expressed as % inhibition from basal level\nBasal level of pMpk1 was included as negative control.\nPUBCHEM_ACTIVITY_SCORE\nIf PUBCHEM_ACTIVITY_OUTCOME = 1 (inactive),\nthen PUBCHEM_ACTIVITY_SCORE = 0.\nIf PUBCHEM_ACTIVITY_OUTCOME = 2 (active),\nthen PUBCHEM_ACTIVITY_SCORE = 100\nActive compounds = \nPUBCHEM_ACTIVITY_OUTCOME\nActivity_Outcome = 1 (inactive)\nless than 20% inhibition from basal density\nActivity_Outcome = 2 (active)\n20% or greater inhibition from basal density","schemaURI":"http://www.bioassayontology.org/bas#","annotations":[{"propURI":"http://www.bioassayontology.org/bao#BAO_0002854","propLabel":"bioassay type","propAbbrev":"bao:BAO_0002854","valueURI":"http://www.bioassayontology.org/bao#BAO_0000010","valueLabel":"functional","valueAbbrev":"bao:BAO_0000010","valueDescr":"An assay where the measured signal corresponds to a complex response such as cell survival, proliferation, localization of a protein, nuclear translocation etc. The molecular target is not assumed.","groupNest":[],"groupLabel":[],"valueHier":["http://www.bioassayontology.org/bao#BAO_0000008"],"labelHier":["bioassay type"]},{"propURI":"http://www.bioassayontology.org/bao#BAO_0000205","propLabel":"assay format","propAbbrev":"bao:BAO_0000205","valueURI":"http://www.bioassayontology.org/bao#BAO_0000219","valueLabel":"cell based format","valueAbbrev":"bao:BAO_0000219","valueDescr":"Involves the use of living cells of eukaryotic origin, derived from a multicellular organism, and is a heterogeneous assay type. Typically, this refers to permanent (immortal) cell lines, or primary cells, or some form of stem cells. This is distinct from a single-celled organism-based format (classically bacteria or yeast).","groupNest":[],"groupLabel":[],"valueHier":["http://www.bioassayontology.org/bao#BAO_0000019"],"labelHier":["assay format"]},{"propURI":"http://www.bioassayontology.org/bao#BAO_0002800","propLabel":"assay cell line","propAbbrev":"bao:BAO_0002800","valueURI":"http://www.bioassayontology.org/bat#NotApplicable","valueLabel":"not applicable","valueAbbrev":"bat:NotApplicable","valueDescr":"This property does not apply to this assay.","groupNest":[],"groupLabel":[],"valueHier":[],"labelHier":[]},{"propURI":"http://www.bioassayontology.org/bao#BAO_0002848","propLabel":"applies to disease","propAbbrev":"bao:BAO_0002848","valueURI":"http://www.bioassayontology.org/bat#Missing","valueLabel":"missing","valueAbbrev":"bat:Missing","valueDescr":"The information is missing from the source data, presumed to be a communication error.","groupNest":[],"groupLabel":[],"valueHier":[],"labelHier":[]},{"propURI":"http://www.bioassayontology.org/bao#BAO_0000196","propLabel":"assay mode of action","propAbbrev":"bao:BAO_0000196","valueURI":"http://www.bioassayontology.org/bao#BAO_0000091","valueLabel":"inhibition","valueAbbrev":"bao:BAO_0000091","valueDescr":"Reduction of a predefined stimulus. Unit of Measure is always % when normalized to the dynamic range of the assay.","groupNest":[],"groupLabel":[],"valueHier":["http://www.bioassayontology.org/bao#BAO_0000084","http://www.bioassayontology.org/bao#BAO_0000074"],"labelHier":["ligand function mode of action","mode of action"]},{"propURI":"http://www.bioassayontology.org/bao#BAO_0000185","propLabel":"perturbagen type","propAbbrev":"bao:BAO_0000185","valueURI":"http://www.bioassayontology.org/bao#BAO_0000733","valueLabel":"MLSMR library","valueAbbrev":"bao:BAO_0000733","valueDescr":"","groupNest":[],"groupLabel":[],"valueHier":["http://www.bioassayontology.org/bao#BAO_0000648","http://www.bioassayontology.org/bao#BAO_0000661","http://www.bioassayontology.org/bao#BAO_0003120"],"labelHier":["compound library","perturbagen library","assay screened entity component"]},{"propURI":"http://www.bioassayontology.org/bao#BAO_0095009","propLabel":"assay design method","propAbbrev":"bao:BAO_0095009","valueURI":"http://www.bioassayontology.org/bao#BAO_0002424","valueLabel":"western blot","valueAbbrev":"bao:BAO_0002424","valueDescr":"The western blot (alternatively, protein immunoblot) is an analytical technique used to detect specific proteins in a given sample of tissue homogenate or extract. It uses gel electrophoresis to separate native or denatured proteins by the length of the polypeptide (denaturing conditions) or by the 3-D structure of the protein (native/ non-denaturing conditions). The proteins are then transferred to a membrane (typically nitrocellulose or PVDF), where they are probed (detected) using antibodies specific to the target protein.","groupNest":[],"groupLabel":[],"valueHier":["http://www.bioassayontology.org/bao#BAO_0002422","http://www.bioassayontology.org/bao#BAO_0000466","http://www.bioassayontology.org/bao#BAO_0000129","http://www.bioassayontology.org/bao#BAO_0000123","http://www.bioassayontology.org/bao#BAO_0002202"],"labelHier":["immunoblot","ex situ immunoassay","immunoassay","binding assessment method","assay design method"]},{"propURI":"http://www.bioassayontology.org/bao#BAO_0000208","propLabel":"result","propAbbrev":"bao:BAO_0000208","valueURI":"http://www.bioassayontology.org/bao#BAO_0000201","valueLabel":"percent inhibition","valueAbbrev":"bao:BAO_0000201","valueDescr":"Percent decrease of a measureable response as a consequence of compound treatment.  Unit of Measure is always % when normalized to the dynamic range of the assay. Percent inhibition is expressed relative to a positive control (which results in total inhibition).","groupNest":[],"groupLabel":[],"valueHier":["http://www.bioassayontology.org/bao#BAO_0000082","http://www.bioassayontology.org/bao#BAO_0000181","http://www.bioassayontology.org/bao#BAO_0000179"],"labelHier":["percent response","response endpoint","endpoint"]},{"propURI":"http://www.bioassayontology.org/bao#BAO_0002874","propLabel":"units","propAbbrev":"bao:BAO_0002874","valueURI":"http://purl.obolibrary.org/obo/UO_0000187","valueLabel":"percent","valueAbbrev":"obo:UO_0000187","valueDescr":"A dimensionless ratio unit which denotes numbers as fractions of 100.","groupNest":["http://www.bioassayontology.org/bao#BAX_0000017"],"groupLabel":["measurement"],"valueHier":["http://purl.obolibrary.org/obo/UO_0000190","http://purl.obolibrary.org/obo/UO_0000186","http://purl.obolibrary.org/obo/UO_0000000"],"labelHier":["ratio","dimensionless unit","unit"]},{"propURI":"http://www.bioassayontology.org/bao#BAO_0000210","propLabel":"screening campaign stage","propAbbrev":"bao:BAO_0000210","valueURI":"http://www.bioassayontology.org/bao#BAO_0000032","valueLabel":"secondary assay","valueAbbrev":"bao:BAO_0000032","valueDescr":"Additional assays following the confirmatory stage to confirm the biological activity of chemical entities via a different type of assay or to eliminate certain active compounds based on their mechanism of action, toxicity or activity profile.  Secondary assays can also include selectivity and specificity assays.","groupNest":[],"groupLabel":[],"valueHier":["http://www.bioassayontology.org/bao#BAO_0000029"],"labelHier":["assay screening campaign stage"]},{"propURI":"http://www.bioassayontology.org/bao#BAO_0000210","propLabel":"screening campaign stage","propAbbrev":"bao:BAO_0000210","valueURI":"http://www.bioassayontology.org/bao#BAO_0000543","valueLabel":"orthogonal assay design","valueAbbrev":"bao:BAO_0000543","valueDescr":"","groupNest":[],"groupLabel":[],"valueHier":["http://www.bioassayontology.org/bao#BAO_0000806","http://www.bioassayontology.org/bao#BAO_0000032","http://www.bioassayontology.org/bao#BAO_0000029"],"labelHier":["alternate confirmatory assay","secondary assay","assay screening campaign stage"]},{"propURI":"http://www.bioassayontology.org/bao#BAO_0000207","propLabel":"physical detection method","propAbbrev":"bao:BAO_0000207","valueURI":"http://www.bioassayontology.org/bao#BAO_0000051","valueLabel":"chemiluminescence","valueAbbrev":"bao:BAO_0000051","valueDescr":"Chemiluminescence is the generation of light as a result of a chemical reaction using synthetic compounds and usually involving a highly oxidized species such as peroxide.","groupNest":[],"groupLabel":[],"valueHier":["http://www.bioassayontology.org/bao#BAO_0000045","http://www.bioassayontology.org/bao#BAO_0000035"],"labelHier":["luminescence method","physical detection method"]},{"propURI":"http://www.bioassayontology.org/bao#BAO_0002921","propLabel":"organism","propAbbrev":"bao:BAO_0002921","valueURI":"http://purl.obolibrary.org/obo/NCBITaxon_5207","valueLabel":"Cryptococcus neoformans","valueAbbrev":"obo:NCBITaxon_5207","valueDescr":"","groupNest":[],"groupLabel":[],"altLabels":["Torula neoformans","Lipomyces neoformans","Blastomyces neoformans","Filobasidiella neoformans","Saccharomyces neoformans","Filobasidiella neoformornans","Filobaxidiella neoformans","Torulopsis neoformans","Debaryomyces neoformans"],"valueHier":["http://www.bioassayontology.org/bao#BAO_0000418","http://www.bioassayontology.org/bao#BAO_0000509","http://www.bioassayontology.org/bao#BAO_0000658","http://www.bioassayontology.org/bao#BAO_0000551"],"labelHier":["fungi","eukaryote","cellular organisms","organism"]},{"propURI":"http://www.bioassayontology.org/bao#BAO_0002663","propLabel":"assay kit","propAbbrev":"bao:BAO_0002663","valueURI":"http://www.bioassayontology.org/bao#BAO_0002540","valueLabel":"ECL western blotting detection kit","valueAbbrev":"bao:BAO_0002540","valueDescr":"","groupNest":[],"groupLabel":[],"valueHier":["http://www.bioassayontology.org/bao#BAO_0000248"],"labelHier":["assay kit"]},{"propURI":"http://www.bioassayontology.org/bao#BAO_0000211","propLabel":"target","propAbbrev":"bao:BAO_0000211","valueURI":"http://www.drugtargetontology.org/dto/DTO_03300101","valueLabel":"Kinase","valueAbbrev":"dto:DTO_03300101","valueDescr":"","groupNest":[],"groupLabel":[],"valueHier":["http://www.drugtargetontology.org/dto/DTO_00100000"],"labelHier":["Protein"]},{"propURI":"http://www.bioassayontology.org/bao#BAO_0002865","propLabel":"detection instrument","propAbbrev":"bao:BAO_0002865","valueURI":"http://www.bioassayontology.org/bat#Unknown","valueLabel":"unknown","valueAbbrev":"bat:Unknown","valueDescr":"There should be a term assigned to this property but the value was not specified in the source information.","groupNest":[],"groupLabel":[],"valueHier":[],"labelHier":[]},{"propURI":"http://www.bioassayontology.org/bao#BAO_0002855","propLabel":"bioassay","propAbbrev":"bao:BAO_0002855","valueURI":"http://www.bioassayontology.org/bao#BAO_0002005","valueLabel":"kinase activity assay","valueAbbrev":"bao:BAO_0002005","valueDescr":"","groupNest":[],"groupLabel":[],"valueHier":["http://www.bioassayontology.org/bao#BAO_0002795","http://www.bioassayontology.org/bao#BAO_0002994","http://www.bioassayontology.org/bao#BAO_0000015"],"labelHier":["transferase activity assay","enzyme activity assay","bioassay"]},{"propURI":"http://www.bioassayontology.org/bao#BAO_0002855","propLabel":"bioassay","propAbbrev":"bao:BAO_0002855","valueURI":"http://www.bioassayontology.org/bao#BAO_0003005","valueLabel":"phosphorylation assay","valueAbbrev":"bao:BAO_0003005","valueDescr":"This assay quantifies the phosphorylation levels of a protein. The phosphorylation status is detected by one of several methods: using phosphorylation specific antibodies followed by western blotting or imaging, mass spectrometry, etc.","groupNest":[],"groupLabel":[],"valueHier":["http://www.bioassayontology.org/bao#BAO_0000042","http://www.bioassayontology.org/bao#BAO_0003002","http://www.bioassayontology.org/bao#BAO_0000015"],"labelHier":["Cue Signal Response assay","signal transduction assay","bioassay"]},{"propURI":"http://www.bioassayontology.org/bao#BAO_0095009","propLabel":"assay design method","propAbbrev":"bao:BAO_0095009","valueURI":"http://www.bioassayontology.org/bao#BAO_0002013","valueLabel":"phosphoprotein detection method","valueAbbrev":"bao:BAO_0002013","valueDescr":"","groupNest":[],"groupLabel":[],"valueHier":["http://www.bioassayontology.org/bao#BAO_0002202"],"labelHier":["assay design method"]},{"propURI":"http://www.bioassayontology.org/bao#BAO_0002009","propLabel":"biological process","propAbbrev":"bao:BAO_0002009","valueURI":"http://purl.obolibrary.org/obo/GO_0000165","valueLabel":"MAPK cascade","valueAbbrev":"obo:GO_0000165","valueDescr":"An intracellular protein kinase cascade containing at least a MAPK, a MAPKK and a MAP3K. The cascade can also contain two additional tiers: the upstream MAP4K and the downstream MAP Kinase-activated kinase (MAPKAPK). The kinases in each tier phosphorylate and activate the kinases in the downstream tier to transmit a signal within a cell.","groupNest":[],"groupLabel":[],"valueHier":["http://purl.obolibrary.org/obo/GO_0023014","http://purl.obolibrary.org/obo/GO_0007165","http://purl.obolibrary.org/obo/GO_0008150","http://www.bioassayontology.org/bao#BAO_0003114"],"labelHier":["signal transduction by protein phosphorylation","signal transduction","biological process","assay biology component"]},{"propURI":"http://www.bioassayontology.org/bao#BAO_0000211","propLabel":"target","propAbbrev":"bao:BAO_0000211","valueURI":"http://www.bioassayontology.org/bat#SeeGeneID","valueLabel":"see Gene ID","valueAbbrev":"bat:SeeGeneID","valueDescr":"The target is present in the Gene ID section, but needs to be mapped to a formal ontology.","groupNest":[],"groupLabel":[],"valueHier":["http://www.bioassayontology.org/bat#SeeAlso"],"labelHier":["see also"]},{"propURI":"http://www.bioassayontology.org/bao#BAO_0002867","propLabel":"assay footprint","propAbbrev":"bao:BAO_0002867","valueURI":"http://www.bioassayontology.org/bao#BAO_0010019","valueLabel":"PAGE","valueAbbrev":"bao:BAO_0010019","valueDescr":"Polyacrylamide gel electrophoresis (PAGE), describes a technique to separate biological macromolecules, usually proteins or nucleic acids, according to their electrophoretic mobility. Mobility is a function of the length, conformation and charge of the molecule.  Gels can be native or denaturing (urea for nucleic acids, SDS for proteins).  A low-throughput method.","groupNest":[],"groupLabel":[],"valueHier":["http://www.bioassayontology.org/bao#BAO_0010018","http://www.bioassayontology.org/bao#BAO_0000512"],"labelHier":["gel","assay footprint"]},{"propURI":"http://www.bioassayontology.org/bao#BAX_0000011","propLabel":"gene identity","propAbbrev":"bao:BAX_0000011","valueURI":"http://www.bioassayontology.org/geneid#3259649","valueLabel":"CNI00410: MAP kinase, putative","valueAbbrev":"geneid:3259649","valueDescr":"","groupNest":[],"groupLabel":[],"externalURLs":["https://www.ncbi.nlm.nih.gov/gene/3259649"],"valueHier":["http://www.bioassayontology.org/geneid#Other","http://www.bioassayontology.org/geneid#Plants","http://www.bioassayontology.org/geneid#Root"],"labelHier":["Other","Plants","Faux GeneID"]},{"propURI":"http://www.bioassayontology.org/bao#BAO_0002852","propLabel":"assay sources","propAbbrev":"bao:BAO_0002852","valueURI":"http://www.bioassayexpress.org/sources#SRC_0000001","valueLabel":"Broad Institute (Harvard-MIT)","valueAbbrev":"src:SRC_0000001","valueDescr":"Broad Institute.","groupNest":[],"groupLabel":[],"externalURLs":["http://www.broadinstitute.org"],"valueHier":["http://www.bioassayexpress.org/sources#pubchem_sources","http://www.bioassayontology.org/bao#BAO_0002934"],"labelHier":["PubChem Sources","organization"]},{"propURI":"http://www.bioassayontology.org/bao#BAO_0000539","valueLabel":"pubchemAID:651665","propAbbrev":"bao:BAO_0000539","groupNest":[],"propLabel":"related assays","groupLabel":[]},{"propURI":"http://www.bioassayontology.org/bao#BAO_0002853","valueLabel":"C. neoformans: Assay to assess phosphorylation of C neoformans Mpk1 Measured in Cell-Based System Using Imaging - 2162-10_Inhibitor_SinglePoint_DryPowder_Activity","propAbbrev":"bao:BAO_0002853","groupNest":[],"propLabel":"assay title","groupLabel":[]}],"pubchemXRef":[{"type":"gene","id":"3259649","comment":"C neoformans MAP kinase"},{"type":"taxonomy","id":"235443","comment":"Cryptococcus neoformans var. grubii H99"},{"type":"aid","id":"651665","comment":"Summary assay"}],"curationTime":1492468131141,"curatorID":"admin","history":[{"curationTime":1481905850271,"curatorID":"orcid:0000-0003-2629-5583","annotsAdded":[{"propURI":"http://www.bioassayontology.org/bao#BAX_0000005","propAbbrev":"bao:BAX_0000005","valueURI":"http://www.bioassayontology.org/bat#SeeGeneID","valueLabel":"see Gene ID","valueAbbrev":"bat:SeeGeneID","valueDescr":"The target is present in the Gene ID section, but needs to be mapped to a formal ontology.","valueHier":[],"labelHier":[],"outOfSchema":true},{"propURI":"http://www.bioassayontology.org/bao#BAX_0000004","propAbbrev":"bao:BAX_0000004","valueURI":"http://purl.obolibrary.org/obo/GO_0000165","valueLabel":"MAPK cascade","valueAbbrev":"obo:GO_0000165","valueDescr":"An intracellular protein kinase cascade containing at least a MAPK, a MAPKK and a MAP3K. The cascade can also contain two additional tiers: the upstream MAP4K and the downstream MAP Kinase-activated kinase (MAPKAPK). The kinases in each tier phosphorylate and activate the kinases in the downstream tier to transmit a signal within a cell.","valueHier":[],"labelHier":[],"outOfSchema":true},{"propURI":"http://www.bioassayontology.org/bao#BAX_0000002","propLabel":"has bioassay type","propAbbrev":"bao:BAX_0000002","valueURI":"http://www.bioassayontology.org/bao#BAO_0003005","valueLabel":"phosphorylation assay","valueAbbrev":"bao:BAO_0003005","valueDescr":"This assay quantifies the phosphorylation levels of a protein. The phosphorylation status is detected by one of several methods: using phosphorylation specific antibodies followed by western blotting or imaging, mass spectrometry, etc.","valueHier":[],"labelHier":[],"outOfSchema":true},{"propURI":"http://www.bioassayontology.org/bao#BAO_0002921","propLabel":"organism","propAbbrev":"bao:BAO_0002921","valueURI":"http://purl.obolibrary.org/obo/NCBITaxon_5207","valueLabel":"Cryptococcus neoformans","valueAbbrev":"obo:NCBITaxon_5207","valueDescr":"","altLabels":["Torula neoformans","Lipomyces neoformans","Blastomyces neoformans","Filobasidiella neoformans","Saccharomyces neoformans","Filobasidiella neoformornans","Filobaxidiella neoformans","Torulopsis neoformans","Debaryomyces neoformans"],"valueHier":["http://www.bioassayontology.org/bao#BAO_0000418","http://www.bioassayontology.org/bao#BAO_0000509","http://www.bioassayontology.org/bao#BAO_0000658","http://www.bioassayontology.org/bao#BAO_0000551"],"labelHier":["fungi","eukaryote","cellular organisms","organism"]},{"propURI":"http://www.bioassayontology.org/bao#BAX_0000003","propAbbrev":"bao:BAX_0000003","valueURI":"http://www.bioassayontology.org/bao#BAO_0002013","valueLabel":"phosphoprotein detection method","valueAbbrev":"bao:BAO_0002013","valueDescr":"","valueHier":[],"labelHier":[],"outOfSchema":true},{"propURI":"http://www.bioassayontology.org/bao#BAO_0002663","propLabel":"assay kit","propAbbrev":"bao:BAO_0002663","valueURI":"http://www.bioassayontology.org/bao#BAO_0002540","valueLabel":"ECL western blotting detection kit","valueAbbrev":"bao:BAO_0002540","valueDescr":"","valueHier":["http://www.bioassayontology.org/bao#BAO_0000248"],"labelHier":["assay kit"]},{"propURI":"http://www.bioassayontology.org/bao#BAO_0002865","propLabel":"detection instrument","propAbbrev":"bao:BAO_0002865","valueURI":"http://www.bioassayontology.org/bat#Unknown","valueLabel":"unknown","valueAbbrev":"bat:Unknown","valueDescr":"There should be a term assigned to this property but the value was not specified in the source information.","valueHier":[],"labelHier":[]},{"propURI":"http://www.bioassayontology.org/bao#BAO_0002867","propLabel":"assay footprint","propAbbrev":"bao:BAO_0002867","valueURI":"http://www.bioassayontology.org/bao#BAO_0010019","valueLabel":"PAGE","valueAbbrev":"bao:BAO_0010019","valueDescr":"Polyacrylamide gel electrophoresis (PAGE), describes a technique to separate biological macromolecules, usually proteins or nucleic acids, according to their electrophoretic mobility. Mobility is a function of the length, conformation and charge of the molecule.  Gels can be native or denaturing (urea for nucleic acids, SDS for proteins).  A low-throughput method.","valueHier":["http://www.bioassayontology.org/bao#BAO_0010018","http://www.bioassayontology.org/bao#BAO_0000512"],"labelHier":["gel","assay footprint"]},{"propURI":"http://www.bioassayontology.org/bao#BAX_0000002","propLabel":"has bioassay type","propAbbrev":"bao:BAX_0000002","valueURI":"http://www.bioassayontology.org/bao#BAO_0002005","valueLabel":"kinase activity assay","valueAbbrev":"bao:BAO_0002005","valueDescr":"","valueHier":[],"labelHier":[],"outOfSchema":true},{"propURI":"http://www.bioassayontology.org/bao#BAX_0000005","propAbbrev":"bao:BAX_0000005","valueURI":"http://www.drugtargetontology.org/dto/DTO_03300101","valueLabel":"Kinase","valueAbbrev":"dto:DTO_03300101","valueDescr":"","valueHier":[],"labelHier":[],"outOfSchema":true}],"annotsRemoved":[{"propURI":"http://www.bioassayontology.org/bao#BAO_0000205","propLabel":"assay format","propAbbrev":"bao:BAO_0000205","valueURI":"http://www.bioassayontology.org/bao#BAO_0000218","valueLabel":"organism-based format","valueAbbrev":"bao:BAO_0000218","valueDescr":"Involves the use of a living organism, either single or multi-celled, and is a heterogeneous assay type.","valueHier":["http://www.bioassayontology.org/bao#BAO_0000019"],"labelHier":["assay format"]},{"propURI":"http://www.bioassayontology.org/bao#BAO_0002867","propLabel":"assay footprint","propAbbrev":"bao:BAO_0002867","valueURI":"http://www.bioassayontology.org/bat#Missing","valueLabel":"missing","valueAbbrev":"bat:Missing","valueDescr":"The information is missing from the source data, presumed to be a communication error.","valueHier":[],"labelHier":[]},{"propURI":"http://www.bioassayontology.org/bao#BAX_0000003","propAbbrev":"bao:BAX_0000003","valueURI":"http://www.bioassayontology.org/bao#BAO_0002422","valueLabel":"immunoblot","valueAbbrev":"bao:BAO_0002422","valueDescr":"","valueHier":[],"labelHier":[],"outOfSchema":true},{"propURI":"http://www.bioassayontology.org/bao#BAO_0002865","propLabel":"detection instrument","propAbbrev":"bao:BAO_0002865","valueURI":"http://www.bioassayontology.org/bat#RequiresTerm","valueLabel":"requires term","valueAbbrev":"bat:RequiresTerm","valueDescr":"An appropriate term could not be found in the underlying ontologies: it may be necessary to create a new one.","valueHier":[],"labelHier":[]},{"propURI":"http://www.bioassayontology.org/bao#BAX_0000002","propLabel":"has bioassay type","propAbbrev":"bao:BAX_0000002","valueURI":"http://www.bioassayontology.org/bao#BAO_0002989","valueLabel":"binding assay","valueAbbrev":"bao:BAO_0002989","valueDescr":"It is performed to quantify the interactions between two molecules, e.g. small molecule-protein, protein-protein, protein-DNA, etc.","valueHier":[],"labelHier":[],"outOfSchema":true},{"propURI":"http://www.bioassayontology.org/bao#BAX_0000004","propAbbrev":"bao:BAX_0000004","valueURI":"http://purl.obolibrary.org/obo/GO_0044277","valueLabel":"cell wall disassembly","valueAbbrev":"obo:GO_0044277","valueDescr":"A process that results in the breakdown of the cell wall.","valueHier":[],"labelHier":[],"outOfSchema":true},{"propURI":"http://www.bioassayontology.org/bao#BAO_0002663","propLabel":"assay kit","propAbbrev":"bao:BAO_0002663","valueURI":"http://www.bioassayontology.org/bat#NotApplicable","valueLabel":"not applicable","valueAbbrev":"bat:NotApplicable","valueDescr":"This property does not apply to this assay.","valueHier":[],"labelHier":[]},{"propURI":"http://www.bioassayontology.org/bao#BAO_0002921","propLabel":"organism","propAbbrev":"bao:BAO_0002921","valueURI":"http://www.bioassayontology.org/bat#RequiresTerm","valueLabel":"requires term","valueAbbrev":"bat:RequiresTerm","valueDescr":"An appropriate term could not be found in the underlying ontologies: it may be necessary to create a new one.","valueHier":[],"labelHier":[]},{"propURI":"http://www.bioassayontology.org/bao#BAX_0000004","propAbbrev":"bao:BAX_0000004","valueURI":"http://purl.obolibrary.org/obo/GO_0008219","valueLabel":"cell death","valueAbbrev":"obo:GO_0008219","valueDescr":"Any biological process that results in permanent cessation of all vital functions of a cell. A cell should be considered dead when any one of the following molecular or morphological criteria is met: (1) the cell has lost the integrity of its plasma membrane; (2) the cell, including its nucleus, has undergone complete fragmentation into discrete bodies (frequently referred to as \"apoptotic bodies\"); and/or (3) its corpse (or its fragments) have been engulfed by an adjacent cell in vivo.","valueHier":[],"labelHier":[],"outOfSchema":true}],"labelsAdded":[{"propURI":"http://www.bioassayontology.org/bao#BAX_0000005","valueLabel":"see Gene ID","propAbbrev":"bao:BAX_0000005"},{"propURI":"http://www.bioassayontology.org/bao#BAX_0000004","valueLabel":"MAPK cascade","propAbbrev":"bao:BAX_0000004"},{"propURI":"http://www.bioassayontology.org/bao#BAX_0000002","valueLabel":"phosphorylation assay","propAbbrev":"bao:BAX_0000002","propLabel":"has bioassay type"},{"propURI":"http://www.bioassayontology.org/bao#BAO_0002921","valueLabel":"Cryptococcus neoformans","propAbbrev":"bao:BAO_0002921","propLabel":"organism"},{"propURI":"http://www.bioassayontology.org/bao#BAX_0000003","valueLabel":"phosphoprotein detection method","propAbbrev":"bao:BAX_0000003"},{"propURI":"http://www.bioassayontology.org/bao#BAO_0002663","valueLabel":"ECL western blotting detection kit","propAbbrev":"bao:BAO_0002663","propLabel":"assay kit"},{"propURI":"http://www.bioassayontology.org/bao#BAO_0002865","valueLabel":"unknown","propAbbrev":"bao:BAO_0002865","propLabel":"detection instrument"},{"propURI":"http://www.bioassayontology.org/bao#BAO_0002867","valueLabel":"PAGE","propAbbrev":"bao:BAO_0002867","propLabel":"assay footprint"},{"propURI":"http://www.bioassayontology.org/bao#BAX_0000002","valueLabel":"kinase activity assay","propAbbrev":"bao:BAX_0000002","propLabel":"has bioassay type"},{"propURI":"http://www.bioassayontology.org/bao#BAX_0000005","valueLabel":"Kinase","propAbbrev":"bao:BAX_0000005"}],"labelsRemoved":[{"propURI":"http://www.bioassayontology.org/bao#BAO_0000205","valueLabel":"organism-based format","propAbbrev":"bao:BAO_0000205","propLabel":"assay format"},{"propURI":"http://www.bioassayontology.org/bao#BAO_0002867","valueLabel":"missing","propAbbrev":"bao:BAO_0002867","propLabel":"assay footprint"},{"propURI":"http://www.bioassayontology.org/bao#BAX_0000003","valueLabel":"immunoblot","propAbbrev":"bao:BAX_0000003"},{"propURI":"http://www.bioassayontology.org/bao#BAO_0002865","valueLabel":"requires term","propAbbrev":"bao:BAO_0002865","propLabel":"detection instrument"},{"propURI":"http://www.bioassayontology.org/bao#BAX_0000002","valueLabel":"binding assay","propAbbrev":"bao:BAX_0000002","propLabel":"has bioassay type"},{"propURI":"http://www.bioassayontology.org/bao#BAX_0000004","valueLabel":"cell wall disassembly","propAbbrev":"bao:BAX_0000004"},{"propURI":"http://www.bioassayontology.org/bao#BAO_0002663","valueLabel":"not applicable","propAbbrev":"bao:BAO_0002663","propLabel":"assay kit"},{"propURI":"http://www.bioassayontology.org/bao#BAO_0002921","valueLabel":"requires term","propAbbrev":"bao:BAO_0002921","propLabel":"organism"},{"propURI":"http://www.bioassayontology.org/bao#BAX_0000004","valueLabel":"cell death","propAbbrev":"bao:BAX_0000004"}]},{"curationTime":1492468131141,"curatorID":"admin","annotsAdded":[{"propURI":"http://www.bioassayontology.org/bao#BAO_0002854","propLabel":"bioassay type","propAbbrev":"bao:BAO_0002854","valueURI":"http://www.bioassayontology.org/bao#BAO_0000010","valueLabel":"functional","valueAbbrev":"bao:BAO_0000010","valueDescr":"An assay where the measured signal corresponds to a complex response such as cell survival, proliferation, localization of a protein, nuclear translocation etc. The molecular target is not assumed.","valueHier":["http://www.bioassayontology.org/bao#BAO_0000008"],"labelHier":["bioassay type"]}],"annotsRemoved":[{"propURI":"http://www.bioassayontology.org/bao#BAX_0000002","propLabel":"has bioassay type","propAbbrev":"bao:BAX_0000002","valueURI":"http://www.bioassayontology.org/bao#BAO_0000010","valueLabel":"functional","valueAbbrev":"bao:BAO_0000010","valueDescr":"An assay where the measured signal corresponds to a complex response such as cell survival, proliferation, localization of a protein, nuclear translocation etc. The molecular target is not assumed.","valueHier":[],"labelHier":[],"outOfSchema":true}],"labelsAdded":[{"propURI":"http://www.bioassayontology.org/bao#BAO_0002854","valueLabel":"functional","propAbbrev":"bao:BAO_0002854","propLabel":"bioassay type"}],"labelsRemoved":[{"propURI":"http://www.bioassayontology.org/bao#BAX_0000002","valueLabel":"functional","propAbbrev":"bao:BAX_0000002","propLabel":"has bioassay type"}]},{"curationTime":1492468131141,"curatorID":"admin","annotsAdded":[{"propURI":"http://www.bioassayontology.org/bao#BAO_0002009","propLabel":"biological process","propAbbrev":"bao:BAO_0002009","valueURI":"http://purl.obolibrary.org/obo/GO_0000165","valueLabel":"MAPK cascade","valueAbbrev":"obo:GO_0000165","valueDescr":"An intracellular protein kinase cascade containing at least a MAPK, a MAPKK and a MAP3K. The cascade can also contain two additional tiers: the upstream MAP4K and the downstream MAP Kinase-activated kinase (MAPKAPK). The kinases in each tier phosphorylate and activate the kinases in the downstream tier to transmit a signal within a cell.","valueHier":["http://purl.obolibrary.org/obo/GO_0023014","http://purl.obolibrary.org/obo/GO_0007165","http://purl.obolibrary.org/obo/GO_0008150","http://www.bioassayontology.org/bao#BAO_0003114"],"labelHier":["signal transduction by protein phosphorylation","signal transduction","biological process","assay biology component"]}],"annotsRemoved":[{"propURI":"http://www.bioassayontology.org/bao#BAX_0000004","propAbbrev":"bao:BAX_0000004","valueURI":"http://purl.obolibrary.org/obo/GO_0000165","valueLabel":"MAPK cascade","valueAbbrev":"obo:GO_0000165","valueDescr":"An intracellular protein kinase cascade containing at least a MAPK, a MAPKK and a MAP3K. The cascade can also contain two additional tiers: the upstream MAP4K and the downstream MAP Kinase-activated kinase (MAPKAPK). The kinases in each tier phosphorylate and activate the kinases in the downstream tier to transmit a signal within a cell.","valueHier":[],"labelHier":[],"outOfSchema":true}],"labelsAdded":[{"propURI":"http://www.bioassayontology.org/bao#BAO_0002009","valueLabel":"MAPK cascade","propAbbrev":"bao:BAO_0002009","propLabel":"biological process"}],"labelsRemoved":[{"propURI":"http://www.bioassayontology.org/bao#BAX_0000004","valueLabel":"MAPK cascade","propAbbrev":"bao:BAX_0000004"}]},{"curationTime":1492468131141,"curatorID":"admin","annotsAdded":[{"propURI":"http://www.bioassayontology.org/bao#BAO_0002848","propLabel":"applies to disease","propAbbrev":"bao:BAO_0002848","valueURI":"http://www.bioassayontology.org/bat#Missing","valueLabel":"missing","valueAbbrev":"bat:Missing","valueDescr":"The information is missing from the source data, presumed to be a communication error.","valueHier":[],"labelHier":[]}],"annotsRemoved":[{"propURI":"http://www.bioassayontology.org/bao#BAX_0000010","propAbbrev":"bao:BAX_0000010","valueURI":"http://www.bioassayontology.org/bat#Missing","valueLabel":"missing","valueAbbrev":"bat:Missing","valueDescr":"The information is missing from the source data, presumed to be a communication error.","valueHier":[],"labelHier":[]}],"labelsAdded":[{"propURI":"http://www.bioassayontology.org/bao#BAO_0002848","valueLabel":"missing","propAbbrev":"bao:BAO_0002848","propLabel":"applies to disease"}],"labelsRemoved":[{"propURI":"http://www.bioassayontology.org/bao#BAX_0000010","valueLabel":"missing","propAbbrev":"bao:BAX_0000010"}]},{"curationTime":1492468131141,"curatorID":"admin","annotsAdded":[{"propURI":"http://www.bioassayontology.org/bao#BAO_0000208","propLabel":"result","propAbbrev":"bao:BAO_0000208","valueURI":"http://www.bioassayontology.org/bao#BAO_0000201","valueLabel":"percent inhibition","valueAbbrev":"bao:BAO_0000201","valueDescr":"Percent decrease of a measureable response as a consequence of compound treatment.  Unit of Measure is always % when normalized to the dynamic range of the assay. Percent inhibition is expressed relative to a positive control (which results in total inhibition).","valueHier":["http://www.bioassayontology.org/bao#BAO_0000082","http://www.bioassayontology.org/bao#BAO_0000181","http://www.bioassayontology.org/bao#BAO_0000179"],"labelHier":["percent response","response endpoint","endpoint"]}],"annotsRemoved":[{"propURI":"http://www.bioassayontology.org/bao#BAX_0000006","propAbbrev":"bao:BAX_0000006","valueURI":"http://www.bioassayontology.org/bao#BAO_0000201","valueLabel":"percent inhibition","valueAbbrev":"bao:BAO_0000201","valueDescr":"Percent decrease of a measureable response as a consequence of compound treatment.  Unit of Measure is always % when normalized to the dynamic range of the assay. Percent inhibition is expressed relative to a positive control (which results in total inhibition).","valueHier":[],"labelHier":[],"outOfSchema":true}],"labelsAdded":[{"propURI":"http://www.bioassayontology.org/bao#BAO_0000208","valueLabel":"percent inhibition","propAbbrev":"bao:BAO_0000208","propLabel":"result"}],"labelsRemoved":[{"propURI":"http://www.bioassayontology.org/bao#BAX_0000006","valueLabel":"percent inhibition","propAbbrev":"bao:BAX_0000006"}]},{"curationTime":1492468131141,"curatorID":"admin","annotsAdded":[{"propURI":"http://www.bioassayontology.org/bao#BAO_0002874","propLabel":"units","propAbbrev":"bao:BAO_0002874","valueURI":"http://purl.org/obo/owl/UO#UO_0000187","valueLabel":"percent","valueAbbrev":"uo:UO_0000187","valueDescr":"","valueHier":[],"labelHier":[],"outOfSchema":true}],"annotsRemoved":[{"propURI":"http://www.bioassayontology.org/bao#BAX_0000007","propAbbrev":"bao:BAX_0000007","valueURI":"http://purl.org/obo/owl/UO#UO_0000187","valueLabel":"percent","valueAbbrev":"uo:UO_0000187","valueDescr":"","valueHier":[],"labelHier":[],"outOfSchema":true}],"labelsAdded":[{"propURI":"http://www.bioassayontology.org/bao#BAO_0002874","valueLabel":"percent","propAbbrev":"bao:BAO_0002874","propLabel":"units"}],"labelsRemoved":[{"propURI":"http://www.bioassayontology.org/bao#BAX_0000007","valueLabel":"percent","propAbbrev":"bao:BAX_0000007"}]},{"curationTime":1492468131141,"curatorID":"admin","annotsAdded":[{"propURI":"http://www.bioassayontology.org/bao#BAO_0095009","propLabel":"assay design method","propAbbrev":"bao:BAO_0095009","valueURI":"http://www.bioassayontology.org/bao#BAO_0002013","valueLabel":"phosphoprotein detection method","valueAbbrev":"bao:BAO_0002013","valueDescr":"","valueHier":["http://www.bioassayontology.org/bao#BAO_0002202"],"labelHier":["assay design method"]},{"propURI":"http://www.bioassayontology.org/bao#BAO_0095009","propLabel":"assay design method","propAbbrev":"bao:BAO_0095009","valueURI":"http://www.bioassayontology.org/bao#BAO_0002424","valueLabel":"western blot","valueAbbrev":"bao:BAO_0002424","valueDescr":"The western blot (alternatively, protein immunoblot) is an analytical technique used to detect specific proteins in a given sample of tissue homogenate or extract. It uses gel electrophoresis to separate native or denatured proteins by the length of the polypeptide (denaturing conditions) or by the 3-D structure of the protein (native/ non-denaturing conditions). The proteins are then transferred to a membrane (typically nitrocellulose or PVDF), where they are probed (detected) using antibodies specific to the target protein.","valueHier":["http://www.bioassayontology.org/bao#BAO_0002422","http://www.bioassayontology.org/bao#BAO_0000466","http://www.bioassayontology.org/bao#BAO_0000129","http://www.bioassayontology.org/bao#BAO_0000123","http://www.bioassayontology.org/bao#BAO_0002202"],"labelHier":["immunoblot","ex situ immunoassay","immunoassay","binding assessment method","assay design method"]}],"annotsRemoved":[{"propURI":"http://www.bioassayontology.org/bao#BAX_0000003","propAbbrev":"bao:BAX_0000003","valueURI":"http://www.bioassayontology.org/bao#BAO_0002424","valueLabel":"western blot","valueAbbrev":"bao:BAO_0002424","valueDescr":"The western blot (alternatively, protein immunoblot) is an analytical technique used to detect specific proteins in a given sample of tissue homogenate or extract. It uses gel electrophoresis to separate native or denatured proteins by the length of the polypeptide (denaturing conditions) or by the 3-D structure of the protein (native/ non-denaturing conditions). The proteins are then transferred to a membrane (typically nitrocellulose or PVDF), where they are probed (detected) using antibodies specific to the target protein.","valueHier":[],"labelHier":[],"outOfSchema":true},{"propURI":"http://www.bioassayontology.org/bao#BAX_0000003","propAbbrev":"bao:BAX_0000003","valueURI":"http://www.bioassayontology.org/bao#BAO_0002013","valueLabel":"phosphoprotein detection method","valueAbbrev":"bao:BAO_0002013","valueDescr":"","valueHier":[],"labelHier":[],"outOfSchema":true}],"labelsAdded":[{"propURI":"http://www.bioassayontology.org/bao#BAO_0095009","valueLabel":"phosphoprotein detection method","propAbbrev":"bao:BAO_0095009","propLabel":"assay design method"},{"propURI":"http://www.bioassayontology.org/bao#BAO_0095009","valueLabel":"western blot","propAbbrev":"bao:BAO_0095009","propLabel":"assay design method"}],"labelsRemoved":[{"propURI":"http://www.bioassayontology.org/bao#BAX_0000003","valueLabel":"western blot","propAbbrev":"bao:BAX_0000003"},{"propURI":"http://www.bioassayontology.org/bao#BAX_0000003","valueLabel":"phosphoprotein detection method","propAbbrev":"bao:BAX_0000003"}]},{"curationTime":1492468131141,"curatorID":"admin","annotsAdded":[{"propURI":"http://www.bioassayontology.org/bao#BAO_0000211","propLabel":"target","propAbbrev":"bao:BAO_0000211","valueURI":"http://www.bioassayontology.org/bat#SeeGeneID","valueLabel":"see Gene ID","valueAbbrev":"bat:SeeGeneID","valueDescr":"The target is present in the Gene ID section, but needs to be mapped to a formal ontology.","valueHier":["http://www.bioassayontology.org/bat#SeeAlso"],"labelHier":["see also"]},{"propURI":"http://www.bioassayontology.org/bao#BAO_0000211","propLabel":"target","propAbbrev":"bao:BAO_0000211","valueURI":"http://www.drugtargetontology.org/dto/DTO_03300101","valueLabel":"Kinase","valueAbbrev":"dto:DTO_03300101","valueDescr":"","valueHier":["http://www.drugtargetontology.org/dto/DTO_00100000"],"labelHier":["Protein"]}],"annotsRemoved":[{"propURI":"http://www.bioassayontology.org/bao#BAX_0000005","propAbbrev":"bao:BAX_0000005","valueURI":"http://www.bioassayontology.org/bat#SeeGeneID","valueLabel":"see Gene ID","valueAbbrev":"bat:SeeGeneID","valueDescr":"The target is present in the Gene ID section, but needs to be mapped to a formal ontology.","valueHier":[],"labelHier":[],"outOfSchema":true},{"propURI":"http://www.bioassayontology.org/bao#BAX_0000005","propAbbrev":"bao:BAX_0000005","valueURI":"http://www.drugtargetontology.org/dto/DTO_03300101","valueLabel":"Kinase","valueAbbrev":"dto:DTO_03300101","valueDescr":"","valueHier":[],"labelHier":[],"outOfSchema":true}],"labelsAdded":[{"propURI":"http://www.bioassayontology.org/bao#BAO_0000211","valueLabel":"see Gene ID","propAbbrev":"bao:BAO_0000211","propLabel":"target"},{"propURI":"http://www.bioassayontology.org/bao#BAO_0000211","valueLabel":"Kinase","propAbbrev":"bao:BAO_0000211","propLabel":"target"}],"labelsRemoved":[{"propURI":"http://www.bioassayontology.org/bao#BAX_0000005","valueLabel":"see Gene ID","propAbbrev":"bao:BAX_0000005"},{"propURI":"http://www.bioassayontology.org/bao#BAX_0000005","valueLabel":"Kinase","propAbbrev":"bao:BAX_0000005"}]},{"curationTime":1492468131141,"curatorID":"admin","annotsAdded":[{"propURI":"http://www.bioassayontology.org/bao#BAO_0002855","propLabel":"bioassay","propAbbrev":"bao:BAO_0002855","valueURI":"http://www.bioassayontology.org/bao#BAO_0002005","valueLabel":"kinase activity assay","valueAbbrev":"bao:BAO_0002005","valueDescr":"","valueHier":["http://www.bioassayontology.org/bao#BAO_0002795","http://www.bioassayontology.org/bao#BAO_0002994","http://www.bioassayontology.org/bao#BAO_0000015"],"labelHier":["transferase activity assay","enzyme activity assay","bioassay"]},{"propURI":"http://www.bioassayontology.org/bao#BAO_0002855","propLabel":"bioassay","propAbbrev":"bao:BAO_0002855","valueURI":"http://www.bioassayontology.org/bao#BAO_0003005","valueLabel":"phosphorylation assay","valueAbbrev":"bao:BAO_0003005","valueDescr":"This assay quantifies the phosphorylation levels of a protein. The phosphorylation status is detected by one of several methods: using phosphorylation specific antibodies followed by western blotting or imaging, mass spectrometry, etc.","valueHier":["http://www.bioassayontology.org/bao#BAO_0000042","http://www.bioassayontology.org/bao#BAO_0003002","http://www.bioassayontology.org/bao#BAO_0000015"],"labelHier":["Cue Signal Response assay","signal transduction assay","bioassay"]}],"annotsRemoved":[{"propURI":"http://www.bioassayontology.org/bao#BAX_0000002","propLabel":"has bioassay type","propAbbrev":"bao:BAX_0000002","valueURI":"http://www.bioassayontology.org/bao#BAO_0003005","valueLabel":"phosphorylation assay","valueAbbrev":"bao:BAO_0003005","valueDescr":"This assay quantifies the phosphorylation levels of a protein. The phosphorylation status is detected by one of several methods: using phosphorylation specific antibodies followed by western blotting or imaging, mass spectrometry, etc.","valueHier":[],"labelHier":[],"outOfSchema":true},{"propURI":"http://www.bioassayontology.org/bao#BAX_0000002","propLabel":"has bioassay type","propAbbrev":"bao:BAX_0000002","valueURI":"http://www.bioassayontology.org/bao#BAO_0002005","valueLabel":"kinase activity assay","valueAbbrev":"bao:BAO_0002005","valueDescr":"","valueHier":[],"labelHier":[],"outOfSchema":true}],"labelsAdded":[{"propURI":"http://www.bioassayontology.org/bao#BAO_0002855","valueLabel":"kinase activity assay","propAbbrev":"bao:BAO_0002855","propLabel":"bioassay"},{"propURI":"http://www.bioassayontology.org/bao#BAO_0002855","valueLabel":"phosphorylation assay","propAbbrev":"bao:BAO_0002855","propLabel":"bioassay"}],"labelsRemoved":[{"propURI":"http://www.bioassayontology.org/bao#BAX_0000002","valueLabel":"phosphorylation assay","propAbbrev":"bao:BAX_0000002","propLabel":"has bioassay type"},{"propURI":"http://www.bioassayontology.org/bao#BAX_0000002","valueLabel":"kinase activity assay","propAbbrev":"bao:BAX_0000002","propLabel":"has bioassay type"}]},{"curationTime":1492468131141,"curatorID":"admin","annotsAdded":[{"propURI":"http://www.bioassayontology.org/bao#BAO_0002874","propLabel":"units","propAbbrev":"bao:BAO_0002874","valueURI":"http://purl.obolibrary.org/obo/UO_0000187","valueLabel":"percent","valueAbbrev":"obo:UO_0000187","valueDescr":"A dimensionless ratio unit which denotes numbers as fractions of 100.","valueHier":["http://purl.obolibrary.org/obo/UO_0000190","http://purl.obolibrary.org/obo/UO_0000186","http://purl.obolibrary.org/obo/UO_0000000"],"labelHier":["ratio","dimensionless unit","unit"]}],"annotsRemoved":[{"propURI":"http://www.bioassayontology.org/bao#BAO_0002874","propLabel":"units","propAbbrev":"bao:BAO_0002874","valueURI":"http://purl.org/obo/owl/UO#UO_0000187","valueLabel":"percent","valueAbbrev":"uo:UO_0000187","valueDescr":"","valueHier":[],"labelHier":[],"outOfSchema":true}],"labelsAdded":[{"propURI":"http://www.bioassayontology.org/bao#BAO_0002874","valueLabel":"percent","propAbbrev":"bao:BAO_0002874","propLabel":"units"}],"labelsRemoved":[{"propURI":"http://www.bioassayontology.org/bao#BAO_0002874","valueLabel":"percent","propAbbrev":"bao:BAO_0002874","propLabel":"units"}]}],"holdingIDList":[]}