{"assayID":7330,"uniqueID":"pubchemAID:1224836","text":"U.S. Tox21 Program\n\nNational Center for Advancing Translational Sciences [NCATS]\nNIH Chemical Genomics Center [NCGC]\nU.S. Environmental Protection Agency [EPA]\nNational Institutes of Environmental Health Sciences [NIEHS]\nNational Toxicology Program [NTP]\nU.S. Food and Drug Administration [FDA]\n\nTox21 Assay Overview:\n\nThe constitutive androstane receptor (CAR) is a nuclear receptor which regulates multiple drug metabolizing enzymes (DMEs) and transporters. Activating CAR will generally increase the transcription and subsequent translation of CYP2B6 and CYP3A4. These two DMEs represent about 50% of the drug metabolizing potential in the body. Therefore, when these two proteins are induced, through activation of CAR, a drug can either be metabolized quicker than was intended, or create a more potent therapeutic effect if the drug is a pro-drug. Recently, there have also been studies performed indicating CARs role in energy metabolism and cancer therapy. Therefore, inducing CARs activity could have a potential effect on diabetes and cancer. Identifying environmental toxins and compounds which modulate CAR, through the use of the Tox21 10K compound collection, will be an important step in determining the toxicity and potential therapeutic effects these factors will have on the human body. To differentiate true CAR agonists from cytotoxic substances, the assay is multiplexed with a cell viability assay.\n\nDisclaimer:\n\nAlthough all reasonable efforts have been made to ensure the accuracy and reliability of the data, caution should be exercised when interpreting the results as artifacts are possible from nonspecific effects such as assay signal interference. The curve fitting and activity calls presented here are based on the NCATS analysis methods. Alternative analysis methods and interpretations of the data are available at EPA (http://actor.epa.gov) and NTP (http://tools.niehs.nih.gov/cebs3/ui/).\n\nCompound Ranking:\n\n1. Compounds are first classified as having full titration curves, partial modulation, partial curve (weaker actives), single point activity (at highest concentration only), or inactive. See data field \"Curve Description\". For this assay, apparent inhibitors are ranked higher than compounds that showed apparent activation.\n2. For all inactive compounds, PUBCHEM_ACTIVITY_SCORE is 0. For all active compounds, a score range was given for each curve class type given above.  Active compounds have PUBCHEM_ACTIVITY_SCORE between 40 and 100.  Inconclusive compounds have PUBCHEM_ACTIVITY_SCORE between 1 and 39.  Fit_LogAC50 was used for determining relative score and was scaled to each curve class' score range.\n\nTox21 Assay Protocol Summary:\n\nA double-stable (hCAR and CYP2B6-2.2kb) transfected cell line, derived from human hepatoma (HepG2) cells, was utilized for the duration of the quantitative high-throughput screens. The HepG2-CYP2B6-hCAR cells were dispensed at 2500 cells/4 uL/well in 1536-well white solid bottom plates using a Multidrop Combi. After the assay plates were incubated at 37 C/5% CO2 for 4 hrs, 23 nL of compounds at 15 concentrations (from 5-48 columns) or positive control (from 1 to 4 columns) were transferred to the assay plates using a Pintool station. One uL of PK11195 (final concentration = 0.75 uM) was added, using a Flying Reagent Dispenser, inside each well. After a 23 hr incubation period at 37 C/5% CO2, 1 uL of CellTiter-Fluor reagent was added into each well of the assay plates using a Flying Reagent Dispenser. The fluorescence intensity in the plates was then measured using a ViewLux plate reader.\n\n","schemaURI":"http://www.bioassayontology.org/bas#","annotations":[{"propURI":"http://www.bioassayontology.org/bao#BAO_0002852","propLabel":"assay sources","propAbbrev":"bao:BAO_0002852","valueURI":"http://www.bioassayexpress.org/sources#SRC_0000027","valueLabel":"Tox21","valueAbbrev":"src:SRC_0000027","valueDescr":"Tox21 (NCATS).","groupNest":[],"groupLabel":[],"externalURLs":["http://www.ncats.nih.gov/tox21"],"valueHier":["http://www.bioassayexpress.org/sources#pubchem_sources","http://www.bioassayontology.org/bao#BAO_0002934"],"labelHier":["PubChem Sources","organization"]},{"propURI":"http://www.bioassayontology.org/bao#BAO_0002848","propLabel":"applies to disease","propAbbrev":"bao:BAO_0002848","valueURI":"http://purl.obolibrary.org/obo/DOID_162","valueLabel":"cancer","valueAbbrev":"obo:DOID_162","valueDescr":"A disease of cellular proliferation that is malignant and primary, characterized by uncontrolled cellular proliferation, local cell invasion and metastasis.","groupNest":[],"groupLabel":[],"valueHier":["http://purl.obolibrary.org/obo/DOID_14566","http://purl.obolibrary.org/obo/DOID_4"],"labelHier":["disease of cellular proliferation","Disease"]},{"propURI":"http://www.bioassayontology.org/bao#BAO_0002848","propLabel":"applies to disease","propAbbrev":"bao:BAO_0002848","valueURI":"http://purl.obolibrary.org/obo/DOID_9351","valueLabel":"diabetes mellitus","valueAbbrev":"obo:DOID_9351","valueDescr":"\nA glucose metabolism disease characterized by chronic hyperglycaemia with disturbances of carbohydrate, fat and protein metabolism resulting from defects in insulin secretion, insulin action, or both.\n","groupNest":[],"groupLabel":[],"valueHier":["http://purl.obolibrary.org/obo/DOID_4194","http://purl.obolibrary.org/obo/DOID_0050013","http://purl.obolibrary.org/obo/DOID_0060158","http://purl.obolibrary.org/obo/DOID_0014667","http://purl.obolibrary.org/obo/DOID_4"],"labelHier":["glucose metabolism disease","carbohydrate metabolism disease","acquired metabolic disease","disease of metabolism","Disease"]},{"propURI":"http://www.bioassayontology.org/bao#BAO_0002854","propLabel":"bioassay type","propAbbrev":"bao:BAO_0002854","valueURI":"http://www.bioassayontology.org/bao#BAO_0000010","valueLabel":"functional","valueAbbrev":"bao:BAO_0000010","valueDescr":"An assay where the measured signal corresponds to a complex response such as cell survival, proliferation, localization of a protein, nuclear translocation etc. The molecular target is not assumed.","groupNest":[],"groupLabel":[],"valueHier":["http://www.bioassayontology.org/bao#BAO_0000008"],"labelHier":["bioassay type"]},{"propURI":"http://www.bioassayontology.org/bao#BAO_0000205","propLabel":"assay format","propAbbrev":"bao:BAO_0000205","valueURI":"http://www.bioassayontology.org/bao#BAO_0000219","valueLabel":"cell based format","valueAbbrev":"bao:BAO_0000219","valueDescr":"Involves the use of living cells of eukaryotic origin, derived from a multicellular organism, and is a heterogeneous assay type. Typically, this refers to permanent (immortal) cell lines, or primary cells, or some form of stem cells. This is distinct from a single-celled organism-based format (classically bacteria or yeast).","groupNest":[],"groupLabel":[],"valueHier":["http://www.bioassayontology.org/bao#BAO_0000019"],"labelHier":["assay format"]},{"propURI":"http://www.bioassayontology.org/bao#BAO_0002855","propLabel":"bioassay","propAbbrev":"bao:BAO_0002855","valueURI":"http://www.bioassayontology.org/bao#BAO_0003009","valueLabel":"cell viability assay","valueAbbrev":"bao:BAO_0003009","valueDescr":"This assay type measures the cellular state of living or dying by measuring an indicator of life or death. Cell life indicators include ATP content, cell number, dehydrogenase activity, DNA content, esterase activity, mitochondrial membrane potential, membrane integrity, and protease activity. Cell death indicators include caspase activity, chromatin condensation, and phospholipid redistribution.","groupNest":[],"groupLabel":[],"valueHier":["http://www.bioassayontology.org/bao#BAO_0000015"],"labelHier":["bioassay"]},{"propURI":"http://www.bioassayontology.org/bao#BAO_0095009","propLabel":"assay design method","propAbbrev":"bao:BAO_0095009","valueURI":"http://www.bioassayontology.org/bao#BAO_0000127","valueLabel":"viability measurement method","valueAbbrev":"bao:BAO_0000127","valueDescr":"Compound cytotoxicity is an important parameter to measure when developing potential human therapeutics. Cytotoxicity is determined as a measure of radioisotope (3H thymidine or 51Cr) release, lactate dehydrogenase release from damaged cells, tetrazolium salt and alamar blue reduction, fluorescent dyes that selectively stain live or dead cells, and decrease in ATP content. The viability reporter technologies measure cell life or death by quantitating ATP content, caspase activity, membrane potential, and so on.","groupNest":[],"groupLabel":[],"valueHier":["http://www.bioassayontology.org/bao#BAO_0002202"],"labelHier":["assay design method"]},{"propURI":"http://www.bioassayontology.org/bao#BAO_0095010","propLabel":"assay supporting method","propAbbrev":"bao:BAO_0095010","valueURI":"http://www.bioassayontology.org/bao#BAO_0002647","valueLabel":"cell culture method","valueAbbrev":"bao:BAO_0002647","valueDescr":"","groupNest":[],"groupLabel":[],"valueHier":["http://www.bioassayontology.org/bao#BAO_0002429"],"labelHier":["assay supporting method"]},{"propURI":"http://www.bioassayontology.org/bao#BAO_0002800","propLabel":"assay cell line","propAbbrev":"bao:BAO_0002800","valueURI":"http://purl.obolibrary.org/obo/CLO_0003704","valueLabel":"Hep-G2 cell","valueAbbrev":"obo:CLO_0003704","valueDescr":"Human hepatocellular carcinoma, established from the tumor tissue of a 15-year-old Argentine boy with hepatocellular carcinoma in 1975.","groupNest":[],"groupLabel":[],"altLabels":["HepG2","Hep G2","HEPG2","HEP-G2","HEP G2"],"valueHier":["http://purl.obolibrary.org/obo/CLO_0000565","http://purl.obolibrary.org/obo/CLO_0000235","http://purl.obolibrary.org/obo/CLO_0000019","http://purl.obolibrary.org/obo/CLO_0000001"],"labelHier":["immortal human liver-derived cell line cell","immortal liver-derived cell line cell","immortal cell line cell","cell line cell"]},{"propURI":"http://www.bioassayontology.org/bao#BAO_0002800","propLabel":"assay cell line","propAbbrev":"bao:BAO_0002800","valueURI":"http://purl.obolibrary.org/obo/BTO_0000608","valueLabel":"hepatoma cell","valueAbbrev":"obo:BTO_0000608","valueDescr":"Primary carcinoma of the liver cells. It ranges from a well-differentiated tumour difficult to distinguish from normal hepatocytes to a poorly differentiated neoplasm. The cells may be uniform or markedly pleomorphic or may form giant cells. Several classification schemes have been suggested. Hepatocellular carcinoma is very rare in the united states and western europe, but it is one of the most common cancers in eastern asia and sub-saharan africa. The cases are preponderantly male and, racially, whites have the lowest rates.","groupNest":[],"groupLabel":[],"valueHier":["http://dto.org/DTO/DTO_000"],"labelHier":["BRENDA tissues and cell lines"]},{"propURI":"http://www.bioassayontology.org/bao#BAO_0002921","propLabel":"organism","propAbbrev":"bao:BAO_0002921","valueURI":"http://purl.obolibrary.org/obo/NCBITaxon_9606","valueLabel":"Homo sapiens","valueAbbrev":"obo:NCBITaxon_9606","valueDescr":"","groupNest":[],"groupLabel":[],"altLabels":["Homo spiens","Homo sapience","Homo sapien","human","Homo spaiens","Homo sapians","man","Humo sapiens","Home sapiens","Homo sapiense","Homo sampiens","Homo sapeins","Homo sapines","Homo sapian","Homo sapients"],"valueHier":["http://www.bioassayontology.org/bao#BAO_0000362","http://www.bioassayontology.org/bao#BAO_0000510","http://www.bioassayontology.org/bao#BAO_0000659","http://www.bioassayontology.org/bao#BAO_0000509","http://www.bioassayontology.org/bao#BAO_0000658","http://www.bioassayontology.org/bao#BAO_0000551"],"labelHier":["mammalian","vertebrate","metazoa","eukaryote","cellular organisms","organism"]},{"propURI":"http://www.bioassayontology.org/bao#BAO_0000196","propLabel":"assay mode of action","propAbbrev":"bao:BAO_0000196","valueURI":"http://www.bioassayontology.org/bao#BAO_0000090","valueLabel":"cytotoxicity","valueAbbrev":"bao:BAO_0000090","valueDescr":"It is the toxic or cell-death inducing property of a perturbagen. Known cytotoxic agents mediate cell death commonly by necrosis, apoptosis, or autophagy. Cytotoxicity can be detected by measuring various aspects of the death process: e.g. membrane permeability, ATP concentration, DNA fragmentation, etc.","groupNest":[],"groupLabel":[],"valueHier":["http://www.bioassayontology.org/bao#BAO_0080004","http://www.bioassayontology.org/bao#BAO_0000074"],"labelHier":["phenotypic mode of action","mode of action"]},{"propURI":"http://www.bioassayontology.org/bao#BAO_0000196","propLabel":"assay mode of action","propAbbrev":"bao:BAO_0000196","valueURI":"http://www.bioassayontology.org/bao#BAO_0000094","valueLabel":"growth inhibition","valueAbbrev":"bao:BAO_0000094","valueDescr":"Growth reduction of a predefined stimulus. Unit of Measure is always % when normalized to the dynamic range of the assay. \nAs a measure of viable or proliferating cells, different researchers measure different parameters, namely, protein content (by sulforhodamine B staining followed by absorbance measurement), mitochondrial dehydrogenase activity (by 3-(4,5-dimethylthiazol-2-yl)-2,5-diphenyl tetrasodium bromide, known as MTT staining followed by absorbance measurement), expression of proliferation associated antigens (by immunostaining for Ki-67), and ATP content (by using CellTiter-Glo reagent (Promega) followed by luminescence measurement.","groupNest":[],"groupLabel":[],"valueHier":["http://www.bioassayontology.org/bao#BAO_0000091","http://www.bioassayontology.org/bao#BAO_0000084","http://www.bioassayontology.org/bao#BAO_0000074"],"labelHier":["inhibition","ligand function mode of action","mode of action"]},{"propURI":"http://www.bioassayontology.org/bao#BAO_0000210","propLabel":"screening campaign stage","propAbbrev":"bao:BAO_0000210","valueURI":"http://www.bioassayontology.org/bao#BAO_0000623","valueLabel":"compound toxicity assay","valueAbbrev":"bao:BAO_0000623","valueDescr":"This assay is performed to identify compounds that have an ability to kill the cells (cytotoxic).","groupNest":[],"groupLabel":[],"valueHier":["http://www.bioassayontology.org/bao#BAO_0000803","http://www.bioassayontology.org/bao#BAO_0000032","http://www.bioassayontology.org/bao#BAO_0000029"],"labelHier":["counter screening assay","secondary assay","assay screening campaign stage"]},{"propURI":"http://www.bioassayontology.org/bao#BAO_0000210","propLabel":"screening campaign stage","propAbbrev":"bao:BAO_0000210","valueURI":"http://www.bioassayontology.org/bao#BAO_0000803","valueLabel":"counter screening assay","valueAbbrev":"bao:BAO_0000803","valueDescr":"An assay run to eliminate those hits from the primary and confirmatory assay stages that are not of interest, i.e. do not act via the MMOA of interest; for example compounds that are assay artifacts (e.g. fluorescent), promiscuously active, toxic. ","groupNest":[],"groupLabel":[],"valueHier":["http://www.bioassayontology.org/bao#BAO_0000032","http://www.bioassayontology.org/bao#BAO_0000029"],"labelHier":["secondary assay","assay screening campaign stage"]},{"propURI":"http://www.bioassayontology.org/bao#BAO_0000210","propLabel":"screening campaign stage","propAbbrev":"bao:BAO_0000210","valueURI":"http://www.bioassayontology.org/bao#BAO_0000030","valueLabel":"confirmatory assay","valueAbbrev":"bao:BAO_0000030","valueDescr":"Assay performed to confirm activity of compounds identified in the primary screen.  It can be performed as replicate measurements at a single screening concentration or as concentration-response assay.","groupNest":[],"groupLabel":[],"valueHier":["http://www.bioassayontology.org/bao#BAO_0000029"],"labelHier":["assay screening campaign stage"]},{"propURI":"http://www.bioassayontology.org/bao#BAO_0002663","propLabel":"assay kit","propAbbrev":"bao:BAO_0002663","valueURI":"http://www.bioassayontology.org/bao#BAO_0140046","valueLabel":"CellTiter-Fluor Cell Viability Assay Kit","valueAbbrev":"bao:BAO_0140046","valueDescr":"The CellTiter-Fluor Cell Viability Assay measures the relative number of viable cells in a population. The assay is based on measurement of a conserved and constitutive protease activity within live cells and therefore serves as a biomarker of cell viability. The live-cell protease activity is restricted to intact viable cells and is measured using a fluorogenic, cell-permeant, peptide substrate (Gly-Phe-AFC). The substrate enters intact cells, where it is cleaved by the live-cell protease activity to generate a fluorescent signal proportional to the number of living cells. The live-cell protease becomes inactive upon loss of membrane integrity and leakage into the surrounding culture medium. (description adapted from vendor Promega)","groupNest":[],"groupLabel":[],"valueHier":["http://www.bioassayontology.org/bao#BAO_0000248"],"labelHier":["assay kit"]},{"propURI":"http://www.bioassayontology.org/bao#BAO_0002867","propLabel":"assay footprint","propAbbrev":"bao:BAO_0002867","valueURI":"http://www.bioassayontology.org/bao#BAO_0000516","valueLabel":"1536 well plate","valueAbbrev":"bao:BAO_0000516","valueDescr":"This microplate contains 1536 wells. It is highly miniaturized to accommodate more wells on one plate which reduces the plate handling time and allows working with very small volumes (few microliters) that reduces the cost of an assay.","groupNest":[],"groupLabel":[],"valueHier":["http://www.bioassayontology.org/bao#BAO_0000508","http://www.bioassayontology.org/bao#BAO_0000512"],"labelHier":["microplate","assay footprint"]},{"propURI":"http://www.bioassayontology.org/bao#BAO_0000211","propLabel":"target","propAbbrev":"bao:BAO_0000211","valueURI":"http://www.bioassayontology.org/bao#BAO_0000286","valueLabel":"nuclear receptor","valueAbbrev":"bao:BAO_0000286","valueDescr":"Nuclear receptors are localized in the cytosol and mediate the activity of hormones and certain vitamins. They are all transcription factors, which upon activation by ligand binding, translocate to the nucleus, bind specific DNA sequence and activate gene expression.","groupNest":[],"groupLabel":[],"valueHier":["http://www.bioassayontology.org/bao#BAO_0000281","http://www.bioassayontology.org/bao#BAO_0000175","http://www.bioassayontology.org/bao#BAO_0003111"],"labelHier":["receptor","protein","biological macromolecule"]},{"propURI":"http://www.bioassayontology.org/bao#BAO_0002009","propLabel":"biological process","propAbbrev":"bao:BAO_0002009","valueURI":"http://purl.obolibrary.org/obo/GO_0044237","valueLabel":"cellular metabolic process","valueAbbrev":"obo:GO_0044237","valueDescr":"The chemical reactions and pathways by which individual cells transform chemical substances.","groupNest":[],"groupLabel":[],"valueHier":["http://purl.obolibrary.org/obo/GO_0009987","http://purl.obolibrary.org/obo/GO_0008150","http://www.bioassayontology.org/bao#BAO_0003114"],"labelHier":["cellular process","biological process","assay biology component"]},{"propURI":"http://www.bioassayontology.org/bao#BAO_0000208","propLabel":"result","propAbbrev":"bao:BAO_0000208","valueURI":"http://www.bioassayontology.org/bao#BAO_0000583","valueLabel":"raw activity","valueAbbrev":"bao:BAO_0000583","valueDescr":"Raw or qualitative data are reported as endpoints in an assay, e.g., luminescence counts, fluorescence intensity, etc.","groupNest":[],"groupLabel":[],"valueHier":["http://www.bioassayontology.org/bao#BAO_0000181","http://www.bioassayontology.org/bao#BAO_0000179"],"labelHier":["response endpoint","endpoint"]},{"propURI":"http://www.bioassayontology.org/bao#BAO_0000207","propLabel":"physical detection method","propAbbrev":"bao:BAO_0000207","valueURI":"http://www.bioassayontology.org/bao#BAO_0000363","valueLabel":"fluorescence intensity","valueAbbrev":"bao:BAO_0000363","valueDescr":"Fluorescence intensity is the measure of fluorescence from a sample.","groupNest":[],"groupLabel":[],"valueHier":["http://www.bioassayontology.org/bao#BAO_0000046","http://www.bioassayontology.org/bao#BAO_0000035"],"labelHier":["fluorescence method","physical detection method"]},{"propURI":"http://www.bioassayontology.org/bao#BAO_0002865","propLabel":"detection instrument","propAbbrev":"bao:BAO_0002865","valueURI":"http://www.bioassayontology.org/bao#BAO_0001046","valueLabel":"ViewLux CCD Imager","valueAbbrev":"bao:BAO_0001046","valueDescr":"","groupNest":[],"groupLabel":[],"valueHier":["http://www.bioassayontology.org/bao#BAO_0000697"],"labelHier":["detection instrument"]},{"propURI":"http://www.bioassayontology.org/bao#BAO_0000185","propLabel":"perturbagen type","propAbbrev":"bao:BAO_0000185","valueURI":"http://www.bioassayontology.org/bao#BAO_0070002","valueLabel":"Tox21 Compound Library","valueAbbrev":"bao:BAO_0070002","valueDescr":"The Tox21 compound collection is a library of approximately 10,000 (10K) environmental chemicals and drugs (~10,500 chemicals (~8,300 unique)), also referred to as the 'Tox21 10K library'. Several publications, from NCATS and EPA.  See also https://www.epa.gov/chemical-research/toxicology-testing-21st-century-tox21 or https://ncats.nih.gov/tox21/about/operations.","groupNest":[],"groupLabel":[],"valueHier":["http://www.bioassayontology.org/bao#BAO_0000648","http://www.bioassayontology.org/bao#BAO_0000661","http://www.bioassayontology.org/bao#BAO_0003120"],"labelHier":["compound library","perturbagen library","assay screened entity component"]},{"propURI":"http://www.bioassayontology.org/bao#BAO_0002853","valueLabel":"qHTS assay to identify small molecule agonists of the constitutive androstane receptor (CAR) signaling pathway - cell viability counter screen","propAbbrev":"bao:BAO_0002853","groupNest":[],"propLabel":"assay title","groupLabel":[]}],"pubchemXRef":[{"type":"dburl","id":"https://tripod.nih.gov/tox21/","comment":""}],"curationTime":1533316039003,"curatorID":"google:116162532162477418918","curatorName":"","curatorEmail":"sjeschonek@collaborativedrug.com","history":[{"curationTime":1533316039003,"curatorID":"google:116162532162477418918","curatorName":"","curatorEmail":"sjeschonek@collaborativedrug.com","annotsAdded":[{"propURI":"http://www.bioassayontology.org/bao#BAO_0000211","propLabel":"target","propAbbrev":"bao:BAO_0000211","valueURI":"http://www.bioassayontology.org/bao#BAO_0000286","valueLabel":"nuclear receptor","valueAbbrev":"bao:BAO_0000286","valueDescr":"Nuclear receptors are localized in the cytosol and mediate the activity of hormones and certain vitamins. They are all transcription factors, which upon activation by ligand binding, translocate to the nucleus, bind specific DNA sequence and activate gene expression.","valueHier":["http://www.bioassayontology.org/bao#BAO_0000281","http://www.bioassayontology.org/bao#BAO_0000175","http://www.bioassayontology.org/bao#BAO_0003111"],"labelHier":["receptor","protein","biological macromolecule"]},{"propURI":"http://www.bioassayontology.org/bao#BAO_0000207","propLabel":"physical detection method","propAbbrev":"bao:BAO_0000207","valueURI":"http://www.bioassayontology.org/bao#BAO_0000363","valueLabel":"fluorescence intensity","valueAbbrev":"bao:BAO_0000363","valueDescr":"Fluorescence intensity is the measure of fluorescence from a sample.","valueHier":["http://www.bioassayontology.org/bao#BAO_0000046","http://www.bioassayontology.org/bao#BAO_0000035"],"labelHier":["fluorescence method","physical detection method"]},{"propURI":"http://www.bioassayontology.org/bao#BAO_0002848","propLabel":"applies to disease","propAbbrev":"bao:BAO_0002848","valueURI":"http://purl.obolibrary.org/obo/DOID_9351","valueLabel":"diabetes mellitus","valueAbbrev":"obo:DOID_9351","valueDescr":"\nA glucose metabolism disease characterized by chronic hyperglycaemia with disturbances of carbohydrate, fat and protein metabolism resulting from defects in insulin secretion, insulin action, or both.\n","valueHier":["http://purl.obolibrary.org/obo/DOID_4194","http://purl.obolibrary.org/obo/DOID_0050013","http://purl.obolibrary.org/obo/DOID_0060158","http://purl.obolibrary.org/obo/DOID_0014667","http://purl.obolibrary.org/obo/DOID_4"],"labelHier":["glucose metabolism disease","carbohydrate metabolism disease","acquired metabolic disease","disease of metabolism","Disease"]},{"propURI":"http://www.bioassayontology.org/bao#BAO_0002800","propLabel":"assay cell line","propAbbrev":"bao:BAO_0002800","valueURI":"http://purl.obolibrary.org/obo/BTO_0000608","valueLabel":"hepatoma cell","valueAbbrev":"obo:BTO_0000608","valueDescr":"Primary carcinoma of the liver cells. It ranges from a well-differentiated tumour difficult to distinguish from normal hepatocytes to a poorly differentiated neoplasm. The cells may be uniform or markedly pleomorphic or may form giant cells. Several classification schemes have been suggested. Hepatocellular carcinoma is very rare in the united states and western europe, but it is one of the most common cancers in eastern asia and sub-saharan africa. The cases are preponderantly male and, racially, whites have the lowest rates.","valueHier":["http://dto.org/DTO/DTO_000"],"labelHier":["BRENDA tissues and cell lines"]},{"propURI":"http://www.bioassayontology.org/bao#BAO_0000210","propLabel":"screening campaign stage","propAbbrev":"bao:BAO_0000210","valueURI":"http://www.bioassayontology.org/bao#BAO_0000623","valueLabel":"compound toxicity assay","valueAbbrev":"bao:BAO_0000623","valueDescr":"This assay is performed to identify compounds that have an ability to kill the cells (cytotoxic).","valueHier":["http://www.bioassayontology.org/bao#BAO_0000803","http://www.bioassayontology.org/bao#BAO_0000032","http://www.bioassayontology.org/bao#BAO_0000029"],"labelHier":["counter screening assay","secondary assay","assay screening campaign stage"]},{"propURI":"http://www.bioassayontology.org/bao#BAO_0000205","propLabel":"assay format","propAbbrev":"bao:BAO_0000205","valueURI":"http://www.bioassayontology.org/bao#BAO_0000219","valueLabel":"cell based format","valueAbbrev":"bao:BAO_0000219","valueDescr":"Involves the use of living cells of eukaryotic origin, derived from a multicellular organism, and is a heterogeneous assay type. Typically, this refers to permanent (immortal) cell lines, or primary cells, or some form of stem cells. This is distinct from a single-celled organism-based format (classically bacteria or yeast).","valueHier":["http://www.bioassayontology.org/bao#BAO_0000019"],"labelHier":["assay format"]},{"propURI":"http://www.bioassayontology.org/bao#BAO_0002867","propLabel":"assay footprint","propAbbrev":"bao:BAO_0002867","valueURI":"http://www.bioassayontology.org/bao#BAO_0000516","valueLabel":"1536 well plate","valueAbbrev":"bao:BAO_0000516","valueDescr":"This microplate contains 1536 wells. It is highly miniaturized to accommodate more wells on one plate which reduces the plate handling time and allows working with very small volumes (few microliters) that reduces the cost of an assay.","valueHier":["http://www.bioassayontology.org/bao#BAO_0000508","http://www.bioassayontology.org/bao#BAO_0000512"],"labelHier":["microplate","assay footprint"]},{"propURI":"http://www.bioassayontology.org/bao#BAO_0002848","propLabel":"applies to disease","propAbbrev":"bao:BAO_0002848","valueURI":"http://purl.obolibrary.org/obo/DOID_162","valueLabel":"cancer","valueAbbrev":"obo:DOID_162","valueDescr":"A disease of cellular proliferation that is malignant and primary, characterized by uncontrolled cellular proliferation, local cell invasion and metastasis.","valueHier":["http://purl.obolibrary.org/obo/DOID_14566","http://purl.obolibrary.org/obo/DOID_4"],"labelHier":["disease of cellular proliferation","Disease"]},{"propURI":"http://www.bioassayontology.org/bao#BAO_0002865","propLabel":"detection instrument","propAbbrev":"bao:BAO_0002865","valueURI":"http://www.bioassayontology.org/bao#BAO_0001046","valueLabel":"ViewLux CCD Imager","valueAbbrev":"bao:BAO_0001046","valueDescr":"","valueHier":["http://www.bioassayontology.org/bao#BAO_0000697"],"labelHier":["detection instrument"]},{"propURI":"http://www.bioassayontology.org/bao#BAO_0000185","propLabel":"perturbagen type","propAbbrev":"bao:BAO_0000185","valueURI":"http://www.bioassayontology.org/bao#BAO_0070002","valueLabel":"Tox21 Compound Library","valueAbbrev":"bao:BAO_0070002","valueDescr":"The Tox21 compound collection is a library of approximately 10,000 (10K) environmental chemicals and drugs (~10,500 chemicals (~8,300 unique)), also referred to as the 'Tox21 10K library'. Several publications, from NCATS and EPA.  See also https://www.epa.gov/chemical-research/toxicology-testing-21st-century-tox21 or https://ncats.nih.gov/tox21/about/operations.","valueHier":["http://www.bioassayontology.org/bao#BAO_0000648","http://www.bioassayontology.org/bao#BAO_0000661","http://www.bioassayontology.org/bao#BAO_0003120"],"labelHier":["compound library","perturbagen library","assay screened entity component"]},{"propURI":"http://www.bioassayontology.org/bao#BAO_0000196","propLabel":"assay mode of action","propAbbrev":"bao:BAO_0000196","valueURI":"http://www.bioassayontology.org/bao#BAO_0000090","valueLabel":"cytotoxicity","valueAbbrev":"bao:BAO_0000090","valueDescr":"It is the toxic or cell-death inducing property of a perturbagen. Known cytotoxic agents mediate cell death commonly by necrosis, apoptosis, or autophagy. Cytotoxicity can be detected by measuring various aspects of the death process: e.g. membrane permeability, ATP concentration, DNA fragmentation, etc.","valueHier":["http://www.bioassayontology.org/bao#BAO_0080004","http://www.bioassayontology.org/bao#BAO_0000074"],"labelHier":["phenotypic mode of action","mode of action"]},{"propURI":"http://www.bioassayontology.org/bao#BAO_0000196","propLabel":"assay mode of action","propAbbrev":"bao:BAO_0000196","valueURI":"http://www.bioassayontology.org/bao#BAO_0000094","valueLabel":"growth inhibition","valueAbbrev":"bao:BAO_0000094","valueDescr":"Growth reduction of a predefined stimulus. Unit of Measure is always % when normalized to the dynamic range of the assay. \nAs a measure of viable or proliferating cells, different researchers measure different parameters, namely, protein content (by sulforhodamine B staining followed by absorbance measurement), mitochondrial dehydrogenase activity (by 3-(4,5-dimethylthiazol-2-yl)-2,5-diphenyl tetrasodium bromide, known as MTT staining followed by absorbance measurement), expression of proliferation associated antigens (by immunostaining for Ki-67), and ATP content (by using CellTiter-Glo reagent (Promega) followed by luminescence measurement.","valueHier":["http://www.bioassayontology.org/bao#BAO_0000091","http://www.bioassayontology.org/bao#BAO_0000084","http://www.bioassayontology.org/bao#BAO_0000074"],"labelHier":["inhibition","ligand function mode of action","mode of action"]},{"propURI":"http://www.bioassayontology.org/bao#BAO_0000210","propLabel":"screening campaign stage","propAbbrev":"bao:BAO_0000210","valueURI":"http://www.bioassayontology.org/bao#BAO_0000803","valueLabel":"counter screening assay","valueAbbrev":"bao:BAO_0000803","valueDescr":"An assay run to eliminate those hits from the primary and confirmatory assay stages that are not of interest, i.e. do not act via the MMOA of interest; for example compounds that are assay artifacts (e.g. fluorescent), promiscuously active, toxic. ","valueHier":["http://www.bioassayontology.org/bao#BAO_0000032","http://www.bioassayontology.org/bao#BAO_0000029"],"labelHier":["secondary assay","assay screening campaign stage"]},{"propURI":"http://www.bioassayontology.org/bao#BAO_0002009","propLabel":"biological process","propAbbrev":"bao:BAO_0002009","valueURI":"http://purl.obolibrary.org/obo/GO_0044237","valueLabel":"cellular metabolic process","valueAbbrev":"obo:GO_0044237","valueDescr":"The chemical reactions and pathways by which individual cells transform chemical substances.","valueHier":["http://purl.obolibrary.org/obo/GO_0009987","http://purl.obolibrary.org/obo/GO_0008150","http://www.bioassayontology.org/bao#BAO_0003114"],"labelHier":["cellular process","biological process","assay biology component"]},{"propURI":"http://www.bioassayontology.org/bao#BAO_0095009","propLabel":"assay design method","propAbbrev":"bao:BAO_0095009","valueURI":"http://www.bioassayontology.org/bao#BAO_0000127","valueLabel":"viability measurement method","valueAbbrev":"bao:BAO_0000127","valueDescr":"Compound cytotoxicity is an important parameter to measure when developing potential human therapeutics. Cytotoxicity is determined as a measure of radioisotope (3H thymidine or 51Cr) release, lactate dehydrogenase release from damaged cells, tetrazolium salt and alamar blue reduction, fluorescent dyes that selectively stain live or dead cells, and decrease in ATP content. The viability reporter technologies measure cell life or death by quantitating ATP content, caspase activity, membrane potential, and so on.","valueHier":["http://www.bioassayontology.org/bao#BAO_0002202"],"labelHier":["assay design method"]},{"propURI":"http://www.bioassayontology.org/bao#BAO_0000210","propLabel":"screening campaign stage","propAbbrev":"bao:BAO_0000210","valueURI":"http://www.bioassayontology.org/bao#BAO_0000030","valueLabel":"confirmatory assay","valueAbbrev":"bao:BAO_0000030","valueDescr":"Assay performed to confirm activity of compounds identified in the primary screen.  It can be performed as replicate measurements at a single screening concentration or as concentration-response assay.","valueHier":["http://www.bioassayontology.org/bao#BAO_0000029"],"labelHier":["assay screening campaign stage"]},{"propURI":"http://www.bioassayontology.org/bao#BAO_0000208","propLabel":"result","propAbbrev":"bao:BAO_0000208","valueURI":"http://www.bioassayontology.org/bao#BAO_0000583","valueLabel":"raw activity","valueAbbrev":"bao:BAO_0000583","valueDescr":"Raw or qualitative data are reported as endpoints in an assay, e.g., luminescence counts, fluorescence intensity, etc.","valueHier":["http://www.bioassayontology.org/bao#BAO_0000181","http://www.bioassayontology.org/bao#BAO_0000179"],"labelHier":["response endpoint","endpoint"]},{"propURI":"http://www.bioassayontology.org/bao#BAO_0002854","propLabel":"bioassay type","propAbbrev":"bao:BAO_0002854","valueURI":"http://www.bioassayontology.org/bao#BAO_0000010","valueLabel":"functional","valueAbbrev":"bao:BAO_0000010","valueDescr":"An assay where the measured signal corresponds to a complex response such as cell survival, proliferation, localization of a protein, nuclear translocation etc. The molecular target is not assumed.","valueHier":["http://www.bioassayontology.org/bao#BAO_0000008"],"labelHier":["bioassay type"]},{"propURI":"http://www.bioassayontology.org/bao#BAO_0002855","propLabel":"bioassay","propAbbrev":"bao:BAO_0002855","valueURI":"http://www.bioassayontology.org/bao#BAO_0003009","valueLabel":"cell viability assay","valueAbbrev":"bao:BAO_0003009","valueDescr":"This assay type measures the cellular state of living or dying by measuring an indicator of life or death. Cell life indicators include ATP content, cell number, dehydrogenase activity, DNA content, esterase activity, mitochondrial membrane potential, membrane integrity, and protease activity. Cell death indicators include caspase activity, chromatin condensation, and phospholipid redistribution.","valueHier":["http://www.bioassayontology.org/bao#BAO_0000015"],"labelHier":["bioassay"]},{"propURI":"http://www.bioassayontology.org/bao#BAO_0095010","propLabel":"assay supporting method","propAbbrev":"bao:BAO_0095010","valueURI":"http://www.bioassayontology.org/bao#BAO_0002647","valueLabel":"cell culture method","valueAbbrev":"bao:BAO_0002647","valueDescr":"","valueHier":["http://www.bioassayontology.org/bao#BAO_0002429"],"labelHier":["assay supporting method"]},{"propURI":"http://www.bioassayontology.org/bao#BAO_0002921","propLabel":"organism","propAbbrev":"bao:BAO_0002921","valueURI":"http://purl.obolibrary.org/obo/NCBITaxon_9606","valueLabel":"Homo sapiens","valueAbbrev":"obo:NCBITaxon_9606","valueDescr":"","altLabels":["Homo spiens","Homo sapience","Homo sapien","human","Homo spaiens","Homo sapians","man","Humo sapiens","Home sapiens","Homo sapiense","Homo sampiens","Homo sapeins","Homo sapines","Homo sapian","Homo sapients"],"valueHier":["http://www.bioassayontology.org/bao#BAO_0000362","http://www.bioassayontology.org/bao#BAO_0000510","http://www.bioassayontology.org/bao#BAO_0000659","http://www.bioassayontology.org/bao#BAO_0000509","http://www.bioassayontology.org/bao#BAO_0000658","http://www.bioassayontology.org/bao#BAO_0000551"],"labelHier":["mammalian","vertebrate","metazoa","eukaryote","cellular organisms","organism"]},{"propURI":"http://www.bioassayontology.org/bao#BAO_0002663","propLabel":"assay kit","propAbbrev":"bao:BAO_0002663","valueURI":"http://www.bioassayontology.org/bao#BAO_0140046","valueLabel":"CellTiter-Fluor Cell Viability Assay Kit","valueAbbrev":"bao:BAO_0140046","valueDescr":"The CellTiter-Fluor Cell Viability Assay measures the relative number of viable cells in a population. The assay is based on measurement of a conserved and constitutive protease activity within live cells and therefore serves as a biomarker of cell viability. The live-cell protease activity is restricted to intact viable cells and is measured using a fluorogenic, cell-permeant, peptide substrate (Gly-Phe-AFC). The substrate enters intact cells, where it is cleaved by the live-cell protease activity to generate a fluorescent signal proportional to the number of living cells. The live-cell protease becomes inactive upon loss of membrane integrity and leakage into the surrounding culture medium. (description adapted from vendor Promega)","valueHier":["http://www.bioassayontology.org/bao#BAO_0000248"],"labelHier":["assay kit"]},{"propURI":"http://www.bioassayontology.org/bao#BAO_0002800","propLabel":"assay cell line","propAbbrev":"bao:BAO_0002800","valueURI":"http://purl.obolibrary.org/obo/CLO_0003704","valueLabel":"Hep-G2 cell","valueAbbrev":"obo:CLO_0003704","valueDescr":"Human hepatocellular carcinoma, established from the tumor tissue of a 15-year-old Argentine boy with hepatocellular carcinoma in 1975.","altLabels":["HepG2","Hep G2","HEPG2","HEP-G2","HEP G2"],"valueHier":["http://purl.obolibrary.org/obo/CLO_0000565","http://purl.obolibrary.org/obo/CLO_0000235","http://purl.obolibrary.org/obo/CLO_0000019","http://purl.obolibrary.org/obo/CLO_0000001"],"labelHier":["immortal human liver-derived cell line cell","immortal liver-derived cell line cell","immortal cell line cell","cell line cell"]}],"annotsRemoved":[],"labelsAdded":[],"labelsRemoved":[]}],"holdingIDList":[]}