{"assayID":7352,"uniqueID":"pubchemAID:1224867","text":"U.S. Tox21 Program\n\nNational Center for Advancing Translational Sciences [NCATS]\nNIH Chemical Genomics Center [NCGC]\nU.S. Environmental Protection Agency [EPA]\nNational Institutes of Environmental Health Sciences [NIEHS]\nNational Toxicology Program [NTP]\nU.S. Food and Drug Administration [FDA]\n\nTox21 Assay Overview:\n\nMeasure of cell viability is critical in the cell-base assay. Analysis of cell viability is necessary for the characterization of cell responses to cytotoxic drugs and environmental stress. A RealTime-Glo MT Cell Viability Assay to monitor cell viability in real time of continues cell culture during 40 hours of compound treatment was used to screen Tox21 10K library compounds in HepG2 cells. The RealTime-Glo MT Cell Viability Assay is a nonlytic, homogeneous, bioluminescent method to measure cell viability in real time using a simple, plate-based method. The assay involves adding NanoLuc luciferase and a cell-permeant prosubstrate to cells in culture. Viable cells reduce the proprietary prosubstrate to generate a substrate for NanoLuc luciferase. This substrate diffuses from cells into the surrounding culture medium, where it is rapidly used by the NanoLuc Enzyme to produce a luminescent signal. The signal correlates with the number of viable cells, making the assay well suited for cytotoxicity studies.\n\nDisclaimer:\n\nAlthough all reasonable efforts have been made to ensure the accuracy and reliability of the data, caution should be exercised when interpreting the results as artifacts are possible from nonspecific effects such as assay signal interference. The curve fitting and activity calls presented here are based on the NCATS analysis methods. Alternative analysis methods and interpretations of the data are available at EPA (http://actor.epa.gov) and NTP (http://tools.niehs.nih.gov/cebs3/ui/).\n\nCompound Ranking:\n\n1. Compounds are first classified as having full titration curves, partial modulation, partial curve (weaker actives), single point activity (at highest concentration only), or inactive. See data field \"Curve Description\". For this assay, apparent inhibitors are ranked higher than compounds that showed apparent activation.\n2. For all inactive compounds, PUBCHEM_ACTIVITY_SCORE is 0. For all active compounds, a score range was given for each curve class type given above.  Active compounds have PUBCHEM_ACTIVITY_SCORE between 40 and 100.  Inconclusive compounds have PUBCHEM_ACTIVITY_SCORE between 1 and 39.  Fit_LogAC50 was used for determining relative score and was scaled to each curve class' score range.\n\nTox21 Assay Protocol Summary:\n\nThe mixture of HepG2 cell suspension and reagents were dispensed at 600cells/6 ul/well in 1536-well tissue culture treated black solid bottom plates using a Multidrop dispenser. After the assay plates were incubated at a 37 C/5% CO2 incubator for 5 hours, 23 nL of compounds dissolved in DMSO, positive and negative controls was transferred to the assay plate by a pintool work station. The plates were incubated at 37 C for 40 hours. The luminescence intensity were measured at 0h, 8h, 16h, 24h, 32h and 40h time points using ViewLux plate reader during compound treatment.\n\n","schemaURI":"http://www.bioassayontology.org/bas#","annotations":[{"propURI":"http://www.bioassayontology.org/bao#BAO_0002852","propLabel":"assay sources","propAbbrev":"bao:BAO_0002852","valueURI":"http://www.bioassayexpress.org/sources#SRC_0000027","valueLabel":"Tox21","valueAbbrev":"src:SRC_0000027","valueDescr":"Tox21 (NCATS).","groupNest":[],"groupLabel":[],"externalURLs":["http://www.ncats.nih.gov/tox21"],"valueHier":["http://www.bioassayexpress.org/sources#pubchem_sources","http://www.bioassayontology.org/bao#BAO_0002934"],"labelHier":["PubChem Sources","organization"]},{"propURI":"http://www.bioassayontology.org/bao#BAO_0002800","propLabel":"assay cell line","propAbbrev":"bao:BAO_0002800","valueURI":"http://purl.obolibrary.org/obo/CLO_0003704","valueLabel":"Hep-G2 cell","valueAbbrev":"obo:CLO_0003704","valueDescr":"Human hepatocellular carcinoma, established from the tumor tissue of a 15-year-old Argentine boy with hepatocellular carcinoma in 1975.","groupNest":[],"groupLabel":[],"altLabels":["HepG2","Hep G2","HEPG2","HEP-G2","HEP G2"],"valueHier":["http://purl.obolibrary.org/obo/CLO_0000565","http://purl.obolibrary.org/obo/CLO_0000235","http://purl.obolibrary.org/obo/CLO_0000019","http://purl.obolibrary.org/obo/CLO_0000001"],"labelHier":["immortal human liver-derived cell line cell","immortal liver-derived cell line cell","immortal cell line cell","cell line cell"]},{"propURI":"http://www.bioassayontology.org/bao#BAO_0000196","propLabel":"assay mode of action","propAbbrev":"bao:BAO_0000196","valueURI":"http://www.bioassayontology.org/bao#BAO_0000094","valueLabel":"growth inhibition","valueAbbrev":"bao:BAO_0000094","valueDescr":"Growth reduction of a predefined stimulus. Unit of Measure is always % when normalized to the dynamic range of the assay. \nAs a measure of viable or proliferating cells, different researchers measure different parameters, namely, protein content (by sulforhodamine B staining followed by absorbance measurement), mitochondrial dehydrogenase activity (by 3-(4,5-dimethylthiazol-2-yl)-2,5-diphenyl tetrasodium bromide, known as MTT staining followed by absorbance measurement), expression of proliferation associated antigens (by immunostaining for Ki-67), and ATP content (by using CellTiter-Glo reagent (Promega) followed by luminescence measurement.","groupNest":[],"groupLabel":[],"valueHier":["http://www.bioassayontology.org/bao#BAO_0000091","http://www.bioassayontology.org/bao#BAO_0000084","http://www.bioassayontology.org/bao#BAO_0000074"],"labelHier":["inhibition","ligand function mode of action","mode of action"]},{"propURI":"http://www.bioassayontology.org/bao#BAO_0000196","propLabel":"assay mode of action","propAbbrev":"bao:BAO_0000196","valueURI":"http://www.bioassayontology.org/bao#BAO_0000090","valueLabel":"cytotoxicity","valueAbbrev":"bao:BAO_0000090","valueDescr":"It is the toxic or cell-death inducing property of a perturbagen. Known cytotoxic agents mediate cell death commonly by necrosis, apoptosis, or autophagy. Cytotoxicity can be detected by measuring various aspects of the death process: e.g. membrane permeability, ATP concentration, DNA fragmentation, etc.","groupNest":[],"groupLabel":[],"valueHier":["http://www.bioassayontology.org/bao#BAO_0080004","http://www.bioassayontology.org/bao#BAO_0000074"],"labelHier":["phenotypic mode of action","mode of action"]},{"propURI":"http://www.bioassayontology.org/bao#BAO_0000205","propLabel":"assay format","propAbbrev":"bao:BAO_0000205","valueURI":"http://www.bioassayontology.org/bao#BAO_0000219","valueLabel":"cell based format","valueAbbrev":"bao:BAO_0000219","valueDescr":"Involves the use of living cells of eukaryotic origin, derived from a multicellular organism, and is a heterogeneous assay type. Typically, this refers to permanent (immortal) cell lines, or primary cells, or some form of stem cells. This is distinct from a single-celled organism-based format (classically bacteria or yeast).","groupNest":[],"groupLabel":[],"valueHier":["http://www.bioassayontology.org/bao#BAO_0000019"],"labelHier":["assay format"]},{"propURI":"http://www.bioassayontology.org/bao#BAO_0002921","propLabel":"organism","propAbbrev":"bao:BAO_0002921","valueURI":"http://purl.obolibrary.org/obo/NCBITaxon_9606","valueLabel":"Homo sapiens","valueAbbrev":"obo:NCBITaxon_9606","valueDescr":"","groupNest":[],"groupLabel":[],"altLabels":["Homo spiens","Homo sapience","Homo sapien","human","Homo spaiens","Homo sapians","man","Humo sapiens","Home sapiens","Homo sapiense","Homo sampiens","Homo sapeins","Homo sapines","Homo sapian","Homo sapients"],"valueHier":["http://www.bioassayontology.org/bao#BAO_0000362","http://www.bioassayontology.org/bao#BAO_0000510","http://www.bioassayontology.org/bao#BAO_0000659","http://www.bioassayontology.org/bao#BAO_0000509","http://www.bioassayontology.org/bao#BAO_0000658","http://www.bioassayontology.org/bao#BAO_0000551"],"labelHier":["mammalian","vertebrate","metazoa","eukaryote","cellular organisms","organism"]},{"propURI":"http://www.bioassayontology.org/bao#BAO_0002009","propLabel":"biological process","propAbbrev":"bao:BAO_0002009","valueURI":"http://purl.obolibrary.org/obo/GO_0008219","valueLabel":"cell death","valueAbbrev":"obo:GO_0008219","valueDescr":"Any biological process that results in permanent cessation of all vital functions of a cell. A cell should be considered dead when any one of the following molecular or morphological criteria is met: (1) the cell has lost the integrity of its plasma membrane; (2) the cell, including its nucleus, has undergone complete fragmentation into discrete bodies (frequently referred to as \"apoptotic bodies\"); and/or (3) its corpse (or its fragments) have been engulfed by an adjacent cell in vivo.","groupNest":[],"groupLabel":[],"valueHier":["http://purl.obolibrary.org/obo/GO_0016265","http://purl.obolibrary.org/obo/GO_0044699","http://purl.obolibrary.org/obo/GO_0008150","http://www.bioassayontology.org/bao#BAO_0003114"],"labelHier":["death","single-organism process","biological process","assay biology component"]},{"propURI":"http://www.bioassayontology.org/bao#BAO_0002854","propLabel":"bioassay type","propAbbrev":"bao:BAO_0002854","valueURI":"http://www.bioassayontology.org/bao#BAO_0000010","valueLabel":"functional","valueAbbrev":"bao:BAO_0000010","valueDescr":"An assay where the measured signal corresponds to a complex response such as cell survival, proliferation, localization of a protein, nuclear translocation etc. The molecular target is not assumed.","groupNest":[],"groupLabel":[],"valueHier":["http://www.bioassayontology.org/bao#BAO_0000008"],"labelHier":["bioassay type"]},{"propURI":"http://www.bioassayontology.org/bao#BAO_0002867","propLabel":"assay footprint","propAbbrev":"bao:BAO_0002867","valueURI":"http://www.bioassayontology.org/bao#BAO_0000516","valueLabel":"1536 well plate","valueAbbrev":"bao:BAO_0000516","valueDescr":"This microplate contains 1536 wells. It is highly miniaturized to accommodate more wells on one plate which reduces the plate handling time and allows working with very small volumes (few microliters) that reduces the cost of an assay.","groupNest":[],"groupLabel":[],"valueHier":["http://www.bioassayontology.org/bao#BAO_0000508","http://www.bioassayontology.org/bao#BAO_0000512"],"labelHier":["microplate","assay footprint"]},{"propURI":"http://www.bioassayontology.org/bao#BAO_0002663","propLabel":"assay kit","propAbbrev":"bao:BAO_0002663","valueURI":"http://www.bioassayontology.org/bao#BAO_0140017","valueLabel":"Luciferase-based ('Glo') Assay System (Promega)","valueAbbrev":"bao:BAO_0140017","valueDescr":"An assay system (Promega) based on the bioluminescent enzyme luciferase's catalysis of the substrate luciferin to generate light, adapted for multiple applications, such as cell viability, apoptosis, or kinase, cytochrome P450, or proteasome activity. ","groupNest":[],"groupLabel":[],"valueHier":["http://www.bioassayontology.org/bao#BAO_0000248"],"labelHier":["assay kit"]},{"propURI":"http://www.bioassayontology.org/bao#BAO_0000207","propLabel":"physical detection method","propAbbrev":"bao:BAO_0000207","valueURI":"http://www.bioassayontology.org/bao#BAO_0000045","valueLabel":"luminescence method","valueAbbrev":"bao:BAO_0000045","valueDescr":"The emission of light from a substance that occurs from an electronically excited state which is reached either by a physical, mechanical, or chemical mechanism.","groupNest":[],"groupLabel":[],"valueHier":["http://www.bioassayontology.org/bao#BAO_0000035"],"labelHier":["physical detection method"]},{"propURI":"http://www.bioassayontology.org/bao#BAO_0002865","propLabel":"detection instrument","propAbbrev":"bao:BAO_0002865","valueURI":"http://www.bioassayontology.org/bao#BAO_0001046","valueLabel":"ViewLux CCD Imager","valueAbbrev":"bao:BAO_0001046","valueDescr":"","groupNest":[],"groupLabel":[],"valueHier":["http://www.bioassayontology.org/bao#BAO_0000697"],"labelHier":["detection instrument"]},{"propURI":"http://www.bioassayontology.org/bao#BAO_0000185","propLabel":"perturbagen type","propAbbrev":"bao:BAO_0000185","valueURI":"http://www.bioassayontology.org/bao#BAO_0070002","valueLabel":"Tox21 Compound Library","valueAbbrev":"bao:BAO_0070002","valueDescr":"The Tox21 compound collection is a library of approximately 10,000 (10K) environmental chemicals and drugs (~10,500 chemicals (~8,300 unique)), also referred to as the 'Tox21 10K library'. Several publications, from NCATS and EPA.  See also https://www.epa.gov/chemical-research/toxicology-testing-21st-century-tox21 or https://ncats.nih.gov/tox21/about/operations.","groupNest":[],"groupLabel":[],"valueHier":["http://www.bioassayontology.org/bao#BAO_0000648","http://www.bioassayontology.org/bao#BAO_0000661","http://www.bioassayontology.org/bao#BAO_0003120"],"labelHier":["compound library","perturbagen library","assay screened entity component"]},{"propURI":"http://www.bioassayontology.org/bao#BAO_0000210","propLabel":"screening campaign stage","propAbbrev":"bao:BAO_0000210","valueURI":"http://www.bioassayontology.org/bao#BAO_0000623","valueLabel":"compound toxicity assay","valueAbbrev":"bao:BAO_0000623","valueDescr":"This assay is performed to identify compounds that have an ability to kill the cells (cytotoxic).","groupNest":[],"groupLabel":[],"valueHier":["http://www.bioassayontology.org/bao#BAO_0000803","http://www.bioassayontology.org/bao#BAO_0000032","http://www.bioassayontology.org/bao#BAO_0000029"],"labelHier":["counter screening assay","secondary assay","assay screening campaign stage"]},{"propURI":"http://www.bioassayontology.org/bao#BAO_0002855","propLabel":"bioassay","propAbbrev":"bao:BAO_0002855","valueURI":"http://www.bioassayontology.org/bao#BAO_0003009","valueLabel":"cell viability assay","valueAbbrev":"bao:BAO_0003009","valueDescr":"This assay type measures the cellular state of living or dying by measuring an indicator of life or death. Cell life indicators include ATP content, cell number, dehydrogenase activity, DNA content, esterase activity, mitochondrial membrane potential, membrane integrity, and protease activity. Cell death indicators include caspase activity, chromatin condensation, and phospholipid redistribution.","groupNest":[],"groupLabel":[],"valueHier":["http://www.bioassayontology.org/bao#BAO_0000015"],"labelHier":["bioassay"]},{"propURI":"http://www.bioassayontology.org/bao#BAO_0095009","propLabel":"assay design method","propAbbrev":"bao:BAO_0095009","valueURI":"http://www.bioassayontology.org/bao#BAO_0002734","valueLabel":"luciferase enzyme activity measurement method","valueAbbrev":"bao:BAO_0002734","valueDescr":"","groupNest":[],"groupLabel":[],"valueHier":["http://www.bioassayontology.org/bao#BAO_0000139","http://www.bioassayontology.org/bao#BAO_0000124","http://www.bioassayontology.org/bao#BAO_0002202"],"labelHier":["direct enzyme activity measurement method","enzyme activity measurement method","assay design method"]},{"propURI":"http://www.bioassayontology.org/bao#BAO_0095010","propLabel":"assay supporting method","propAbbrev":"bao:BAO_0095010","valueURI":"http://www.bioassayontology.org/bao#BAO_0002647","valueLabel":"cell culture method","valueAbbrev":"bao:BAO_0002647","valueDescr":"","groupNest":[],"groupLabel":[],"valueHier":["http://www.bioassayontology.org/bao#BAO_0002429"],"labelHier":["assay supporting method"]},{"propURI":"http://www.bioassayontology.org/bao#BAO_0000208","propLabel":"result","propAbbrev":"bao:BAO_0000208","valueURI":"http://www.bioassayontology.org/bao#BAO_0000583","valueLabel":"raw activity","valueAbbrev":"bao:BAO_0000583","valueDescr":"Raw or qualitative data are reported as endpoints in an assay, e.g., luminescence counts, fluorescence intensity, etc.","groupNest":[],"groupLabel":[],"valueHier":["http://www.bioassayontology.org/bao#BAO_0000181","http://www.bioassayontology.org/bao#BAO_0000179"],"labelHier":["response endpoint","endpoint"]},{"propURI":"http://www.bioassayontology.org/bao#BAO_0000208","propLabel":"result","propAbbrev":"bao:BAO_0000208","valueURI":"http://www.bioassayontology.org/bao#BAO_0002114","valueLabel":"time endpoint","valueAbbrev":"bao:BAO_0002114","valueDescr":"An endpoint defined by a length in time at which a desired effect or observation occurs.","groupNest":[],"groupLabel":[],"valueHier":["http://www.bioassayontology.org/bao#BAO_0000179"],"labelHier":["endpoint"]},{"propURI":"http://www.bioassayontology.org/bao#BAO_0000210","propLabel":"screening campaign stage","propAbbrev":"bao:BAO_0000210","valueURI":"http://www.bioassayontology.org/bao#BAO_0000030","valueLabel":"confirmatory assay","valueAbbrev":"bao:BAO_0000030","valueDescr":"Assay performed to confirm activity of compounds identified in the primary screen.  It can be performed as replicate measurements at a single screening concentration or as concentration-response assay.","groupNest":[],"groupLabel":[],"valueHier":["http://www.bioassayontology.org/bao#BAO_0000029"],"labelHier":["assay screening campaign stage"]},{"propURI":"http://www.bioassayontology.org/bao#BAO_0000211","propLabel":"target","propAbbrev":"bao:BAO_0000211","valueURI":"http://www.drugtargetontology.org/dto/DTO_00100000","valueLabel":"Protein","valueAbbrev":"dto:DTO_00100000","valueDescr":"","groupNest":[],"groupLabel":[],"valueHier":[],"labelHier":[]},{"propURI":"http://www.bioassayontology.org/bao#BAO_0002853","valueLabel":"qHTS RealTime-Glo MT Cell Viability Assay in HepG2 cells - 24 hour","propAbbrev":"bao:BAO_0002853","groupNest":[],"propLabel":"assay title","groupLabel":[]},{"propURI":"http://www.bioassayontology.org/bao#BAO_0002663","valueLabel":"RealTime-Glo MT Cell Viability Assay (Promega)","propAbbrev":"bao:BAO_0002663","groupNest":[],"propLabel":"assay kit","groupLabel":[]}],"pubchemXRef":[{"type":"dburl","id":"http://tripod.nih.gov/tox21/","comment":""}],"curationTime":1533578991676,"curatorID":"google:116162532162477418918","curatorName":"","curatorEmail":"sjeschonek@collaborativedrug.com","history":[{"curationTime":1533578991676,"curatorID":"google:116162532162477418918","curatorName":"","curatorEmail":"sjeschonek@collaborativedrug.com","annotsAdded":[{"propURI":"http://www.bioassayontology.org/bao#BAO_0000210","propLabel":"screening campaign stage","propAbbrev":"bao:BAO_0000210","valueURI":"http://www.bioassayontology.org/bao#BAO_0000623","valueLabel":"compound toxicity assay","valueAbbrev":"bao:BAO_0000623","valueDescr":"This assay is performed to identify compounds that have an ability to kill the cells (cytotoxic).","valueHier":["http://www.bioassayontology.org/bao#BAO_0000803","http://www.bioassayontology.org/bao#BAO_0000032","http://www.bioassayontology.org/bao#BAO_0000029"],"labelHier":["counter screening assay","secondary assay","assay screening campaign stage"]},{"propURI":"http://www.bioassayontology.org/bao#BAO_0002009","propLabel":"biological process","propAbbrev":"bao:BAO_0002009","valueURI":"http://purl.obolibrary.org/obo/GO_0008219","valueLabel":"cell death","valueAbbrev":"obo:GO_0008219","valueDescr":"Any biological process that results in permanent cessation of all vital functions of a cell. A cell should be considered dead when any one of the following molecular or morphological criteria is met: (1) the cell has lost the integrity of its plasma membrane; (2) the cell, including its nucleus, has undergone complete fragmentation into discrete bodies (frequently referred to as \"apoptotic bodies\"); and/or (3) its corpse (or its fragments) have been engulfed by an adjacent cell in vivo.","valueHier":["http://purl.obolibrary.org/obo/GO_0016265","http://purl.obolibrary.org/obo/GO_0044699","http://purl.obolibrary.org/obo/GO_0008150","http://www.bioassayontology.org/bao#BAO_0003114"],"labelHier":["death","single-organism process","biological process","assay biology component"]},{"propURI":"http://www.bioassayontology.org/bao#BAO_0000205","propLabel":"assay format","propAbbrev":"bao:BAO_0000205","valueURI":"http://www.bioassayontology.org/bao#BAO_0000219","valueLabel":"cell based format","valueAbbrev":"bao:BAO_0000219","valueDescr":"Involves the use of living cells of eukaryotic origin, derived from a multicellular organism, and is a heterogeneous assay type. Typically, this refers to permanent (immortal) cell lines, or primary cells, or some form of stem cells. This is distinct from a single-celled organism-based format (classically bacteria or yeast).","valueHier":["http://www.bioassayontology.org/bao#BAO_0000019"],"labelHier":["assay format"]},{"propURI":"http://www.bioassayontology.org/bao#BAO_0002867","propLabel":"assay footprint","propAbbrev":"bao:BAO_0002867","valueURI":"http://www.bioassayontology.org/bao#BAO_0000516","valueLabel":"1536 well plate","valueAbbrev":"bao:BAO_0000516","valueDescr":"This microplate contains 1536 wells. It is highly miniaturized to accommodate more wells on one plate which reduces the plate handling time and allows working with very small volumes (few microliters) that reduces the cost of an assay.","valueHier":["http://www.bioassayontology.org/bao#BAO_0000508","http://www.bioassayontology.org/bao#BAO_0000512"],"labelHier":["microplate","assay footprint"]},{"propURI":"http://www.bioassayontology.org/bao#BAO_0002865","propLabel":"detection instrument","propAbbrev":"bao:BAO_0002865","valueURI":"http://www.bioassayontology.org/bao#BAO_0001046","valueLabel":"ViewLux CCD Imager","valueAbbrev":"bao:BAO_0001046","valueDescr":"","valueHier":["http://www.bioassayontology.org/bao#BAO_0000697"],"labelHier":["detection instrument"]},{"propURI":"http://www.bioassayontology.org/bao#BAO_0000208","propLabel":"result","propAbbrev":"bao:BAO_0000208","valueURI":"http://www.bioassayontology.org/bao#BAO_0002114","valueLabel":"time endpoint","valueAbbrev":"bao:BAO_0002114","valueDescr":"An endpoint defined by a length in time at which a desired effect or observation occurs.","valueHier":["http://www.bioassayontology.org/bao#BAO_0000179"],"labelHier":["endpoint"]},{"propURI":"http://www.bioassayontology.org/bao#BAO_0000185","propLabel":"perturbagen type","propAbbrev":"bao:BAO_0000185","valueURI":"http://www.bioassayontology.org/bao#BAO_0070002","valueLabel":"Tox21 Compound Library","valueAbbrev":"bao:BAO_0070002","valueDescr":"The Tox21 compound collection is a library of approximately 10,000 (10K) environmental chemicals and drugs (~10,500 chemicals (~8,300 unique)), also referred to as the 'Tox21 10K library'. Several publications, from NCATS and EPA.  See also https://www.epa.gov/chemical-research/toxicology-testing-21st-century-tox21 or https://ncats.nih.gov/tox21/about/operations.","valueHier":["http://www.bioassayontology.org/bao#BAO_0000648","http://www.bioassayontology.org/bao#BAO_0000661","http://www.bioassayontology.org/bao#BAO_0003120"],"labelHier":["compound library","perturbagen library","assay screened entity component"]},{"propURI":"http://www.bioassayontology.org/bao#BAO_0000196","propLabel":"assay mode of action","propAbbrev":"bao:BAO_0000196","valueURI":"http://www.bioassayontology.org/bao#BAO_0000090","valueLabel":"cytotoxicity","valueAbbrev":"bao:BAO_0000090","valueDescr":"It is the toxic or cell-death inducing property of a perturbagen. Known cytotoxic agents mediate cell death commonly by necrosis, apoptosis, or autophagy. Cytotoxicity can be detected by measuring various aspects of the death process: e.g. membrane permeability, ATP concentration, DNA fragmentation, etc.","valueHier":["http://www.bioassayontology.org/bao#BAO_0080004","http://www.bioassayontology.org/bao#BAO_0000074"],"labelHier":["phenotypic mode of action","mode of action"]},{"propURI":"http://www.bioassayontology.org/bao#BAO_0000211","propLabel":"target","propAbbrev":"bao:BAO_0000211","valueURI":"http://www.drugtargetontology.org/dto/DTO_00100000","valueLabel":"Protein","valueAbbrev":"dto:DTO_00100000","valueDescr":"","valueHier":[],"labelHier":[]},{"propURI":"http://www.bioassayontology.org/bao#BAO_0000196","propLabel":"assay mode of action","propAbbrev":"bao:BAO_0000196","valueURI":"http://www.bioassayontology.org/bao#BAO_0000094","valueLabel":"growth inhibition","valueAbbrev":"bao:BAO_0000094","valueDescr":"Growth reduction of a predefined stimulus. Unit of Measure is always % when normalized to the dynamic range of the assay. \nAs a measure of viable or proliferating cells, different researchers measure different parameters, namely, protein content (by sulforhodamine B staining followed by absorbance measurement), mitochondrial dehydrogenase activity (by 3-(4,5-dimethylthiazol-2-yl)-2,5-diphenyl tetrasodium bromide, known as MTT staining followed by absorbance measurement), expression of proliferation associated antigens (by immunostaining for Ki-67), and ATP content (by using CellTiter-Glo reagent (Promega) followed by luminescence measurement.","valueHier":["http://www.bioassayontology.org/bao#BAO_0000091","http://www.bioassayontology.org/bao#BAO_0000084","http://www.bioassayontology.org/bao#BAO_0000074"],"labelHier":["inhibition","ligand function mode of action","mode of action"]},{"propURI":"http://www.bioassayontology.org/bao#BAO_0000207","propLabel":"physical detection method","propAbbrev":"bao:BAO_0000207","valueURI":"http://www.bioassayontology.org/bao#BAO_0000045","valueLabel":"luminescence method","valueAbbrev":"bao:BAO_0000045","valueDescr":"The emission of light from a substance that occurs from an electronically excited state which is reached either by a physical, mechanical, or chemical mechanism.","valueHier":["http://www.bioassayontology.org/bao#BAO_0000035"],"labelHier":["physical detection method"]},{"propURI":"http://www.bioassayontology.org/bao#BAO_0002663","propLabel":"assay kit","propAbbrev":"bao:BAO_0002663","valueURI":"http://www.bioassayontology.org/bao#BAO_0140017","valueLabel":"Luciferase-based ('Glo') Assay System (Promega)","valueAbbrev":"bao:BAO_0140017","valueDescr":"An assay system (Promega) based on the bioluminescent enzyme luciferase's catalysis of the substrate luciferin to generate light, adapted for multiple applications, such as cell viability, apoptosis, or kinase, cytochrome P450, or proteasome activity. ","valueHier":["http://www.bioassayontology.org/bao#BAO_0000248"],"labelHier":["assay kit"]},{"propURI":"http://www.bioassayontology.org/bao#BAO_0002800","propLabel":"assay cell line","propAbbrev":"bao:BAO_0002800","valueURI":"http://purl.obolibrary.org/obo/BTO_0000599","valueAbbrev":"obo:BTO_0000599","valueHier":[],"labelHier":[],"outOfSchema":true},{"propURI":"http://www.bioassayontology.org/bao#BAO_0095009","propLabel":"assay design method","propAbbrev":"bao:BAO_0095009","valueURI":"http://www.bioassayontology.org/bao#BAO_0002734","valueLabel":"luciferase enzyme activity measurement method","valueAbbrev":"bao:BAO_0002734","valueDescr":"","valueHier":["http://www.bioassayontology.org/bao#BAO_0000139","http://www.bioassayontology.org/bao#BAO_0000124","http://www.bioassayontology.org/bao#BAO_0002202"],"labelHier":["direct enzyme activity measurement method","enzyme activity measurement method","assay design method"]},{"propURI":"http://www.bioassayontology.org/bao#BAO_0000208","propLabel":"result","propAbbrev":"bao:BAO_0000208","valueURI":"http://www.bioassayontology.org/bao#BAO_0000583","valueLabel":"raw activity","valueAbbrev":"bao:BAO_0000583","valueDescr":"Raw or qualitative data are reported as endpoints in an assay, e.g., luminescence counts, fluorescence intensity, etc.","valueHier":["http://www.bioassayontology.org/bao#BAO_0000181","http://www.bioassayontology.org/bao#BAO_0000179"],"labelHier":["response endpoint","endpoint"]},{"propURI":"http://www.bioassayontology.org/bao#BAO_0000210","propLabel":"screening campaign stage","propAbbrev":"bao:BAO_0000210","valueURI":"http://www.bioassayontology.org/bao#BAO_0000030","valueLabel":"confirmatory assay","valueAbbrev":"bao:BAO_0000030","valueDescr":"Assay performed to confirm activity of compounds identified in the primary screen.  It can be performed as replicate measurements at a single screening concentration or as concentration-response assay.","valueHier":["http://www.bioassayontology.org/bao#BAO_0000029"],"labelHier":["assay screening campaign stage"]},{"propURI":"http://www.bioassayontology.org/bao#BAO_0002854","propLabel":"bioassay type","propAbbrev":"bao:BAO_0002854","valueURI":"http://www.bioassayontology.org/bao#BAO_0000010","valueLabel":"functional","valueAbbrev":"bao:BAO_0000010","valueDescr":"An assay where the measured signal corresponds to a complex response such as cell survival, proliferation, localization of a protein, nuclear translocation etc. The molecular target is not assumed.","valueHier":["http://www.bioassayontology.org/bao#BAO_0000008"],"labelHier":["bioassay type"]},{"propURI":"http://www.bioassayontology.org/bao#BAO_0002855","propLabel":"bioassay","propAbbrev":"bao:BAO_0002855","valueURI":"http://www.bioassayontology.org/bao#BAO_0003009","valueLabel":"cell viability assay","valueAbbrev":"bao:BAO_0003009","valueDescr":"This assay type measures the cellular state of living or dying by measuring an indicator of life or death. Cell life indicators include ATP content, cell number, dehydrogenase activity, DNA content, esterase activity, mitochondrial membrane potential, membrane integrity, and protease activity. Cell death indicators include caspase activity, chromatin condensation, and phospholipid redistribution.","valueHier":["http://www.bioassayontology.org/bao#BAO_0000015"],"labelHier":["bioassay"]},{"propURI":"http://www.bioassayontology.org/bao#BAO_0095010","propLabel":"assay supporting method","propAbbrev":"bao:BAO_0095010","valueURI":"http://www.bioassayontology.org/bao#BAO_0002647","valueLabel":"cell culture method","valueAbbrev":"bao:BAO_0002647","valueDescr":"","valueHier":["http://www.bioassayontology.org/bao#BAO_0002429"],"labelHier":["assay supporting method"]},{"propURI":"http://www.bioassayontology.org/bao#BAO_0002921","propLabel":"organism","propAbbrev":"bao:BAO_0002921","valueURI":"http://purl.obolibrary.org/obo/NCBITaxon_9606","valueLabel":"Homo sapiens","valueAbbrev":"obo:NCBITaxon_9606","valueDescr":"","altLabels":["Homo spiens","Homo sapience","Homo sapien","human","Homo spaiens","Homo sapians","man","Humo sapiens","Home sapiens","Homo sapiense","Homo sampiens","Homo sapeins","Homo sapines","Homo sapian","Homo sapients"],"valueHier":["http://www.bioassayontology.org/bao#BAO_0000362","http://www.bioassayontology.org/bao#BAO_0000510","http://www.bioassayontology.org/bao#BAO_0000659","http://www.bioassayontology.org/bao#BAO_0000509","http://www.bioassayontology.org/bao#BAO_0000658","http://www.bioassayontology.org/bao#BAO_0000551"],"labelHier":["mammalian","vertebrate","metazoa","eukaryote","cellular organisms","organism"]}],"annotsRemoved":[],"labelsAdded":[{"propURI":"http://www.bioassayontology.org/bao#BAO_0002663","valueLabel":"RealTime-Glo MT Cell Viability Assay (Promega)","propAbbrev":"bao:BAO_0002663","propLabel":"assay kit"}],"labelsRemoved":[]}],"holdingIDList":[]}