{"assayID":7175,"uniqueID":"pubchemAID:1053166","text":"Assay for stage-specific inhibitors of Vaccinia orthopox Measured in Cell-Based and Microorganism Combination System Using Plate Reader - 2142-01_Inhibitor_Dose_DryPowder_Activity_Set2\n\nAssay Overview: Orthopoxviruses are a genus of viruses that include monkeypox, variola (the causative agent of smallpox) and vaccinia, the prototypical orthopoxvirus which was used in the world-wide vaccination program that eradicated smallpox [1]. Smallpox was once the most deadly human pathogen, and is estimated to have killed more than 300 million people. Following the eradication of smallpox, routine vaccination was discontinued in the 1970s, and there has consequently been a precipitous decline in population immunity to smallpox and other orthopoxviruses. There are currently no FDA-licensed drugs to treat infected individuals, which is a significant concern given the threat of orthopoxvirus weaponization and the rise in reports of humans infected with monkeypox, which is endemic to Central and Western Africa [2]. Potent and validated inhibitors of this assay will be of significant interest to public and will provide the development of initial compound leads into therapeutic agents, either as a single agent or as a combination therapy with existing anti-viral agents. \n\nIn collaboration with the Connor lab, a high throughput assay using vaccinia virus model system was developed. The assay used recombinant viruses (coupled reporter system) that robustly monitor viral gene expression and viral spread to identify novel anti-orthopoxviral compounds. The first infection evaluates the stage gene expression in Vaccinia using the fluorescent Venus protein while the late infection uses the fluorescent mCherry protein reporter.\n\nExpected Outcome: Compounds that show a statistically significant inhibition of the mCherry late expression fluorescence signal, and that also show a significant window of lower inhibition of the Venus early expression fluorescence signal, will be considered active.\n\nA549 cells were plated at a concentration of approximately 6,000 cells per well in clear-bottom black-walled plates. Compounds were added to the assay plate followed by addition of virus (LREV) that expresses the Venus fluorescent protein early in viral infection. During the late viral infection, mCherry was also added to the plate at an MOI of 10 (~ 60,000 plaque forming units (PFU) of virus). Following virus addition, plates were incubated in a tissue-culture incubator for 12-18 hours. At increasing times post infection, fluorescence from both Venus and mCherrry was determined using a plate-reader and standard conditions for observing Venus fluorescence (EX515/EM530) and mCherry fluorescence (EX587/EM610). In each plate, positive controls (virus infection in the presence of 1% DMSO only) and an inhibitory drug control (AraC at 500 nM) was included and used to normalize the data.\nSteps:\n1a, 4 uL A549 cell\n1b 4 uL DMEM medium Control\n1000 cell/well of A549 ad let cells attach for 3 hrs at 37C in CO2 incubator, DMEM medium in negative control columns\n2a Control Inhibitor\n2b 23 nL Offline Library   \n23 nL Control Inhibitor, Intraplate 16-pt titration: AraC for mCherry detection & Actinomycin D for Venus detection\n3 2 uL Viral Infection, 5 MOI of VAC-LREV virus in DMEM medium is dispensed by Bioraptor \n4 Incubation for viral replication Overnight 37C in CO2 incubator\n5 Envision Detection Over 18 hrs more Venus read: Exc 510nm/Em590nm & mCherry read: Exc 545nm/Em615nm","schemaURI":"http://www.bioassayontology.org/bas#","annotations":[{"propURI":"http://www.bioassayontology.org/bao#BAO_0002854","propLabel":"bioassay type","propAbbrev":"bao:BAO_0002854","valueURI":"http://www.bioassayontology.org/bao#BAO_0000010","valueLabel":"functional","valueAbbrev":"bao:BAO_0000010","valueDescr":"An assay where the measured signal corresponds to a complex response such as cell survival, proliferation, localization of a protein, nuclear translocation etc. The molecular target is not assumed.","groupNest":[],"groupLabel":[],"valueHier":["http://www.bioassayontology.org/bao#BAO_0000008"],"labelHier":["bioassay type"]},{"propURI":"http://www.bioassayontology.org/bao#BAO_0002855","propLabel":"bioassay","propAbbrev":"bao:BAO_0002855","valueURI":"http://www.bioassayontology.org/bao#BAO_0003012","valueLabel":"fluorescent protein reporter gene assay","valueAbbrev":"bao:BAO_0003012","valueDescr":"","groupNest":[],"groupLabel":[],"valueHier":["http://www.bioassayontology.org/bao#BAO_0003006","http://www.bioassayontology.org/bao#BAO_0010044","http://www.bioassayontology.org/bao#BAO_0000015"],"labelHier":["reporter gene assay","targeted transcriptional assay","bioassay"]},{"propURI":"http://www.bioassayontology.org/bao#BAO_0000205","propLabel":"assay format","propAbbrev":"bao:BAO_0000205","valueURI":"http://www.bioassayontology.org/bao#BAO_0000219","valueLabel":"cell based format","valueAbbrev":"bao:BAO_0000219","valueDescr":"Involves the use of living cells of eukaryotic origin, derived from a multicellular organism, and is a heterogeneous assay type. Typically, this refers to permanent (immortal) cell lines, or primary cells, or some form of stem cells. This is distinct from a single-celled organism-based format (classically bacteria or yeast).","groupNest":[],"groupLabel":[],"valueHier":["http://www.bioassayontology.org/bao#BAO_0000019"],"labelHier":["assay format"]},{"propURI":"http://www.bioassayontology.org/bao#BAO_0095009","propLabel":"assay design method","propAbbrev":"bao:BAO_0095009","valueURI":"http://www.bioassayontology.org/bao#BAO_0000153","valueLabel":"fluorescent protein induction","valueAbbrev":"bao:BAO_0000153","valueDescr":"Fluorescent proteins are commonly used as reporter genes to study the effect of perturbagens on gene expression. Examples include green fluorescent protein (GFP) from the jellyfish Aequorea victoria and the various modifications of it created by amino acid substitutions to either optimize the codon usage in mammalian cells or to change the spectral properties of the protein.","groupNest":[],"groupLabel":[],"valueHier":["http://www.bioassayontology.org/bao#BAO_0000125","http://www.bioassayontology.org/bao#BAO_0003024","http://www.bioassayontology.org/bao#BAO_0002202"],"labelHier":["reporter gene method","gene expression detection method","assay design method"]},{"propURI":"http://www.bioassayontology.org/bao#BAO_0002800","propLabel":"assay cell line","propAbbrev":"bao:BAO_0002800","valueURI":"http://purl.obolibrary.org/obo/CLO_0001601","valueLabel":"A-549 cell","valueAbbrev":"obo:CLO_0001601","valueDescr":"Human lung carcinoma established from an explanted lung tumor which was removed from a 58-year-old Caucasian man in 1972; cells were described to induce tumors in athymic mice and to synthesize lecithin.","groupNest":[],"groupLabel":[],"altLabels":["A549"],"valueHier":["http://purl.obolibrary.org/obo/CLO_0000493","http://purl.obolibrary.org/obo/CLO_0000219","http://purl.obolibrary.org/obo/CLO_0000019","http://purl.obolibrary.org/obo/CLO_0000001"],"labelHier":["immortal human lung-derived cell line cell","immortal lung-derived cell line cell","immortal cell line cell","cell line cell"]},{"propURI":"http://www.bioassayontology.org/bao#BAO_0002848","propLabel":"applies to disease","propAbbrev":"bao:BAO_0002848","valueURI":"http://purl.obolibrary.org/obo/DOID_8736","valueLabel":"smallpox","valueAbbrev":"obo:DOID_8736","valueDescr":"\nA viral infectious disease that results_in infection located_in skin, has_material_basis_in Variola virus, which is transmitted_by droplets from oral, nasal or pharyngeal mucosa, transmitted_by contact with the body fluids, or transmitted_by fomites. The infection results_in_formation_of lesions, first on the face, hands and forearms and later on the trunk.\n","groupNest":[],"groupLabel":[],"valueHier":["http://purl.obolibrary.org/obo/DOID_934","http://purl.obolibrary.org/obo/DOID_0050117","http://purl.obolibrary.org/obo/DOID_4"],"labelHier":["viral infectious disease","disease by infectious agent","Disease"]},{"propURI":"http://www.bioassayontology.org/bao#BAO_0000196","propLabel":"assay mode of action","propAbbrev":"bao:BAO_0000196","valueURI":"http://www.bioassayontology.org/bao#BAO_0000091","valueLabel":"inhibition","valueAbbrev":"bao:BAO_0000091","valueDescr":"Reduction of a predefined stimulus. Unit of Measure is always % when normalized to the dynamic range of the assay.","groupNest":[],"groupLabel":[],"valueHier":["http://www.bioassayontology.org/bao#BAO_0000084","http://www.bioassayontology.org/bao#BAO_0000074"],"labelHier":["ligand function mode of action","mode of action"]},{"propURI":"http://www.bioassayontology.org/bao#BAO_0002867","propLabel":"assay footprint","propAbbrev":"bao:BAO_0002867","valueURI":"http://www.bioassayontology.org/bat#Missing","valueLabel":"missing","valueAbbrev":"bat:Missing","valueDescr":"The information is missing from the source data, presumed to be a communication error.","groupNest":[],"groupLabel":[],"valueHier":[],"labelHier":[]},{"propURI":"http://www.bioassayontology.org/bao#BAO_0002663","propLabel":"assay kit","propAbbrev":"bao:BAO_0002663","valueURI":"http://www.bioassayontology.org/bat#NotApplicable","valueLabel":"not applicable","valueAbbrev":"bat:NotApplicable","valueDescr":"This property does not apply to this assay.","groupNest":[],"groupLabel":[],"valueHier":[],"labelHier":[]},{"propURI":"http://www.bioassayontology.org/bao#BAO_0002009","propLabel":"biological process","propAbbrev":"bao:BAO_0002009","valueURI":"http://purl.obolibrary.org/obo/GO_0016032","valueLabel":"viral process","valueAbbrev":"obo:GO_0016032","valueDescr":"A multi-organism process in which a virus is a participant. The other participant is the host. Includes infection of a host cell, replication of the viral genome, and assembly of progeny virus particles. In some cases the viral genetic material may integrate into the host genome and only subsequently, under particular circumstances, 'complete' its life cycle.","groupNest":[],"groupLabel":[],"valueHier":["http://purl.obolibrary.org/obo/GO_0044403","http://purl.obolibrary.org/obo/GO_0044419","http://purl.obolibrary.org/obo/GO_0051704","http://purl.obolibrary.org/obo/GO_0008150","http://www.bioassayontology.org/bao#BAO_0003114"],"labelHier":["symbiosis, encompassing mutualism through parasitism","interspecies interaction between organisms","multi-organism process","biological process","assay biology component"]},{"propURI":"http://www.bioassayontology.org/bao#BAO_0002009","propLabel":"biological process","propAbbrev":"bao:BAO_0002009","valueURI":"http://purl.obolibrary.org/obo/GO_0010468","valueLabel":"regulation of gene expression","valueAbbrev":"obo:GO_0010468","valueDescr":"Any process that modulates the frequency, rate or extent of gene expression. Gene expression is the process in which a gene's coding sequence is converted into a mature gene product or products (proteins or RNA). This includes the production of an RNA transcript as well as any processing to produce a mature RNA product or an mRNA or circRNA (for protein-coding genes) and the translation of that mRNA or circRNA into protein. Protein maturation is included when required to form an active form of a product from an inactive precursor form.","groupNest":[],"groupLabel":[],"valueHier":["http://purl.obolibrary.org/obo/GO_0008150","http://www.bioassayontology.org/bao#BAO_0003114"],"labelHier":["biological process","assay biology component"]},{"propURI":"http://www.bioassayontology.org/bao#BAO_0002874","propLabel":"units","propAbbrev":"bao:BAO_0002874","valueURI":"http://purl.obolibrary.org/obo/UO_0000064","valueLabel":"micromolar","valueAbbrev":"obo:UO_0000064","valueDescr":"A unit of molarity which is equal to one millionth of a molar or 10^[-6] M.","groupNest":["http://www.bioassayontology.org/bao#BAX_0000017"],"groupLabel":["measurement"],"valueHier":["http://purl.obolibrary.org/obo/UO_0000061","http://purl.obolibrary.org/obo/UO_0000051","http://purl.obolibrary.org/obo/UO_0000000"],"labelHier":["unit of molarity","concentration unit","unit"]},{"propURI":"http://www.bioassayontology.org/bao#BAO_0000185","propLabel":"perturbagen type","propAbbrev":"bao:BAO_0000185","valueURI":"http://www.bioassayontology.org/bao#BAO_0000733","valueLabel":"MLSMR library","valueAbbrev":"bao:BAO_0000733","valueDescr":"","groupNest":[],"groupLabel":[],"valueHier":["http://www.bioassayontology.org/bao#BAO_0000648","http://www.bioassayontology.org/bao#BAO_0000661","http://www.bioassayontology.org/bao#BAO_0003120"],"labelHier":["compound library","perturbagen library","assay screened entity component"]},{"propURI":"http://www.bioassayontology.org/bao#BAO_0002009","propLabel":"biological process","propAbbrev":"bao:BAO_0002009","valueURI":"http://purl.obolibrary.org/obo/GO_0046786","valueLabel":"viral replication complex formation and maintenance","valueAbbrev":"obo:GO_0046786","valueDescr":"The process of organizing and assembling viral replication proteins in preparation for viral replication.","groupNest":[],"groupLabel":[],"valueHier":["http://purl.obolibrary.org/obo/GO_0016032","http://purl.obolibrary.org/obo/GO_0044403","http://purl.obolibrary.org/obo/GO_0044419","http://purl.obolibrary.org/obo/GO_0051704","http://purl.obolibrary.org/obo/GO_0008150","http://www.bioassayontology.org/bao#BAO_0003114"],"labelHier":["viral process","symbiosis, encompassing mutualism through parasitism","interspecies interaction between organisms","multi-organism process","biological process","assay biology component"]},{"propURI":"http://www.bioassayontology.org/bao#BAO_0000210","propLabel":"screening campaign stage","propAbbrev":"bao:BAO_0000210","valueURI":"http://www.bioassayontology.org/bao#BAO_0000030","valueLabel":"confirmatory assay","valueAbbrev":"bao:BAO_0000030","valueDescr":"Assay performed to confirm activity of compounds identified in the primary screen.  It can be performed as replicate measurements at a single screening concentration or as concentration-response assay.","groupNest":[],"groupLabel":[],"valueHier":["http://www.bioassayontology.org/bao#BAO_0000029"],"labelHier":["assay screening campaign stage"]},{"propURI":"http://www.bioassayontology.org/bao#BAO_0000208","propLabel":"result","propAbbrev":"bao:BAO_0000208","valueURI":"http://www.bioassayontology.org/bao#BAO_0000186","valueLabel":"AC50","valueAbbrev":"bao:BAO_0000186","valueDescr":"The effective concentration of a perturbagen, which produces 50% of the maximal possible response, which could mean either activation (EC50) or inhibition (IC50) for that perturbagen.","groupNest":[],"groupLabel":[],"altLabels":["Potency"],"valueHier":["http://www.bioassayontology.org/bao#BAO_0002162","http://www.bioassayontology.org/bao#BAO_0000180","http://www.bioassayontology.org/bao#BAO_0000179"],"labelHier":["concentration response endpoint","concentration endpoint","endpoint"]},{"propURI":"http://www.bioassayontology.org/bao#BAO_0002865","propLabel":"detection instrument","propAbbrev":"bao:BAO_0002865","valueURI":"http://www.bioassayontology.org/bao#BAO_0000701","valueLabel":"EnVision Multilabel Reader","valueAbbrev":"bao:BAO_0000701","valueDescr":"","groupNest":[],"groupLabel":[],"valueHier":["http://www.bioassayontology.org/bao#BAO_0000697"],"labelHier":["detection instrument"]},{"propURI":"http://www.bioassayontology.org/bao#BAO_0000211","propLabel":"target","propAbbrev":"bao:BAO_0000211","valueURI":"http://www.bioassayontology.org/bat#Unknown","valueLabel":"unknown","valueAbbrev":"bat:Unknown","valueDescr":"There should be a term assigned to this property but the value was not specified in the source information.","groupNest":[],"groupLabel":[],"valueHier":[],"labelHier":[]},{"propURI":"http://www.bioassayontology.org/bao#BAO_0002921","propLabel":"organism","propAbbrev":"bao:BAO_0002921","valueURI":"http://purl.obolibrary.org/obo/NCBITaxon_10245","valueLabel":"Vaccinia virus","valueAbbrev":"obo:NCBITaxon_10245","valueDescr":"","groupNest":[],"groupLabel":[],"altLabels":["vaccinia virus VV"],"valueHier":["http://www.bioassayontology.org/bao#BAO_0000232","http://www.bioassayontology.org/bao#BAO_0000551"],"labelHier":["virus","organism"]},{"propURI":"http://www.bioassayontology.org/bao#BAO_0000207","propLabel":"physical detection method","propAbbrev":"bao:BAO_0000207","valueURI":"http://www.bioassayontology.org/bao#BAO_0000363","valueLabel":"fluorescence intensity","valueAbbrev":"bao:BAO_0000363","valueDescr":"Fluorescence intensity is the measure of fluorescence from a sample.","groupNest":[],"groupLabel":[],"valueHier":["http://www.bioassayontology.org/bao#BAO_0000046","http://www.bioassayontology.org/bao#BAO_0000035"],"labelHier":["fluorescence method","physical detection method"]},{"propURI":"http://www.bioassayontology.org/bao#BAO_0002852","propLabel":"assay sources","propAbbrev":"bao:BAO_0002852","valueURI":"http://www.bioassayexpress.org/sources#SRC_0000001","valueLabel":"Broad Institute (Harvard-MIT)","valueAbbrev":"src:SRC_0000001","valueDescr":"Broad Institute.","groupNest":[],"groupLabel":[],"externalURLs":["http://www.broadinstitute.org"],"valueHier":["http://www.bioassayexpress.org/sources#pubchem_sources","http://www.bioassayontology.org/bao#BAO_0002934"],"labelHier":["PubChem Sources","organization"]},{"propURI":"http://www.bioassayontology.org/bao#BAO_0000539","valueLabel":"pubchemAID:720581","propAbbrev":"bao:BAO_0000539","groupNest":[],"propLabel":"related assays","groupLabel":[]},{"propURI":"http://www.bioassayontology.org/bao#BAO_0002853","valueLabel":"Assay for stage-specific inhibitors of Vaccinia orthopox Measured in Cell-Based and Microorganism Combination System Using Plate Reader - 2142-01_Inhibitor_Dose_DryPowder_Activity_Set2","propAbbrev":"bao:BAO_0002853","groupNest":[],"propLabel":"assay title","groupLabel":[]}],"pubchemXRef":[{"type":"pmid","id":"17553242","comment":"Endemic human monkeypox, Democratic Republic of Congo"},{"type":"aid","id":"720581","comment":"Summary assay"}],"curationTime":1520356898743,"curatorID":"google:108375455890260223170","curatorName":"","curatorEmail":"aclark.xyz@gmail.com","history":[{"curationTime":1482394354085,"curatorID":"orcid:0000-0003-2629-5583","annotsAdded":[{"propURI":"http://www.bioassayontology.org/bao#BAO_0002921","propLabel":"organism","propAbbrev":"bao:BAO_0002921","valueURI":"http://purl.obolibrary.org/obo/NCBITaxon_10245","valueLabel":"Vaccinia virus","valueAbbrev":"obo:NCBITaxon_10245","valueDescr":"","altLabels":["vaccinia virus VV"],"valueHier":["http://www.bioassayontology.org/bao#BAO_0000232","http://www.bioassayontology.org/bao#BAO_0000551"],"labelHier":["virus","organism"]},{"propURI":"http://www.bioassayontology.org/bao#BAO_0000207","propLabel":"physical detection method","propAbbrev":"bao:BAO_0000207","valueURI":"http://www.bioassayontology.org/bao#BAO_0000363","valueLabel":"fluorescence intensity","valueAbbrev":"bao:BAO_0000363","valueDescr":"Fluorescence intensity is the measure of fluorescence from a sample.","valueHier":["http://www.bioassayontology.org/bao#BAO_0000046","http://www.bioassayontology.org/bao#BAO_0000035"],"labelHier":["fluorescence method","physical detection method"]}],"annotsRemoved":[{"propURI":"http://www.bioassayontology.org/bao#BAO_0002921","propLabel":"organism","propAbbrev":"bao:BAO_0002921","valueURI":"http://www.bioassayontology.org/bao#BAO_0000232","valueLabel":"virus","valueAbbrev":"bao:BAO_0000232","valueDescr":"Viruses are small infectious agents that depend on the host cells to reproduce. Outside the host, they contain a protein coat called capsid that encloses their genetic material (either DNA or RNA). Viruses can infect bacteria, plants and animals and cause a number of diseases, e.g. smallpox, chickenpox, influenza, polio, rabies, etc.","valueHier":["http://www.bioassayontology.org/bao#BAO_0000551"],"labelHier":["organism"]},{"propURI":"http://www.bioassayontology.org/bao#BAO_0000207","propLabel":"physical detection method","propAbbrev":"bao:BAO_0000207","valueURI":"http://www.bioassayontology.org/bao#BAO_0000046","valueLabel":"fluorescence method","valueAbbrev":"bao:BAO_0000046","valueDescr":"Detection techniques that use the principles of fluorescence, whereby incident light excites a fluorophore which then emits light at lower energy (higher wavelength). The emitted light is typically from the visible portion of the UV-Visible spectrum.","valueHier":["http://www.bioassayontology.org/bao#BAO_0000035"],"labelHier":["physical detection method"]},{"propURI":"http://www.bioassayontology.org/bao#BAO_0000205","propLabel":"assay format","propAbbrev":"bao:BAO_0000205","valueURI":"http://www.bioassayontology.org/bao#BAO_0000218","valueLabel":"organism-based format","valueAbbrev":"bao:BAO_0000218","valueDescr":"Involves the use of a living organism, either single or multi-celled, and is a heterogeneous assay type.","valueHier":["http://www.bioassayontology.org/bao#BAO_0000019"],"labelHier":["assay format"]},{"propURI":"http://www.bioassayontology.org/bao#BAO_0002921","propLabel":"organism","propAbbrev":"bao:BAO_0002921","valueURI":"http://www.bioassayontology.org/bat#RequiresTerm","valueLabel":"requires term","valueAbbrev":"bat:RequiresTerm","valueDescr":"An appropriate term could not be found in the underlying ontologies: it may be necessary to create a new one.","valueHier":[],"labelHier":[]}],"labelsAdded":[{"propURI":"http://www.bioassayontology.org/bao#BAO_0002921","valueLabel":"Vaccinia virus","propAbbrev":"bao:BAO_0002921","propLabel":"organism"},{"propURI":"http://www.bioassayontology.org/bao#BAO_0000207","valueLabel":"fluorescence intensity","propAbbrev":"bao:BAO_0000207","propLabel":"physical detection method"}],"labelsRemoved":[{"propURI":"http://www.bioassayontology.org/bao#BAO_0002921","valueLabel":"virus","propAbbrev":"bao:BAO_0002921","propLabel":"organism"},{"propURI":"http://www.bioassayontology.org/bao#BAO_0000207","valueLabel":"fluorescence method","propAbbrev":"bao:BAO_0000207","propLabel":"physical detection method"},{"propURI":"http://www.bioassayontology.org/bao#BAO_0000205","valueLabel":"organism-based format","propAbbrev":"bao:BAO_0000205","propLabel":"assay format"},{"propURI":"http://www.bioassayontology.org/bao#BAO_0002921","valueLabel":"requires term","propAbbrev":"bao:BAO_0002921","propLabel":"organism"}]},{"curationTime":1492468130585,"curatorID":"admin","annotsAdded":[{"propURI":"http://www.bioassayontology.org/bao#BAO_0002854","propLabel":"bioassay type","propAbbrev":"bao:BAO_0002854","valueURI":"http://www.bioassayontology.org/bao#BAO_0000010","valueLabel":"functional","valueAbbrev":"bao:BAO_0000010","valueDescr":"An assay where the measured signal corresponds to a complex response such as cell survival, proliferation, localization of a protein, nuclear translocation etc. The molecular target is not assumed.","valueHier":["http://www.bioassayontology.org/bao#BAO_0000008"],"labelHier":["bioassay type"]}],"annotsRemoved":[{"propURI":"http://www.bioassayontology.org/bao#BAX_0000002","propLabel":"has bioassay type","propAbbrev":"bao:BAX_0000002","valueURI":"http://www.bioassayontology.org/bao#BAO_0000010","valueLabel":"functional","valueAbbrev":"bao:BAO_0000010","valueDescr":"An assay where the measured signal corresponds to a complex response such as cell survival, proliferation, localization of a protein, nuclear translocation etc. The molecular target is not assumed.","valueHier":[],"labelHier":[],"outOfSchema":true}],"labelsAdded":[{"propURI":"http://www.bioassayontology.org/bao#BAO_0002854","valueLabel":"functional","propAbbrev":"bao:BAO_0002854","propLabel":"bioassay type"}],"labelsRemoved":[{"propURI":"http://www.bioassayontology.org/bao#BAX_0000002","valueLabel":"functional","propAbbrev":"bao:BAX_0000002","propLabel":"has bioassay type"}]},{"curationTime":1492468130585,"curatorID":"admin","annotsAdded":[{"propURI":"http://www.bioassayontology.org/bao#BAO_0002009","propLabel":"biological process","propAbbrev":"bao:BAO_0002009","valueURI":"http://purl.obolibrary.org/obo/GO_0046786","valueLabel":"viral replication complex formation and maintenance","valueAbbrev":"obo:GO_0046786","valueDescr":"The process of organizing and assembling viral replication proteins in preparation for viral replication.","valueHier":["http://purl.obolibrary.org/obo/GO_0016032","http://purl.obolibrary.org/obo/GO_0044403","http://purl.obolibrary.org/obo/GO_0044419","http://purl.obolibrary.org/obo/GO_0051704","http://purl.obolibrary.org/obo/GO_0008150","http://www.bioassayontology.org/bao#BAO_0003114"],"labelHier":["viral process","symbiosis, encompassing mutualism through parasitism","interspecies interaction between organisms","multi-organism process","biological process","assay biology component"]},{"propURI":"http://www.bioassayontology.org/bao#BAO_0002009","propLabel":"biological process","propAbbrev":"bao:BAO_0002009","valueURI":"http://purl.obolibrary.org/obo/GO_0010468","valueLabel":"regulation of gene expression","valueAbbrev":"obo:GO_0010468","valueDescr":"Any process that modulates the frequency, rate or extent of gene expression. Gene expression is the process in which a gene's coding sequence is converted into a mature gene product or products (proteins or RNA). This includes the production of an RNA transcript as well as any processing to produce a mature RNA product or an mRNA or circRNA (for protein-coding genes) and the translation of that mRNA or circRNA into protein. Protein maturation is included when required to form an active form of a product from an inactive precursor form.","valueHier":["http://purl.obolibrary.org/obo/GO_0008150","http://www.bioassayontology.org/bao#BAO_0003114"],"labelHier":["biological process","assay biology component"]},{"propURI":"http://www.bioassayontology.org/bao#BAO_0002009","propLabel":"biological process","propAbbrev":"bao:BAO_0002009","valueURI":"http://purl.obolibrary.org/obo/GO_0016032","valueLabel":"viral process","valueAbbrev":"obo:GO_0016032","valueDescr":"A multi-organism process in which a virus is a participant. The other participant is the host. Includes infection of a host cell, replication of the viral genome, and assembly of progeny virus particles. In some cases the viral genetic material may integrate into the host genome and only subsequently, under particular circumstances, 'complete' its life cycle.","valueHier":["http://purl.obolibrary.org/obo/GO_0044403","http://purl.obolibrary.org/obo/GO_0044419","http://purl.obolibrary.org/obo/GO_0051704","http://purl.obolibrary.org/obo/GO_0008150","http://www.bioassayontology.org/bao#BAO_0003114"],"labelHier":["symbiosis, encompassing mutualism through parasitism","interspecies interaction between organisms","multi-organism process","biological process","assay biology component"]}],"annotsRemoved":[{"propURI":"http://www.bioassayontology.org/bao#BAX_0000004","propAbbrev":"bao:BAX_0000004","valueURI":"http://purl.obolibrary.org/obo/GO_0010468","valueLabel":"regulation of gene expression","valueAbbrev":"obo:GO_0010468","valueDescr":"Any process that modulates the frequency, rate or extent of gene expression. Gene expression is the process in which a gene's coding sequence is converted into a mature gene product or products (proteins or RNA). This includes the production of an RNA transcript as well as any processing to produce a mature RNA product or an mRNA or circRNA (for protein-coding genes) and the translation of that mRNA or circRNA into protein. Protein maturation is included when required to form an active form of a product from an inactive precursor form.","valueHier":[],"labelHier":[],"outOfSchema":true},{"propURI":"http://www.bioassayontology.org/bao#BAX_0000004","propAbbrev":"bao:BAX_0000004","valueURI":"http://purl.obolibrary.org/obo/GO_0016032","valueLabel":"viral process","valueAbbrev":"obo:GO_0016032","valueDescr":"A multi-organism process in which a virus is a participant. The other participant is the host. Includes infection of a host cell, replication of the viral genome, and assembly of progeny virus particles. In some cases the viral genetic material may integrate into the host genome and only subsequently, under particular circumstances, 'complete' its life cycle.","valueHier":[],"labelHier":[],"outOfSchema":true},{"propURI":"http://www.bioassayontology.org/bao#BAX_0000004","propAbbrev":"bao:BAX_0000004","valueURI":"http://purl.obolibrary.org/obo/GO_0046786","valueLabel":"viral replication complex formation and maintenance","valueAbbrev":"obo:GO_0046786","valueDescr":"The process of organizing and assembling viral replication proteins in preparation for viral replication.","valueHier":[],"labelHier":[],"outOfSchema":true}],"labelsAdded":[{"propURI":"http://www.bioassayontology.org/bao#BAO_0002009","valueLabel":"viral replication complex formation and maintenance","propAbbrev":"bao:BAO_0002009","propLabel":"biological process"},{"propURI":"http://www.bioassayontology.org/bao#BAO_0002009","valueLabel":"regulation of gene expression","propAbbrev":"bao:BAO_0002009","propLabel":"biological process"},{"propURI":"http://www.bioassayontology.org/bao#BAO_0002009","valueLabel":"viral process","propAbbrev":"bao:BAO_0002009","propLabel":"biological process"}],"labelsRemoved":[{"propURI":"http://www.bioassayontology.org/bao#BAX_0000004","valueLabel":"regulation of gene expression","propAbbrev":"bao:BAX_0000004"},{"propURI":"http://www.bioassayontology.org/bao#BAX_0000004","valueLabel":"viral process","propAbbrev":"bao:BAX_0000004"},{"propURI":"http://www.bioassayontology.org/bao#BAX_0000004","valueLabel":"viral replication complex formation and maintenance","propAbbrev":"bao:BAX_0000004"}]},{"curationTime":1492468130585,"curatorID":"admin","annotsAdded":[{"propURI":"http://www.bioassayontology.org/bao#BAO_0002848","propLabel":"applies to disease","propAbbrev":"bao:BAO_0002848","valueURI":"http://purl.obolibrary.org/obo/DOID_8736","valueLabel":"smallpox","valueAbbrev":"obo:DOID_8736","valueDescr":"\nA viral infectious disease that results_in infection located_in skin, has_material_basis_in Variola virus, which is transmitted_by droplets from oral, nasal or pharyngeal mucosa, transmitted_by contact with the body fluids, or transmitted_by fomites. The infection results_in_formation_of lesions, first on the face, hands and forearms and later on the trunk.\n","valueHier":["http://purl.obolibrary.org/obo/DOID_934","http://purl.obolibrary.org/obo/DOID_0050117","http://purl.obolibrary.org/obo/DOID_4"],"labelHier":["viral infectious disease","disease by infectious agent","Disease"]}],"annotsRemoved":[{"propURI":"http://www.bioassayontology.org/bao#BAX_0000010","propAbbrev":"bao:BAX_0000010","valueURI":"http://purl.obolibrary.org/obo/DOID_8736","valueLabel":"smallpox","valueAbbrev":"obo:DOID_8736","valueDescr":"\nA viral infectious disease that results_in infection located_in skin, has_material_basis_in Variola virus, which is transmitted_by droplets from oral, nasal or pharyngeal mucosa, transmitted_by contact with the body fluids, or transmitted_by fomites. The infection results_in_formation_of lesions, first on the face, hands and forearms and later on the trunk.\n","valueHier":[],"labelHier":[],"outOfSchema":true}],"labelsAdded":[{"propURI":"http://www.bioassayontology.org/bao#BAO_0002848","valueLabel":"smallpox","propAbbrev":"bao:BAO_0002848","propLabel":"applies to disease"}],"labelsRemoved":[{"propURI":"http://www.bioassayontology.org/bao#BAX_0000010","valueLabel":"smallpox","propAbbrev":"bao:BAX_0000010"}]},{"curationTime":1492468130585,"curatorID":"admin","annotsAdded":[{"propURI":"http://www.bioassayontology.org/bao#BAO_0000208","propLabel":"result","propAbbrev":"bao:BAO_0000208","valueURI":"http://www.bioassayontology.org/bao#BAO_0000186","valueLabel":"AC50","valueAbbrev":"bao:BAO_0000186","valueDescr":"The effective concentration of a perturbagen, which produces 50% of the maximal possible response, which could mean either activation (EC50) or inhibition (IC50) for that perturbagen.","altLabels":["Potency"],"valueHier":["http://www.bioassayontology.org/bao#BAO_0002162","http://www.bioassayontology.org/bao#BAO_0000180","http://www.bioassayontology.org/bao#BAO_0000179"],"labelHier":["concentration response endpoint","concentration endpoint","endpoint"]}],"annotsRemoved":[{"propURI":"http://www.bioassayontology.org/bao#BAX_0000006","propAbbrev":"bao:BAX_0000006","valueURI":"http://www.bioassayontology.org/bao#BAO_0000186","valueLabel":"AC50","valueAbbrev":"bao:BAO_0000186","valueDescr":"The effective concentration of a perturbagen, which produces 50% of the maximal possible response, which could mean either activation (EC50) or inhibition (IC50) for that perturbagen.","valueHier":[],"labelHier":[],"outOfSchema":true}],"labelsAdded":[{"propURI":"http://www.bioassayontology.org/bao#BAO_0000208","valueLabel":"AC50","propAbbrev":"bao:BAO_0000208","propLabel":"result"}],"labelsRemoved":[{"propURI":"http://www.bioassayontology.org/bao#BAX_0000006","valueLabel":"AC50","propAbbrev":"bao:BAX_0000006"}]},{"curationTime":1492468130585,"curatorID":"admin","annotsAdded":[{"propURI":"http://www.bioassayontology.org/bao#BAO_0002874","propLabel":"units","propAbbrev":"bao:BAO_0002874","valueURI":"http://purl.org/obo/owl/UO#UO_0000064","valueLabel":"micromolar","valueAbbrev":"uo:UO_0000064","valueDescr":"","valueHier":[],"labelHier":[],"outOfSchema":true}],"annotsRemoved":[{"propURI":"http://www.bioassayontology.org/bao#BAX_0000007","propAbbrev":"bao:BAX_0000007","valueURI":"http://purl.org/obo/owl/UO#UO_0000064","valueLabel":"micromolar","valueAbbrev":"uo:UO_0000064","valueDescr":"","valueHier":[],"labelHier":[],"outOfSchema":true}],"labelsAdded":[{"propURI":"http://www.bioassayontology.org/bao#BAO_0002874","valueLabel":"micromolar","propAbbrev":"bao:BAO_0002874","propLabel":"units"}],"labelsRemoved":[{"propURI":"http://www.bioassayontology.org/bao#BAX_0000007","valueLabel":"micromolar","propAbbrev":"bao:BAX_0000007"}]},{"curationTime":1492468130585,"curatorID":"admin","annotsAdded":[{"propURI":"http://www.bioassayontology.org/bao#BAO_0095009","propLabel":"assay design method","propAbbrev":"bao:BAO_0095009","valueURI":"http://www.bioassayontology.org/bao#BAO_0000153","valueLabel":"fluorescent protein induction","valueAbbrev":"bao:BAO_0000153","valueDescr":"Fluorescent proteins are commonly used as reporter genes to study the effect of perturbagens on gene expression. Examples include green fluorescent protein (GFP) from the jellyfish Aequorea victoria and the various modifications of it created by amino acid substitutions to either optimize the codon usage in mammalian cells or to change the spectral properties of the protein.","valueHier":["http://www.bioassayontology.org/bao#BAO_0000125","http://www.bioassayontology.org/bao#BAO_0003024","http://www.bioassayontology.org/bao#BAO_0002202"],"labelHier":["reporter gene method","gene expression detection method","assay design method"]}],"annotsRemoved":[{"propURI":"http://www.bioassayontology.org/bao#BAX_0000003","propAbbrev":"bao:BAX_0000003","valueURI":"http://www.bioassayontology.org/bao#BAO_0000153","valueLabel":"fluorescent protein induction","valueAbbrev":"bao:BAO_0000153","valueDescr":"Fluorescent proteins are commonly used as reporter genes to study the effect of perturbagens on gene expression. Examples include green fluorescent protein (GFP) from the jellyfish Aequorea victoria and the various modifications of it created by amino acid substitutions to either optimize the codon usage in mammalian cells or to change the spectral properties of the protein.","valueHier":[],"labelHier":[],"outOfSchema":true}],"labelsAdded":[{"propURI":"http://www.bioassayontology.org/bao#BAO_0095009","valueLabel":"fluorescent protein induction","propAbbrev":"bao:BAO_0095009","propLabel":"assay design method"}],"labelsRemoved":[{"propURI":"http://www.bioassayontology.org/bao#BAX_0000003","valueLabel":"fluorescent protein induction","propAbbrev":"bao:BAX_0000003"}]},{"curationTime":1492468130585,"curatorID":"admin","annotsAdded":[{"propURI":"http://www.bioassayontology.org/bao#BAO_0000211","propLabel":"target","propAbbrev":"bao:BAO_0000211","valueURI":"http://www.bioassayontology.org/bat#Unknown","valueLabel":"unknown","valueAbbrev":"bat:Unknown","valueDescr":"There should be a term assigned to this property but the value was not specified in the source information.","valueHier":[],"labelHier":[]}],"annotsRemoved":[{"propURI":"http://www.bioassayontology.org/bao#BAX_0000005","propAbbrev":"bao:BAX_0000005","valueURI":"http://www.bioassayontology.org/bat#Unknown","valueLabel":"unknown","valueAbbrev":"bat:Unknown","valueDescr":"There should be a term assigned to this property but the value was not specified in the source information.","valueHier":[],"labelHier":[]}],"labelsAdded":[{"propURI":"http://www.bioassayontology.org/bao#BAO_0000211","valueLabel":"unknown","propAbbrev":"bao:BAO_0000211","propLabel":"target"}],"labelsRemoved":[{"propURI":"http://www.bioassayontology.org/bao#BAX_0000005","valueLabel":"unknown","propAbbrev":"bao:BAX_0000005"}]},{"curationTime":1492468130585,"curatorID":"admin","annotsAdded":[{"propURI":"http://www.bioassayontology.org/bao#BAO_0002855","propLabel":"bioassay","propAbbrev":"bao:BAO_0002855","valueURI":"http://www.bioassayontology.org/bao#BAO_0003012","valueLabel":"fluorescent protein reporter gene assay","valueAbbrev":"bao:BAO_0003012","valueDescr":"","valueHier":["http://www.bioassayontology.org/bao#BAO_0003006","http://www.bioassayontology.org/bao#BAO_0010044","http://www.bioassayontology.org/bao#BAO_0000015"],"labelHier":["reporter gene assay","targeted transcriptional assay","bioassay"]}],"annotsRemoved":[{"propURI":"http://www.bioassayontology.org/bao#BAX_0000002","propLabel":"has bioassay type","propAbbrev":"bao:BAX_0000002","valueURI":"http://www.bioassayontology.org/bao#BAO_0003012","valueLabel":"fluorescent protein reporter gene assay","valueAbbrev":"bao:BAO_0003012","valueDescr":"","valueHier":[],"labelHier":[],"outOfSchema":true}],"labelsAdded":[{"propURI":"http://www.bioassayontology.org/bao#BAO_0002855","valueLabel":"fluorescent protein reporter gene assay","propAbbrev":"bao:BAO_0002855","propLabel":"bioassay"}],"labelsRemoved":[{"propURI":"http://www.bioassayontology.org/bao#BAX_0000002","valueLabel":"fluorescent protein reporter gene assay","propAbbrev":"bao:BAX_0000002","propLabel":"has bioassay type"}]},{"curationTime":1492468130585,"curatorID":"admin","annotsAdded":[{"propURI":"http://www.bioassayontology.org/bao#BAO_0002874","propLabel":"units","propAbbrev":"bao:BAO_0002874","valueURI":"http://purl.obolibrary.org/obo/UO_0000064","valueLabel":"micromolar","valueAbbrev":"obo:UO_0000064","valueDescr":"A unit of molarity which is equal to one millionth of a molar or 10^[-6] M.","valueHier":["http://purl.obolibrary.org/obo/UO_0000061","http://purl.obolibrary.org/obo/UO_0000051","http://purl.obolibrary.org/obo/UO_0000000"],"labelHier":["unit of molarity","concentration unit","unit"]}],"annotsRemoved":[{"propURI":"http://www.bioassayontology.org/bao#BAO_0002874","propLabel":"units","propAbbrev":"bao:BAO_0002874","valueURI":"http://purl.org/obo/owl/UO#UO_0000064","valueLabel":"micromolar","valueAbbrev":"uo:UO_0000064","valueDescr":"","valueHier":[],"labelHier":[],"outOfSchema":true}],"labelsAdded":[{"propURI":"http://www.bioassayontology.org/bao#BAO_0002874","valueLabel":"micromolar","propAbbrev":"bao:BAO_0002874","propLabel":"units"}],"labelsRemoved":[{"propURI":"http://www.bioassayontology.org/bao#BAO_0002874","valueLabel":"micromolar","propAbbrev":"bao:BAO_0002874","propLabel":"units"}]},{"curationTime":1520356898743,"curatorID":"google:108375455890260223170","curatorName":"","curatorEmail":"aclark.xyz@gmail.com","annotsAdded":[{"propURI":"http://www.bioassayontology.org/bao#BAO_0002800","propLabel":"assay cell line","propAbbrev":"bao:BAO_0002800","valueURI":"http://purl.obolibrary.org/obo/BTO_0000018","valueAbbrev":"obo:BTO_0000018","valueHier":[],"labelHier":[],"outOfSchema":true}],"annotsRemoved":[],"labelsAdded":[],"labelsRemoved":[]}],"holdingIDList":[]}