{"assayID":7779,"text":"METHODS\nThe metabolism of TCBZ was studied using human liver microsomes (HLM); cryopreserved hepatocytes; recombinant human (rh) CYP, FMO, and (UDP-glucuronosyltransferase) UGT enzymes. In order to determine the relative contribution of CYP and FMO enzymes responsible for metabolism, TCBZ was incubated with HLM and an inhibitor for each CYP of interest. The contribution of specific enzyme to the TCBZ oxidative metabolism was estimated by comparing TCBZ clearance value in HLM with or without specific inhibition, corrected with inhibitor crossreactivity for CYPs and normalized to a total 100%.\nRESULTS\nThe hepatic metabolism of TCBZ was found to be mediated mostly by CYP1A2 (64%). Estimated values of intrinsic clearance and percent fraction metabolized are shown in Table -15.8. All of the proposed metabolites of TCBZ and potential pathways based on the data collected are\nshown in Figure 15-1.","schemaURI":"http://www.bioassayontology.org/bas#","annotations":[{"propURI":"http://www.bioassayontology.org/bao#BAO_0002854","propLabel":"bioassay type","propAbbrev":"bao:BAO_0002854","valueURI":"http://www.bioassayontology.org/bao#BAO_0000009","valueLabel":"ADMET","valueAbbrev":"bao:BAO_0000009","valueDescr":"ADMET stands for absorption, distribution, metabolism, excretion and toxicity. Admet assays are performed for verifying the bio-availability,  toxicity, metabolic stability, and drug-drug interaction potential of drugs: They quantify absorption of drugs in the intestine which is dependent on their solubility; distribution which ascertains their binding to plasma proteins, central nervous system penetration; metabolism where the in vivo clearance is monitored; and finally, toxicity in terms of inhibition of liver cytochrome p450 enzymes or hERG which could cause drug-drug interactions and cardiac arrhythmias, respectively.","groupNest":[],"groupLabel":[],"valueHier":["http://www.bioassayontology.org/bao#BAO_0000008"],"labelHier":["bioassay type"]},{"propURI":"http://www.bioassayontology.org/bao#BAO_0002855","propLabel":"bioassay","propAbbrev":"bao:BAO_0002855","valueURI":"http://www.bioassayexpress.org/bae#0000059","valueLabel":"drug metabolism assay","valueAbbrev":"bae:0000059","valueDescr":"","groupNest":[],"groupLabel":[],"valueHier":["http://www.bioassayontology.org/bao#BAO_0010040","http://www.bioassayontology.org/bao#BAO_0000015"],"labelHier":["metabolomic assay","bioassay"]},{"propURI":"http://www.bioassayontology.org/bao#BAO_0000205","propLabel":"assay format","propAbbrev":"bao:BAO_0000205","valueURI":"http://www.bioassayontology.org/bao#BAO_0000251","valueLabel":"microsome format","valueAbbrev":"bao:BAO_0000251","valueDescr":"Microsomes are vesicle-like structures formed as an artifact from the endoplasmic reticulum after the cell has been ruptured by homogenization.","groupNest":[],"groupLabel":[],"valueHier":["http://www.bioassayontology.org/bao#BAO_0000220","http://www.bioassayontology.org/bao#BAO_0000366","http://www.bioassayontology.org/bao#BAO_0000019"],"labelHier":["subcellular format","cell-free format","assay format"]},{"propURI":"http://www.bioassayontology.org/bao#BAO_0095009","propLabel":"assay design method","propAbbrev":"bao:BAO_0095009","valueURI":"http://www.bioassayontology.org/bao#BAO_0040018","valueLabel":"small molecule abundance method","valueAbbrev":"bao:BAO_0040018","valueDescr":"Any  method that simply measures the overall abundance (concentration, relative amount, etc) of a small molecule, such as LC-MS/MS or LC-UV. Typically used in both in vitro and in vivo ADME assays to monitor compound.","groupNest":[],"groupLabel":[],"valueHier":["http://www.bioassayontology.org/bao#BAO_0040011","http://www.bioassayontology.org/bao#BAO_0002202"],"labelHier":["molecular abundance method","assay design method"]},{"propURI":"http://www.bioassayontology.org/bao#BAO_0095010","propLabel":"assay supporting method","propAbbrev":"bao:BAO_0095010","valueURI":"http://www.bioassayontology.org/bao#BAO_0002647","valueLabel":"cell culture method","valueAbbrev":"bao:BAO_0002647","valueDescr":"","groupNest":[],"groupLabel":[],"valueHier":["http://www.bioassayontology.org/bao#BAO_0002429"],"labelHier":["assay supporting method"]},{"propURI":"http://www.bioassayontology.org/bao#BAO_0002921","propLabel":"organism","propAbbrev":"bao:BAO_0002921","valueURI":"http://purl.obolibrary.org/obo/NCBITaxon_9606","valueLabel":"Homo sapiens","valueAbbrev":"obo:NCBITaxon_9606","valueDescr":"","groupNest":[],"groupLabel":[],"altLabels":["Homo spiens","Homo sapience","Homo sapien","human","Homo spaiens","Homo sapians","man","Humo sapiens","Home sapiens","Homo sapiense","Homo sampiens","Homo sapeins","Homo sapines","Homo sapian","Homo sapients"],"valueHier":["http://www.bioassayontology.org/bao#BAO_0000362","http://www.bioassayontology.org/bao#BAO_0000510","http://www.bioassayontology.org/bao#BAO_0000659","http://www.bioassayontology.org/bao#BAO_0000509","http://www.bioassayontology.org/bao#BAO_0000658","http://www.bioassayontology.org/bao#BAO_0000551"],"labelHier":["mammalian","vertebrate","metazoa","eukaryote","cellular organisms","organism"]},{"propURI":"http://www.bioassayontology.org/bao#BAO_0000211","propLabel":"target","propAbbrev":"bao:BAO_0000211","valueURI":"http://purl.obolibrary.org/obo/PR_P11712","valueLabel":"cytochrome P450 2C9 (human)","valueAbbrev":"obo:PR_P11712","valueDescr":"A cytochrome P450 2C9 that is encoded in the genome of human.","groupNest":[],"groupLabel":[],"altLabels":["hCYP2C9","cytochrome P450 MP-4 (human)","cytochrome P-450MP (human)","cytochrome P450 PB-1 (human)","cytochrome P450 MP-8 (human)","CYPIIC9 (human)"],"valueHier":["http://purl.obolibrary.org/obo/PR_000006120","http://purl.obolibrary.org/obo/PR_000000001"],"labelHier":["cytochrome P450 2C9","protein"]},{"propURI":"http://www.bioassayontology.org/bao#BAO_0002848","propLabel":"applies to disease","propAbbrev":"bao:BAO_0002848","valueURI":"http://purl.obolibrary.org/obo/DOID_885","valueLabel":"fascioliasis","valueAbbrev":"obo:DOID_885","valueDescr":"A parasitic helminthiasis infectious disease that involves parasitic infection of the bile ducts of the liver by Fasciola hepatica or Fasciola gigantica. During the acute phase, manifestations include abdominal pain, hepatomegaly, fever, vomiting, diarrhea, urticaria and eosinophilia. Occasionally, infection occurs in intestinal wall, lungs, subcutaneous tissue, and pharyngeal mucosa.","groupNest":[],"groupLabel":[],"valueHier":["http://purl.obolibrary.org/obo/DOID_4138","http://purl.obolibrary.org/obo/DOID_9741","http://purl.obolibrary.org/obo/DOID_3118","http://purl.obolibrary.org/obo/DOID_77","http://purl.obolibrary.org/obo/DOID_7","http://purl.obolibrary.org/obo/DOID_4"],"labelHier":["bile duct disease","biliary tract disease","hepatobiliary disease","gastrointestinal system disease","disease of anatomical entity","Disease"]},{"propURI":"http://www.bioassayontology.org/bao#BAO_0000208","propLabel":"result","propAbbrev":"bao:BAO_0000208","valueURI":"http://www.bioassayontology.org/bao#BAO_0000190","valueLabel":"IC50","valueAbbrev":"bao:BAO_0000190","valueDescr":"The effective concentration of an inhibitor, which produces 50% of the maximum possible response for that inhibitor.","groupNest":[],"groupLabel":[],"valueHier":["http://www.bioassayontology.org/bao#BAO_0002162","http://www.bioassayontology.org/bao#BAO_0000180","http://www.bioassayontology.org/bao#BAO_0000179"],"labelHier":["concentration response endpoint","concentration endpoint","endpoint"]},{"propURI":"http://www.bioassayontology.org/bao#BAO_0000208","propLabel":"result","propAbbrev":"bao:BAO_0000208","valueURI":"http://www.bioassayontology.org/bao#BAO_0000192","valueLabel":"Ki","valueAbbrev":"bao:BAO_0000192","valueDescr":"Ki is the equilibrium inhibitor dissociation constant, the concentration of the competing inhibitor that results in binding to half the enzymes sites at equilibrium in the absence of substrate or other competitors.\nThe Cheng and Prusoff equation: Ki - (IC50) / ( 1+ ([L]/Kd)) relates IC50 to Ki under conditions of competitive binding; Kd equilibrium dissociation constant of the (labeled) ligand, [L] ligand concentration.\nThe Cheng and Prusoff equation: Ki - (IC50) / ( 1+ ([S]/Km)) relates IC50 to Ki under conditions of competitive inhibition; Ki equilibrium enzyme inhibitor dissociation constant; Km Michaelis-Menton constant, [S] substrate concentration.","groupNest":[],"groupLabel":[],"valueHier":["http://www.bioassayontology.org/bao#BAO_0002162","http://www.bioassayontology.org/bao#BAO_0000180","http://www.bioassayontology.org/bao#BAO_0000179"],"labelHier":["concentration response endpoint","concentration endpoint","endpoint"]},{"propURI":"http://www.bioassayontology.org/bao#BAO_0000185","propLabel":"perturbagen type","propAbbrev":"bao:BAO_0000185","valueURI":"http://www.bioassayontology.org/bao#BAO_0000176","valueLabel":"small molecule","valueAbbrev":"bao:BAO_0000176","valueDescr":"Small molecule is an organic compound with a low molecular weight (<800 Da) which is used to screen against a biological target, e.g. protein, nucleic acid, cell or organism  to test its ability to bind it and bring about a change in activity. It is either isolated from a natural source or is synthesized.","groupNest":[],"groupLabel":[],"valueHier":["http://www.bioassayontology.org/bao#BAO_0000076","http://www.bioassayontology.org/bao#BAO_0003120"],"labelHier":["screened entity","assay screened entity component"]},{"propURI":"http://www.bioassayontology.org/bao#BAX_0000012","propLabel":"protein identity","propAbbrev":"bao:BAX_0000012","valueURI":"http://www.bioassayontology.org/protein#6686268","valueLabel":"Cytochrome P450 2C9","valueAbbrev":"protein:6686268","valueDescr":"Protein: Cytochrome P450 2C9, Organism: Homo sapiens","groupNest":[],"groupLabel":[],"externalURLs":["https://www.ncbi.nlm.nih.gov/protein/6686268"],"valueHier":["http://www.bioassayontology.org/taxon#9606","http://www.bioassayontology.org/taxon#9605","http://www.bioassayontology.org/taxon#314295","http://www.bioassayontology.org/taxon#9526","http://www.bioassayontology.org/taxon#9443","http://www.bioassayontology.org/taxon#314146","http://www.bioassayontology.org/taxon#40674","http://www.bioassayontology.org/taxon#32524","http://www.bioassayontology.org/taxon#8287","http://www.bioassayontology.org/taxon#117570","http://www.bioassayontology.org/taxon#7711","http://www.bioassayontology.org/taxon#33511","http://www.bioassayontology.org/taxon#33213","http://www.bioassayontology.org/taxon#33208","http://www.bioassayontology.org/taxon#33154","http://www.bioassayontology.org/taxon#2759","http://www.bioassayontology.org/taxon#131567","http://www.bioassayontology.org/taxon#Root"],"labelHier":["Homo sapiens","Homo","Hominoidea / Hominidae / Homininae","Catarrhini","Primates / Haplorrhini / Simiiformes","Euarchontoglires","Mammalia / Theria / Eutheria / Boreoeutheria","Amniota","Sarcopterygii / Dipnotetrapodomorpha / Tetrapoda","Teleostomi / Euteleostomi","Chordata / Craniata / Vertebrata / Gnathostomata","Deuterostomia","Bilateria","Metazoa / Eumetazoa","Opisthokonta","Eukaryota","cellular organisms","Faux ProteinID"]},{"propURI":"http://www.bioassayontology.org/bao#BAX_0000011","propLabel":"gene identity","propAbbrev":"bao:BAX_0000011","valueURI":"http://www.bioassayontology.org/geneid#1559","valueLabel":"CYP2C9: cytochrome P450 family 2 subfamily C member 9","valueAbbrev":"geneid:1559","valueDescr":"","groupNest":[],"groupLabel":[],"altLabels":["CPC9 , CYP2C , CYP2C10 , CYPIIC9 , P450IIC9"],"externalURLs":["https://www.ncbi.nlm.nih.gov/gene/1559"],"valueHier":["http://www.bioassayontology.org/geneid#Homo_sapiens","http://www.bioassayontology.org/geneid#Mammalia","http://www.bioassayontology.org/geneid#Root"],"labelHier":["Homo sapiens","Mammalia","Faux GeneID"]},{"propURI":"http://www.bioassayontology.org/bao#BAO_0002852","propLabel":"assay sources","propAbbrev":"bao:BAO_0002852","valueURI":"http://www.bioassayexpress.org/bae#0000031","valueLabel":"FDA public data","valueAbbrev":"bae:0000031","valueDescr":"United States Food and Drug Administration","groupNest":[],"groupLabel":[],"valueHier":["http://www.bioassayontology.org/bao#BAO_0000709","http://www.bioassayontology.org/bao#BAO_0002934"],"labelHier":["research institute","organization"]},{"propURI":"http://www.bioassayontology.org/bao#BAO_0002874","propLabel":"units","propAbbrev":"bao:BAO_0002874","valueURI":"http://purl.obolibrary.org/obo/UO_0000064","valueLabel":"micromolar","valueAbbrev":"obo:UO_0000064","valueDescr":"A unit of molarity which is equal to one millionth of a molar or 10^[-6] M.","groupNest":["http://www.bioassayontology.org/bao#BAX_0000017"],"groupLabel":["measurement"],"valueHier":["http://purl.obolibrary.org/obo/UO_0000061","http://purl.obolibrary.org/obo/UO_0000051","http://purl.obolibrary.org/obo/UO_0000000"],"labelHier":["unit of molarity","concentration unit","unit"]},{"propURI":"http://www.bioassayontology.org/bao#BAO_0002853","valueLabel":"DMPK R1600737: Triclabendazole: Metabolic Profile in Human Liver Microsomes, Contributions of Cytochrome P450 Enzymes to Metabolism, and Potential for Drug-Drug Interactions (CYP2C9)","propAbbrev":"bao:BAO_0002853","groupNest":[],"propLabel":"assay title","groupLabel":[]},{"propURI":"http://www.bioassayontology.org/bao#BAO_0002800","valueLabel":"human liver microsome (HLM)","propAbbrev":"bao:BAO_0002800","groupNest":[],"propLabel":"assay cell line","groupLabel":[]},{"propURI":"http://www.bioassayontology.org/bao#BAO_0000196","valueLabel":"substrate","propAbbrev":"bao:BAO_0000196","groupNest":[],"propLabel":"assay mode of action","groupLabel":[]},{"propURI":"http://www.bioassayontology.org/bao#BAO_0000208","valueLabel":"percent fraction metabolized","propAbbrev":"bao:BAO_0000208","groupNest":[],"propLabel":"result","groupLabel":[]}],"pubchemXRef":[],"curationTime":1581004125954,"curatorID":"google:113746828226570309384","curatorName":"","curatorEmail":"trangtdn08@gmail.com","history":[{"curationTime":1581004125954,"curatorID":"google:113746828226570309384","curatorName":"","curatorEmail":"trangtdn08@gmail.com","textPatch":"@@ -1,902 +0,0 @@\n-METHODS%0AThe metabolism of TCBZ was studied using human liver microsomes (HLM); cryopreserved hepatocytes; recombinant human (rh) CYP, FMO, and (UDP-glucuronosyltransferase) UGT enzymes. In order to determine the relative contribution of CYP and FMO enzymes responsible for metabolism, TCBZ was incubated with HLM and an inhibitor for each CYP of interest. The contribution of specific enzyme to the TCBZ oxidative metabolism was estimated by comparing TCBZ clearance value in HLM with or without specific inhibition, corrected with inhibitor crossreactivity for CYPs and normalized to a total 100%25.%0ARESULTS%0AThe hepatic metabolism of TCBZ was found to be mediated mostly by CYP1A2 (64%25). Estimated values of intrinsic clearance and percent fraction metabolized are shown in Table -15.8. All of the proposed metabolites of TCBZ and potential pathways based on the data collected are%0Ashown in Figure 15-1.\n","annotsAdded":[{"propURI":"http://www.bioassayontology.org/bao#BAO_0000208","propLabel":"result","propAbbrev":"bao:BAO_0000208","valueURI":"http://www.bioassayontology.org/bao#BAO_0000190","valueLabel":"IC50","valueAbbrev":"bao:BAO_0000190","valueDescr":"The effective concentration of an inhibitor, which produces 50% of the maximum possible response for that inhibitor.","valueHier":["http://www.bioassayontology.org/bao#BAO_0002162","http://www.bioassayontology.org/bao#BAO_0000180","http://www.bioassayontology.org/bao#BAO_0000179"],"labelHier":["concentration response endpoint","concentration endpoint","endpoint"]},{"propURI":"http://www.bioassayontology.org/bao#BAO_0000211","propLabel":"target","propAbbrev":"bao:BAO_0000211","valueURI":"http://purl.obolibrary.org/obo/PR_P11712","valueLabel":"cytochrome P450 2C9 (human)","valueAbbrev":"obo:PR_P11712","valueDescr":"A cytochrome P450 2C9 that is encoded in the genome of human.","altLabels":["hCYP2C9","cytochrome P450 MP-4 (human)","cytochrome P-450MP (human)","cytochrome P450 PB-1 (human)","cytochrome P450 MP-8 (human)","CYPIIC9 (human)"],"valueHier":["http://purl.obolibrary.org/obo/PR_000006120","http://purl.obolibrary.org/obo/PR_000000001"],"labelHier":["cytochrome P450 2C9","protein"]},{"propURI":"http://www.bioassayontology.org/bao#BAO_0000185","propLabel":"perturbagen type","propAbbrev":"bao:BAO_0000185","valueURI":"http://www.bioassayontology.org/bao#BAO_0000176","valueLabel":"small molecule","valueAbbrev":"bao:BAO_0000176","valueDescr":"Small molecule is an organic compound with a low molecular weight (<800 Da) which is used to screen against a biological target, e.g. protein, nucleic acid, cell or organism  to test its ability to bind it and bring about a change in activity. It is either isolated from a natural source or is synthesized.","valueHier":["http://www.bioassayontology.org/bao#BAO_0000076","http://www.bioassayontology.org/bao#BAO_0003120"],"labelHier":["screened entity","assay screened entity component"]},{"propURI":"http://www.bioassayontology.org/bao#BAO_0002854","propLabel":"bioassay type","propAbbrev":"bao:BAO_0002854","valueURI":"http://www.bioassayontology.org/bao#BAO_0000009","valueLabel":"ADMET","valueAbbrev":"bao:BAO_0000009","valueDescr":"ADMET stands for absorption, distribution, metabolism, excretion and toxicity. Admet assays are performed for verifying the bio-availability,  toxicity, metabolic stability, and drug-drug interaction potential of drugs: They quantify absorption of drugs in the intestine which is dependent on their solubility; distribution which ascertains their binding to plasma proteins, central nervous system penetration; metabolism where the in vivo clearance is monitored; and finally, toxicity in terms of inhibition of liver cytochrome p450 enzymes or hERG which could cause drug-drug interactions and cardiac arrhythmias, respectively.","valueHier":["http://www.bioassayontology.org/bao#BAO_0000008"],"labelHier":["bioassay type"]},{"propURI":"http://www.bioassayontology.org/bao#BAO_0095009","propLabel":"assay design method","propAbbrev":"bao:BAO_0095009","valueURI":"http://www.bioassayontology.org/bao#BAO_0040018","valueLabel":"small molecule abundance method","valueAbbrev":"bao:BAO_0040018","valueDescr":"Any  method that simply measures the overall abundance (concentration, relative amount, etc) of a small molecule, such as LC-MS/MS or LC-UV. Typically used in both in vitro and in vivo ADME assays to monitor compound.","valueHier":["http://www.bioassayontology.org/bao#BAO_0040011","http://www.bioassayontology.org/bao#BAO_0002202"],"labelHier":["molecular abundance method","assay design method"]},{"propURI":"http://www.bioassayontology.org/bao#BAO_0002852","propLabel":"assay sources","propAbbrev":"bao:BAO_0002852","valueURI":"http://www.bioassayexpress.org/bae#0000031","valueLabel":"FDA public data","valueAbbrev":"bae:0000031","valueDescr":"United States Food and Drug Administration","valueHier":["http://www.bioassayontology.org/bao#BAO_0000709","http://www.bioassayontology.org/bao#BAO_0002934"],"labelHier":["research institute","organization"]},{"propURI":"http://www.bioassayontology.org/bao#BAO_0000205","propLabel":"assay format","propAbbrev":"bao:BAO_0000205","valueURI":"http://www.bioassayontology.org/bao#BAO_0000251","valueLabel":"microsome format","valueAbbrev":"bao:BAO_0000251","valueDescr":"Microsomes are vesicle-like structures formed as an artifact from the endoplasmic reticulum after the cell has been ruptured by homogenization.","valueHier":["http://www.bioassayontology.org/bao#BAO_0000220","http://www.bioassayontology.org/bao#BAO_0000366","http://www.bioassayontology.org/bao#BAO_0000019"],"labelHier":["subcellular format","cell-free format","assay format"]},{"propURI":"http://www.bioassayontology.org/bao#BAX_0000011","propLabel":"gene identity","propAbbrev":"bao:BAX_0000011","valueURI":"http://www.bioassayontology.org/geneid#1559","valueLabel":"CYP2C9: cytochrome P450 family 2 subfamily C member 9","valueAbbrev":"geneid:1559","valueDescr":"","altLabels":["CPC9 , CYP2C , CYP2C10 , CYPIIC9 , P450IIC9"],"externalURLs":["https://www.ncbi.nlm.nih.gov/gene/1559"],"valueHier":["http://www.bioassayontology.org/geneid#Homo_sapiens","http://www.bioassayontology.org/geneid#Mammalia","http://www.bioassayontology.org/geneid#Root"],"labelHier":["Homo sapiens","Mammalia","Faux GeneID"]},{"propURI":"http://www.bioassayontology.org/bao#BAO_0002855","propLabel":"bioassay","propAbbrev":"bao:BAO_0002855","valueURI":"http://www.bioassayexpress.org/bae#0000059","valueLabel":"drug metabolism assay","valueAbbrev":"bae:0000059","valueDescr":"","valueHier":["http://www.bioassayontology.org/bao#BAO_0010040","http://www.bioassayontology.org/bao#BAO_0000015"],"labelHier":["metabolomic assay","bioassay"]},{"propURI":"http://www.bioassayontology.org/bao#BAX_0000012","propLabel":"protein identity","propAbbrev":"bao:BAX_0000012","valueURI":"http://www.bioassayontology.org/protein#6686268","valueLabel":"Cytochrome P450 2C9","valueAbbrev":"protein:6686268","valueDescr":"Protein: Cytochrome P450 2C9, Organism: Homo sapiens","externalURLs":["https://www.ncbi.nlm.nih.gov/protein/6686268"],"valueHier":["http://www.bioassayontology.org/taxon#9606","http://www.bioassayontology.org/taxon#9605","http://www.bioassayontology.org/taxon#314295","http://www.bioassayontology.org/taxon#9526","http://www.bioassayontology.org/taxon#9443","http://www.bioassayontology.org/taxon#314146","http://www.bioassayontology.org/taxon#40674","http://www.bioassayontology.org/taxon#32524","http://www.bioassayontology.org/taxon#8287","http://www.bioassayontology.org/taxon#117570","http://www.bioassayontology.org/taxon#7711","http://www.bioassayontology.org/taxon#33511","http://www.bioassayontology.org/taxon#33213","http://www.bioassayontology.org/taxon#33208","http://www.bioassayontology.org/taxon#33154","http://www.bioassayontology.org/taxon#2759","http://www.bioassayontology.org/taxon#131567","http://www.bioassayontology.org/taxon#Root"],"labelHier":["Homo sapiens","Homo","Hominoidea / Hominidae / Homininae","Catarrhini","Primates / Haplorrhini / Simiiformes","Euarchontoglires","Mammalia / Theria / Eutheria / Boreoeutheria","Amniota","Sarcopterygii / Dipnotetrapodomorpha / Tetrapoda","Teleostomi / Euteleostomi","Chordata / Craniata / Vertebrata / Gnathostomata","Deuterostomia","Bilateria","Metazoa / Eumetazoa","Opisthokonta","Eukaryota","cellular organisms","Faux ProteinID"]},{"propURI":"http://www.bioassayontology.org/bao#BAO_0002848","propLabel":"applies to disease","propAbbrev":"bao:BAO_0002848","valueURI":"http://purl.obolibrary.org/obo/DOID_885","valueLabel":"fascioliasis","valueAbbrev":"obo:DOID_885","valueDescr":"A parasitic helminthiasis infectious disease that involves parasitic infection of the bile ducts of the liver by Fasciola hepatica or Fasciola gigantica. During the acute phase, manifestations include abdominal pain, hepatomegaly, fever, vomiting, diarrhea, urticaria and eosinophilia. Occasionally, infection occurs in intestinal wall, lungs, subcutaneous tissue, and pharyngeal mucosa.","valueHier":["http://purl.obolibrary.org/obo/DOID_4138","http://purl.obolibrary.org/obo/DOID_9741","http://purl.obolibrary.org/obo/DOID_3118","http://purl.obolibrary.org/obo/DOID_77","http://purl.obolibrary.org/obo/DOID_7","http://purl.obolibrary.org/obo/DOID_4"],"labelHier":["bile duct disease","biliary tract disease","hepatobiliary disease","gastrointestinal system disease","disease of anatomical entity","Disease"]},{"propURI":"http://www.bioassayontology.org/bao#BAO_0095010","propLabel":"assay supporting method","propAbbrev":"bao:BAO_0095010","valueURI":"http://www.bioassayontology.org/bao#BAO_0002647","valueLabel":"cell culture method","valueAbbrev":"bao:BAO_0002647","valueDescr":"","valueHier":["http://www.bioassayontology.org/bao#BAO_0002429"],"labelHier":["assay supporting method"]},{"propURI":"http://www.bioassayontology.org/bao#BAO_0002874","propLabel":"units","propAbbrev":"bao:BAO_0002874","valueURI":"http://purl.obolibrary.org/obo/UO_0000064","valueLabel":"micromolar","valueAbbrev":"obo:UO_0000064","valueDescr":"A unit of molarity which is equal to one millionth of a molar or 10^[-6] M.","groupNest":["http://www.bioassayontology.org/bao#BAX_0000017"],"groupLabel":["measurement"],"valueHier":["http://purl.obolibrary.org/obo/UO_0000061","http://purl.obolibrary.org/obo/UO_0000051","http://purl.obolibrary.org/obo/UO_0000000"],"labelHier":["unit of molarity","concentration unit","unit"]},{"propURI":"http://www.bioassayontology.org/bao#BAO_0002921","propLabel":"organism","propAbbrev":"bao:BAO_0002921","valueURI":"http://purl.obolibrary.org/obo/NCBITaxon_9606","valueLabel":"Homo sapiens","valueAbbrev":"obo:NCBITaxon_9606","valueDescr":"","altLabels":["Homo spiens","Homo sapience","Homo sapien","human","Homo spaiens","Homo sapians","man","Humo sapiens","Home sapiens","Homo sapiense","Homo sampiens","Homo sapeins","Homo sapines","Homo sapian","Homo sapients"],"valueHier":["http://www.bioassayontology.org/bao#BAO_0000362","http://www.bioassayontology.org/bao#BAO_0000510","http://www.bioassayontology.org/bao#BAO_0000659","http://www.bioassayontology.org/bao#BAO_0000509","http://www.bioassayontology.org/bao#BAO_0000658","http://www.bioassayontology.org/bao#BAO_0000551"],"labelHier":["mammalian","vertebrate","metazoa","eukaryote","cellular organisms","organism"]},{"propURI":"http://www.bioassayontology.org/bao#BAO_0000208","propLabel":"result","propAbbrev":"bao:BAO_0000208","valueURI":"http://www.bioassayontology.org/bao#BAO_0000192","valueLabel":"Ki","valueAbbrev":"bao:BAO_0000192","valueDescr":"Ki is the equilibrium inhibitor dissociation constant, the concentration of the competing inhibitor that results in binding to half the enzymes sites at equilibrium in the absence of substrate or other competitors.\nThe Cheng and Prusoff equation: Ki - (IC50) / ( 1+ ([L]/Kd)) relates IC50 to Ki under conditions of competitive binding; Kd equilibrium dissociation constant of the (labeled) ligand, [L] ligand concentration.\nThe Cheng and Prusoff equation: Ki - (IC50) / ( 1+ ([S]/Km)) relates IC50 to Ki under conditions of competitive inhibition; Ki equilibrium enzyme inhibitor dissociation constant; Km Michaelis-Menton constant, [S] substrate concentration.","valueHier":["http://www.bioassayontology.org/bao#BAO_0002162","http://www.bioassayontology.org/bao#BAO_0000180","http://www.bioassayontology.org/bao#BAO_0000179"],"labelHier":["concentration response endpoint","concentration endpoint","endpoint"]}],"annotsRemoved":[],"labelsAdded":[{"propURI":"http://www.bioassayontology.org/bao#BAO_0000196","valueLabel":"substrate","propAbbrev":"bao:BAO_0000196","propLabel":"assay mode of action"},{"propURI":"http://www.bioassayontology.org/bao#BAO_0002800","valueLabel":"human liver microsome (HLM)","propAbbrev":"bao:BAO_0002800","propLabel":"assay cell line"},{"propURI":"http://www.bioassayontology.org/bao#BAO_0000208","valueLabel":"percent fraction metabolized","propAbbrev":"bao:BAO_0000208","propLabel":"result"},{"propURI":"http://www.bioassayontology.org/bao#BAO_0002853","valueLabel":"DMPK R1600737: Triclabendazole: Metabolic Profile in Human Liver Microsomes, Contributions of Cytochrome P450 Enzymes to Metabolism, and Potential for Drug-Drug Interactions (CYP2C9)","propAbbrev":"bao:BAO_0002853","propLabel":"assay title"}],"labelsRemoved":[]}],"holdingIDList":[]}