{"assayID":7189,"uniqueID":"pubchemAID:1053201","text":"Late stage assay provider counterscreen for inhibitors of Trypanosoma brucei methionyl tRNA synthetase (MetRS): radioactivity-based cell-based assay to identify compounds that inhibit MetRS of T. brucei (Round 3)\n\nDescription:\n\nHuman African trypanosomiasis (HAT; also called sleeping sickness) is a neglected tropical disease that is caused by the protozoan Trypanosoma brucei, which employs the tsetse fly as its insect vector. Related tropical diseases include Chagas disease (caused by Trypanosoma cruzi) and leishmaniasis (caused by Leishmania species). Each of these diseases has a major impact on human health around the world and they lack adequate chemotherapeutic treatment options (1), as current therapies suffer from poor efficacy, oral bioavailability (2), toxicity, and difficult treatment regimens (3). As a result there is a great need to develop novel, more selective, and effective treatments (4). The aminoacyl-tRNA synthetases (aaRS) play essential roles in protein synthesis and cell survival and thus are attractive targets for the design of novel chemotherapeutic agents for these diseases (3). aaRS enzymes are essential to translating nucleotide-encoded gene sequences into proteins. Thus, inhibitors that interfere with these enzymes will inhibit formation of properly charged tRNA, leading to accumulation of uncharged tRNA on the ribosome, and disruption of normal protein chain elongation during translation, which are detrimental to cell viability. In particular, genomic studies have revealed sequence differences between the T. brucei trypanosome and mammalian methionyl-tRNA synthetases (MetRSs: which are members of the aaRS family), suggesting that selective inhibition of this enzyme and protozoan death can be achieved using drug-like molecules (2). Using RNA interference, T. brucei MetRS has been shown to be essential for parasite survival (3). In addition, since the MetRS enzymes from Trypanosomatid organisms are highly homologous (particularly in the methionine-ATP binding pocket) it is possible that compounds active against T. brucei MetRS will exhibit activity against the MetRS enzymes from T. cruzi and Leishmania.\n\nAssay Overview:\n\nThe purpose of this assay is to determine whether compounds identified as MetRS inhibitor probe candidates can inhibit the activity of MetRS of T. brucei. Aminoacylation assay run by Assay Provider.\n\nEnzyme activity is quantified by the attachment of [3H]L-methionine to tRNA in the presence of T. brucei MetRS enzyme. Reactions are performed in 96-well filter plates with Durapore membranes (MSHVN4B10; Millipore) in volumes of 75 ul. The reaction is performed with 25 mM HEPES-KOH, pH 7.9, 10 mM MgCl2, 50 mM KCl, 0.2 mM spermine, 0.1 mg/ml bovine serum albumin, 2.5 mM dithiothreitol, 0.1 mM ATP, 240 nM [3H]L-methionine (83 Ci/mmol), and 0.1 U/ml pyrophosphatase (I1643; Sigma). Recombinant enzyme (10 nM) and compound inhibitors (10 uM and 1 uM) are mixed with the buffer and preincubated for 15 min. To start the reaction, 400 ug/ml bulk Escherichia coli tRNA (R4251; Sigma) is added. The plate is incubated without shaking at room temperature for 120 min. The reactions are stopped by the addition of 100 ul/well cold 10% trichloroacetic acid. The reaction components are separated from tRNA by filtration through a vacuum manifold and washed three times with 300 ul/well cold 10% trichloroacetic acid. The filter plates are dried, 25 ul/well scintillation fluid added, and the counts on the plates determined in a scintillation plate counter. Samples are run in triplicate, and the average activity of inhibitors are compared to that in control wells without inhibitors. Compounds are tested in triplicate at two concentrations final (10 uM and 1 uM).\n\nProtocol Summary:\n\nPrior to the start of the assay 66 ul/well of TbMetRS solution (0.23 mM Spermine, 0.11 mg/ml BSA, 28.41 mM HEPES-KOH pH 7.9, 11.36 mM MgCl2, 56.82 mM KCl, 2.84 mM DTT, 0.11 U/ml pyrophosphatase, 0.11 mM ATP, 272.73 nM [3H]L-methionine, 11.36 nM T. brucei MetRS) to all wells. Next, 1.5 ul/well of 50X test compounds diluted in 100% DMSO or DMSO alone (2% final concentration) were distributed into the appropriate wells. The plates were then incubated for 15 minutes at room temperature. The assay was started by the addition of 7.5 ul of 400 ug/ml bulk E. coli tRNA or ddH20 (low control) were distributed into the appropriate wells. The plates were then incubated for 2 hours at room temperature. After incubation, 100 ul/well of cold 10% trichloroacetic acid was added and the plates were placed in the -20o C for 12 minutes to stop the reaction. The reaction components were seperated from tRNA by filtration through a vacuum manifold and washed three times with 300 ul/well of cold 10% trichloroacetic acid. The filter plates were dried, the rubber backing removed, and 25 ul/well of scintillation fluid was added. Plates were read on the MicroBeta2 scintillation plate reader.\n\nList of Reagents:\n\nT. brucei MetRS protein (supplied by Assay Provider)\nMagnesium Chloride Hexahydrate (Fisher, part 7791-18-6)\n1M HEPES (Lonza, part 17-737E)\nPotassium Chloride (J.T. Baker, part 3040-01)\nDistiller Water (Baxter, part 2F7114)\nSpermine (Fluka, part 85588)\nBovine serum albumin (New England BioLabs, part B9001S)\nPyrophosphatase (Sigma, part I1643)\nDithiothreitol (Acros, part1 6568-0250)\nBulk E. coli tRNA (Sigma, part R4251)\nATP (Sigma, part A7699)\nL-[Methyl-3H]-Methionine (PerkinElmer, part NET061X005MC)\nTrichloroacetic Acid (Fisher Scientific, part UN1839)\nDMSO (Sigma, part D8418)\n96-well filter plates with Durapore membranes (Millipore, part MSHVN4B10)\nMicrobeta2 plate reader (PerkinElmer)\nUltima Gold scintillation fluid (PerkinElmer, part 6013329)\nMultiScreenHTS vacuum manifold (Millipore, part MSVMHTS00)\nExcel 2013 (Microsoft)","schemaURI":"http://www.bioassayontology.org/bas#","annotations":[{"propURI":"http://www.bioassayontology.org/bao#BAO_0000196","propLabel":"assay mode of action","propAbbrev":"bao:BAO_0000196","valueURI":"http://www.bioassayontology.org/bao#BAO_0000091","valueLabel":"inhibition","valueAbbrev":"bao:BAO_0000091","valueDescr":"Reduction of a predefined stimulus. Unit of Measure is always % when normalized to the dynamic range of the assay.","groupNest":[],"groupLabel":[],"valueHier":["http://www.bioassayontology.org/bao#BAO_0000084","http://www.bioassayontology.org/bao#BAO_0000074"],"labelHier":["ligand function mode of action","mode of action"]},{"propURI":"http://www.bioassayontology.org/bao#BAO_0002855","propLabel":"bioassay","propAbbrev":"bao:BAO_0002855","valueURI":"http://www.bioassayontology.org/bao#BAO_0002994","valueLabel":"enzyme activity assay","valueAbbrev":"bao:BAO_0002994","valueDescr":"It is used to measure the effect of a perturbagen on the enzyme activity, which can be measured either directly or coupled to a secondary signal. ","groupNest":[],"groupLabel":[],"valueHier":["http://www.bioassayontology.org/bao#BAO_0000015"],"labelHier":["bioassay"]},{"propURI":"http://www.bioassayontology.org/bao#BAO_0095009","propLabel":"assay design method","propAbbrev":"bao:BAO_0095009","valueURI":"http://www.bioassayontology.org/bao#BAO_0000124","valueLabel":"enzyme activity measurement method","valueAbbrev":"bao:BAO_0000124","valueDescr":"It describes the different methods by which an enzyme activity can be measured and the ways it is expressed. This can be measured either directly or coupled to a secondary signal.","groupNest":[],"groupLabel":[],"valueHier":["http://www.bioassayontology.org/bao#BAO_0002202"],"labelHier":["assay design method"]},{"propURI":"http://www.bioassayontology.org/bao#BAO_0002800","propLabel":"assay cell line","propAbbrev":"bao:BAO_0002800","valueURI":"http://www.bioassayontology.org/bat#NotApplicable","valueLabel":"not applicable","valueAbbrev":"bat:NotApplicable","valueDescr":"This property does not apply to this assay.","groupNest":[],"groupLabel":[],"valueHier":[],"labelHier":[]},{"propURI":"http://www.bioassayontology.org/bao#BAO_0002009","propLabel":"biological process","propAbbrev":"bao:BAO_0002009","valueURI":"http://purl.obolibrary.org/obo/GO_1903630","valueLabel":"regulation of aminoacyl-tRNA ligase activity","valueAbbrev":"obo:GO_1903630","valueDescr":"Any process that modulates the frequency, rate or extent of aminoacyl-tRNA ligase activity.","groupNest":[],"groupLabel":[],"valueHier":["http://purl.obolibrary.org/obo/GO_0051340","http://purl.obolibrary.org/obo/GO_0050790","http://purl.obolibrary.org/obo/GO_0065009","http://purl.obolibrary.org/obo/GO_0065007","http://purl.obolibrary.org/obo/GO_0008150","http://www.bioassayontology.org/bao#BAO_0003114"],"labelHier":["regulation of ligase activity","regulation of catalytic activity","regulation of molecular function","biological regulation","biological process","assay biology component"]},{"propURI":"http://www.bioassayontology.org/bao#BAO_0002009","propLabel":"biological process","propAbbrev":"bao:BAO_0002009","valueURI":"http://purl.obolibrary.org/obo/GO_2000235","valueLabel":"regulation of tRNA processing","valueAbbrev":"obo:GO_2000235","valueDescr":"Any process that modulates the frequency, rate or extent of tRNA processing.","groupNest":[],"groupLabel":[],"valueHier":["http://purl.obolibrary.org/obo/GO_1903326","http://purl.obolibrary.org/obo/GO_0051252","http://purl.obolibrary.org/obo/GO_0019219","http://purl.obolibrary.org/obo/GO_0051171","http://purl.obolibrary.org/obo/GO_0019222","http://purl.obolibrary.org/obo/GO_0050789","http://purl.obolibrary.org/obo/GO_0065007","http://purl.obolibrary.org/obo/GO_0008150","http://www.bioassayontology.org/bao#BAO_0003114"],"labelHier":["regulation of tRNA metabolic process","regulation of RNA metabolic process","regulation of nucleobase-containing compound metabolic process","regulation of nitrogen compound metabolic process","regulation of metabolic process","regulation of biological process","biological regulation","biological process","assay biology component"]},{"propURI":"http://www.bioassayontology.org/bao#BAO_0000185","propLabel":"perturbagen type","propAbbrev":"bao:BAO_0000185","valueURI":"http://www.bioassayontology.org/bao#BAO_0000648","valueLabel":"compound library","valueAbbrev":"bao:BAO_0000648","valueDescr":"The name of a small molecule collection from one source, which can be either commercial or academic, e.g., MLSMR, LOPAC, etc. This collection is generally diverse and contains compounds that modulate diverse biological targets.","groupNest":[],"groupLabel":[],"valueHier":["http://www.bioassayontology.org/bao#BAO_0000661","http://www.bioassayontology.org/bao#BAO_0003120"],"labelHier":["perturbagen library","assay screened entity component"]},{"propURI":"http://www.bioassayontology.org/bao#BAO_0000211","propLabel":"target","propAbbrev":"bao:BAO_0000211","valueURI":"http://www.bioassayontology.org/bat#SeeGeneID","valueLabel":"see Gene ID","valueAbbrev":"bat:SeeGeneID","valueDescr":"The target is present in the Gene ID section, but needs to be mapped to a formal ontology.","groupNest":[],"groupLabel":[],"valueHier":["http://www.bioassayontology.org/bat#SeeAlso"],"labelHier":["see also"]},{"propURI":"http://www.bioassayontology.org/bao#BAO_0002848","propLabel":"applies to disease","propAbbrev":"bao:BAO_0002848","valueURI":"http://purl.obolibrary.org/obo/DOID_12140","valueLabel":"Chagas disease","valueAbbrev":"obo:DOID_12140","valueDescr":"A trypanosomiasis that is a tropical parasitic disease caused by the flagellate protozoan Trypanosoma cruzi, which is transmitted to humans and other mammals by an insect vector, the blood-sucking assassin bugs of the subfamily Triatominae (family Reduviidae), most commonly species belonging to the Triatoma, Rhodnius, and Panstrongylus genera. The symptoms include fever, fatigue, body aches, headache, rash, loss of appetite, diarrhea, vomiting, swelling of the eyelids and myocarditis.","groupNest":[],"groupLabel":[],"valueHier":["http://purl.obolibrary.org/obo/DOID_10113","http://purl.obolibrary.org/obo/DOID_2789","http://purl.obolibrary.org/obo/DOID_1398","http://purl.obolibrary.org/obo/DOID_0050117","http://purl.obolibrary.org/obo/DOID_4"],"labelHier":["trypanosomiasis","parasitic protozoa infectious disease","parasitic infectious disease","disease by infectious agent","Disease"]},{"propURI":"http://www.bioassayontology.org/bao#BAO_0002848","propLabel":"applies to disease","propAbbrev":"bao:BAO_0002848","valueURI":"http://purl.obolibrary.org/obo/DOID_9065","valueLabel":"leishmaniasis","valueAbbrev":"obo:DOID_9065","valueDescr":"A parasitic protozoa infectious disease that involves infection caused by protozoan parasite of the genus Leishmania, which is transmitted by the bite of sand fly (subfamily Phlebotominae).","groupNest":[],"groupLabel":[],"valueHier":["http://purl.obolibrary.org/obo/DOID_2789","http://purl.obolibrary.org/obo/DOID_1398","http://purl.obolibrary.org/obo/DOID_0050117","http://purl.obolibrary.org/obo/DOID_4"],"labelHier":["parasitic protozoa infectious disease","parasitic infectious disease","disease by infectious agent","Disease"]},{"propURI":"http://www.bioassayontology.org/bao#BAO_0000210","propLabel":"screening campaign stage","propAbbrev":"bao:BAO_0000210","valueURI":"http://www.bioassayontology.org/bao#BAO_0000803","valueLabel":"counter screening assay","valueAbbrev":"bao:BAO_0000803","valueDescr":"An assay run to eliminate those hits from the primary and confirmatory assay stages that are not of interest, i.e. do not act via the MMOA of interest; for example compounds that are assay artifacts (e.g. fluorescent), promiscuously active, toxic. ","groupNest":[],"groupLabel":[],"valueHier":["http://www.bioassayontology.org/bao#BAO_0000032","http://www.bioassayontology.org/bao#BAO_0000029"],"labelHier":["secondary assay","assay screening campaign stage"]},{"propURI":"http://www.bioassayontology.org/bao#BAO_0000208","propLabel":"result","propAbbrev":"bao:BAO_0000208","valueURI":"http://www.bioassayontology.org/bao#BAO_0000201","valueLabel":"percent inhibition","valueAbbrev":"bao:BAO_0000201","valueDescr":"Percent decrease of a measureable response as a consequence of compound treatment.  Unit of Measure is always % when normalized to the dynamic range of the assay. Percent inhibition is expressed relative to a positive control (which results in total inhibition).","groupNest":[],"groupLabel":[],"valueHier":["http://www.bioassayontology.org/bao#BAO_0000082","http://www.bioassayontology.org/bao#BAO_0000181","http://www.bioassayontology.org/bao#BAO_0000179"],"labelHier":["percent response","response endpoint","endpoint"]},{"propURI":"http://www.bioassayontology.org/bao#BAO_0002874","propLabel":"units","propAbbrev":"bao:BAO_0002874","valueURI":"http://purl.obolibrary.org/obo/UO_0000187","valueLabel":"percent","valueAbbrev":"obo:UO_0000187","valueDescr":"A dimensionless ratio unit which denotes numbers as fractions of 100.","groupNest":["http://www.bioassayontology.org/bao#BAX_0000017"],"groupLabel":["measurement"],"valueHier":["http://purl.obolibrary.org/obo/UO_0000190","http://purl.obolibrary.org/obo/UO_0000186","http://purl.obolibrary.org/obo/UO_0000000"],"labelHier":["ratio","dimensionless unit","unit"]},{"propURI":"http://www.bioassayontology.org/bao#BAO_0095009","propLabel":"assay design method","propAbbrev":"bao:BAO_0095009","valueURI":"http://www.bioassayontology.org/bao#BAO_0000402","valueLabel":"radioligand binding method","valueAbbrev":"bao:BAO_0000402","valueDescr":"It is used for analysis of receptor-ligand interactions in screening applications. It utilizes a radiolabeled ligand and a source of receptor (membranes, soluble/purified).","groupNest":[],"groupLabel":[],"valueHier":["http://www.bioassayontology.org/bao#BAO_0000123","http://www.bioassayontology.org/bao#BAO_0002202"],"labelHier":["binding assessment method","assay design method"]},{"propURI":"http://www.bioassayontology.org/bao#BAO_0002867","propLabel":"assay footprint","propAbbrev":"bao:BAO_0002867","valueURI":"http://www.bioassayontology.org/bao#BAO_0000513","valueLabel":"96 well plate","valueAbbrev":"bao:BAO_0000513","valueDescr":"This microplate contains 96 wells. It is suitable for a low throughput assay.","groupNest":[],"groupLabel":[],"valueHier":["http://www.bioassayontology.org/bao#BAO_0000508","http://www.bioassayontology.org/bao#BAO_0000512"],"labelHier":["microplate","assay footprint"]},{"propURI":"http://www.bioassayontology.org/bao#BAO_0002663","propLabel":"assay kit","propAbbrev":"bao:BAO_0002663","valueURI":"http://www.bioassayontology.org/bat#NotApplicable","valueLabel":"not applicable","valueAbbrev":"bat:NotApplicable","valueDescr":"This property does not apply to this assay.","groupNest":[],"groupLabel":[],"valueHier":[],"labelHier":[]},{"propURI":"http://www.bioassayontology.org/bao#BAO_0000207","propLabel":"physical detection method","propAbbrev":"bao:BAO_0000207","valueURI":"http://www.bioassayontology.org/bao#BAO_0000405","valueLabel":"scintillation counting","valueAbbrev":"bao:BAO_0000405","valueDescr":"It involves the incorporation of radiolabeled precursors into uniform distribution with a liquid medium capable of converting the kinetic energy of nuclear emissions into light energy. A scintillation counter is used to measure ionizing radiation. The scintillation counter consists of a sensor, called a scintillator, made of transparent crystal or an organic liquid that fluoresces when struck by ionizing radiation. A photomultiplier is then used to measure the light emitted by the sensor and is attached to an electronic apparatus that amplifies and quantifies the radiation signal.","groupNest":[],"groupLabel":[],"valueHier":["http://www.bioassayontology.org/bao#BAO_0000657","http://www.bioassayontology.org/bao#BAO_0000035"],"labelHier":["radiometry method","physical detection method"]},{"propURI":"http://www.bioassayontology.org/bao#BAO_0000207","propLabel":"physical detection method","propAbbrev":"bao:BAO_0000207","valueURI":"http://www.bioassayontology.org/bao#BAO_0000657","valueLabel":"radiometry method","valueAbbrev":"bao:BAO_0000657","valueDescr":"Detection technology using radioactive tracers, e.g. filter assay, SPA, etc","groupNest":[],"groupLabel":[],"valueHier":["http://www.bioassayontology.org/bao#BAO_0000035"],"labelHier":["physical detection method"]},{"propURI":"http://www.bioassayontology.org/bao#BAO_0002865","propLabel":"detection instrument","propAbbrev":"bao:BAO_0002865","valueURI":"http://www.bioassayontology.org/bao#BAO_0003094","valueLabel":"MicroBeta TriLux","valueAbbrev":"bao:BAO_0003094","valueDescr":"","groupNest":[],"groupLabel":[],"valueHier":["http://www.bioassayontology.org/bao#BAO_0000697"],"labelHier":["detection instrument"]},{"propURI":"http://www.bioassayontology.org/bao#BAX_0000012","propLabel":"protein identity","propAbbrev":"bao:BAX_0000012","valueURI":"http://www.bioassayontology.org/protein#71746704","valueLabel":"methionyl-tRNA synthetase [Trypanosoma brucei brucei TREU927]","valueAbbrev":"protein:71746704","valueDescr":"Protein: methionyl-tRNA synthetase [Trypanosoma brucei brucei TREU927], Organism: Trypanosoma brucei brucei TREU927","groupNest":[],"groupLabel":[],"externalURLs":["https://www.ncbi.nlm.nih.gov/protein/71746704"],"valueHier":["http://www.bioassayontology.org/taxon#185431","http://www.bioassayontology.org/taxon#5702","http://www.bioassayontology.org/taxon#5691","http://www.bioassayontology.org/taxon#39700","http://www.bioassayontology.org/taxon#5690","http://www.bioassayontology.org/taxon#33682","http://www.bioassayontology.org/taxon#2759","http://www.bioassayontology.org/taxon#131567","http://www.bioassayontology.org/taxon#Root"],"labelHier":["Trypanosoma brucei brucei TREU927","Trypanosoma brucei brucei","Trypanosoma brucei","Trypanozoon","Trypanosoma","Euglenozoa / Kinetoplastida / Trypanosomatidae","Eukaryota","cellular organisms","Faux ProteinID"]},{"propURI":"http://www.bioassayontology.org/bao#BAX_0000011","propLabel":"gene identity","propAbbrev":"bao:BAX_0000011","valueURI":"http://www.bioassayontology.org/geneid#3662741","valueLabel":"Tb10.70.6470: methionyl-tRNA synthetase, putative","valueAbbrev":"geneid:3662741","valueDescr":"","groupNest":[],"groupLabel":[],"externalURLs":["https://www.ncbi.nlm.nih.gov/gene/3662741"],"valueHier":["http://www.bioassayontology.org/geneid#Other","http://www.bioassayontology.org/geneid#Plants","http://www.bioassayontology.org/geneid#Root"],"labelHier":["Other","Plants","Faux GeneID"]},{"propURI":"http://www.bioassayontology.org/bao#BAO_0002921","propLabel":"organism","propAbbrev":"bao:BAO_0002921","valueURI":"http://purl.obolibrary.org/obo/NCBITaxon_5691","valueLabel":"Trypanosoma brucei","valueAbbrev":"obo:NCBITaxon_5691","valueDescr":"","groupNest":[],"groupLabel":[],"altLabels":["Trypanosoma brucei subgroup","Trypanosoma (Trypanozoon) brucei"],"valueHier":["http://www.bioassayontology.org/bao#BAO_0000662","http://www.bioassayontology.org/bao#BAO_0000509","http://www.bioassayontology.org/bao#BAO_0000658","http://www.bioassayontology.org/bao#BAO_0000551"],"labelHier":["protozoan","eukaryote","cellular organisms","organism"]},{"propURI":"http://www.bioassayontology.org/bao#BAO_0000205","propLabel":"assay format","propAbbrev":"bao:BAO_0000205","valueURI":"http://www.bioassayontology.org/bao#BAO_0000224","valueLabel":"protein format","valueAbbrev":"bao:BAO_0000224","valueDescr":"In this format, the perturbagen targets a protein to regulate its function.  ","groupNest":[],"groupLabel":[],"valueHier":["http://www.bioassayontology.org/bao#BAO_0000217","http://www.bioassayontology.org/bao#BAO_0000019"],"labelHier":["biochemical format","assay format"]},{"propURI":"http://www.bioassayontology.org/bao#BAO_0000205","propLabel":"assay format","propAbbrev":"bao:BAO_0000205","valueURI":"http://www.bioassayontology.org/bao#BAO_0000217","valueLabel":"biochemical format","valueAbbrev":"bao:BAO_0000217","valueDescr":"It is an in vitro format used to measure the activity of a biological macromolecule, either a purified protein or a nucleic acid. It is most often a homogeneous assay type, but can be heterogeneous if a solid phase such as beads is used to immobilize the macromolecule.","groupNest":[],"groupLabel":[],"valueHier":["http://www.bioassayontology.org/bao#BAO_0000019"],"labelHier":["assay format"]},{"propURI":"http://www.bioassayontology.org/bao#BAO_0002855","propLabel":"bioassay","propAbbrev":"bao:BAO_0002855","valueURI":"http://www.bioassayontology.org/bao#BAO_0002989","valueLabel":"binding assay","valueAbbrev":"bao:BAO_0002989","valueDescr":"It is performed to quantify the interactions between two molecules, e.g. small molecule-protein, protein-protein, protein-DNA, etc.","groupNest":[],"groupLabel":[],"valueHier":["http://www.bioassayontology.org/bao#BAO_0000015"],"labelHier":["bioassay"]},{"propURI":"http://www.bioassayontology.org/bao#BAO_0002852","propLabel":"assay sources","propAbbrev":"bao:BAO_0002852","valueURI":"http://www.bioassayexpress.org/sources#SRC_0000026","valueLabel":"Molecular Screening Center (The Scripps Research Institute)","valueAbbrev":"src:SRC_0000026","valueDescr":"The Scripps Research Institute Molecular Screening Center.","groupNest":[],"groupLabel":[],"externalURLs":["http://mlpcn.florida.scripps.edu"],"valueHier":["http://www.bioassayexpress.org/sources#pubchem_sources","http://www.bioassayontology.org/bao#BAO_0002934"],"labelHier":["PubChem Sources","organization"]},{"propURI":"http://www.bioassayontology.org/bao#BAO_0000539","valueLabel":"pubchemAID:624268","propAbbrev":"bao:BAO_0000539","groupNest":[],"propLabel":"related assays","groupLabel":[]},{"propURI":"http://www.bioassayontology.org/bao#BAO_0000539","valueLabel":"pubchemAID:624282","propAbbrev":"bao:BAO_0000539","groupNest":[],"propLabel":"related assays","groupLabel":[]},{"propURI":"http://www.bioassayontology.org/bao#BAO_0000539","valueLabel":"pubchemAID:624412","propAbbrev":"bao:BAO_0000539","groupNest":[],"propLabel":"related assays","groupLabel":[]},{"propURI":"http://www.bioassayontology.org/bao#BAO_0000539","valueLabel":"pubchemAID:624413","propAbbrev":"bao:BAO_0000539","groupNest":[],"propLabel":"related assays","groupLabel":[]},{"propURI":"http://www.bioassayontology.org/bao#BAO_0000539","valueLabel":"pubchemAID:651607","propAbbrev":"bao:BAO_0000539","groupNest":[],"propLabel":"related assays","groupLabel":[]},{"propURI":"http://www.bioassayontology.org/bao#BAO_0000539","valueLabel":"pubchemAID:651971","propAbbrev":"bao:BAO_0000539","groupNest":[],"propLabel":"related assays","groupLabel":[]},{"propURI":"http://www.bioassayontology.org/bao#BAO_0000539","valueLabel":"pubchemAID:651972","propAbbrev":"bao:BAO_0000539","groupNest":[],"propLabel":"related assays","groupLabel":[]},{"propURI":"http://www.bioassayontology.org/bao#BAO_0000539","valueLabel":"pubchemAID:651989","propAbbrev":"bao:BAO_0000539","groupNest":[],"propLabel":"related assays","groupLabel":[]},{"propURI":"http://www.bioassayontology.org/bao#BAO_0000539","valueLabel":"pubchemAID:686967","propAbbrev":"bao:BAO_0000539","groupNest":[],"propLabel":"related assays","groupLabel":[]},{"propURI":"http://www.bioassayontology.org/bao#BAO_0000539","valueLabel":"pubchemAID:686968","propAbbrev":"bao:BAO_0000539","groupNest":[],"propLabel":"related assays","groupLabel":[]},{"propURI":"http://www.bioassayontology.org/bao#BAO_0000539","valueLabel":"pubchemAID:686969","propAbbrev":"bao:BAO_0000539","groupNest":[],"propLabel":"related assays","groupLabel":[]},{"propURI":"http://www.bioassayontology.org/bao#BAO_0002853","valueLabel":"Late stage assay provider counterscreen for inhibitors of Trypanosoma brucei methionyl tRNA synthetase (MetRS): radioactivity-based cell-based assay to identify compounds that inhibit MetRS of T. brucei (Round 3)","propAbbrev":"bao:BAO_0002853","groupNest":[],"propLabel":"assay title","groupLabel":[]}],"pubchemXRef":[{"type":"aid","id":"624268","comment":"Primary screen (MetRS inhibitors in singlicate)"},{"type":"aid","id":"624282","comment":"Summary (MetRS inhibitors)"},{"type":"aid","id":"624412","comment":"Confirmation screen (MetRS inhibition in triplicate)"},{"type":"aid","id":"624413","comment":"Counterscreen (Jurkat human T lymphocyte cells in triplicate)"},{"type":"aid","id":"651607","comment":"Counterscreen (MetRS orthogonal assay in triplicate)"},{"type":"aid","id":"651971","comment":"Dose Response (MetRS inhibitors in triplicate)"},{"type":"aid","id":"651972","comment":"Counterscreen Dose Response(Cytotoxicity in triplicate)"},{"type":"aid","id":"651989","comment":"Counterscreen Dose Response (Orthogonal in triplicate)"},{"type":"aid","id":"686967","comment":"Late Stage Dose Response (MetRS inhibitors in triplicate)"},{"type":"aid","id":"686968","comment":"Late Stage Dose Response (Jurkat in triplicate)"},{"type":"aid","id":"686969","comment":"Late Stage Dose Response (MetRS orthogonal in triplicate)"},{"type":"gene","id":"3662741","comment":"Tb10.70.6470 methionyl-tRNA synthetase"},{"type":"taxonomy","id":"999953","comment":""},{"type":"dburl","id":"http://mlpcn.florida.scripps.edu/","comment":""},{"type":"pmid","id":"21428846","comment":"Reference 1"},{"type":"pmid","id":"18590962","comment":"Reference 2"},{"type":"pmid","id":"21282428","comment":"Reference 3"},{"type":"pmid","id":"21322634","comment":"Reference 4"},{"type":"protein_gi","id":"71746704","comment":"methionyl-tRNA synthetase [Trypanosoma brucei brucei strain 927/4 GUTat10.1]"}],"curationTime":1467816770000,"curatorID":"","history":[{"curationTime":1467816770000,"curatorID":"","annotsAdded":[{"propURI":"http://www.bioassayontology.org/bao#BAO_0002009","propLabel":"biological process","propAbbrev":"bao:BAO_0002009","valueURI":"http://purl.obolibrary.org/obo/GO_2000235","valueLabel":"regulation of tRNA processing","valueAbbrev":"obo:GO_2000235","valueDescr":"Any process that modulates the frequency, rate or extent of tRNA processing.","valueHier":["http://purl.obolibrary.org/obo/GO_1903326","http://purl.obolibrary.org/obo/GO_0051252","http://purl.obolibrary.org/obo/GO_0019219","http://purl.obolibrary.org/obo/GO_0051171","http://purl.obolibrary.org/obo/GO_0019222","http://purl.obolibrary.org/obo/GO_0050789","http://purl.obolibrary.org/obo/GO_0065007","http://purl.obolibrary.org/obo/GO_0008150","http://www.bioassayontology.org/bao#BAO_0003114"],"labelHier":["regulation of tRNA metabolic process","regulation of RNA metabolic process","regulation of nucleobase-containing compound metabolic process","regulation of nitrogen compound metabolic process","regulation of metabolic process","regulation of biological process","biological regulation","biological process","assay biology component"]},{"propURI":"http://www.bioassayontology.org/bao#BAO_0002009","propLabel":"biological process","propAbbrev":"bao:BAO_0002009","valueURI":"http://purl.obolibrary.org/obo/GO_1903630","valueLabel":"regulation of aminoacyl-tRNA ligase activity","valueAbbrev":"obo:GO_1903630","valueDescr":"Any process that modulates the frequency, rate or extent of aminoacyl-tRNA ligase activity.","valueHier":["http://purl.obolibrary.org/obo/GO_0051340","http://purl.obolibrary.org/obo/GO_0050790","http://purl.obolibrary.org/obo/GO_0065009","http://purl.obolibrary.org/obo/GO_0065007","http://purl.obolibrary.org/obo/GO_0008150","http://www.bioassayontology.org/bao#BAO_0003114"],"labelHier":["regulation of ligase activity","regulation of catalytic activity","regulation of molecular function","biological regulation","biological process","assay biology component"]}],"annotsRemoved":[{"propURI":"http://www.bioassayontology.org/bao#BAX_0000004","propAbbrev":"bao:BAX_0000004","valueURI":"http://purl.obolibrary.org/obo/GO_1903630","valueLabel":"regulation of aminoacyl-tRNA ligase activity","valueAbbrev":"obo:GO_1903630","valueDescr":"Any process that modulates the frequency, rate or extent of aminoacyl-tRNA ligase activity.","valueHier":[],"labelHier":[],"outOfSchema":true},{"propURI":"http://www.bioassayontology.org/bao#BAX_0000004","propAbbrev":"bao:BAX_0000004","valueURI":"http://purl.obolibrary.org/obo/GO_2000235","valueLabel":"regulation of tRNA processing","valueAbbrev":"obo:GO_2000235","valueDescr":"Any process that modulates the frequency, rate or extent of tRNA processing.","valueHier":[],"labelHier":[],"outOfSchema":true}],"labelsAdded":[{"propURI":"http://www.bioassayontology.org/bao#BAO_0002009","valueLabel":"regulation of tRNA processing","propAbbrev":"bao:BAO_0002009","propLabel":"biological process"},{"propURI":"http://www.bioassayontology.org/bao#BAO_0002009","valueLabel":"regulation of aminoacyl-tRNA ligase activity","propAbbrev":"bao:BAO_0002009","propLabel":"biological process"}],"labelsRemoved":[{"propURI":"http://www.bioassayontology.org/bao#BAX_0000004","valueLabel":"regulation of aminoacyl-tRNA ligase activity","propAbbrev":"bao:BAX_0000004"},{"propURI":"http://www.bioassayontology.org/bao#BAX_0000004","valueLabel":"regulation of tRNA processing","propAbbrev":"bao:BAX_0000004"}]},{"curationTime":1467816770000,"curatorID":"","annotsAdded":[{"propURI":"http://www.bioassayontology.org/bao#BAO_0002848","propLabel":"applies to disease","propAbbrev":"bao:BAO_0002848","valueURI":"http://purl.obolibrary.org/obo/DOID_12140","valueLabel":"Chagas disease","valueAbbrev":"obo:DOID_12140","valueDescr":"A trypanosomiasis that is a tropical parasitic disease caused by the flagellate protozoan Trypanosoma cruzi, which is transmitted to humans and other mammals by an insect vector, the blood-sucking assassin bugs of the subfamily Triatominae (family Reduviidae), most commonly species belonging to the Triatoma, Rhodnius, and Panstrongylus genera. The symptoms include fever, fatigue, body aches, headache, rash, loss of appetite, diarrhea, vomiting, swelling of the eyelids and myocarditis.","valueHier":["http://purl.obolibrary.org/obo/DOID_10113","http://purl.obolibrary.org/obo/DOID_2789","http://purl.obolibrary.org/obo/DOID_1398","http://purl.obolibrary.org/obo/DOID_0050117","http://purl.obolibrary.org/obo/DOID_4"],"labelHier":["trypanosomiasis","parasitic protozoa infectious disease","parasitic infectious disease","disease by infectious agent","Disease"]},{"propURI":"http://www.bioassayontology.org/bao#BAO_0002848","propLabel":"applies to disease","propAbbrev":"bao:BAO_0002848","valueURI":"http://purl.obolibrary.org/obo/DOID_9065","valueLabel":"leishmaniasis","valueAbbrev":"obo:DOID_9065","valueDescr":"A parasitic protozoa infectious disease that involves infection caused by protozoan parasite of the genus Leishmania, which is transmitted by the bite of sand fly (subfamily Phlebotominae).","valueHier":["http://purl.obolibrary.org/obo/DOID_2789","http://purl.obolibrary.org/obo/DOID_1398","http://purl.obolibrary.org/obo/DOID_0050117","http://purl.obolibrary.org/obo/DOID_4"],"labelHier":["parasitic protozoa infectious disease","parasitic infectious disease","disease by infectious agent","Disease"]}],"annotsRemoved":[{"propURI":"http://www.bioassayontology.org/bao#BAX_0000010","propAbbrev":"bao:BAX_0000010","valueURI":"http://purl.obolibrary.org/obo/DOID_12140","valueLabel":"Chagas disease","valueAbbrev":"obo:DOID_12140","valueDescr":"A trypanosomiasis that is a tropical parasitic disease caused by the flagellate protozoan Trypanosoma cruzi, which is transmitted to humans and other mammals by an insect vector, the blood-sucking assassin bugs of the subfamily Triatominae (family Reduviidae), most commonly species belonging to the Triatoma, Rhodnius, and Panstrongylus genera. The symptoms include fever, fatigue, body aches, headache, rash, loss of appetite, diarrhea, vomiting, swelling of the eyelids and myocarditis.","valueHier":[],"labelHier":[],"outOfSchema":true},{"propURI":"http://www.bioassayontology.org/bao#BAX_0000010","propAbbrev":"bao:BAX_0000010","valueURI":"http://purl.obolibrary.org/obo/DOID_9065","valueLabel":"leishmaniasis","valueAbbrev":"obo:DOID_9065","valueDescr":"A parasitic protozoa infectious disease that involves infection caused by protozoan parasite of the genus Leishmania, which is transmitted by the bite of sand fly (subfamily Phlebotominae).","valueHier":[],"labelHier":[],"outOfSchema":true}],"labelsAdded":[{"propURI":"http://www.bioassayontology.org/bao#BAO_0002848","valueLabel":"Chagas disease","propAbbrev":"bao:BAO_0002848","propLabel":"applies to disease"},{"propURI":"http://www.bioassayontology.org/bao#BAO_0002848","valueLabel":"leishmaniasis","propAbbrev":"bao:BAO_0002848","propLabel":"applies to disease"}],"labelsRemoved":[{"propURI":"http://www.bioassayontology.org/bao#BAX_0000010","valueLabel":"Chagas disease","propAbbrev":"bao:BAX_0000010"},{"propURI":"http://www.bioassayontology.org/bao#BAX_0000010","valueLabel":"leishmaniasis","propAbbrev":"bao:BAX_0000010"}]},{"curationTime":1467816770000,"curatorID":"","annotsAdded":[{"propURI":"http://www.bioassayontology.org/bao#BAO_0000208","propLabel":"result","propAbbrev":"bao:BAO_0000208","valueURI":"http://www.bioassayontology.org/bao#BAO_0000201","valueLabel":"percent inhibition","valueAbbrev":"bao:BAO_0000201","valueDescr":"Percent decrease of a measureable response as a consequence of compound treatment.  Unit of Measure is always % when normalized to the dynamic range of the assay. Percent inhibition is expressed relative to a positive control (which results in total inhibition).","valueHier":["http://www.bioassayontology.org/bao#BAO_0000082","http://www.bioassayontology.org/bao#BAO_0000181","http://www.bioassayontology.org/bao#BAO_0000179"],"labelHier":["percent response","response endpoint","endpoint"]}],"annotsRemoved":[{"propURI":"http://www.bioassayontology.org/bao#BAX_0000006","propAbbrev":"bao:BAX_0000006","valueURI":"http://www.bioassayontology.org/bao#BAO_0000201","valueLabel":"percent inhibition","valueAbbrev":"bao:BAO_0000201","valueDescr":"Percent decrease of a measureable response as a consequence of compound treatment.  Unit of Measure is always % when normalized to the dynamic range of the assay. Percent inhibition is expressed relative to a positive control (which results in total inhibition).","valueHier":[],"labelHier":[],"outOfSchema":true}],"labelsAdded":[{"propURI":"http://www.bioassayontology.org/bao#BAO_0000208","valueLabel":"percent inhibition","propAbbrev":"bao:BAO_0000208","propLabel":"result"}],"labelsRemoved":[{"propURI":"http://www.bioassayontology.org/bao#BAX_0000006","valueLabel":"percent inhibition","propAbbrev":"bao:BAX_0000006"}]},{"curationTime":1467816770000,"curatorID":"","annotsAdded":[{"propURI":"http://www.bioassayontology.org/bao#BAO_0002874","propLabel":"units","propAbbrev":"bao:BAO_0002874","valueURI":"http://purl.org/obo/owl/UO#UO_0000187","valueLabel":"percent","valueAbbrev":"uo:UO_0000187","valueDescr":"","valueHier":[],"labelHier":[],"outOfSchema":true}],"annotsRemoved":[{"propURI":"http://www.bioassayontology.org/bao#BAX_0000007","propAbbrev":"bao:BAX_0000007","valueURI":"http://purl.org/obo/owl/UO#UO_0000187","valueLabel":"percent","valueAbbrev":"uo:UO_0000187","valueDescr":"","valueHier":[],"labelHier":[],"outOfSchema":true}],"labelsAdded":[{"propURI":"http://www.bioassayontology.org/bao#BAO_0002874","valueLabel":"percent","propAbbrev":"bao:BAO_0002874","propLabel":"units"}],"labelsRemoved":[{"propURI":"http://www.bioassayontology.org/bao#BAX_0000007","valueLabel":"percent","propAbbrev":"bao:BAX_0000007"}]},{"curationTime":1467816770000,"curatorID":"","annotsAdded":[{"propURI":"http://www.bioassayontology.org/bao#BAO_0095009","propLabel":"assay design method","propAbbrev":"bao:BAO_0095009","valueURI":"http://www.bioassayontology.org/bao#BAO_0000402","valueLabel":"radioligand binding method","valueAbbrev":"bao:BAO_0000402","valueDescr":"It is used for analysis of receptor-ligand interactions in screening applications. It utilizes a radiolabeled ligand and a source of receptor (membranes, soluble/purified).","valueHier":["http://www.bioassayontology.org/bao#BAO_0000123","http://www.bioassayontology.org/bao#BAO_0002202"],"labelHier":["binding assessment method","assay design method"]},{"propURI":"http://www.bioassayontology.org/bao#BAO_0095009","propLabel":"assay design method","propAbbrev":"bao:BAO_0095009","valueURI":"http://www.bioassayontology.org/bao#BAO_0000124","valueLabel":"enzyme activity measurement method","valueAbbrev":"bao:BAO_0000124","valueDescr":"It describes the different methods by which an enzyme activity can be measured and the ways it is expressed. This can be measured either directly or coupled to a secondary signal.","valueHier":["http://www.bioassayontology.org/bao#BAO_0002202"],"labelHier":["assay design method"]}],"annotsRemoved":[{"propURI":"http://www.bioassayontology.org/bao#BAX_0000003","propAbbrev":"bao:BAX_0000003","valueURI":"http://www.bioassayontology.org/bao#BAO_0000402","valueLabel":"radioligand binding method","valueAbbrev":"bao:BAO_0000402","valueDescr":"It is used for analysis of receptor-ligand interactions in screening applications. It utilizes a radiolabeled ligand and a source of receptor (membranes, soluble/purified).","valueHier":[],"labelHier":[],"outOfSchema":true},{"propURI":"http://www.bioassayontology.org/bao#BAX_0000003","propAbbrev":"bao:BAX_0000003","valueURI":"http://www.bioassayontology.org/bao#BAO_0000124","valueLabel":"enzyme activity measurement method","valueAbbrev":"bao:BAO_0000124","valueDescr":"It describes the different methods by which an enzyme activity can be measured and the ways it is expressed. This can be measured either directly or coupled to a secondary signal.","valueHier":[],"labelHier":[],"outOfSchema":true}],"labelsAdded":[{"propURI":"http://www.bioassayontology.org/bao#BAO_0095009","valueLabel":"radioligand binding method","propAbbrev":"bao:BAO_0095009","propLabel":"assay design method"},{"propURI":"http://www.bioassayontology.org/bao#BAO_0095009","valueLabel":"enzyme activity measurement method","propAbbrev":"bao:BAO_0095009","propLabel":"assay design method"}],"labelsRemoved":[{"propURI":"http://www.bioassayontology.org/bao#BAX_0000003","valueLabel":"radioligand binding method","propAbbrev":"bao:BAX_0000003"},{"propURI":"http://www.bioassayontology.org/bao#BAX_0000003","valueLabel":"enzyme activity measurement method","propAbbrev":"bao:BAX_0000003"}]},{"curationTime":1467816770000,"curatorID":"","annotsAdded":[{"propURI":"http://www.bioassayontology.org/bao#BAO_0000211","propLabel":"target","propAbbrev":"bao:BAO_0000211","valueURI":"http://www.bioassayontology.org/bat#SeeGeneID","valueLabel":"see Gene ID","valueAbbrev":"bat:SeeGeneID","valueDescr":"The target is present in the Gene ID section, but needs to be mapped to a formal ontology.","valueHier":["http://www.bioassayontology.org/bat#SeeAlso"],"labelHier":["see also"]}],"annotsRemoved":[{"propURI":"http://www.bioassayontology.org/bao#BAX_0000005","propAbbrev":"bao:BAX_0000005","valueURI":"http://www.bioassayontology.org/bat#SeeGeneID","valueLabel":"see Gene ID","valueAbbrev":"bat:SeeGeneID","valueDescr":"The target is present in the Gene ID section, but needs to be mapped to a formal ontology.","valueHier":[],"labelHier":[],"outOfSchema":true}],"labelsAdded":[{"propURI":"http://www.bioassayontology.org/bao#BAO_0000211","valueLabel":"see Gene ID","propAbbrev":"bao:BAO_0000211","propLabel":"target"}],"labelsRemoved":[{"propURI":"http://www.bioassayontology.org/bao#BAX_0000005","valueLabel":"see Gene ID","propAbbrev":"bao:BAX_0000005"}]},{"curationTime":1467816770000,"curatorID":"","annotsAdded":[{"propURI":"http://www.bioassayontology.org/bao#BAO_0002855","propLabel":"bioassay","propAbbrev":"bao:BAO_0002855","valueURI":"http://www.bioassayontology.org/bao#BAO_0002989","valueLabel":"binding assay","valueAbbrev":"bao:BAO_0002989","valueDescr":"It is performed to quantify the interactions between two molecules, e.g. small molecule-protein, protein-protein, protein-DNA, etc.","valueHier":["http://www.bioassayontology.org/bao#BAO_0000015"],"labelHier":["bioassay"]},{"propURI":"http://www.bioassayontology.org/bao#BAO_0002855","propLabel":"bioassay","propAbbrev":"bao:BAO_0002855","valueURI":"http://www.bioassayontology.org/bao#BAO_0002994","valueLabel":"enzyme activity assay","valueAbbrev":"bao:BAO_0002994","valueDescr":"It is used to measure the effect of a perturbagen on the enzyme activity, which can be measured either directly or coupled to a secondary signal. ","valueHier":["http://www.bioassayontology.org/bao#BAO_0000015"],"labelHier":["bioassay"]}],"annotsRemoved":[{"propURI":"http://www.bioassayontology.org/bao#BAX_0000002","propLabel":"has bioassay type","propAbbrev":"bao:BAX_0000002","valueURI":"http://www.bioassayontology.org/bao#BAO_0002989","valueLabel":"binding assay","valueAbbrev":"bao:BAO_0002989","valueDescr":"It is performed to quantify the interactions between two molecules, e.g. small molecule-protein, protein-protein, protein-DNA, etc.","valueHier":[],"labelHier":[],"outOfSchema":true},{"propURI":"http://www.bioassayontology.org/bao#BAX_0000002","propLabel":"has bioassay type","propAbbrev":"bao:BAX_0000002","valueURI":"http://www.bioassayontology.org/bao#BAO_0002994","valueLabel":"enzyme activity assay","valueAbbrev":"bao:BAO_0002994","valueDescr":"It is used to measure the effect of a perturbagen on the enzyme activity, which can be measured either directly or coupled to a secondary signal. ","valueHier":[],"labelHier":[],"outOfSchema":true}],"labelsAdded":[{"propURI":"http://www.bioassayontology.org/bao#BAO_0002855","valueLabel":"binding assay","propAbbrev":"bao:BAO_0002855","propLabel":"bioassay"},{"propURI":"http://www.bioassayontology.org/bao#BAO_0002855","valueLabel":"enzyme activity assay","propAbbrev":"bao:BAO_0002855","propLabel":"bioassay"}],"labelsRemoved":[{"propURI":"http://www.bioassayontology.org/bao#BAX_0000002","valueLabel":"binding assay","propAbbrev":"bao:BAX_0000002","propLabel":"has bioassay type"},{"propURI":"http://www.bioassayontology.org/bao#BAX_0000002","valueLabel":"enzyme activity assay","propAbbrev":"bao:BAX_0000002","propLabel":"has bioassay type"}]},{"curationTime":1467816770000,"curatorID":"","annotsAdded":[{"propURI":"http://www.bioassayontology.org/bao#BAO_0002874","propLabel":"units","propAbbrev":"bao:BAO_0002874","valueURI":"http://purl.obolibrary.org/obo/UO_0000187","valueLabel":"percent","valueAbbrev":"obo:UO_0000187","valueDescr":"A dimensionless ratio unit which denotes numbers as fractions of 100.","valueHier":["http://purl.obolibrary.org/obo/UO_0000190","http://purl.obolibrary.org/obo/UO_0000186","http://purl.obolibrary.org/obo/UO_0000000"],"labelHier":["ratio","dimensionless unit","unit"]}],"annotsRemoved":[{"propURI":"http://www.bioassayontology.org/bao#BAO_0002874","propLabel":"units","propAbbrev":"bao:BAO_0002874","valueURI":"http://purl.org/obo/owl/UO#UO_0000187","valueLabel":"percent","valueAbbrev":"uo:UO_0000187","valueDescr":"","valueHier":[],"labelHier":[],"outOfSchema":true}],"labelsAdded":[{"propURI":"http://www.bioassayontology.org/bao#BAO_0002874","valueLabel":"percent","propAbbrev":"bao:BAO_0002874","propLabel":"units"}],"labelsRemoved":[{"propURI":"http://www.bioassayontology.org/bao#BAO_0002874","valueLabel":"percent","propAbbrev":"bao:BAO_0002874","propLabel":"units"}]}],"holdingIDList":[]}