{"assayID":7288,"uniqueID":"pubchemAID:1159555","text":"U.S. Tox21 Program\n\nNational Center for Advancing Translational Sciences [NCATS]\nNIH Chemical Genomics Center [NCGC]\nU.S. Environmental Protection Agency [EPA]\nNational Institutes of Environmental Health Sciences [NIEHS]\nNational Toxicology Program [NTP]\nU.S. Food and Drug Administration [FDA]\n\nTox21 Assay Overview:\n\nAll-trans Retinoic acid (atRA) is the potent natural metabolite of retinol and plays an important role in normal embryonic development and maintenance of cellular phenotype in adult animals.  atRA is the activating ligand for the retinoic acid receptors (RARs) which form heterodimers with retinoid X receptors (RXRs) on the retinoic acid response element (RARE). Through activation of the RAR/RXRs nuclear receptors, atRA regulates the transcription of a large number of protein-coding genes and regulatory RNAs. Intracellular levels of atRA are controlled by the retinol signaling pathway (RSP) that regulates the biosynthesis and catabolism of atRA to maintain physiological levels.  Chemicals that interfere with the RSP can cause abnormal intracellular levels of atRA and therefore are potential developmental toxicants. To assess compounds for the potential adverse effect on embryonic development through interfering with retinol signaling, a cell-based RARE luciferase reporter gene assay was used. C3RL4 cell line (OARSA/CFSAN/FDA, Laurel, MD) was used to screen Tox21 10K compound library for identifying inhibitors of the RSP. Also cytotoxicity was assessed by determining the viability of cells based on the quantitation of ATP.\n\nThis summary is written for the purposes of summarizing the compound activities from the project combining the results from both the RAR antagonist mode assay (AID 1159552) and cell viability counter screen (AID 1159551). For all inactive compounds, PUBCHEM_ACTIVITY_SCORE is 0. Active compounds have PUBCHEM_ACTIVITY_SCORE between 40 and 100. Potency and efficacy were used for determining relative score. Inconclusive compounds have PUBCHEM_ACTIVITY_SCORE between 5 and 30 determined by phenotype.\n\nDisclaimer:\n\nAlthough all reasonable efforts have been made to ensure the accuracy and reliability of the data, caution should be exercised when interpreting the results as artifacts are possible from nonspecific effects such as assay signal interference. The curve fitting and activity calls presented here are based on the NCATS analysis methods. Alternative analysis methods and interpretations of the data are available at EPA (http://actor.epa.gov) and NTP (http://tools.niehs.nih.gov/cebs3/ui/).\n\nPlease refer to other AIDs 1159551 and 1159552 for detailed assay protocols.\n\n","schemaURI":"http://www.bioassayontology.org/bas#","annotations":[{"propURI":"http://www.bioassayontology.org/bao#BAO_0002852","propLabel":"assay sources","propAbbrev":"bao:BAO_0002852","valueURI":"http://www.bioassayexpress.org/sources#SRC_0000027","valueLabel":"Tox21","valueAbbrev":"src:SRC_0000027","valueDescr":"Tox21 (NCATS).","groupNest":[],"groupLabel":[],"externalURLs":["http://www.ncats.nih.gov/tox21"],"valueHier":["http://www.bioassayexpress.org/sources#pubchem_sources","http://www.bioassayontology.org/bao#BAO_0002934"],"labelHier":["PubChem Sources","organization"]},{"propURI":"http://www.bioassayontology.org/bao#BAX_0000012","propLabel":"protein identity","propAbbrev":"bao:BAX_0000012","valueURI":"http://www.bioassayontology.org/protein#325495463","valueLabel":"retinoic acid nuclear receptor alpha variant 1 [Homo sapiens]","valueAbbrev":"protein:325495463","valueDescr":"Protein: retinoic acid nuclear receptor alpha variant 1 [Homo sapiens], Organism: Homo sapiens","groupNest":[],"groupLabel":[],"externalURLs":["https://www.ncbi.nlm.nih.gov/protein/325495463"],"valueHier":["http://www.bioassayontology.org/taxon#9606","http://www.bioassayontology.org/taxon#9605","http://www.bioassayontology.org/taxon#314295","http://www.bioassayontology.org/taxon#9526","http://www.bioassayontology.org/taxon#9443","http://www.bioassayontology.org/taxon#314146","http://www.bioassayontology.org/taxon#40674","http://www.bioassayontology.org/taxon#32524","http://www.bioassayontology.org/taxon#8287","http://www.bioassayontology.org/taxon#117570","http://www.bioassayontology.org/taxon#7711","http://www.bioassayontology.org/taxon#33511","http://www.bioassayontology.org/taxon#33213","http://www.bioassayontology.org/taxon#33208","http://www.bioassayontology.org/taxon#33154","http://www.bioassayontology.org/taxon#2759","http://www.bioassayontology.org/taxon#131567","http://www.bioassayontology.org/taxon#Root"],"labelHier":["Homo sapiens","Homo","Hominoidea / Hominidae / Homininae","Catarrhini","Primates / Haplorrhini / Simiiformes","Euarchontoglires","Mammalia / Theria / Eutheria / Boreoeutheria","Amniota","Sarcopterygii / Dipnotetrapodomorpha / Tetrapoda","Teleostomi / Euteleostomi","Chordata / Craniata / Vertebrata / Gnathostomata","Deuterostomia","Bilateria","Metazoa / Eumetazoa","Opisthokonta","Eukaryota","cellular organisms","Faux ProteinID"]},{"propURI":"http://www.bioassayontology.org/bao#BAO_0000196","propLabel":"assay mode of action","propAbbrev":"bao:BAO_0000196","valueURI":"http://www.bioassayontology.org/bao#BAO_0000090","valueLabel":"cytotoxicity","valueAbbrev":"bao:BAO_0000090","valueDescr":"It is the toxic or cell-death inducing property of a perturbagen. Known cytotoxic agents mediate cell death commonly by necrosis, apoptosis, or autophagy. Cytotoxicity can be detected by measuring various aspects of the death process: e.g. membrane permeability, ATP concentration, DNA fragmentation, etc.","groupNest":[],"groupLabel":[],"valueHier":["http://www.bioassayontology.org/bao#BAO_0080004","http://www.bioassayontology.org/bao#BAO_0000074"],"labelHier":["phenotypic mode of action","mode of action"]},{"propURI":"http://www.bioassayontology.org/bao#BAO_0000196","propLabel":"assay mode of action","propAbbrev":"bao:BAO_0000196","valueURI":"http://www.bioassayontology.org/bao#BAO_0002903","valueLabel":"antagonism","valueAbbrev":"bao:BAO_0002903","valueDescr":"","groupNest":[],"groupLabel":[],"valueHier":["http://www.bioassayontology.org/bao#BAO_0000084","http://www.bioassayontology.org/bao#BAO_0000074"],"labelHier":["ligand function mode of action","mode of action"]},{"propURI":"http://www.bioassayontology.org/bao#BAO_0000205","propLabel":"assay format","propAbbrev":"bao:BAO_0000205","valueURI":"http://www.bioassayontology.org/bao#BAO_0000219","valueLabel":"cell based format","valueAbbrev":"bao:BAO_0000219","valueDescr":"Involves the use of living cells of eukaryotic origin, derived from a multicellular organism, and is a heterogeneous assay type. Typically, this refers to permanent (immortal) cell lines, or primary cells, or some form of stem cells. This is distinct from a single-celled organism-based format (classically bacteria or yeast).","groupNest":[],"groupLabel":[],"valueHier":["http://www.bioassayontology.org/bao#BAO_0000019"],"labelHier":["assay format"]},{"propURI":"http://www.bioassayontology.org/bao#BAO_0002921","propLabel":"organism","propAbbrev":"bao:BAO_0002921","valueURI":"http://purl.obolibrary.org/obo/NCBITaxon_10090","valueLabel":"Mus musculus","valueAbbrev":"obo:NCBITaxon_10090","valueDescr":"","groupNest":[],"groupLabel":[],"altLabels":["mouse","mice C57BL/6xCBA/CaJ hybrid","house mouse","Mus muscaris"],"valueHier":["http://www.bioassayontology.org/bao#BAO_0000362","http://www.bioassayontology.org/bao#BAO_0000510","http://www.bioassayontology.org/bao#BAO_0000659","http://www.bioassayontology.org/bao#BAO_0000509","http://www.bioassayontology.org/bao#BAO_0000658","http://www.bioassayontology.org/bao#BAO_0000551"],"labelHier":["mammalian","vertebrate","metazoa","eukaryote","cellular organisms","organism"]},{"propURI":"http://www.bioassayontology.org/bao#BAO_0002009","propLabel":"biological process","propAbbrev":"bao:BAO_0002009","valueURI":"http://purl.obolibrary.org/obo/GO_0006355","valueLabel":"regulation of transcription, DNA-templated","valueAbbrev":"obo:GO_0006355","valueDescr":"Any process that modulates the frequency, rate or extent of cellular DNA-templated transcription.","groupNest":[],"groupLabel":[],"valueHier":["http://purl.obolibrary.org/obo/GO_2000112","http://purl.obolibrary.org/obo/GO_0031326","http://purl.obolibrary.org/obo/GO_0031323","http://purl.obolibrary.org/obo/GO_0019222","http://purl.obolibrary.org/obo/GO_0050789","http://purl.obolibrary.org/obo/GO_0065007","http://purl.obolibrary.org/obo/GO_0008150","http://www.bioassayontology.org/bao#BAO_0003114"],"labelHier":["regulation of cellular macromolecule biosynthetic process","regulation of cellular biosynthetic process","regulation of cellular metabolic process","regulation of metabolic process","regulation of biological process","biological regulation","biological process","assay biology component"]},{"propURI":"http://www.bioassayontology.org/bao#BAO_0002009","propLabel":"biological process","propAbbrev":"bao:BAO_0002009","valueURI":"http://purl.obolibrary.org/obo/GO_0045995","valueLabel":"regulation of embryonic development","valueAbbrev":"obo:GO_0045995","valueDescr":"Any process that modulates the frequency, rate or extent of embryonic development.","groupNest":[],"groupLabel":[],"valueHier":["http://purl.obolibrary.org/obo/GO_2000026","http://purl.obolibrary.org/obo/GO_0050793","http://purl.obolibrary.org/obo/GO_0050789","http://purl.obolibrary.org/obo/GO_0065007","http://purl.obolibrary.org/obo/GO_0008150","http://www.bioassayontology.org/bao#BAO_0003114"],"labelHier":["regulation of multicellular organismal development","regulation of developmental process","regulation of biological process","biological regulation","biological process","assay biology component"]},{"propURI":"http://www.bioassayontology.org/bao#BAO_0000211","propLabel":"target","propAbbrev":"bao:BAO_0000211","valueURI":"http://www.drugtargetontology.org/dto/DTO_00217461","valueLabel":"Retinoic acid receptors","valueAbbrev":"dto:DTO_00217461","valueDescr":"","groupNest":[],"groupLabel":[],"valueHier":["http://www.drugtargetontology.org/dto/DTO_00200002","http://www.drugtargetontology.org/dto/DTO_00200000"],"labelHier":["Nuclear hormone receptor","Gene"]},{"propURI":"http://www.bioassayontology.org/bao#BAO_0000210","propLabel":"screening campaign stage","propAbbrev":"bao:BAO_0000210","valueURI":"http://www.bioassayontology.org/bao#BAO_0000517","valueLabel":"summary assay","valueAbbrev":"bao:BAO_0000517","valueDescr":"It is a PubChem-specific assay stage. A summary assay references and summarizes the assays in PubChem that correspond to a screening campaign or a probe development project.","groupNest":[],"groupLabel":[],"valueHier":["http://www.bioassayontology.org/bao#BAO_0000029"],"labelHier":["assay screening campaign stage"]},{"propURI":"http://www.bioassayontology.org/bao#BAO_0000185","propLabel":"perturbagen type","propAbbrev":"bao:BAO_0000185","valueURI":"http://www.bioassayontology.org/bao#BAO_0070002","valueLabel":"Tox21 Compound Library","valueAbbrev":"bao:BAO_0070002","valueDescr":"The Tox21 compound collection is a library of approximately 10,000 (10K) environmental chemicals and drugs (~10,500 chemicals (~8,300 unique)), also referred to as the 'Tox21 10K library'. Several publications, from NCATS and EPA.  See also https://www.epa.gov/chemical-research/toxicology-testing-21st-century-tox21 or https://ncats.nih.gov/tox21/about/operations.","groupNest":[],"groupLabel":[],"valueHier":["http://www.bioassayontology.org/bao#BAO_0000648","http://www.bioassayontology.org/bao#BAO_0000661","http://www.bioassayontology.org/bao#BAO_0003120"],"labelHier":["compound library","perturbagen library","assay screened entity component"]},{"propURI":"http://www.bioassayontology.org/bao#BAO_0000539","valueLabel":"pubchemAID:1159552","propAbbrev":"bao:BAO_0000539","groupNest":[],"propLabel":"related assays","groupLabel":[]},{"propURI":"http://www.bioassayontology.org/bao#BAO_0000539","valueLabel":"pubchemAID:1159551","propAbbrev":"bao:BAO_0000539","groupNest":[],"propLabel":"related assays","groupLabel":[]},{"propURI":"http://www.bioassayontology.org/bao#BAO_0002853","valueLabel":"qHTS assay to identify small molecule antagonists of the retinoic acid receptor (RAR) signaling pathway: Summary","propAbbrev":"bao:BAO_0002853","groupNest":[],"propLabel":"assay title","groupLabel":[]},{"propURI":"http://www.bioassayontology.org/bao#BAO_0002800","valueLabel":"C3H10T","propAbbrev":"bao:BAO_0002800","groupNest":[],"propLabel":"assay cell line","groupLabel":[]}],"pubchemXRef":[{"type":"aid","id":"1159552","comment":"RAR antagonist mode screen"},{"type":"aid","id":"1159551","comment":"Cell viability counter screen"},{"type":"protein_gi","id":"325495463","comment":"retinoic acid nuclear receptor alpha variant 1 [Homo sapiens]"}],"curationTime":1533306075460,"curatorID":"google:116162532162477418918","curatorName":"","curatorEmail":"sjeschonek@collaborativedrug.com","history":[{"curationTime":1533306075460,"curatorID":"google:116162532162477418918","curatorName":"","curatorEmail":"sjeschonek@collaborativedrug.com","annotsAdded":[{"propURI":"http://www.bioassayontology.org/bao#BAO_0002009","propLabel":"biological process","propAbbrev":"bao:BAO_0002009","valueURI":"http://purl.obolibrary.org/obo/GO_0045995","valueLabel":"regulation of embryonic development","valueAbbrev":"obo:GO_0045995","valueDescr":"Any process that modulates the frequency, rate or extent of embryonic development.","valueHier":["http://purl.obolibrary.org/obo/GO_2000026","http://purl.obolibrary.org/obo/GO_0050793","http://purl.obolibrary.org/obo/GO_0050789","http://purl.obolibrary.org/obo/GO_0065007","http://purl.obolibrary.org/obo/GO_0008150","http://www.bioassayontology.org/bao#BAO_0003114"],"labelHier":["regulation of multicellular organismal development","regulation of developmental process","regulation of biological process","biological regulation","biological process","assay biology component"]},{"propURI":"http://www.bioassayontology.org/bao#BAO_0002009","propLabel":"biological process","propAbbrev":"bao:BAO_0002009","valueURI":"http://purl.obolibrary.org/obo/GO_0006355","valueLabel":"regulation of transcription, DNA-templated","valueAbbrev":"obo:GO_0006355","valueDescr":"Any process that modulates the frequency, rate or extent of cellular DNA-templated transcription.","valueHier":["http://purl.obolibrary.org/obo/GO_2000112","http://purl.obolibrary.org/obo/GO_0031326","http://purl.obolibrary.org/obo/GO_0031323","http://purl.obolibrary.org/obo/GO_0019222","http://purl.obolibrary.org/obo/GO_0050789","http://purl.obolibrary.org/obo/GO_0065007","http://purl.obolibrary.org/obo/GO_0008150","http://www.bioassayontology.org/bao#BAO_0003114"],"labelHier":["regulation of cellular macromolecule biosynthetic process","regulation of cellular biosynthetic process","regulation of cellular metabolic process","regulation of metabolic process","regulation of biological process","biological regulation","biological process","assay biology component"]},{"propURI":"http://www.bioassayontology.org/bao#BAO_0000205","propLabel":"assay format","propAbbrev":"bao:BAO_0000205","valueURI":"http://www.bioassayontology.org/bao#BAO_0000219","valueLabel":"cell based format","valueAbbrev":"bao:BAO_0000219","valueDescr":"Involves the use of living cells of eukaryotic origin, derived from a multicellular organism, and is a heterogeneous assay type. Typically, this refers to permanent (immortal) cell lines, or primary cells, or some form of stem cells. This is distinct from a single-celled organism-based format (classically bacteria or yeast).","valueHier":["http://www.bioassayontology.org/bao#BAO_0000019"],"labelHier":["assay format"]},{"propURI":"http://www.bioassayontology.org/bao#BAO_0000196","propLabel":"assay mode of action","propAbbrev":"bao:BAO_0000196","valueURI":"http://www.bioassayontology.org/bao#BAO_0002903","valueLabel":"antagonism","valueAbbrev":"bao:BAO_0002903","valueDescr":"","valueHier":["http://www.bioassayontology.org/bao#BAO_0000084","http://www.bioassayontology.org/bao#BAO_0000074"],"labelHier":["ligand function mode of action","mode of action"]},{"propURI":"http://www.bioassayontology.org/bao#BAO_0000185","propLabel":"perturbagen type","propAbbrev":"bao:BAO_0000185","valueURI":"http://www.bioassayontology.org/bao#BAO_0070002","valueLabel":"Tox21 Compound Library","valueAbbrev":"bao:BAO_0070002","valueDescr":"The Tox21 compound collection is a library of approximately 10,000 (10K) environmental chemicals and drugs (~10,500 chemicals (~8,300 unique)), also referred to as the 'Tox21 10K library'. Several publications, from NCATS and EPA.  See also https://www.epa.gov/chemical-research/toxicology-testing-21st-century-tox21 or https://ncats.nih.gov/tox21/about/operations.","valueHier":["http://www.bioassayontology.org/bao#BAO_0000648","http://www.bioassayontology.org/bao#BAO_0000661","http://www.bioassayontology.org/bao#BAO_0003120"],"labelHier":["compound library","perturbagen library","assay screened entity component"]},{"propURI":"http://www.bioassayontology.org/bao#BAO_0000196","propLabel":"assay mode of action","propAbbrev":"bao:BAO_0000196","valueURI":"http://www.bioassayontology.org/bao#BAO_0000090","valueLabel":"cytotoxicity","valueAbbrev":"bao:BAO_0000090","valueDescr":"It is the toxic or cell-death inducing property of a perturbagen. Known cytotoxic agents mediate cell death commonly by necrosis, apoptosis, or autophagy. Cytotoxicity can be detected by measuring various aspects of the death process: e.g. membrane permeability, ATP concentration, DNA fragmentation, etc.","valueHier":["http://www.bioassayontology.org/bao#BAO_0080004","http://www.bioassayontology.org/bao#BAO_0000074"],"labelHier":["phenotypic mode of action","mode of action"]},{"propURI":"http://www.bioassayontology.org/bao#BAO_0000211","propLabel":"target","propAbbrev":"bao:BAO_0000211","valueURI":"http://www.drugtargetontology.org/dto/DTO_00217461","valueLabel":"Retinoic acid receptors","valueAbbrev":"dto:DTO_00217461","valueDescr":"","valueHier":["http://www.drugtargetontology.org/dto/DTO_00200002","http://www.drugtargetontology.org/dto/DTO_00200000"],"labelHier":["Nuclear hormone receptor","Gene"]},{"propURI":"http://www.bioassayontology.org/bao#BAO_0002921","propLabel":"organism","propAbbrev":"bao:BAO_0002921","valueURI":"http://purl.obolibrary.org/obo/NCBITaxon_10090","valueLabel":"Mus musculus","valueAbbrev":"obo:NCBITaxon_10090","valueDescr":"","altLabels":["mouse","mice C57BL/6xCBA/CaJ hybrid","house mouse","Mus muscaris"],"valueHier":["http://www.bioassayontology.org/bao#BAO_0000362","http://www.bioassayontology.org/bao#BAO_0000510","http://www.bioassayontology.org/bao#BAO_0000659","http://www.bioassayontology.org/bao#BAO_0000509","http://www.bioassayontology.org/bao#BAO_0000658","http://www.bioassayontology.org/bao#BAO_0000551"],"labelHier":["mammalian","vertebrate","metazoa","eukaryote","cellular organisms","organism"]},{"propURI":"http://www.bioassayontology.org/bao#BAO_0000210","propLabel":"screening campaign stage","propAbbrev":"bao:BAO_0000210","valueURI":"http://www.bioassayontology.org/bao#BAO_0000517","valueLabel":"summary assay","valueAbbrev":"bao:BAO_0000517","valueDescr":"It is a PubChem-specific assay stage. A summary assay references and summarizes the assays in PubChem that correspond to a screening campaign or a probe development project.","valueHier":["http://www.bioassayontology.org/bao#BAO_0000029"],"labelHier":["assay screening campaign stage"]}],"annotsRemoved":[],"labelsAdded":[{"propURI":"http://www.bioassayontology.org/bao#BAO_0002800","valueLabel":"C3H10T","propAbbrev":"bao:BAO_0002800","propLabel":"assay cell line"}],"labelsRemoved":[]}],"holdingIDList":[]}