{"assayID":7741,"text":"In Vitro Inhibition of UGT Enzymes in HLM and rUGT. Desloratadine was evaluated as an inhibitor of UGT enzymes as described previously (Kazmi et al., 2014). Briefly, 10 or 100 mM desloratadine was incubated at 37C in 150-ml incubation mixtures (n = 3) containing pooled HLM (#0.1 mg/ml) or rUGT (#0.25 mg/ml), Tris-HCl (100 mM, pH 7.7 at 37C), MgCl2 (10 mM), EDTA (1 mM) D-saccharic acid 1,4-lactone (0.1 mM), UDP-GlcUA (10 mM),\nand a UGT marker substrate at a concentration approximately equal to its experimentally determined Km value, as described in Table 1. HLM and rUGT enzymes were activated with 25 mg/ml alamethicin for 15 minutes on ice before incubations. For UGT2B10, a Ki determination was conducted in HLM (0.1 mg/ml) with desloratadine as an inhibitor at 0.1, 0.3, 0.6, 1, 2, 4, and 10 mM\nand levomedetomidine as the substrate at 1, 3, 6, and 15 mM (n = 2). Reactions were initiated by the addition of UDP-GlcUA and terminated after 5 to 30 minutes by the addition of 150 ml of acetonitrile containing an appropriate internal standard (generally an isotopically labeled metabolite). Precipitated protein\nwas removed by centrifugation (920 relative centrifugal force for 10 minutes at 10C) followed by liquid chromatography tandem mass spectrometry (LC-MS/\nMS) analysis as described in Table 1 and below. In the case of UGT2B15, HLM and rUGT2B15 were incubated with racemic oxazepam and the glucuronides of R- and S-oxazepam were resolved by HPLC. UGT2B15 activity is based on the rate of formation of only S-oxazepam glucuronide.\nDesloratadine was evaluated as an inhibitor of 9 UGT\nenzymes in HLM (#0.1 mg/ml) and 13 recombinant UGT enzymes (# 0.1 mg/ml) as described in Table 1 and Materials and Methods. As shown in Table 3 and Fig. 4, desloratadine (10 mM) caused no inhibition (<15%) of UGT1A1, UGT1A3, UGT1A4, UGT1A6, UGT1A9, UGT2B7, UGT2B15, UGT1A7, and UGT1A8 and caused weak-to-moderate inhibition of UGT2B17 (24% HLM, 38% rUGT),\nUGT1A10 (46%), and UGT2B4 (38%). In contrast, UGT2B10\nactivity, as measured by levomedetomidine N-glucuronidation, was strongly inhibited (84% HLM, 74% rUGT) by desloratadine. When 100 mM desloratadine was assessed, most UGTs were inhibited by 20% (data not shown). The UGT2B10 inhibition assay was repeated\nwith a wide range of concentrations of desloratadine (0.1\u201310 mM) and multiple levomedetomidine concentrations spanning Km, which established that desloratadine inhibited UGT2B10 in a competitive manner with a Ki of 1.3 mM, as shown in Fig. 5.","schemaURI":"http://www.bioassayontology.org/bas#","annotations":[{"propURI":"http://www.bioassayontology.org/bao#BAO_0002854","propLabel":"bioassay type","propAbbrev":"bao:BAO_0002854","valueURI":"http://www.bioassayontology.org/bao#BAO_0000009","valueLabel":"ADMET","valueAbbrev":"bao:BAO_0000009","valueDescr":"ADMET stands for absorption, distribution, metabolism, excretion and toxicity. Admet assays are performed for verifying the bio-availability,  toxicity, metabolic stability, and drug-drug interaction potential of drugs: They quantify absorption of drugs in the intestine which is dependent on their solubility; distribution which ascertains their binding to plasma proteins, central nervous system penetration; metabolism where the in vivo clearance is monitored; and finally, toxicity in terms of inhibition of liver cytochrome p450 enzymes or hERG which could cause drug-drug interactions and cardiac arrhythmias, respectively.","groupNest":[],"groupLabel":[],"valueHier":["http://www.bioassayontology.org/bao#BAO_0000008"],"labelHier":["bioassay type"]},{"propURI":"http://www.bioassayontology.org/bao#BAO_0002855","propLabel":"bioassay","propAbbrev":"bao:BAO_0002855","valueURI":"http://www.bioassayexpress.org/bae#0000057","valueLabel":"metabolic inhibition assay","valueAbbrev":"bae:0000057","valueDescr":"","groupNest":[],"groupLabel":[],"valueHier":["http://www.bioassayontology.org/bao#BAO_0010040","http://www.bioassayontology.org/bao#BAO_0000015"],"labelHier":["metabolomic assay","bioassay"]},{"propURI":"http://www.bioassayontology.org/bao#BAO_0000205","propLabel":"assay format","propAbbrev":"bao:BAO_0000205","valueURI":"http://www.bioassayontology.org/bao#BAO_0000251","valueLabel":"microsome format","valueAbbrev":"bao:BAO_0000251","valueDescr":"Microsomes are vesicle-like structures formed as an artifact from the endoplasmic reticulum after the cell has been ruptured by homogenization.","groupNest":[],"groupLabel":[],"valueHier":["http://www.bioassayontology.org/bao#BAO_0000220","http://www.bioassayontology.org/bao#BAO_0000366","http://www.bioassayontology.org/bao#BAO_0000019"],"labelHier":["subcellular format","cell-free format","assay format"]},{"propURI":"http://www.bioassayontology.org/bao#BAO_0095009","propLabel":"assay design method","propAbbrev":"bao:BAO_0095009","valueURI":"http://www.bioassayontology.org/bao#BAO_0040018","valueLabel":"small molecule abundance method","valueAbbrev":"bao:BAO_0040018","valueDescr":"Any  method that simply measures the overall abundance (concentration, relative amount, etc) of a small molecule, such as LC-MS/MS or LC-UV. Typically used in both in vitro and in vivo ADME assays to monitor compound.","groupNest":[],"groupLabel":[],"valueHier":["http://www.bioassayontology.org/bao#BAO_0040011","http://www.bioassayontology.org/bao#BAO_0002202"],"labelHier":["molecular abundance method","assay design method"]},{"propURI":"http://www.bioassayontology.org/bao#BAO_0095010","propLabel":"assay supporting method","propAbbrev":"bao:BAO_0095010","valueURI":"http://www.bioassayontology.org/bao#BAO_0002647","valueLabel":"cell culture method","valueAbbrev":"bao:BAO_0002647","valueDescr":"","groupNest":[],"groupLabel":[],"valueHier":["http://www.bioassayontology.org/bao#BAO_0002429"],"labelHier":["assay supporting method"]},{"propURI":"http://www.bioassayontology.org/bao#BAO_0002921","propLabel":"organism","propAbbrev":"bao:BAO_0002921","valueURI":"http://purl.obolibrary.org/obo/NCBITaxon_9606","valueLabel":"Homo sapiens","valueAbbrev":"obo:NCBITaxon_9606","valueDescr":"","groupNest":[],"groupLabel":[],"altLabels":["Homo spiens","Homo sapience","Homo sapien","human","Homo spaiens","Homo sapians","man","Humo sapiens","Home sapiens","Homo sapiense","Homo sampiens","Homo sapeins","Homo sapines","Homo sapian","Homo sapients"],"valueHier":["http://www.bioassayontology.org/bao#BAO_0000362","http://www.bioassayontology.org/bao#BAO_0000510","http://www.bioassayontology.org/bao#BAO_0000659","http://www.bioassayontology.org/bao#BAO_0000509","http://www.bioassayontology.org/bao#BAO_0000658","http://www.bioassayontology.org/bao#BAO_0000551"],"labelHier":["mammalian","vertebrate","metazoa","eukaryote","cellular organisms","organism"]},{"propURI":"http://www.bioassayontology.org/bao#BAO_0000211","propLabel":"target","propAbbrev":"bao:BAO_0000211","valueURI":"http://purl.obolibrary.org/obo/PR_P06133","valueLabel":"UDP-glucuronosyltransferase 2B4 (human)","valueAbbrev":"obo:PR_P06133","valueDescr":"A UDP-glucuronosyltransferase 2B4 that is encoded in the genome of human.","groupNest":[],"groupLabel":[],"altLabels":["UDPGT 2B4 (human)","HLUG25 (human)","UDPGTh-1 (human)","hUGT2B4","hyodeoxycholic acid-specific UDPGT (human)"],"valueHier":["http://purl.obolibrary.org/obo/PR_000029067","http://purl.obolibrary.org/obo/PR_000036194","http://purl.obolibrary.org/obo/PR_000000001"],"labelHier":["Homo sapiens protein","eukaryotic protein","protein"]},{"propURI":"http://www.bioassayontology.org/bao#BAO_0000196","propLabel":"assay mode of action","propAbbrev":"bao:BAO_0000196","valueURI":"http://www.bioassayontology.org/bao#BAO_0000091","valueLabel":"inhibition","valueAbbrev":"bao:BAO_0000091","valueDescr":"Reduction of a predefined stimulus. Unit of Measure is always % when normalized to the dynamic range of the assay.","groupNest":[],"groupLabel":[],"valueHier":["http://www.bioassayontology.org/bao#BAO_0000084","http://www.bioassayontology.org/bao#BAO_0000074"],"labelHier":["ligand function mode of action","mode of action"]},{"propURI":"http://www.bioassayontology.org/bao#BAO_0000208","propLabel":"result","propAbbrev":"bao:BAO_0000208","valueURI":"http://www.bioassayontology.org/bao#BAO_0000201","valueLabel":"percent inhibition","valueAbbrev":"bao:BAO_0000201","valueDescr":"Percent decrease of a measureable response as a consequence of compound treatment.  Unit of Measure is always % when normalized to the dynamic range of the assay. Percent inhibition is expressed relative to a positive control (which results in total inhibition).","groupNest":[],"groupLabel":[],"valueHier":["http://www.bioassayontology.org/bao#BAO_0000082","http://www.bioassayontology.org/bao#BAO_0000181","http://www.bioassayontology.org/bao#BAO_0000179"],"labelHier":["percent response","response endpoint","endpoint"]},{"propURI":"http://www.bioassayontology.org/bao#BAO_0000185","propLabel":"perturbagen type","propAbbrev":"bao:BAO_0000185","valueURI":"http://www.bioassayontology.org/bao#BAO_0000176","valueLabel":"small molecule","valueAbbrev":"bao:BAO_0000176","valueDescr":"Small molecule is an organic compound with a low molecular weight (<800 Da) which is used to screen against a biological target, e.g. protein, nucleic acid, cell or organism  to test its ability to bind it and bring about a change in activity. It is either isolated from a natural source or is synthesized.","groupNest":[],"groupLabel":[],"valueHier":["http://www.bioassayontology.org/bao#BAO_0000076","http://www.bioassayontology.org/bao#BAO_0003120"],"labelHier":["screened entity","assay screened entity component"]},{"propURI":"http://www.bioassayontology.org/bao#BAX_0000012","propLabel":"protein identity","propAbbrev":"bao:BAX_0000012","valueURI":"http://www.bioassayontology.org/protein#6175083","valueLabel":"UDP-glucuronosyltransferase 2B4","valueAbbrev":"protein:6175083","valueDescr":"Protein: UDP-glucuronosyltransferase 2B4, Organism: Homo sapiens","groupNest":[],"groupLabel":[],"externalURLs":["https://www.ncbi.nlm.nih.gov/protein/6175083"],"valueHier":["http://www.bioassayontology.org/taxon#9606","http://www.bioassayontology.org/taxon#9605","http://www.bioassayontology.org/taxon#314295","http://www.bioassayontology.org/taxon#9526","http://www.bioassayontology.org/taxon#9443","http://www.bioassayontology.org/taxon#314146","http://www.bioassayontology.org/taxon#40674","http://www.bioassayontology.org/taxon#32524","http://www.bioassayontology.org/taxon#8287","http://www.bioassayontology.org/taxon#117570","http://www.bioassayontology.org/taxon#7711","http://www.bioassayontology.org/taxon#33511","http://www.bioassayontology.org/taxon#33213","http://www.bioassayontology.org/taxon#33208","http://www.bioassayontology.org/taxon#33154","http://www.bioassayontology.org/taxon#2759","http://www.bioassayontology.org/taxon#131567","http://www.bioassayontology.org/taxon#Root"],"labelHier":["Homo sapiens","Homo","Hominoidea / Hominidae / Homininae","Catarrhini","Primates / Haplorrhini / Simiiformes","Euarchontoglires","Mammalia / Theria / Eutheria / Boreoeutheria","Amniota","Sarcopterygii / Dipnotetrapodomorpha / Tetrapoda","Teleostomi / Euteleostomi","Chordata / Craniata / Vertebrata / Gnathostomata","Deuterostomia","Bilateria","Metazoa / Eumetazoa","Opisthokonta","Eukaryota","cellular organisms","Faux ProteinID"]},{"propURI":"http://www.bioassayontology.org/bao#BAX_0000011","propLabel":"gene identity","propAbbrev":"bao:BAX_0000011","valueURI":"http://www.bioassayontology.org/geneid#7363","valueLabel":"UGT2B4: UDP glucuronosyltransferase family 2 member B4","valueAbbrev":"geneid:7363","valueDescr":"","groupNest":[],"groupLabel":[],"altLabels":["HLUG25 , UDPGT2B4 , UDPGTH1 , UDPGTh-1 , UGT2B11"],"externalURLs":["https://www.ncbi.nlm.nih.gov/gene/7363"],"valueHier":["http://www.bioassayontology.org/geneid#Homo_sapiens","http://www.bioassayontology.org/geneid#Mammalia","http://www.bioassayontology.org/geneid#Root"],"labelHier":["Homo sapiens","Mammalia","Faux GeneID"]},{"propURI":"http://www.bioassayontology.org/bao#BAO_0002852","propLabel":"assay sources","propAbbrev":"bao:BAO_0002852","valueURI":"http://www.bioassayexpress.org/bae#0000031","valueLabel":"FDA public data","valueAbbrev":"bae:0000031","valueDescr":"United States Food and Drug Administration","groupNest":[],"groupLabel":[],"valueHier":["http://www.bioassayontology.org/bao#BAO_0000709","http://www.bioassayontology.org/bao#BAO_0002934"],"labelHier":["research institute","organization"]},{"propURI":"http://www.bioassayontology.org/bao#BAO_0002874","propLabel":"units","propAbbrev":"bao:BAO_0002874","valueURI":"http://purl.obolibrary.org/obo/UO_0000187","valueLabel":"percent","valueAbbrev":"obo:UO_0000187","valueDescr":"A dimensionless ratio unit which denotes numbers as fractions of 100.","groupNest":["http://www.bioassayontology.org/bao#BAX_0000017"],"groupLabel":["measurement"],"valueHier":["http://purl.obolibrary.org/obo/UO_0000190","http://purl.obolibrary.org/obo/UO_0000186","http://purl.obolibrary.org/obo/UO_0000000"],"labelHier":["ratio","dimensionless unit","unit"]},{"propURI":"http://www.bioassayontology.org/bao#BAO_0002853","valueLabel":"In Vitro Evaluation Desloratadine as an inhibitor of UGT2B4","propAbbrev":"bao:BAO_0002853","groupNest":[],"propLabel":"assay title","groupLabel":[]},{"propURI":"http://www.bioassayontology.org/bao#BAO_0002800","valueLabel":"Human Liver Microsomes (HLM)","propAbbrev":"bao:BAO_0002800","groupNest":[],"propLabel":"assay cell line","groupLabel":[]},{"propURI":"http://www.bioassayontology.org/bao#BAO_0002848","valueLabel":"seasonal allergies","propAbbrev":"bao:BAO_0002848","groupNest":[],"propLabel":"applies to disease","groupLabel":[]},{"propURI":"http://www.bioassayontology.org/bao#BAO_0002852","valueLabel":"Drug Metabolism and Disposition (DMD)","propAbbrev":"bao:BAO_0002852","groupNest":[],"propLabel":"assay sources","groupLabel":[]}],"pubchemXRef":[],"curationTime":1577998309768,"curatorID":"google:113746828226570309384","curatorName":"","curatorEmail":"trangtdn08@gmail.com","history":[{"curationTime":1577998309768,"curatorID":"google:113746828226570309384","curatorName":"","curatorEmail":"trangtdn08@gmail.com","textPatch":"@@ -1,2504 +0,0 @@\n-In Vitro Inhibition of UGT Enzymes in HLM and rUGT. Desloratadine was evaluated as an inhibitor of UGT enzymes as described previously (Kazmi et al., 2014). Briefly, 10 or 100 mM desloratadine was incubated at 37C in 150-ml incubation mixtures (n = 3) containing pooled HLM (#0.1 mg/ml) or rUGT (#0.25 mg/ml), Tris-HCl (100 mM, pH 7.7 at 37C), MgCl2 (10 mM), EDTA (1 mM) D-saccharic acid 1,4-lactone (0.1 mM), UDP-GlcUA (10 mM),%0Aand a UGT marker substrate at a concentration approximately equal to its experimentally determined Km value, as described in Table 1. HLM and rUGT enzymes were activated with 25 mg/ml alamethicin for 15 minutes on ice before incubations. For UGT2B10, a Ki determination was conducted in HLM (0.1 mg/ml) with desloratadine as an inhibitor at 0.1, 0.3, 0.6, 1, 2, 4, and 10 mM%0Aand levomedetomidine as the substrate at 1, 3, 6, and 15 mM (n = 2). Reactions were initiated by the addition of UDP-GlcUA and terminated after 5 to 30 minutes by the addition of 150 ml of acetonitrile containing an appropriate internal standard (generally an isotopically labeled metabolite). Precipitated protein%0Awas removed by centrifugation (920 relative centrifugal force for 10 minutes at 10C) followed by liquid chromatography tandem mass spectrometry (LC-MS/%0AMS) analysis as described in Table 1 and below. In the case of UGT2B15, HLM and rUGT2B15 were incubated with racemic oxazepam and the glucuronides of R- and S-oxazepam were resolved by HPLC. UGT2B15 activity is based on the rate of formation of only S-oxazepam glucuronide.%0ADesloratadine was evaluated as an inhibitor of 9 UGT%0Aenzymes in HLM (#0.1 mg/ml) and 13 recombinant UGT enzymes (# 0.1 mg/ml) as described in Table 1 and Materials and Methods. As shown in Table 3 and Fig. 4, desloratadine (10 mM) caused no inhibition (%3C15%25) of UGT1A1, UGT1A3, UGT1A4, UGT1A6, UGT1A9, UGT2B7, UGT2B15, UGT1A7, and UGT1A8 and caused weak-to-moderate inhibition of UGT2B17 (24%25 HLM, 38%25 rUGT),%0AUGT1A10 (46%25), and UGT2B4 (38%25). In contrast, UGT2B10%0Aactivity, as measured by levomedetomidine N-glucuronidation, was strongly inhibited (84%25 HLM, 74%25 rUGT) by desloratadine. When 100 mM desloratadine was assessed, most UGTs were inhibited by 20%25 (data not shown). The UGT2B10 inhibition assay was repeated%0Awith a wide range of concentrations of desloratadine (0.1%E2%80%9310 mM) and multiple levomedetomidine concentrations spanning Km, which established that desloratadine inhibited UGT2B10 in a competitive manner with a Ki of 1.3 mM, as shown in Fig. 5.\n","annotsAdded":[{"propURI":"http://www.bioassayontology.org/bao#BAO_0000185","propLabel":"perturbagen type","propAbbrev":"bao:BAO_0000185","valueURI":"http://www.bioassayontology.org/bao#BAO_0000176","valueLabel":"small molecule","valueAbbrev":"bao:BAO_0000176","valueDescr":"Small molecule is an organic compound with a low molecular weight (<800 Da) which is used to screen against a biological target, e.g. protein, nucleic acid, cell or organism  to test its ability to bind it and bring about a change in activity. It is either isolated from a natural source or is synthesized.","valueHier":["http://www.bioassayontology.org/bao#BAO_0000076","http://www.bioassayontology.org/bao#BAO_0003120"],"labelHier":["screened entity","assay screened entity component"]},{"propURI":"http://www.bioassayontology.org/bao#BAO_0000211","propLabel":"target","propAbbrev":"bao:BAO_0000211","valueURI":"http://purl.obolibrary.org/obo/PR_P06133","valueLabel":"UDP-glucuronosyltransferase 2B4 (human)","valueAbbrev":"obo:PR_P06133","valueDescr":"A UDP-glucuronosyltransferase 2B4 that is encoded in the genome of human.","altLabels":["UDPGT 2B4 (human)","HLUG25 (human)","UDPGTh-1 (human)","hUGT2B4","hyodeoxycholic acid-specific UDPGT (human)"],"valueHier":["http://purl.obolibrary.org/obo/PR_000029067","http://purl.obolibrary.org/obo/PR_000036194","http://purl.obolibrary.org/obo/PR_000000001"],"labelHier":["Homo sapiens protein","eukaryotic protein","protein"]},{"propURI":"http://www.bioassayontology.org/bao#BAO_0002854","propLabel":"bioassay type","propAbbrev":"bao:BAO_0002854","valueURI":"http://www.bioassayontology.org/bao#BAO_0000009","valueLabel":"ADMET","valueAbbrev":"bao:BAO_0000009","valueDescr":"ADMET stands for absorption, distribution, metabolism, excretion and toxicity. Admet assays are performed for verifying the bio-availability,  toxicity, metabolic stability, and drug-drug interaction potential of drugs: They quantify absorption of drugs in the intestine which is dependent on their solubility; distribution which ascertains their binding to plasma proteins, central nervous system penetration; metabolism where the in vivo clearance is monitored; and finally, toxicity in terms of inhibition of liver cytochrome p450 enzymes or hERG which could cause drug-drug interactions and cardiac arrhythmias, respectively.","valueHier":["http://www.bioassayontology.org/bao#BAO_0000008"],"labelHier":["bioassay type"]},{"propURI":"http://www.bioassayontology.org/bao#BAO_0095009","propLabel":"assay design method","propAbbrev":"bao:BAO_0095009","valueURI":"http://www.bioassayontology.org/bao#BAO_0040018","valueLabel":"small molecule abundance method","valueAbbrev":"bao:BAO_0040018","valueDescr":"Any  method that simply measures the overall abundance (concentration, relative amount, etc) of a small molecule, such as LC-MS/MS or LC-UV. Typically used in both in vitro and in vivo ADME assays to monitor compound.","valueHier":["http://www.bioassayontology.org/bao#BAO_0040011","http://www.bioassayontology.org/bao#BAO_0002202"],"labelHier":["molecular abundance method","assay design method"]},{"propURI":"http://www.bioassayontology.org/bao#BAX_0000011","propLabel":"gene identity","propAbbrev":"bao:BAX_0000011","valueURI":"http://www.bioassayontology.org/geneid#7363","valueLabel":"UGT2B4: UDP glucuronosyltransferase family 2 member B4","valueAbbrev":"geneid:7363","valueDescr":"","altLabels":["HLUG25 , UDPGT2B4 , UDPGTH1 , UDPGTh-1 , UGT2B11"],"externalURLs":["https://www.ncbi.nlm.nih.gov/gene/7363"],"valueHier":["http://www.bioassayontology.org/geneid#Homo_sapiens","http://www.bioassayontology.org/geneid#Mammalia","http://www.bioassayontology.org/geneid#Root"],"labelHier":["Homo sapiens","Mammalia","Faux GeneID"]},{"propURI":"http://www.bioassayontology.org/bao#BAO_0000196","propLabel":"assay mode of action","propAbbrev":"bao:BAO_0000196","valueURI":"http://www.bioassayontology.org/bao#BAO_0000091","valueLabel":"inhibition","valueAbbrev":"bao:BAO_0000091","valueDescr":"Reduction of a predefined stimulus. Unit of Measure is always % when normalized to the dynamic range of the assay.","valueHier":["http://www.bioassayontology.org/bao#BAO_0000084","http://www.bioassayontology.org/bao#BAO_0000074"],"labelHier":["ligand function mode of action","mode of action"]},{"propURI":"http://www.bioassayontology.org/bao#BAX_0000012","propLabel":"protein identity","propAbbrev":"bao:BAX_0000012","valueURI":"http://www.bioassayontology.org/protein#6175083","valueLabel":"UDP-glucuronosyltransferase 2B4","valueAbbrev":"protein:6175083","valueDescr":"Protein: UDP-glucuronosyltransferase 2B4, Organism: Homo sapiens","externalURLs":["https://www.ncbi.nlm.nih.gov/protein/6175083"],"valueHier":["http://www.bioassayontology.org/taxon#9606","http://www.bioassayontology.org/taxon#9605","http://www.bioassayontology.org/taxon#314295","http://www.bioassayontology.org/taxon#9526","http://www.bioassayontology.org/taxon#9443","http://www.bioassayontology.org/taxon#314146","http://www.bioassayontology.org/taxon#40674","http://www.bioassayontology.org/taxon#32524","http://www.bioassayontology.org/taxon#8287","http://www.bioassayontology.org/taxon#117570","http://www.bioassayontology.org/taxon#7711","http://www.bioassayontology.org/taxon#33511","http://www.bioassayontology.org/taxon#33213","http://www.bioassayontology.org/taxon#33208","http://www.bioassayontology.org/taxon#33154","http://www.bioassayontology.org/taxon#2759","http://www.bioassayontology.org/taxon#131567","http://www.bioassayontology.org/taxon#Root"],"labelHier":["Homo sapiens","Homo","Hominoidea / Hominidae / Homininae","Catarrhini","Primates / Haplorrhini / Simiiformes","Euarchontoglires","Mammalia / Theria / Eutheria / Boreoeutheria","Amniota","Sarcopterygii / Dipnotetrapodomorpha / Tetrapoda","Teleostomi / Euteleostomi","Chordata / Craniata / Vertebrata / Gnathostomata","Deuterostomia","Bilateria","Metazoa / Eumetazoa","Opisthokonta","Eukaryota","cellular organisms","Faux ProteinID"]},{"propURI":"http://www.bioassayontology.org/bao#BAO_0002852","propLabel":"assay sources","propAbbrev":"bao:BAO_0002852","valueURI":"http://www.bioassayexpress.org/bae#0000031","valueLabel":"FDA public data","valueAbbrev":"bae:0000031","valueDescr":"United States Food and Drug Administration","valueHier":["http://www.bioassayontology.org/bao#BAO_0000709","http://www.bioassayontology.org/bao#BAO_0002934"],"labelHier":["research institute","organization"]},{"propURI":"http://www.bioassayontology.org/bao#BAO_0000205","propLabel":"assay format","propAbbrev":"bao:BAO_0000205","valueURI":"http://www.bioassayontology.org/bao#BAO_0000251","valueLabel":"microsome format","valueAbbrev":"bao:BAO_0000251","valueDescr":"Microsomes are vesicle-like structures formed as an artifact from the endoplasmic reticulum after the cell has been ruptured by homogenization.","valueHier":["http://www.bioassayontology.org/bao#BAO_0000220","http://www.bioassayontology.org/bao#BAO_0000366","http://www.bioassayontology.org/bao#BAO_0000019"],"labelHier":["subcellular format","cell-free format","assay format"]},{"propURI":"http://www.bioassayontology.org/bao#BAO_0000208","propLabel":"result","propAbbrev":"bao:BAO_0000208","valueURI":"http://www.bioassayontology.org/bao#BAO_0000201","valueLabel":"percent inhibition","valueAbbrev":"bao:BAO_0000201","valueDescr":"Percent decrease of a measureable response as a consequence of compound treatment.  Unit of Measure is always % when normalized to the dynamic range of the assay. Percent inhibition is expressed relative to a positive control (which results in total inhibition).","valueHier":["http://www.bioassayontology.org/bao#BAO_0000082","http://www.bioassayontology.org/bao#BAO_0000181","http://www.bioassayontology.org/bao#BAO_0000179"],"labelHier":["percent response","response endpoint","endpoint"]},{"propURI":"http://www.bioassayontology.org/bao#BAO_0002855","propLabel":"bioassay","propAbbrev":"bao:BAO_0002855","valueURI":"http://www.bioassayexpress.org/bae#0000057","valueLabel":"metabolic inhibition assay","valueAbbrev":"bae:0000057","valueDescr":"","valueHier":["http://www.bioassayontology.org/bao#BAO_0010040","http://www.bioassayontology.org/bao#BAO_0000015"],"labelHier":["metabolomic assay","bioassay"]},{"propURI":"http://www.bioassayontology.org/bao#BAO_0002874","propLabel":"units","propAbbrev":"bao:BAO_0002874","valueURI":"http://purl.obolibrary.org/obo/UO_0000187","valueLabel":"percent","valueAbbrev":"obo:UO_0000187","valueDescr":"A dimensionless ratio unit which denotes numbers as fractions of 100.","groupNest":["http://www.bioassayontology.org/bao#BAX_0000017"],"groupLabel":["measurement"],"valueHier":["http://purl.obolibrary.org/obo/UO_0000190","http://purl.obolibrary.org/obo/UO_0000186","http://purl.obolibrary.org/obo/UO_0000000"],"labelHier":["ratio","dimensionless unit","unit"]},{"propURI":"http://www.bioassayontology.org/bao#BAO_0095010","propLabel":"assay supporting method","propAbbrev":"bao:BAO_0095010","valueURI":"http://www.bioassayontology.org/bao#BAO_0002647","valueLabel":"cell culture method","valueAbbrev":"bao:BAO_0002647","valueDescr":"","valueHier":["http://www.bioassayontology.org/bao#BAO_0002429"],"labelHier":["assay supporting method"]},{"propURI":"http://www.bioassayontology.org/bao#BAO_0002921","propLabel":"organism","propAbbrev":"bao:BAO_0002921","valueURI":"http://purl.obolibrary.org/obo/NCBITaxon_9606","valueLabel":"Homo sapiens","valueAbbrev":"obo:NCBITaxon_9606","valueDescr":"","altLabels":["Homo spiens","Homo sapience","Homo sapien","human","Homo spaiens","Homo sapians","man","Humo sapiens","Home sapiens","Homo sapiense","Homo sampiens","Homo sapeins","Homo sapines","Homo sapian","Homo sapients"],"valueHier":["http://www.bioassayontology.org/bao#BAO_0000362","http://www.bioassayontology.org/bao#BAO_0000510","http://www.bioassayontology.org/bao#BAO_0000659","http://www.bioassayontology.org/bao#BAO_0000509","http://www.bioassayontology.org/bao#BAO_0000658","http://www.bioassayontology.org/bao#BAO_0000551"],"labelHier":["mammalian","vertebrate","metazoa","eukaryote","cellular organisms","organism"]}],"annotsRemoved":[],"labelsAdded":[{"propURI":"http://www.bioassayontology.org/bao#BAO_0002848","valueLabel":"seasonal allergies","propAbbrev":"bao:BAO_0002848","propLabel":"applies to disease"},{"propURI":"http://www.bioassayontology.org/bao#BAO_0002852","valueLabel":"Drug Metabolism and Disposition (DMD)","propAbbrev":"bao:BAO_0002852","propLabel":"assay sources"},{"propURI":"http://www.bioassayontology.org/bao#BAO_0002800","valueLabel":"Human Liver Microsomes (HLM)","propAbbrev":"bao:BAO_0002800","propLabel":"assay cell line"},{"propURI":"http://www.bioassayontology.org/bao#BAO_0002853","valueLabel":"In Vitro Evaluation Desloratadine as an inhibitor of UGT2B4","propAbbrev":"bao:BAO_0002853","propLabel":"assay title"}],"labelsRemoved":[]}],"holdingIDList":[]}