{"assayID":7843,"text":"PMC7078228\nMaterials and Methods\nCells and virus\nAfrican green monkey kidney Vero E6 cell line (ATCC, no. 1586) was cultured in\nminimum Eagle\u2019s medium (MEM; Gibco/Invitrogen) supplemented with 10% fetal\nbovine serum (FBS; Gibco/Invitrogen) at 37°C with 5% CO2 atmosphere. A clinical\nstrain of severe acute respiratory syndrome coronavirus 2 (SARS-CoV-2)\n(nCoV-2019BetaCoV/Wuhan/WIV04/2019)\n1 was propagated in Vero E6 cells, and\nvirus stock was maintained at -80°C. All the infection experiments were performed in\na biosafety level-3 (BLS-3) laboratory.\nVirus titer was determined by a standard tissue culture infectious dose (TCID50)\nendpoint dilution assay using immunofluorescence staining method with\nanti-nucleocapsid protein (NP) rabbit serum (1:1000 dilution) and Alexa 488-labeled\ngoat anti-rabbit IgG (1:500 dilution; Abcam) as the primary and the secondary\nantibody, respectively.\n1\nEvaluation of antiviral activities of the drugs\nTo analyze the antiviral activities of chloroquine phosphate (CQ, Sigma-Aldrich, no.\nC6628) and hydroxychloroquine sulfate (HCQ, MCE, no. HY-B1370), the\ncytotoxicity of the two drugs on Vero E6 cells was first determined using cell\ncounting kit-8 (CCK8) (Beyotime, China) according to manufacturer\u2019s protocol.\nThen, Vero E6 cells (1 × 105 cells/well) cultured in 48-well cell-culture plates were \npre-treated with the different concentrations of the two compounds for 1 h at 37 °C,\nfollowed by infection with virus at different MOIs (0.01, 0.02, 0.2, and 0.8) for 2 h.\nSubsequently, the virus-drug mixture was removed and cells were extensively washed\nwith PBS. Then, the fresh drug-containing medium was added and further maintained\nuntil 48 h p.i., and the virus yield in the infected cell supernatant was quantified by\nquantitative real-time RT-PCR (qRT-PCR) (Takara, Cat no. 9766) as described\npreviously.\n2 Briefly, total viral RNA was isolated and cDNA was synthesized by\nreverse transcription. Quantitative PCR was performed using cDNA as the template\nwith specific primers against the receptor binding domain (RBD) of viral spike gene.\nA standard curve was generated by using serially-diluted plasmid standards. After\ndetermining viral RNA copies in each group by qRT-PCR, the dose-response curves\nwere plotted by using GraphPad Prism 6 software.\nTime-of-addition experiment\nTime-of-addition experiment of CQ and HCQ were performed as previously. 2 Briefly,\nVero E6 cells (1 × 105\ncells/well) were treated with CQ (10 μM), HCQ (30 μM) or\nPBS control at different stages of virus infection (Entry, Full-time, and Post-entry),\nand then infected with virus at an MOI of 0.07. At 16 h p.i., virus yield in the infected\ncell supernatant was quantified by qRT-PCR. The expression of viral NP in the\ninfected cells was analyzed by immunofluorescence analysis (IFA) using anti-NP\nrabbit sera (1:1000 dilution) and Alexa 488-labeled goat anti-rabbit IgG (1:500\ndilution; Abcam) as the primary and the secondary antibody, respectively. The nuclei \nwere stained with Hoechst 33258 dye (Beyotime, China). The cells were imaged by\nfluorescence microscopy.\nThe mechanism of CQ and HCQ in inhibition of virus entry\nTo analyze the mode of action of CQ and HCQ in inhibiting virus entry,\nco-localization analysis of virions and early endosomes (EEs) or endolysosomes (ELs)\nwere carried out. Vero E6 cells (2.5 × 105\ncells/well) cultured in 35-mm glass-bottom\nculture dishes were pre-treated with CQ (50 μM), HCQ (50 μM), or PBS control for 1\nh before virus attachment, and then incubated with SARS-CoV-2 (MOI = 10) at 4 °C\nto allow virus binding for 1 h. After being washed three times with pre-chilled PBS,\nthe cells were further cultured with fresh drug-containing medium at 37 °C for 90 min,\nand then fixed and subjected to IFA.\nFor co-localization analysis of virions and EEA1+ EEs, the fixed cells were incubated\nwith rabbit sera against NP (anti-NP, 1:500 dilution) and mouse anti-EEA1 antibody\n(1:100 dilution, Cell Signaling Technology) as the primary antibodies, and then\nstained with Alexa 647-labeled goat anti-rabbit IgG (1:500 dilution; Abcam) and\nAlexa 488-labeled rabbit anti-mouse IgG (1:500 dilution; Abcam) as the secondary\nantibodies, respectively. For co-localization analysis of virions and LAMP1\n+ ELs,\nmouse monoclonal antibody against NP (1:100 dilution) and rabbit anti-LAMP1\nantibody (1:500 dilution, Cell Signaling Technology) were used as the primary\nantibodies, and Alexa 647-labeled rabbit anti-mouse IgG (1:500 dilution; Abcam) and \nAlexa 488-labeled goat anti-rabbit IgG (1:500 dilution; Abcam) were used as the\nsecondary antibodies, respectively. Fluorescence images were obtained by using a\nconfocal microscope (Nikon A1RMP two-photon microscope). Then, the proportions\nof SARS-CoV-2 particles (yellow) co-localized with EEs or ELs (green) to all\nparticles (red) in the cells were quantified and analyzed (n > 30) by image J\n(Colocation Threshold plugin).","schemaURI":"http://www.bioassayontology.org/bas#","annotations":[{"propURI":"http://www.bioassayontology.org/bao#BAO_0002921","propLabel":"organism","propAbbrev":"bao:BAO_0002921","valueURI":"http://purl.obolibrary.org/obo/NCBITaxon_9534","valueLabel":"Chlorocebus aethiops","valueAbbrev":"obo:NCBITaxon_9534","valueDescr":"","groupNest":[],"groupLabel":[],"altLabels":["African green monkeys","grivet","savanah monkey","African green monkey"],"valueHier":["http://www.bioassayontology.org/bao#BAO_0000362","http://www.bioassayontology.org/bao#BAO_0000510","http://www.bioassayontology.org/bao#BAO_0000659","http://www.bioassayontology.org/bao#BAO_0000509","http://www.bioassayontology.org/bao#BAO_0000658","http://www.bioassayontology.org/bao#BAO_0000551"],"labelHier":["mammalian","vertebrate","metazoa","eukaryote","cellular organisms","organism"]},{"propURI":"http://www.bioassayontology.org/bao#BAO_0002854","propLabel":"bioassay type","propAbbrev":"bao:BAO_0002854","valueURI":"http://www.bioassayontology.org/bao#BAO_0000010","valueLabel":"functional","valueAbbrev":"bao:BAO_0000010","valueDescr":"An assay where the measured signal corresponds to a complex response such as cell survival, proliferation, localization of a protein, nuclear translocation etc. The molecular target is not assumed.","groupNest":[],"groupLabel":[],"valueHier":["http://www.bioassayontology.org/bao#BAO_0000008"],"labelHier":["bioassay type"]},{"propURI":"http://www.bioassayontology.org/bao#BAO_0095010","propLabel":"assay supporting method","propAbbrev":"bao:BAO_0095010","valueURI":"http://www.bioassayontology.org/bao#BAO_0000244","valueLabel":"viral transduction method","valueAbbrev":"bao:BAO_0000244","valueDescr":"This refers to the infection of cells with either a pathogenic or a modified virus, which introduces viral genome into the cells. Pathogenic viruses include the influenza virus, measles virus, Japanese encephalitis virus, etc. For recombinant expression of proteins in cells or tissues, several types of viruses are utilized, including lentivirus, retrovirus, adenovirus, etc, with each having their own advantages and disadvantages.","groupNest":[],"groupLabel":[],"valueHier":["http://www.bioassayontology.org/bao#BAO_0000241","http://www.bioassayontology.org/bao#BAO_0000238","http://www.bioassayontology.org/bao#BAO_0002197","http://www.bioassayontology.org/bao#BAO_0002429"],"labelHier":["genetic modification method","cell line modification method","modification method","assay supporting method"]},{"propURI":"http://www.bioassayontology.org/bao#BAO_0000205","propLabel":"assay format","propAbbrev":"bao:BAO_0000205","valueURI":"http://www.bioassayontology.org/bao#BAO_0000219","valueLabel":"cell based format","valueAbbrev":"bao:BAO_0000219","valueDescr":"Involves the use of living cells of eukaryotic origin, derived from a multicellular organism, and is a heterogeneous assay type. Typically, this refers to permanent (immortal) cell lines, or primary cells, or some form of stem cells. This is distinct from a single-celled organism-based format (classically bacteria or yeast).","groupNest":[],"groupLabel":[],"valueHier":["http://www.bioassayontology.org/bao#BAO_0000019"],"labelHier":["assay format"]},{"propURI":"http://www.bioassayontology.org/bao#BAO_0002848","propLabel":"applies to disease","propAbbrev":"bao:BAO_0002848","valueURI":"http://www.bioassayexpress.org/bae#0000087","valueLabel":"COVID-19","valueAbbrev":"bae:0000087","valueDescr":"Synonyms: SARS-CoV-2, 2019-nCoV, 2019 novel coronavirus, severe acute respiratory syndrome coronavirus 2","groupNest":[],"groupLabel":[],"valueHier":["http://purl.obolibrary.org/obo/DOID_2945","http://purl.obolibrary.org/obo/DOID_934","http://purl.obolibrary.org/obo/DOID_0050117","http://purl.obolibrary.org/obo/DOID_4"],"labelHier":["severe acute respiratory syndrome","viral infectious disease","disease by infectious agent","Disease"]},{"propURI":"http://www.bioassayontology.org/bao#BAO_0002855","propLabel":"bioassay","propAbbrev":"bao:BAO_0002855","valueURI":"http://www.bioassayexpress.org/bae#0000088","valueLabel":"RNA expression assay","valueAbbrev":"bae:0000088","valueDescr":"","groupNest":[],"groupLabel":[],"valueHier":["http://www.bioassayontology.org/bao#BAO_0002785","http://www.bioassayontology.org/bao#BAO_0000015"],"labelHier":["gene expression assay","bioassay"]},{"propURI":"http://www.bioassayontology.org/bao#BAO_0095009","propLabel":"assay design method","propAbbrev":"bao:BAO_0095009","valueURI":"http://www.bioassayexpress.org/bae#0000090","valueLabel":"quantitative real-time PCR (qPCR)","valueAbbrev":"bae:0000090","valueDescr":"","groupNest":[],"groupLabel":[],"valueHier":["http://www.bioassayontology.org/bao#BAO_0002080","http://www.bioassayontology.org/bao#BAO_0002450","http://www.bioassayontology.org/bao#BAO_0003034","http://www.bioassayontology.org/bao#BAO_0003024","http://www.bioassayontology.org/bao#BAO_0002202"],"labelHier":["polymerase chain reaction","nucleic acid amplification method","nucleic acid identification and quantitation method","gene expression detection method","assay design method"]},{"propURI":"http://www.bioassayontology.org/bao#BAO_0002009","propLabel":"biological process","propAbbrev":"bao:BAO_0002009","valueURI":"http://purl.obolibrary.org/obo/GO_0039694","valueLabel":"viral RNA genome replication","valueAbbrev":"obo:GO_0039694","valueDescr":"The replication of a viral RNA genome.","groupNest":[],"groupLabel":[],"valueHier":["http://purl.obolibrary.org/obo/GO_0039703","http://purl.obolibrary.org/obo/GO_0016070","http://purl.obolibrary.org/obo/GO_0044260","http://purl.obolibrary.org/obo/GO_0044237","http://purl.obolibrary.org/obo/GO_0009987","http://purl.obolibrary.org/obo/GO_0008150","http://www.bioassayontology.org/bao#BAO_0003114"],"labelHier":["RNA replication","RNA metabolic process","cellular macromolecule metabolic process","cellular metabolic process","cellular process","biological process","assay biology component"]},{"propURI":"http://www.bioassayontology.org/bao#BAO_0000196","propLabel":"assay mode of action","propAbbrev":"bao:BAO_0000196","valueURI":"http://www.bioassayontology.org/bao#BAO_0000091","valueLabel":"inhibition","valueAbbrev":"bao:BAO_0000091","valueDescr":"Reduction of a predefined stimulus. Unit of Measure is always % when normalized to the dynamic range of the assay.","groupNest":[],"groupLabel":[],"valueHier":["http://www.bioassayontology.org/bao#BAO_0000084","http://www.bioassayontology.org/bao#BAO_0000074"],"labelHier":["ligand function mode of action","mode of action"]},{"propURI":"http://www.bioassayontology.org/bao#BAO_0000210","propLabel":"screening campaign stage","propAbbrev":"bao:BAO_0000210","valueURI":"http://www.bioassayontology.org/bao#BAO_0000031","valueLabel":"primary assay","valueAbbrev":"bao:BAO_0000031","valueDescr":"The first assay performed in a in a screening campaign. The purpose of the primary assay is to identify hits, which are potentially biologically active chemical entities. Generally in this assay, the perturbagens are tested at a single concentration with only one measurement. It is followed by a confirmatory screen, which can be run at a single concentration with multiple replicates or as concentration-response assay.","groupNest":[],"groupLabel":[],"valueHier":["http://www.bioassayontology.org/bao#BAO_0000029"],"labelHier":["assay screening campaign stage"]},{"propURI":"http://www.bioassayontology.org/bao#BAO_0002663","propLabel":"assay kit","propAbbrev":"bao:BAO_0002663","valueURI":"http://www.bioassayexpress.org/bae#0000093","valueLabel":"MiniBEST Viral RNA/DNA Extraction Kit (Takara)","valueAbbrev":"bae:0000093","valueDescr":"","groupNest":[],"groupLabel":[],"valueHier":["http://www.bioassayontology.org/bao#BAO_0000248"],"labelHier":["assay kit"]},{"propURI":"http://www.bioassayontology.org/bao#BAO_0002867","propLabel":"assay footprint","propAbbrev":"bao:BAO_0002867","valueURI":"http://www.bioassayontology.org/bao#BAO_0000508","valueLabel":"microplate","valueAbbrev":"bao:BAO_0000508","valueDescr":"The assay is performed in a microplate, which can either be 96 well, 384 well, or 1536 well plates.","groupNest":[],"groupLabel":[],"altLabels":["microwell plate","microtiter plate"],"valueHier":["http://www.bioassayontology.org/bao#BAO_0000512"],"labelHier":["assay footprint"]},{"propURI":"http://www.bioassayontology.org/bao#BAO_0000207","propLabel":"physical detection method","propAbbrev":"bao:BAO_0000207","valueURI":"http://www.bioassayontology.org/bao#BAO_0000363","valueLabel":"fluorescence intensity","valueAbbrev":"bao:BAO_0000363","valueDescr":"Fluorescence intensity is the measure of fluorescence from a sample.","groupNest":[],"groupLabel":[],"valueHier":["http://www.bioassayontology.org/bao#BAO_0000046","http://www.bioassayontology.org/bao#BAO_0000035"],"labelHier":["fluorescence method","physical detection method"]},{"propURI":"http://www.bioassayontology.org/bao#BAO_0002865","propLabel":"detection instrument","propAbbrev":"bao:BAO_0002865","valueURI":"http://www.bioassayexpress.org/bae#0000081","valueLabel":"StepOnePlus Real-Time PCR System (Life Technologies)","valueAbbrev":"bae:0000081","valueDescr":"The StepOnePlus™ Real-Time PCR System is a 96-well Real-Time PCR instrument perfect for both first-time and experienced users. The StepOnePlus™ Real-Time PCR System can be setup in a variety of configurations and comes ready to use, out of the box, with intuitive data analysis and instrument control software. Utilizing robust LED based 4-color optical recording, the StepOnePlus™ Real-Time PCR System is designed to deliver precise, quantitative Real-Time PCR results for a variety of genomic research applications.","groupNest":[],"groupLabel":[],"valueHier":["http://www.bioassayontology.org/bao#BAO_0000697"],"labelHier":["detection instrument"]},{"propURI":"http://www.bioassayontology.org/bao#BAO_0000185","propLabel":"perturbagen type","propAbbrev":"bao:BAO_0000185","valueURI":"http://www.bioassayontology.org/bao#BAO_0000176","valueLabel":"small molecule","valueAbbrev":"bao:BAO_0000176","valueDescr":"Small molecule is an organic compound with a low molecular weight (<800 Da) which is used to screen against a biological target, e.g. protein, nucleic acid, cell or organism  to test its ability to bind it and bring about a change in activity. It is either isolated from a natural source or is synthesized.","groupNest":[],"groupLabel":[],"valueHier":["http://www.bioassayontology.org/bao#BAO_0000076","http://www.bioassayontology.org/bao#BAO_0003120"],"labelHier":["screened entity","assay screened entity component"]},{"propURI":"http://www.bioassayontology.org/bao#BAX_0000012","propLabel":"protein identity","propAbbrev":"bao:BAX_0000012","valueURI":"http://www.bioassayontology.org/bat#NotApplicable","valueLabel":"not applicable","valueAbbrev":"bat:NotApplicable","valueDescr":"This property does not apply to this assay.","groupNest":[],"groupLabel":[],"valueHier":[],"labelHier":[]},{"propURI":"http://www.bioassayontology.org/bao#BAX_0000011","propLabel":"gene identity","propAbbrev":"bao:BAX_0000011","valueURI":"http://www.bioassayontology.org/bat#NotApplicable","valueLabel":"not applicable","valueAbbrev":"bat:NotApplicable","valueDescr":"This property does not apply to this assay.","groupNest":[],"groupLabel":[],"valueHier":[],"labelHier":[]},{"propURI":"http://www.bioassayontology.org/bao#BAO_0000211","propLabel":"target","propAbbrev":"bao:BAO_0000211","valueURI":"http://www.bioassayontology.org/bat#NotApplicable","valueLabel":"not applicable","valueAbbrev":"bat:NotApplicable","valueDescr":"This property does not apply to this assay.","groupNest":[],"groupLabel":[],"valueHier":[],"labelHier":[]},{"propURI":"http://www.bioassayontology.org/bao#BAO_0002852","propLabel":"assay sources","propAbbrev":"bao:BAO_0002852","valueURI":"http://www.bioassayontology.org/bao#BAO_0000709","valueLabel":"research institute","valueAbbrev":"bao:BAO_0000709","valueDescr":"The name of the screening center organization that is affiliated with an assay or an experiment; for example the assay was developed by an individual affiliated with that organization or an assay experiment (screen) was performed by a group / in  lab affiliated with that research organization.","groupNest":[],"groupLabel":[],"valueHier":["http://www.bioassayontology.org/bao#BAO_0002934"],"labelHier":["organization"]},{"propURI":"http://www.bioassayontology.org/bao#BAO_0003107","propLabel":"GO terms","propAbbrev":"bao:BAO_0003107","valueURI":"http://www.bioassayontology.org/bat#NotApplicable","valueLabel":"not applicable","valueAbbrev":"bat:NotApplicable","valueDescr":"This property does not apply to this assay.","groupNest":[],"groupLabel":[],"valueHier":[],"labelHier":[]},{"propURI":"http://www.bioassayontology.org/bao#BAO_0002800","propLabel":"assay cell line","propAbbrev":"bao:BAO_0002800","valueURI":"http://www.bioassayexpress.org/bae#0000097","valueLabel":"Vero E6 cell","valueAbbrev":"bae:0000097","valueDescr":"ATCC 1586","groupNest":[],"groupLabel":[],"valueHier":["http://purl.obolibrary.org/obo/CLO_0009524","http://purl.obolibrary.org/obo/CLO_0000019","http://purl.obolibrary.org/obo/CLO_0000001"],"labelHier":["Vero cell","immortal cell line cell","cell line cell"]},{"propURI":"http://www.bioassayontology.org/bao#BAO_0000208","propLabel":"result","propAbbrev":"bao:BAO_0000208","valueURI":"http://www.bioassayontology.org/bao#BAO_0000201","valueLabel":"percent inhibition","valueAbbrev":"bao:BAO_0000201","valueDescr":"Percent decrease of a measureable response as a consequence of compound treatment.  Unit of Measure is always % when normalized to the dynamic range of the assay. Percent inhibition is expressed relative to a positive control (which results in total inhibition).","groupNest":[],"groupLabel":[],"valueHier":["http://www.bioassayontology.org/bao#BAO_0000082","http://www.bioassayontology.org/bao#BAO_0000181","http://www.bioassayontology.org/bao#BAO_0000179"],"labelHier":["percent response","response endpoint","endpoint"]},{"propURI":"http://www.bioassayontology.org/bao#BAO_0002853","valueLabel":"Hydroxychloroquine, a less toxic derivative of chloroquine, is effective in inhibiting SARS-CoV-2 infection in vitro: viral yield","propAbbrev":"bao:BAO_0002853","groupNest":[],"propLabel":"assay title","groupLabel":[]}],"pubchemXRef":[],"curationTime":1585600118444,"curatorID":"google:116162532162477418918","curatorName":"","curatorEmail":"sjeschonek@collaborativedrug.com","history":[{"curationTime":1585599566427,"curatorID":"google:116162532162477418918","curatorName":"","curatorEmail":"sjeschonek@collaborativedrug.com","annotsAdded":[{"propURI":"http://www.bioassayontology.org/bao#BAO_0000207","propLabel":"physical detection method","propAbbrev":"bao:BAO_0000207","valueURI":"http://www.bioassayontology.org/bao#BAO_0000363","valueLabel":"fluorescence intensity","valueAbbrev":"bao:BAO_0000363","valueDescr":"Fluorescence intensity is the measure of fluorescence from a sample.","valueHier":["http://www.bioassayontology.org/bao#BAO_0000046","http://www.bioassayontology.org/bao#BAO_0000035"],"labelHier":["fluorescence method","physical detection method"]},{"propURI":"http://www.bioassayontology.org/bao#BAO_0095010","propLabel":"assay supporting method","propAbbrev":"bao:BAO_0095010","valueURI":"http://www.bioassayontology.org/bao#BAO_0000244","valueLabel":"viral transduction method","valueAbbrev":"bao:BAO_0000244","valueDescr":"This refers to the infection of cells with either a pathogenic or a modified virus, which introduces viral genome into the cells. Pathogenic viruses include the influenza virus, measles virus, Japanese encephalitis virus, etc. For recombinant expression of proteins in cells or tissues, several types of viruses are utilized, including lentivirus, retrovirus, adenovirus, etc, with each having their own advantages and disadvantages.","valueHier":["http://www.bioassayontology.org/bao#BAO_0000241","http://www.bioassayontology.org/bao#BAO_0000238","http://www.bioassayontology.org/bao#BAO_0002197","http://www.bioassayontology.org/bao#BAO_0002429"],"labelHier":["genetic modification method","cell line modification method","modification method","assay supporting method"]},{"propURI":"http://www.bioassayontology.org/bao#BAO_0000185","propLabel":"perturbagen type","propAbbrev":"bao:BAO_0000185","valueURI":"http://www.bioassayontology.org/bao#BAO_0000176","valueLabel":"small molecule","valueAbbrev":"bao:BAO_0000176","valueDescr":"Small molecule is an organic compound with a low molecular weight (<800 Da) which is used to screen against a biological target, e.g. protein, nucleic acid, cell or organism  to test its ability to bind it and bring about a change in activity. It is either isolated from a natural source or is synthesized.","valueHier":["http://www.bioassayontology.org/bao#BAO_0000076","http://www.bioassayontology.org/bao#BAO_0003120"],"labelHier":["screened entity","assay screened entity component"]},{"propURI":"http://www.bioassayontology.org/bao#BAO_0002852","propLabel":"assay sources","propAbbrev":"bao:BAO_0002852","valueURI":"http://www.bioassayontology.org/bao#BAO_0000709","valueLabel":"research institute","valueAbbrev":"bao:BAO_0000709","valueDescr":"The name of the screening center organization that is affiliated with an assay or an experiment; for example the assay was developed by an individual affiliated with that organization or an assay experiment (screen) was performed by a group / in  lab affiliated with that research organization.","valueHier":["http://www.bioassayontology.org/bao#BAO_0002934"],"labelHier":["organization"]},{"propURI":"http://www.bioassayontology.org/bao#BAO_0002867","propLabel":"assay footprint","propAbbrev":"bao:BAO_0002867","valueURI":"http://www.bioassayontology.org/bao#BAO_0000508","valueLabel":"microplate","valueAbbrev":"bao:BAO_0000508","valueDescr":"The assay is performed in a microplate, which can either be 96 well, 384 well, or 1536 well plates.","altLabels":["microwell plate","microtiter plate"],"valueHier":["http://www.bioassayontology.org/bao#BAO_0000512"],"labelHier":["assay footprint"]},{"propURI":"http://www.bioassayontology.org/bao#BAO_0095009","propLabel":"assay design method","propAbbrev":"bao:BAO_0095009","valueURI":"http://www.bioassayexpress.org/bae#0000090","valueLabel":"quantitative real-time PCR (qPCR)","valueAbbrev":"bae:0000090","valueDescr":"","valueHier":["http://www.bioassayontology.org/bao#BAO_0002080","http://www.bioassayontology.org/bao#BAO_0002450","http://www.bioassayontology.org/bao#BAO_0003034","http://www.bioassayontology.org/bao#BAO_0003024","http://www.bioassayontology.org/bao#BAO_0002202"],"labelHier":["polymerase chain reaction","nucleic acid amplification method","nucleic acid identification and quantitation method","gene expression detection method","assay design method"]},{"propURI":"http://www.bioassayontology.org/bao#BAO_0002800","propLabel":"assay cell line","propAbbrev":"bao:BAO_0002800","valueURI":"http://www.bioassayexpress.org/bae#0000097","valueLabel":"Vero E6 cell","valueAbbrev":"bae:0000097","valueDescr":"ATCC 1586","valueHier":["http://purl.obolibrary.org/obo/CLO_0009524","http://purl.obolibrary.org/obo/CLO_0000019","http://purl.obolibrary.org/obo/CLO_0000001"],"labelHier":["Vero cell","immortal cell line cell","cell line cell"]},{"propURI":"http://www.bioassayontology.org/bao#BAO_0000205","propLabel":"assay format","propAbbrev":"bao:BAO_0000205","valueURI":"http://www.bioassayontology.org/bao#BAO_0000219","valueLabel":"cell based format","valueAbbrev":"bao:BAO_0000219","valueDescr":"Involves the use of living cells of eukaryotic origin, derived from a multicellular organism, and is a heterogeneous assay type. Typically, this refers to permanent (immortal) cell lines, or primary cells, or some form of stem cells. This is distinct from a single-celled organism-based format (classically bacteria or yeast).","valueHier":["http://www.bioassayontology.org/bao#BAO_0000019"],"labelHier":["assay format"]},{"propURI":"http://www.bioassayontology.org/bao#BAO_0002848","propLabel":"applies to disease","propAbbrev":"bao:BAO_0002848","valueURI":"http://www.bioassayexpress.org/bae#0000087","valueLabel":"COVID-19","valueAbbrev":"bae:0000087","valueDescr":"Synonyms: SARS-CoV-2, 2019-nCoV, 2019 novel coronavirus, severe acute respiratory syndrome coronavirus 2","valueHier":["http://purl.obolibrary.org/obo/DOID_2945","http://purl.obolibrary.org/obo/DOID_934","http://purl.obolibrary.org/obo/DOID_0050117","http://purl.obolibrary.org/obo/DOID_4"],"labelHier":["severe acute respiratory syndrome","viral infectious disease","disease by infectious agent","Disease"]},{"propURI":"http://www.bioassayontology.org/bao#BAO_0002921","propLabel":"organism","propAbbrev":"bao:BAO_0002921","valueURI":"http://purl.obolibrary.org/obo/NCBITaxon_9534","valueLabel":"Chlorocebus aethiops","valueAbbrev":"obo:NCBITaxon_9534","valueDescr":"","altLabels":["African green monkeys","grivet","savanah monkey","African green monkey"],"valueHier":["http://www.bioassayontology.org/bao#BAO_0000362","http://www.bioassayontology.org/bao#BAO_0000510","http://www.bioassayontology.org/bao#BAO_0000659","http://www.bioassayontology.org/bao#BAO_0000509","http://www.bioassayontology.org/bao#BAO_0000658","http://www.bioassayontology.org/bao#BAO_0000551"],"labelHier":["mammalian","vertebrate","metazoa","eukaryote","cellular organisms","organism"]},{"propURI":"http://www.bioassayontology.org/bao#BAO_0003107","propLabel":"GO terms","propAbbrev":"bao:BAO_0003107","valueURI":"http://www.bioassayontology.org/bat#NotApplicable","valueLabel":"not applicable","valueAbbrev":"bat:NotApplicable","valueDescr":"This property does not apply to this assay.","valueHier":[],"labelHier":[]},{"propURI":"http://www.bioassayontology.org/bao#BAX_0000011","propLabel":"gene identity","propAbbrev":"bao:BAX_0000011","valueURI":"http://www.bioassayontology.org/bat#NotApplicable","valueLabel":"not applicable","valueAbbrev":"bat:NotApplicable","valueDescr":"This property does not apply to this assay.","valueHier":[],"labelHier":[]},{"propURI":"http://www.bioassayontology.org/bao#BAO_0000196","propLabel":"assay mode of action","propAbbrev":"bao:BAO_0000196","valueURI":"http://www.bioassayontology.org/bao#BAO_0000091","valueLabel":"inhibition","valueAbbrev":"bao:BAO_0000091","valueDescr":"Reduction of a predefined stimulus. Unit of Measure is always % when normalized to the dynamic range of the assay.","valueHier":["http://www.bioassayontology.org/bao#BAO_0000084","http://www.bioassayontology.org/bao#BAO_0000074"],"labelHier":["ligand function mode of action","mode of action"]},{"propURI":"http://www.bioassayontology.org/bao#BAO_0000211","propLabel":"target","propAbbrev":"bao:BAO_0000211","valueURI":"http://www.bioassayontology.org/bat#NotApplicable","valueLabel":"not applicable","valueAbbrev":"bat:NotApplicable","valueDescr":"This property does not apply to this assay.","valueHier":[],"labelHier":[]},{"propURI":"http://www.bioassayontology.org/bao#BAX_0000012","propLabel":"protein identity","propAbbrev":"bao:BAX_0000012","valueURI":"http://www.bioassayontology.org/bat#NotApplicable","valueLabel":"not applicable","valueAbbrev":"bat:NotApplicable","valueDescr":"This property does not apply to this assay.","valueHier":[],"labelHier":[]},{"propURI":"http://www.bioassayontology.org/bao#BAO_0002009","propLabel":"biological process","propAbbrev":"bao:BAO_0002009","valueURI":"http://purl.obolibrary.org/obo/GO_0039694","valueLabel":"viral RNA genome replication","valueAbbrev":"obo:GO_0039694","valueDescr":"The replication of a viral RNA genome.","valueHier":["http://purl.obolibrary.org/obo/GO_0039703","http://purl.obolibrary.org/obo/GO_0016070","http://purl.obolibrary.org/obo/GO_0044260","http://purl.obolibrary.org/obo/GO_0044237","http://purl.obolibrary.org/obo/GO_0009987","http://purl.obolibrary.org/obo/GO_0008150","http://www.bioassayontology.org/bao#BAO_0003114"],"labelHier":["RNA replication","RNA metabolic process","cellular macromolecule metabolic process","cellular metabolic process","cellular process","biological process","assay biology component"]},{"propURI":"http://www.bioassayontology.org/bao#BAO_0002865","propLabel":"detection instrument","propAbbrev":"bao:BAO_0002865","valueURI":"http://www.bioassayexpress.org/bae#0000081","valueLabel":"StepOnePlus Real-Time PCR System (Life Technologies)","valueAbbrev":"bae:0000081","valueDescr":"The StepOnePlus™ Real-Time PCR System is a 96-well Real-Time PCR instrument perfect for both first-time and experienced users. The StepOnePlus™ Real-Time PCR System can be setup in a variety of configurations and comes ready to use, out of the box, with intuitive data analysis and instrument control software. Utilizing robust LED based 4-color optical recording, the StepOnePlus™ Real-Time PCR System is designed to deliver precise, quantitative Real-Time PCR results for a variety of genomic research applications.","valueHier":["http://www.bioassayontology.org/bao#BAO_0000697"],"labelHier":["detection instrument"]},{"propURI":"http://www.bioassayontology.org/bao#BAO_0000208","propLabel":"result","propAbbrev":"bao:BAO_0000208","valueURI":"http://www.bioassayontology.org/bao#BAO_0000201","valueLabel":"percent inhibition","valueAbbrev":"bao:BAO_0000201","valueDescr":"Percent decrease of a measureable response as a consequence of compound treatment.  Unit of Measure is always % when normalized to the dynamic range of the assay. Percent inhibition is expressed relative to a positive control (which results in total inhibition).","valueHier":["http://www.bioassayontology.org/bao#BAO_0000082","http://www.bioassayontology.org/bao#BAO_0000181","http://www.bioassayontology.org/bao#BAO_0000179"],"labelHier":["percent response","response endpoint","endpoint"]},{"propURI":"http://www.bioassayontology.org/bao#BAO_0000210","propLabel":"screening campaign stage","propAbbrev":"bao:BAO_0000210","valueURI":"http://www.bioassayontology.org/bao#BAO_0000031","valueLabel":"primary assay","valueAbbrev":"bao:BAO_0000031","valueDescr":"The first assay performed in a in a screening campaign. The purpose of the primary assay is to identify hits, which are potentially biologically active chemical entities. Generally in this assay, the perturbagens are tested at a single concentration with only one measurement. It is followed by a confirmatory screen, which can be run at a single concentration with multiple replicates or as concentration-response assay.","valueHier":["http://www.bioassayontology.org/bao#BAO_0000029"],"labelHier":["assay screening campaign stage"]},{"propURI":"http://www.bioassayontology.org/bao#BAO_0002663","propLabel":"assay kit","propAbbrev":"bao:BAO_0002663","valueURI":"http://www.bioassayexpress.org/bae#0000093","valueLabel":"MiniBEST Viral RNA/DNA Extraction Kit (Takara)","valueAbbrev":"bae:0000093","valueDescr":"","valueHier":["http://www.bioassayontology.org/bao#BAO_0000248"],"labelHier":["assay kit"]},{"propURI":"http://www.bioassayontology.org/bao#BAO_0002854","propLabel":"bioassay type","propAbbrev":"bao:BAO_0002854","valueURI":"http://www.bioassayontology.org/bao#BAO_0000010","valueLabel":"functional","valueAbbrev":"bao:BAO_0000010","valueDescr":"An assay where the measured signal corresponds to a complex response such as cell survival, proliferation, localization of a protein, nuclear translocation etc. The molecular target is not assumed.","valueHier":["http://www.bioassayontology.org/bao#BAO_0000008"],"labelHier":["bioassay type"]},{"propURI":"http://www.bioassayontology.org/bao#BAO_0002855","propLabel":"bioassay","propAbbrev":"bao:BAO_0002855","valueURI":"http://www.bioassayexpress.org/bae#0000088","valueLabel":"RNA expression assay","valueAbbrev":"bae:0000088","valueDescr":"","valueHier":["http://www.bioassayontology.org/bao#BAO_0002785","http://www.bioassayontology.org/bao#BAO_0000015"],"labelHier":["gene expression assay","bioassay"]}],"annotsRemoved":[],"labelsAdded":[{"propURI":"http://www.bioassayontology.org/bao#BAO_0002853","valueLabel":"Hydroxychloroquine, a less toxic derivative of chloroquine, is effective in inhibiting SARS-CoV-2 infection in vitro: viral yield","propAbbrev":"bao:BAO_0002853","propLabel":"assay title"}],"labelsRemoved":[]},{"curationTime":1585600118444,"curatorID":"google:116162532162477418918","curatorName":"","curatorEmail":"sjeschonek@collaborativedrug.com","textPatch":"@@ -1,4921 +0,0 @@\n-PMC7078228%0AMaterials and Methods%0ACells and virus%0AAfrican green monkey kidney Vero E6 cell line (ATCC, no. 1586) was cultured in%0Aminimum Eagle%E2%80%99s medium (MEM; Gibco/Invitrogen) supplemented with 10%25 fetal%0Abovine serum (FBS; Gibco/Invitrogen) at 37%C2%B0C with 5%25 CO2 atmosphere. A clinical%0Astrain of severe acute respiratory syndrome coronavirus 2 (SARS-CoV-2)%0A(nCoV-2019BetaCoV/Wuhan/WIV04/2019)%0A1 was propagated in Vero E6 cells, and%0Avirus stock was maintained at -80%C2%B0C. All the infection experiments were performed in%0Aa biosafety level-3 (BLS-3) laboratory.%0AVirus titer was determined by a standard tissue culture infectious dose (TCID50)%0Aendpoint dilution assay using immunofluorescence staining method with%0Aanti-nucleocapsid protein (NP) rabbit serum (1:1000 dilution) and Alexa 488-labeled%0Agoat anti-rabbit IgG (1:500 dilution; Abcam) as the primary and the secondary%0Aantibody, respectively.%0A1%0AEvaluation of antiviral activities of the drugs%0ATo analyze the antiviral activities of chloroquine phosphate (CQ, Sigma-Aldrich, no.%0AC6628) and hydroxychloroquine sulfate (HCQ, MCE, no. HY-B1370), the%0Acytotoxicity of the two drugs on Vero E6 cells was first determined using cell%0Acounting kit-8 (CCK8) (Beyotime, China) according to manufacturer%E2%80%99s protocol.%0AThen, Vero E6 cells (1 %C3%97 105 cells/well) cultured in 48-well cell-culture plates were %0Apre-treated with the different concentrations of the two compounds for 1 h at 37 %C2%B0C,%0Afollowed by infection with virus at different MOIs (0.01, 0.02, 0.2, and 0.8) for 2 h.%0ASubsequently, the virus-drug mixture was removed and cells were extensively washed%0Awith PBS. Then, the fresh drug-containing medium was added and further maintained%0Auntil 48 h p.i., and the virus yield in the infected cell supernatant was quantified by%0Aquantitative real-time RT-PCR (qRT-PCR) (Takara, Cat no. 9766) as described%0Apreviously.%0A2 Briefly, total viral RNA was isolated and cDNA was synthesized by%0Areverse transcription. Quantitative PCR was performed using cDNA as the template%0Awith specific primers against the receptor binding domain (RBD) of viral spike gene.%0AA standard curve was generated by using serially-diluted plasmid standards. After%0Adetermining viral RNA copies in each group by qRT-PCR, the dose-response curves%0Awere plotted by using GraphPad Prism 6 software.%0ATime-of-addition experiment%0ATime-of-addition experiment of CQ and HCQ were performed as previously. 2 Briefly,%0AVero E6 cells (1 %C3%97 105%0Acells/well) were treated with CQ (10 %CE%BCM), HCQ (30 %CE%BCM) or%0APBS control at different stages of virus infection (Entry, Full-time, and Post-entry),%0Aand then infected with virus at an MOI of 0.07. At 16 h p.i., virus yield in the infected%0Acell supernatant was quantified by qRT-PCR. The expression of viral NP in the%0Ainfected cells was analyzed by immunofluorescence analysis (IFA) using anti-NP%0Arabbit sera (1:1000 dilution) and Alexa 488-labeled goat anti-rabbit IgG (1:500%0Adilution; Abcam) as the primary and the secondary antibody, respectively. The nuclei %0Awere stained with Hoechst 33258 dye (Beyotime, China). The cells were imaged by%0Afluorescence microscopy.%0AThe mechanism of CQ and HCQ in inhibition of virus entry%0ATo analyze the mode of action of CQ and HCQ in inhibiting virus entry,%0Aco-localization analysis of virions and early endosomes (EEs) or endolysosomes (ELs)%0Awere carried out. Vero E6 cells (2.5 %C3%97 105%0Acells/well) cultured in 35-mm glass-bottom%0Aculture dishes were pre-treated with CQ (50 %CE%BCM), HCQ (50 %CE%BCM), or PBS control for 1%0Ah before virus attachment, and then incubated with SARS-CoV-2 (MOI = 10) at 4 %C2%B0C%0Ato allow virus binding for 1 h. After being washed three times with pre-chilled PBS,%0Athe cells were further cultured with fresh drug-containing medium at 37 %C2%B0C for 90 min,%0Aand then fixed and subjected to IFA.%0AFor co-localization analysis of virions and EEA1+ EEs, the fixed cells were incubated%0Awith rabbit sera against NP (anti-NP, 1:500 dilution) and mouse anti-EEA1 antibody%0A(1:100 dilution, Cell Signaling Technology) as the primary antibodies, and then%0Astained with Alexa 647-labeled goat anti-rabbit IgG (1:500 dilution; Abcam) and%0AAlexa 488-labeled rabbit anti-mouse IgG (1:500 dilution; Abcam) as the secondary%0Aantibodies, respectively. For co-localization analysis of virions and LAMP1%0A+ ELs,%0Amouse monoclonal antibody against NP (1:100 dilution) and rabbit anti-LAMP1%0Aantibody (1:500 dilution, Cell Signaling Technology) were used as the primary%0Aantibodies, and Alexa 647-labeled rabbit anti-mouse IgG (1:500 dilution; Abcam) and %0AAlexa 488-labeled goat anti-rabbit IgG (1:500 dilution; Abcam) were used as the%0Asecondary antibodies, respectively. Fluorescence images were obtained by using a%0Aconfocal microscope (Nikon A1RMP two-photon microscope). Then, the proportions%0Aof SARS-CoV-2 particles (yellow) co-localized with EEs or ELs (green) to all%0Aparticles (red) in the cells were quantified and analyzed (n %3E 30) by image J%0A(Colocation Threshold plugin).\n","annotsAdded":[],"annotsRemoved":[],"labelsAdded":[],"labelsRemoved":[]}],"holdingIDList":[]}