{"assayID":7057,"uniqueID":"pubchemAID:743491","text":"Fluorescence-based cell-based late stage dose response assay to identify agonists of the human trace amine associated receptor 1 (TAAR1) (MedChem Round 1)\n\nDescription:\n\nHeterotrimeric G-protein coupled receptors (GPCRs) are major targets for disease therapeutics, due in part to their broad tissue distribution, structural diversity, varied modes of action, and disease-associated mutations (1-4). TAAR1 (trace amine associated receptor 1) is a G protein-coupled receptor activated by trace amines. Trace amines (TA) such as Beta-phenethylamine (Beta-PEA), p-tyramine (TYR), octopamine, and tryptamine are endogenous amine compounds that account for less than 1% of the biogenic amines in most brain regions (5), and exert pharmacological actions in humans (6,7). In addition to binding Beta-PEA and TYR, rat TAAR1 is also activated by dopamine, octopamine, tryptamine, amphetamine, and lysergic acid (8-10). TAs are of particular interest because they have been shown to modulate the activity of neurotransmitters such as dopamine (11-13) and gamma-amino butyric acid (14-16) and alterations in their brain levels are associated with schizophrenia (17-19) and depression (20, 21). Their potential to modulate dopaminergic activity suggests that they may play a role in the efficacy of L-DOPA in treating Parkinson disease4 and addiction (13). In humans, only TAAR1 has been shown to be activated by Beta-PEA and TYR, resulting in increased cyclic adenosine monophosphate (cAMP) accumulation through coupling to Gs (9, 10). Endogenous hTAAR1 activity is predominantly coupled to G-alpha-s and the accumulation of cAMP. The variety of compounds potentially acting at this receptor makes it attractive to assume that hTAAR1 is involved in a variety of integrated CNS processes such as mood and cognition. As a result, hTAAR1 is an interesting target for the development of ligands to probe the role of this receptor in CNS function and disease. For this project, the assay provider has created a cell line expressing the hTAAR1 in a parent cell line (RD-HGA16 cells, Molecular Devices) that stably over expresses the promiscuous G-protein, G-alpha-16, thereby coupling hTAAR1 activation to mobilization of internal calcium stores. Because TAs may be involved in modulating a variety of behaviors including mood, cognition, and addiction, it is of interest to discover novel ligands for TAAR1 to probe the role TAs play in brain function (22).\n\nAssay Overview:\n\nThe purpose of this assay is to confirm activity of compounds identified as active in a previous set of experiments entitled, \"Fluorescence-based cell-based high throughput dose response assay to identify agonists of the human trace amine associated receptor 1 (TAAR1)\"(AID 686985) This assay allows TAAR1 to signal predominantly through calcium mobilization by stably expressing TAAR1 in the RD-HGA16 cell line. The RD-HGA16 cell line is a CHO cell-derived cell line that stably expresses Ga16. Ga16 has been shown to couple many GPCRs to calcium mobilization regardless of their endogenous signaling mechanisms. In other words, this cell line permits the coupling of non-Gq-coupled G-protein-coupled receptors to the mobilization of internal calcium. In this assay a CHO cell line that stably expresses TAAR1 is incubated with a fluorescent, cell permeable calcium indicator dye (Fluo-8), followed by the addition of test compounds. The dye serves to monitor levels of intracellular calcium in the CHO- TAAR1 cells. As designed, compounds that act as TAAR1 agonists will increase calcium mobilization, resulting in increased relative fluorescence of the indicator dye, and increased well fluorescence. The compounds are tested at 29.9uM with a 10 point, 1:3 dilution series in triplicate.\n\nProtocol Summary:\n\nThe TAAR1-HGA16 cell line was routinely cultured in T-175 sq cm flasks at 37 C and 95% relative humidity (RH). The growth media consisted of Ham's F-12 Nutrient Media (F-12) supplemented with 10% v/v heat-inactivated qualified fetal bovine serum, 20 mM HEPES, 400 ug/mL Geneticin, 200 ug/mL Hygromycin and 1X antibiotic mix (penicillin and streptomycin).\n\nThe day before the assay 750 cells in 3 uL of growth media, lacking Geneticin and Hygromycin, were seeded into each well of 1536 well microtiter plates and allowed to incubate at 37 C, 5% CO2, and 95 % RH for 17-24 hours. Next, 2 uL of the fluorogenic Fluo-8 intracellular calcium indicator mixture (prepared according to the manufacturer's protocol) was added to each well. Plates were then incubated for 75 minutes at 37 C, 5% CO2, and 95 % RH, followed by 30 minute incubation at room temperature. Then, 30 nL of 100% DMSO was added to each well and incubated at room temperature for 5 minutes. Then, 15 nL of test compound in DMSO were dispensed to appropriate wells. The assay was started by performing a basal read of plate fluorescence (470-495 nm excitation and 515-575 nm emission) for 5 seconds on the FLIPR Tetra (Molecular Devices). Then a real time fluorescence measurement was immediately performed for the remaining 140 seconds of the assay.\n","schemaURI":"http://www.bioassayontology.org/bas#","annotations":[{"propURI":"http://www.bioassayontology.org/bao#BAO_0000205","propLabel":"assay format","propAbbrev":"bao:BAO_0000205","valueURI":"http://www.bioassayontology.org/bao#BAO_0000219","valueLabel":"cell based format","valueAbbrev":"bao:BAO_0000219","valueDescr":"Involves the use of living cells of eukaryotic origin, derived from a multicellular organism, and is a heterogeneous assay type. Typically, this refers to permanent (immortal) cell lines, or primary cells, or some form of stem cells. This is distinct from a single-celled organism-based format (classically bacteria or yeast).","groupNest":[],"groupLabel":[],"valueHier":["http://www.bioassayontology.org/bao#BAO_0000019"],"labelHier":["assay format"]},{"propURI":"http://www.bioassayontology.org/bao#BAO_0003107","propLabel":"GO terms","propAbbrev":"bao:BAO_0003107","valueURI":"http://purl.obolibrary.org/obo/GO_0001594","valueLabel":"trace-amine receptor activity","valueAbbrev":"obo:GO_0001594","valueDescr":"Combining with a trace amine to initiate a change in cell activity. Trace amines are biogenic amines that are synthesized from aromatic amino acids and are substrates for monoamine oxidase, and are therefore detectable only at trace levels in mammals.","groupNest":[],"groupLabel":[],"valueHier":["http://purl.obolibrary.org/obo/GO_0008227","http://purl.obolibrary.org/obo/GO_0004930","http://purl.obolibrary.org/obo/GO_0004888","http://purl.obolibrary.org/obo/GO_0038023","http://purl.obolibrary.org/obo/GO_0004872","http://purl.obolibrary.org/obo/GO_0003674","http://www.bioassayontology.org/bao#BAO_0003117","http://www.bioassayontology.org/bao#BAO_0003114"],"labelHier":["G-protein coupled amine receptor activity","G-protein coupled receptor activity","transmembrane signaling receptor activity","signaling receptor activity","receptor activity","molecular function","function","assay biology component"]},{"propURI":"http://www.bioassayontology.org/bao#BAO_0003107","propLabel":"GO terms","propAbbrev":"bao:BAO_0003107","valueURI":"http://purl.obolibrary.org/obo/GO_0004930","valueLabel":"G-protein coupled receptor activity","valueAbbrev":"obo:GO_0004930","valueDescr":"Combining with an extracellular signal and transmitting the signal across the membrane by activating an associated G-protein; promotes the exchange of GDP for GTP on the alpha subunit of a heterotrimeric G-protein complex.","groupNest":[],"groupLabel":[],"valueHier":["http://purl.obolibrary.org/obo/GO_0004888","http://purl.obolibrary.org/obo/GO_0038023","http://purl.obolibrary.org/obo/GO_0004872","http://purl.obolibrary.org/obo/GO_0003674","http://www.bioassayontology.org/bao#BAO_0003117","http://www.bioassayontology.org/bao#BAO_0003114"],"labelHier":["transmembrane signaling receptor activity","signaling receptor activity","receptor activity","molecular function","function","assay biology component"]},{"propURI":"http://www.bioassayontology.org/bao#BAO_0003107","propLabel":"GO terms","propAbbrev":"bao:BAO_0003107","valueURI":"http://purl.obolibrary.org/obo/GO_0005886","valueLabel":"plasma membrane","valueAbbrev":"obo:GO_0005886","valueDescr":"The membrane surrounding a cell that separates the cell from its external environment. It consists of a phospholipid bilayer and associated proteins.","groupNest":[],"groupLabel":[],"valueHier":["http://purl.obolibrary.org/obo/GO_0044464","http://purl.obolibrary.org/obo/GO_0005575","http://www.bioassayontology.org/bao#BAO_0003114"],"labelHier":["cell part","cellular component","assay biology component"]},{"propURI":"http://www.bioassayontology.org/bao#BAO_0003107","propLabel":"GO terms","propAbbrev":"bao:BAO_0003107","valueURI":"http://purl.obolibrary.org/obo/GO_0006171","valueLabel":"cAMP biosynthetic process","valueAbbrev":"obo:GO_0006171","valueDescr":"The chemical reactions and pathways resulting in the formation of the nucleotide cAMP (cyclic AMP, adenosine 3',5'-cyclophosphate).","groupNest":[],"groupLabel":[],"valueHier":["http://purl.obolibrary.org/obo/GO_0009152","http://purl.obolibrary.org/obo/GO_0009260","http://purl.obolibrary.org/obo/GO_0009259","http://purl.obolibrary.org/obo/GO_0019693","http://purl.obolibrary.org/obo/GO_0019637","http://purl.obolibrary.org/obo/GO_0071704","http://purl.obolibrary.org/obo/GO_0008152","http://purl.obolibrary.org/obo/GO_0008150","http://www.bioassayontology.org/bao#BAO_0003114"],"labelHier":["purine ribonucleotide biosynthetic process","ribonucleotide biosynthetic process","ribonucleotide metabolic process","ribose phosphate metabolic process","organophosphate metabolic process","organic substance metabolic process","metabolic process","biological process","assay biology component"]},{"propURI":"http://www.bioassayontology.org/bao#BAO_0003107","propLabel":"GO terms","propAbbrev":"bao:BAO_0003107","valueURI":"http://purl.obolibrary.org/obo/GO_0007186","valueLabel":"G-protein coupled receptor signaling pathway","valueAbbrev":"obo:GO_0007186","valueDescr":"A series of molecular signals that proceeds with an activated receptor promoting the exchange of GDP for GTP on the alpha-subunit of an associated heterotrimeric G-protein complex. The GTP-bound activated alpha-G-protein then dissociates from the beta- and gamma-subunits to further transmit the signal within the cell. The pathway begins with receptor-ligand interaction, or for basal GPCR signaling the pathway begins with the receptor activating its G protein in the absence of an agonist, and ends with regulation of a downstream cellular process, e.g. transcription.  The pathway can start from the plasma membrane, Golgi or nuclear membrane (PMID:24568158 and PMID:16902576).","groupNest":[],"groupLabel":[],"valueHier":["http://purl.obolibrary.org/obo/GO_0008150","http://www.bioassayontology.org/bao#BAO_0003114"],"labelHier":["biological process","assay biology component"]},{"propURI":"http://www.bioassayontology.org/bao#BAO_0003107","propLabel":"GO terms","propAbbrev":"bao:BAO_0003107","valueURI":"http://purl.obolibrary.org/obo/GO_0016021","valueLabel":"integral component of membrane","valueAbbrev":"obo:GO_0016021","valueDescr":"The component of a membrane consisting of the gene products and protein complexes having at least some part of their peptide sequence embedded in the hydrophobic region of the membrane.","groupNest":[],"groupLabel":[],"valueHier":["http://purl.obolibrary.org/obo/GO_0031224","http://purl.obolibrary.org/obo/GO_0044425","http://purl.obolibrary.org/obo/GO_0005575","http://www.bioassayontology.org/bao#BAO_0003114"],"labelHier":["intrinsic component of membrane","membrane part","cellular component","assay biology component"]},{"propURI":"http://www.bioassayontology.org/bao#BAO_0095009","propLabel":"assay design method","propAbbrev":"bao:BAO_0095009","valueURI":"http://www.bioassayontology.org/bao#BAO_0000425","valueLabel":"dye binding method","valueAbbrev":"bao:BAO_0000425","valueDescr":"Most often, the mitochondrial membrane potential which is called delta-psi is quantitated by staining with specific dyes whose binding is dependent on the potential.","groupNest":[],"groupLabel":[],"valueHier":["http://www.bioassayontology.org/bao#BAO_0000377","http://www.bioassayontology.org/bao#BAO_0002202"],"labelHier":["membrane potential measurement method","assay design method"]},{"propURI":"http://www.bioassayontology.org/bao#BAO_0002855","propLabel":"bioassay","propAbbrev":"bao:BAO_0002855","valueURI":"http://www.bioassayontology.org/bao#BAO_0002989","valueLabel":"binding assay","valueAbbrev":"bao:BAO_0002989","valueDescr":"It is performed to quantify the interactions between two molecules, e.g. small molecule-protein, protein-protein, protein-DNA, etc.","groupNest":[],"groupLabel":[],"valueHier":["http://www.bioassayontology.org/bao#BAO_0000015"],"labelHier":["bioassay"]},{"propURI":"http://www.bioassayontology.org/bao#BAO_0002855","propLabel":"bioassay","propAbbrev":"bao:BAO_0002855","valueURI":"http://www.bioassayontology.org/bao#BAO_0000649","valueLabel":"calcium redistribution assay","valueAbbrev":"bao:BAO_0000649","valueDescr":"Calcium functions as second messenger in cell signaling.","groupNest":[],"groupLabel":[],"valueHier":["http://www.bioassayontology.org/bao#BAO_0000819","http://www.bioassayontology.org/bao#BAO_0002999","http://www.bioassayontology.org/bao#BAO_0000015"],"labelHier":["ion redistribution assay","redistribution assay","bioassay"]},{"propURI":"http://www.bioassayontology.org/bao#BAO_0095009","propLabel":"assay design method","propAbbrev":"bao:BAO_0095009","valueURI":"http://www.bioassayontology.org/bao#BAO_0000123","valueLabel":"binding assessment method","valueAbbrev":"bao:BAO_0000123","valueDescr":"Binding reporter technology is used to quantitate the interactions between two molecules, e.g. perturbagen-protein, protein-protein, protein-DNA, etc.\nThe technologies used are radioligand binding, resonance energy transfer, fluorescence polarization, protein fragment complementation assay, and several label-free methods, including surface plasmon resonance, impedance, nuclear magnetic resonance, X-ray diffraction, isothermal titration calorimetry, mass spectrometry, etc.\n","groupNest":[],"groupLabel":[],"valueHier":["http://www.bioassayontology.org/bao#BAO_0002202"],"labelHier":["assay design method"]},{"propURI":"http://www.bioassayontology.org/bao#BAO_0002921","propLabel":"organism","propAbbrev":"bao:BAO_0002921","valueURI":"http://purl.obolibrary.org/obo/NCBITaxon_9606","valueLabel":"Homo sapiens","valueAbbrev":"obo:NCBITaxon_9606","valueDescr":"","groupNest":[],"groupLabel":[],"altLabels":["Homo spiens","Homo sapience","Homo sapien","human","Homo spaiens","Homo sapians","man","Humo sapiens","Home sapiens","Homo sapiense","Homo sampiens","Homo sapeins","Homo sapines","Homo sapian","Homo sapients"],"valueHier":["http://www.bioassayontology.org/bao#BAO_0000362","http://www.bioassayontology.org/bao#BAO_0000510","http://www.bioassayontology.org/bao#BAO_0000659","http://www.bioassayontology.org/bao#BAO_0000509","http://www.bioassayontology.org/bao#BAO_0000658","http://www.bioassayontology.org/bao#BAO_0000551"],"labelHier":["mammalian","vertebrate","metazoa","eukaryote","cellular organisms","organism"]},{"propURI":"http://www.bioassayontology.org/bao#BAO_0002848","propLabel":"applies to disease","propAbbrev":"bao:BAO_0002848","valueURI":"http://purl.obolibrary.org/obo/DOID_331","valueLabel":"central nervous system disease","valueAbbrev":"obo:DOID_331","valueDescr":"\nA nervous system disease that affects either the spinal cord (myelopathy) or brain (encephalopathy) of the central nervous system.\n","groupNest":[],"groupLabel":[],"valueHier":["http://purl.obolibrary.org/obo/DOID_863","http://purl.obolibrary.org/obo/DOID_7","http://purl.obolibrary.org/obo/DOID_4"],"labelHier":["nervous system disease","disease of anatomical entity","Disease"]},{"propURI":"http://www.bioassayontology.org/bao#BAO_0000196","propLabel":"assay mode of action","propAbbrev":"bao:BAO_0000196","valueURI":"http://www.bioassayontology.org/bao#BAO_0002902","valueLabel":"agonism","valueAbbrev":"bao:BAO_0002902","valueDescr":"","groupNest":[],"groupLabel":[],"valueHier":["http://www.bioassayontology.org/bao#BAO_0000084","http://www.bioassayontology.org/bao#BAO_0000074"],"labelHier":["ligand function mode of action","mode of action"]},{"propURI":"http://www.bioassayontology.org/bao#BAO_0002867","propLabel":"assay footprint","propAbbrev":"bao:BAO_0002867","valueURI":"http://www.bioassayontology.org/bao#BAO_0000516","valueLabel":"1536 well plate","valueAbbrev":"bao:BAO_0000516","valueDescr":"This microplate contains 1536 wells. It is highly miniaturized to accommodate more wells on one plate which reduces the plate handling time and allows working with very small volumes (few microliters) that reduces the cost of an assay.","groupNest":[],"groupLabel":[],"valueHier":["http://www.bioassayontology.org/bao#BAO_0000508","http://www.bioassayontology.org/bao#BAO_0000512"],"labelHier":["microplate","assay footprint"]},{"propURI":"http://www.bioassayontology.org/bao#BAO_0002663","propLabel":"assay kit","propAbbrev":"bao:BAO_0002663","valueURI":"http://www.bioassayontology.org/bao#BAO_0000908","valueLabel":"Fluo-8 No Wash Calcium Assay Kit","valueAbbrev":"bao:BAO_0000908","valueDescr":"","groupNest":[],"groupLabel":[],"valueHier":["http://www.bioassayontology.org/bao#BAO_0000248"],"labelHier":["assay kit"]},{"propURI":"http://www.bioassayontology.org/bao#BAO_0000207","propLabel":"physical detection method","propAbbrev":"bao:BAO_0000207","valueURI":"http://www.bioassayontology.org/bao#BAO_0000363","valueLabel":"fluorescence intensity","valueAbbrev":"bao:BAO_0000363","valueDescr":"Fluorescence intensity is the measure of fluorescence from a sample.","groupNest":[],"groupLabel":[],"valueHier":["http://www.bioassayontology.org/bao#BAO_0000046","http://www.bioassayontology.org/bao#BAO_0000035"],"labelHier":["fluorescence method","physical detection method"]},{"propURI":"http://www.bioassayontology.org/bao#BAO_0002865","propLabel":"detection instrument","propAbbrev":"bao:BAO_0002865","valueURI":"http://www.bioassayontology.org/bao#BAO_0000906","valueLabel":"FLIPR TETRA","valueAbbrev":"bao:BAO_0000906","valueDescr":"","groupNest":[],"groupLabel":[],"valueHier":["http://www.bioassayontology.org/bao#BAO_0000697"],"labelHier":["detection instrument"]},{"propURI":"http://www.bioassayontology.org/bao#BAO_0002009","propLabel":"biological process","propAbbrev":"bao:BAO_0002009","valueURI":"http://purl.obolibrary.org/obo/GO_0007186","valueLabel":"G-protein coupled receptor signaling pathway","valueAbbrev":"obo:GO_0007186","valueDescr":"A series of molecular signals that proceeds with an activated receptor promoting the exchange of GDP for GTP on the alpha-subunit of an associated heterotrimeric G-protein complex. The GTP-bound activated alpha-G-protein then dissociates from the beta- and gamma-subunits to further transmit the signal within the cell. The pathway begins with receptor-ligand interaction, or for basal GPCR signaling the pathway begins with the receptor activating its G protein in the absence of an agonist, and ends with regulation of a downstream cellular process, e.g. transcription.  The pathway can start from the plasma membrane, Golgi or nuclear membrane (PMID:24568158 and PMID:16902576).","groupNest":[],"groupLabel":[],"valueHier":["http://purl.obolibrary.org/obo/GO_0008150","http://www.bioassayontology.org/bao#BAO_0003114"],"labelHier":["biological process","assay biology component"]},{"propURI":"http://www.bioassayontology.org/bao#BAO_0000211","propLabel":"target","propAbbrev":"bao:BAO_0000211","valueURI":"http://www.drugtargetontology.org/dto/DTO_02200801","valueLabel":"TAAR1","valueAbbrev":"dto:DTO_02200801","valueDescr":"","groupNest":[],"groupLabel":[],"valueHier":["http://www.drugtargetontology.org/dto/DTO_02400002","http://www.drugtargetontology.org/dto/DTO_02400001","http://www.drugtargetontology.org/dto/DTO_00200000"],"labelHier":["Class A rhodopsin like","GPCR","Gene"]},{"propURI":"http://www.bioassayontology.org/bao#BAO_0000185","propLabel":"perturbagen type","propAbbrev":"bao:BAO_0000185","valueURI":"http://www.bioassayontology.org/bao#BAO_0000733","valueLabel":"MLSMR library","valueAbbrev":"bao:BAO_0000733","valueDescr":"","groupNest":[],"groupLabel":[],"valueHier":["http://www.bioassayontology.org/bao#BAO_0000648","http://www.bioassayontology.org/bao#BAO_0000661","http://www.bioassayontology.org/bao#BAO_0003120"],"labelHier":["compound library","perturbagen library","assay screened entity component"]},{"propURI":"http://www.bioassayontology.org/bao#BAO_0000210","propLabel":"screening campaign stage","propAbbrev":"bao:BAO_0000210","valueURI":"http://www.bioassayontology.org/bao#BAO_0000030","valueLabel":"confirmatory assay","valueAbbrev":"bao:BAO_0000030","valueDescr":"Assay performed to confirm activity of compounds identified in the primary screen.  It can be performed as replicate measurements at a single screening concentration or as concentration-response assay.","groupNest":[],"groupLabel":[],"valueHier":["http://www.bioassayontology.org/bao#BAO_0000029"],"labelHier":["assay screening campaign stage"]},{"propURI":"http://www.bioassayontology.org/bao#BAO_0000208","propLabel":"result","propAbbrev":"bao:BAO_0000208","valueURI":"http://www.bioassayontology.org/bao#BAO_0000188","valueLabel":"EC50","valueAbbrev":"bao:BAO_0000188","valueDescr":"The effective concentration of an agonist, which produces 50% of the maximum possible response for that agonist.","groupNest":[],"groupLabel":[],"valueHier":["http://www.bioassayontology.org/bao#BAO_0002162","http://www.bioassayontology.org/bao#BAO_0000180","http://www.bioassayontology.org/bao#BAO_0000179"],"labelHier":["concentration response endpoint","concentration endpoint","endpoint"]},{"propURI":"http://www.bioassayontology.org/bao#BAO_0002874","propLabel":"units","propAbbrev":"bao:BAO_0002874","valueURI":"http://purl.obolibrary.org/obo/UO_0000064","valueLabel":"micromolar","valueAbbrev":"obo:UO_0000064","valueDescr":"A unit of molarity which is equal to one millionth of a molar or 10^[-6] M.","groupNest":["http://www.bioassayontology.org/bao#BAX_0000017"],"groupLabel":["measurement"],"valueHier":["http://purl.obolibrary.org/obo/UO_0000061","http://purl.obolibrary.org/obo/UO_0000051","http://purl.obolibrary.org/obo/UO_0000000"],"labelHier":["unit of molarity","concentration unit","unit"]},{"propURI":"http://www.bioassayontology.org/bao#BAX_0000011","propLabel":"gene identity","propAbbrev":"bao:BAX_0000011","valueURI":"http://www.bioassayontology.org/geneid#134864","valueLabel":"TAAR1: trace amine associated receptor 1","valueAbbrev":"geneid:134864","valueDescr":"","groupNest":[],"groupLabel":[],"altLabels":["TA1 , TAR1 , TRAR1"],"externalURLs":["https://www.ncbi.nlm.nih.gov/gene/134864"],"valueHier":["http://www.bioassayontology.org/geneid#Homo_sapiens","http://www.bioassayontology.org/geneid#Mammalia","http://www.bioassayontology.org/geneid#Root"],"labelHier":["Homo sapiens","Mammalia","Faux GeneID"]},{"propURI":"http://www.bioassayontology.org/bao#BAX_0000012","propLabel":"protein identity","propAbbrev":"bao:BAX_0000012","valueURI":"http://www.bioassayontology.org/protein#21264324","valueLabel":"trace amine-associated receptor 1 [Homo sapiens]","valueAbbrev":"protein:21264324","valueDescr":"Protein: trace amine-associated receptor 1 [Homo sapiens], Organism: Homo sapiens","groupNest":[],"groupLabel":[],"externalURLs":["https://www.ncbi.nlm.nih.gov/protein/21264324"],"valueHier":["http://www.bioassayontology.org/taxon#9606","http://www.bioassayontology.org/taxon#9605","http://www.bioassayontology.org/taxon#314295","http://www.bioassayontology.org/taxon#9526","http://www.bioassayontology.org/taxon#9443","http://www.bioassayontology.org/taxon#314146","http://www.bioassayontology.org/taxon#40674","http://www.bioassayontology.org/taxon#32524","http://www.bioassayontology.org/taxon#8287","http://www.bioassayontology.org/taxon#117570","http://www.bioassayontology.org/taxon#7711","http://www.bioassayontology.org/taxon#33511","http://www.bioassayontology.org/taxon#33213","http://www.bioassayontology.org/taxon#33208","http://www.bioassayontology.org/taxon#33154","http://www.bioassayontology.org/taxon#2759","http://www.bioassayontology.org/taxon#131567","http://www.bioassayontology.org/taxon#Root"],"labelHier":["Homo sapiens","Homo","Hominoidea / Hominidae / Homininae","Catarrhini","Primates / Haplorrhini / Simiiformes","Euarchontoglires","Mammalia / Theria / Eutheria / Boreoeutheria","Amniota","Sarcopterygii / Dipnotetrapodomorpha / Tetrapoda","Teleostomi / Euteleostomi","Chordata / Craniata / Vertebrata / Gnathostomata","Deuterostomia","Bilateria","Metazoa / Eumetazoa","Opisthokonta","Eukaryota","cellular organisms","Faux ProteinID"]},{"propURI":"http://www.bioassayontology.org/bao#BAO_0002854","propLabel":"bioassay type","propAbbrev":"bao:BAO_0002854","valueURI":"http://www.bioassayontology.org/bao#BAO_0000041","valueLabel":"binding type","valueAbbrev":"bao:BAO_0000041","valueDescr":"Binding assays are performed to understand the interaction between two molecules, e.g. perturbagen-protein, protein-protein, protein-DNA, etc.","groupNest":[],"groupLabel":[],"valueHier":["http://www.bioassayontology.org/bao#BAO_0000008"],"labelHier":["bioassay type"]},{"propURI":"http://www.bioassayontology.org/bao#BAO_0002800","propLabel":"assay cell line","propAbbrev":"bao:BAO_0002800","valueURI":"http://purl.obolibrary.org/obo/CLO_0037221","valueLabel":"RD-HGA16","valueAbbrev":"obo:CLO_0037221","valueDescr":"","groupNest":[],"groupLabel":[],"valueHier":["http://purl.obolibrary.org/obo/CLO_0000019","http://purl.obolibrary.org/obo/CLO_0000001"],"labelHier":["immortal cell line cell","cell line cell"]},{"propURI":"http://www.bioassayontology.org/bao#BAX_0000016","propLabel":"operator","propAbbrev":"bao:BAX_0000016","valueURI":"http://purl.obolibrary.org/obo/GENEPIO_0001002","valueLabel":"less than (<)","valueAbbrev":"obo:GENEPIO_0001002","valueDescr":"","groupNest":["http://www.bioassayontology.org/bao#BAX_0000017"],"groupLabel":["measurement"],"valueHier":["http://purl.obolibrary.org/obo/GENEPIO_0001001"],"labelHier":["threshold comparisons"]},{"propURI":"http://www.bioassayontology.org/bao#BAO_0002852","propLabel":"assay sources","propAbbrev":"bao:BAO_0002852","valueURI":"http://www.bioassayexpress.org/sources#SRC_0000026","valueLabel":"Molecular Screening Center (The Scripps Research Institute)","valueAbbrev":"src:SRC_0000026","valueDescr":"The Scripps Research Institute Molecular Screening Center.","groupNest":[],"groupLabel":[],"externalURLs":["http://mlpcn.florida.scripps.edu"],"valueHier":["http://www.bioassayexpress.org/sources#pubchem_sources","http://www.bioassayontology.org/bao#BAO_0002934"],"labelHier":["PubChem Sources","organization"]},{"propURI":"http://www.bioassayontology.org/bao#BAO_0002867","propLabel":"assay footprint","propAbbrev":"bao:BAO_0002867","valueURI":"http://www.bioassayontology.org/bao#BAO_0002517","valueLabel":"T-175","valueAbbrev":"bao:BAO_0002517","valueDescr":"","groupNest":[],"groupLabel":[],"valueHier":["http://www.bioassayontology.org/bao#BAO_0002192","http://www.bioassayontology.org/bao#BAO_0000512"],"labelHier":["tissue culture flask","assay footprint"]},{"propURI":"http://www.bioassayontology.org/bao#BAX_0000015","valueLabel":"EC50","propAbbrev":"bao:BAX_0000015","groupNest":["http://www.bioassayontology.org/bao#BAX_0000017"],"propLabel":"field","groupLabel":["measurement"]},{"propURI":"http://www.bioassayontology.org/bao#BAO_0002916","valueLabel":"7.0","propAbbrev":"bao:BAO_0002916","groupNest":["http://www.bioassayontology.org/bao#BAX_0000017"],"propLabel":"threshold","groupLabel":["measurement"]},{"propURI":"http://www.bioassayontology.org/bao#BAO_0000539","valueLabel":"pubchemAID:624467","propAbbrev":"bao:BAO_0000539","groupNest":[],"propLabel":"related assays","groupLabel":[]},{"propURI":"http://www.bioassayontology.org/bao#BAO_0000539","valueLabel":"pubchemAID:624477","propAbbrev":"bao:BAO_0000539","groupNest":[],"propLabel":"related assays","groupLabel":[]},{"propURI":"http://www.bioassayontology.org/bao#BAO_0000539","valueLabel":"pubchemAID:651783","propAbbrev":"bao:BAO_0000539","groupNest":[],"propLabel":"related assays","groupLabel":[]},{"propURI":"http://www.bioassayontology.org/bao#BAO_0000539","valueLabel":"pubchemAID:651787","propAbbrev":"bao:BAO_0000539","groupNest":[],"propLabel":"related assays","groupLabel":[]},{"propURI":"http://www.bioassayontology.org/bao#BAO_0000539","valueLabel":"pubchemAID:651951","propAbbrev":"bao:BAO_0000539","groupNest":[],"propLabel":"related assays","groupLabel":[]},{"propURI":"http://www.bioassayontology.org/bao#BAO_0000539","valueLabel":"pubchemAID:651952","propAbbrev":"bao:BAO_0000539","groupNest":[],"propLabel":"related assays","groupLabel":[]},{"propURI":"http://www.bioassayontology.org/bao#BAO_0000539","valueLabel":"pubchemAID:686985","propAbbrev":"bao:BAO_0000539","groupNest":[],"propLabel":"related assays","groupLabel":[]},{"propURI":"http://www.bioassayontology.org/bao#BAO_0000539","valueLabel":"pubchemAID:686983","propAbbrev":"bao:BAO_0000539","groupNest":[],"propLabel":"related assays","groupLabel":[]},{"propURI":"http://www.bioassayontology.org/bao#BAO_0000539","valueLabel":"pubchemAID:686984","propAbbrev":"bao:BAO_0000539","groupNest":[],"propLabel":"related assays","groupLabel":[]},{"propURI":"http://www.bioassayontology.org/bao#BAO_0000539","valueLabel":"pubchemAID:686988","propAbbrev":"bao:BAO_0000539","groupNest":[],"propLabel":"related assays","groupLabel":[]},{"propURI":"http://www.bioassayontology.org/bao#BAO_0002853","valueLabel":"Fluorescence-based cell-based late stage dose response assay to identify agonists of the human trace amine associated receptor 1 (TAAR1) (MedChem Round 1)","propAbbrev":"bao:BAO_0002853","groupNest":[],"propLabel":"assay title","groupLabel":[]}],"pubchemXRef":[{"type":"aid","id":"624467","comment":"Primary screen (TAAR1 activators in singlicate)"},{"type":"aid","id":"624477","comment":"Summary (TAAR1 activators)"},{"type":"aid","id":"651783","comment":"Confirmation screen (TAAR1 agonists in triplicate)"},{"type":"aid","id":"651787","comment":"Counterscreen (nonselective Ga16 agonists in triplicate)"},{"type":"aid","id":"651951","comment":"Counterscreen (TAAR1 agonists that respond because they are TAAR1 antagonists in triplicate)"},{"type":"aid","id":"651952","comment":"Counterscreen (nonselective Ga16 antagonists that may be caused by an agonist response in a dual screening node format in triplicate)"},{"type":"aid","id":"686985","comment":"Dose Response assay (TAAR1 activators in triplicate)"},{"type":"aid","id":"686983","comment":"Dose Response Counterscreen (nonselective Ga16 agonists in triplicate)"},{"type":"aid","id":"686984","comment":"Dose Response Counterscreen (TAAR1 agonists that respond because they are TAAR1 antagonists in triplicate)"},{"type":"aid","id":"686988","comment":"Dose Response Counterscreen (nonselective Ga16 antagonists that may be caused by an agonist response in a dual screening node format in triplicate)"},{"type":"gene","id":"134864","comment":"TAAR1 trace amine associated receptor 1"},{"type":"taxonomy","id":"9606","comment":""},{"type":"mim","id":"609333","comment":"*609333 - TRACE AMINE-ASSOCIATED RECEPTOR 1; TAAR1"},{"type":"dburl","id":"http://mlpcn.florida.scripps.edu/","comment":""},{"type":"pmid","id":"17959251","comment":"Reference 1"},{"type":"pmid","id":"18382464","comment":"Reference 2"},{"type":"pmid","id":"18370232","comment":"Reference 3"},{"type":"pmid","id":"17629964","comment":"Reference 4"},{"type":"pmid","id":"11723224","comment":"Reference 5"},{"type":"pmid","id":"11504935","comment":"Reference 6"},{"type":"pmid","id":"12550748","comment":"Reference 7"},{"type":"pmid","id":"11459929","comment":"Reference 8"},{"type":"pmid","id":"15718104","comment":"Reference 10"},{"type":"pmid","id":"7218373","comment":"Reference 11"},{"type":"pmid","id":"15936832","comment":"Reference 12"},{"type":"pmid","id":"15764732","comment":"Reference 13"},{"type":"pmid","id":"6141619","comment":"Reference 14"},{"type":"pmid","id":"16263097","comment":"Reference 15"},{"type":"pmid","id":"15644497","comment":"Reference 16"},{"type":"pmid","id":"8363648","comment":"Reference 17"},{"type":"pmid","id":"6518200","comment":"Reference 18"},{"type":"pmid","id":"15329799","comment":"Reference 19"},{"type":"pmid","id":"8115671","comment":"Reference 20"},{"type":"pmid","id":"11109299","comment":"Reference 21"},{"type":"pmid","id":"16831861","comment":"Reference 22"},{"type":"protein_gi","id":"21264324","comment":"trace amine-associated receptor 1 [Homo sapiens]"}],"curationTime":1523302891227,"curatorID":"google:108375455890260223170","curatorName":"","curatorEmail":"aclark.xyz@gmail.com","history":[{"curationTime":1481651585744,"curatorID":"orcid:0000-0003-2629-5583","annotsAdded":[{"propURI":"http://www.bioassayontology.org/bao#BAO_0002800","propLabel":"assay cell line","propAbbrev":"bao:BAO_0002800","valueURI":"http://purl.obolibrary.org/obo/CLO_0037221","valueLabel":"RD-HGA16","valueAbbrev":"obo:CLO_0037221","valueDescr":"","valueHier":["http://purl.obolibrary.org/obo/CLO_0000019","http://purl.obolibrary.org/obo/CLO_0000001"],"labelHier":["immortal cell line cell","cell line cell"]},{"propURI":"http://www.bioassayontology.org/bao#BAX_0000002","propLabel":"has bioassay type","propAbbrev":"bao:BAX_0000002","valueURI":"http://www.bioassayontology.org/bao#BAO_0000041","valueLabel":"binding type","valueAbbrev":"bao:BAO_0000041","valueDescr":"Binding assays are performed to understand the interaction between two molecules, e.g. perturbagen-protein, protein-protein, protein-DNA, etc.","valueHier":[],"labelHier":[],"outOfSchema":true}],"annotsRemoved":[{"propURI":"http://www.bioassayontology.org/bao#BAO_0002800","propLabel":"assay cell line","propAbbrev":"bao:BAO_0002800","valueURI":"http://purl.obolibrary.org/obo/CLO_0002421","valueLabel":"CHO cell","valueAbbrev":"obo:CLO_0002421","valueDescr":"Chinese hamster ovary cell line, that was initiated from an ovary biopsy of an adult Chinese hamster in 1957.","altLabels":["Chinese Hamster Ovary cell","CHO","中国仓鼠卵巢细胞"],"valueHier":["http://purl.obolibrary.org/obo/CLO_0000243","http://purl.obolibrary.org/obo/CLO_0000019","http://purl.obolibrary.org/obo/CLO_0000001"],"labelHier":["immortal female gonad-derived cell line cell","immortal cell line cell","cell line cell"]},{"propURI":"http://www.bioassayontology.org/bao#BAO_0002800","propLabel":"assay cell line","propAbbrev":"bao:BAO_0002800","valueURI":"http://www.bioassayontology.org/bat#RequiresTerm","valueLabel":"requires term","valueAbbrev":"bat:RequiresTerm","valueDescr":"An appropriate term could not be found in the underlying ontologies: it may be necessary to create a new one.","valueHier":[],"labelHier":[]}],"labelsAdded":[{"propURI":"http://www.bioassayontology.org/bao#BAO_0002800","valueLabel":"RD-HGA16","propAbbrev":"bao:BAO_0002800","propLabel":"assay cell line"},{"propURI":"http://www.bioassayontology.org/bao#BAX_0000002","valueLabel":"binding type","propAbbrev":"bao:BAX_0000002","propLabel":"has bioassay type"}],"labelsRemoved":[{"propURI":"http://www.bioassayontology.org/bao#BAO_0002800","valueLabel":"CHO cell","propAbbrev":"bao:BAO_0002800","propLabel":"assay cell line"},{"propURI":"http://www.bioassayontology.org/bao#BAO_0002800","valueLabel":"requires term","propAbbrev":"bao:BAO_0002800","propLabel":"assay cell line"}]},{"curationTime":1492468131460,"curatorID":"admin","annotsAdded":[{"propURI":"http://www.bioassayontology.org/bao#BAO_0002854","propLabel":"bioassay type","propAbbrev":"bao:BAO_0002854","valueURI":"http://www.bioassayontology.org/bao#BAO_0000041","valueLabel":"binding type","valueAbbrev":"bao:BAO_0000041","valueDescr":"Binding assays are performed to understand the interaction between two molecules, e.g. perturbagen-protein, protein-protein, protein-DNA, etc.","valueHier":["http://www.bioassayontology.org/bao#BAO_0000008"],"labelHier":["bioassay type"]}],"annotsRemoved":[{"propURI":"http://www.bioassayontology.org/bao#BAX_0000002","propLabel":"has bioassay type","propAbbrev":"bao:BAX_0000002","valueURI":"http://www.bioassayontology.org/bao#BAO_0000041","valueLabel":"binding type","valueAbbrev":"bao:BAO_0000041","valueDescr":"Binding assays are performed to understand the interaction between two molecules, e.g. perturbagen-protein, protein-protein, protein-DNA, etc.","valueHier":[],"labelHier":[],"outOfSchema":true}],"labelsAdded":[{"propURI":"http://www.bioassayontology.org/bao#BAO_0002854","valueLabel":"binding type","propAbbrev":"bao:BAO_0002854","propLabel":"bioassay type"}],"labelsRemoved":[{"propURI":"http://www.bioassayontology.org/bao#BAX_0000002","valueLabel":"binding type","propAbbrev":"bao:BAX_0000002","propLabel":"has bioassay type"}]},{"curationTime":1492468131460,"curatorID":"admin","annotsAdded":[{"propURI":"http://www.bioassayontology.org/bao#BAO_0002009","propLabel":"biological process","propAbbrev":"bao:BAO_0002009","valueURI":"http://purl.obolibrary.org/obo/GO_0007186","valueLabel":"G-protein coupled receptor signaling pathway","valueAbbrev":"obo:GO_0007186","valueDescr":"A series of molecular signals that proceeds with an activated receptor promoting the exchange of GDP for GTP on the alpha-subunit of an associated heterotrimeric G-protein complex. The GTP-bound activated alpha-G-protein then dissociates from the beta- and gamma-subunits to further transmit the signal within the cell. The pathway begins with receptor-ligand interaction, or for basal GPCR signaling the pathway begins with the receptor activating its G protein in the absence of an agonist, and ends with regulation of a downstream cellular process, e.g. transcription.  The pathway can start from the plasma membrane, Golgi or nuclear membrane (PMID:24568158 and PMID:16902576).","valueHier":["http://purl.obolibrary.org/obo/GO_0008150","http://www.bioassayontology.org/bao#BAO_0003114"],"labelHier":["biological process","assay biology component"]}],"annotsRemoved":[{"propURI":"http://www.bioassayontology.org/bao#BAX_0000004","propAbbrev":"bao:BAX_0000004","valueURI":"http://purl.obolibrary.org/obo/GO_0007186","valueLabel":"G-protein coupled receptor signaling pathway","valueAbbrev":"obo:GO_0007186","valueDescr":"A series of molecular signals that proceeds with an activated receptor promoting the exchange of GDP for GTP on the alpha-subunit of an associated heterotrimeric G-protein complex. The GTP-bound activated alpha-G-protein then dissociates from the beta- and gamma-subunits to further transmit the signal within the cell. The pathway begins with receptor-ligand interaction, or for basal GPCR signaling the pathway begins with the receptor activating its G protein in the absence of an agonist, and ends with regulation of a downstream cellular process, e.g. transcription.  The pathway can start from the plasma membrane, Golgi or nuclear membrane (PMID:24568158 and PMID:16902576).","valueHier":[],"labelHier":[],"outOfSchema":true}],"labelsAdded":[{"propURI":"http://www.bioassayontology.org/bao#BAO_0002009","valueLabel":"G-protein coupled receptor signaling pathway","propAbbrev":"bao:BAO_0002009","propLabel":"biological process"}],"labelsRemoved":[{"propURI":"http://www.bioassayontology.org/bao#BAX_0000004","valueLabel":"G-protein coupled receptor signaling pathway","propAbbrev":"bao:BAX_0000004"}]},{"curationTime":1492468131460,"curatorID":"admin","annotsAdded":[{"propURI":"http://www.bioassayontology.org/bao#BAO_0002848","propLabel":"applies to disease","propAbbrev":"bao:BAO_0002848","valueURI":"http://purl.obolibrary.org/obo/DOID_331","valueLabel":"central nervous system disease","valueAbbrev":"obo:DOID_331","valueDescr":"\nA nervous system disease that affects either the spinal cord (myelopathy) or brain (encephalopathy) of the central nervous system.\n","valueHier":["http://purl.obolibrary.org/obo/DOID_863","http://purl.obolibrary.org/obo/DOID_7","http://purl.obolibrary.org/obo/DOID_4"],"labelHier":["nervous system disease","disease of anatomical entity","Disease"]}],"annotsRemoved":[{"propURI":"http://www.bioassayontology.org/bao#BAX_0000010","propAbbrev":"bao:BAX_0000010","valueURI":"http://purl.obolibrary.org/obo/DOID_331","valueLabel":"central nervous system disease","valueAbbrev":"obo:DOID_331","valueDescr":"\nA nervous system disease that affects either the spinal cord (myelopathy) or brain (encephalopathy) of the central nervous system.\n","valueHier":[],"labelHier":[],"outOfSchema":true}],"labelsAdded":[{"propURI":"http://www.bioassayontology.org/bao#BAO_0002848","valueLabel":"central nervous system disease","propAbbrev":"bao:BAO_0002848","propLabel":"applies to disease"}],"labelsRemoved":[{"propURI":"http://www.bioassayontology.org/bao#BAX_0000010","valueLabel":"central nervous system disease","propAbbrev":"bao:BAX_0000010"}]},{"curationTime":1492468131460,"curatorID":"admin","annotsAdded":[{"propURI":"http://www.bioassayontology.org/bao#BAO_0000208","propLabel":"result","propAbbrev":"bao:BAO_0000208","valueURI":"http://www.bioassayontology.org/bao#BAO_0000188","valueLabel":"EC50","valueAbbrev":"bao:BAO_0000188","valueDescr":"The effective concentration of an agonist, which produces 50% of the maximum possible response for that agonist.","valueHier":["http://www.bioassayontology.org/bao#BAO_0002162","http://www.bioassayontology.org/bao#BAO_0000180","http://www.bioassayontology.org/bao#BAO_0000179"],"labelHier":["concentration response endpoint","concentration endpoint","endpoint"]}],"annotsRemoved":[{"propURI":"http://www.bioassayontology.org/bao#BAX_0000006","propAbbrev":"bao:BAX_0000006","valueURI":"http://www.bioassayontology.org/bao#BAO_0000188","valueLabel":"EC50","valueAbbrev":"bao:BAO_0000188","valueDescr":"The effective concentration of an agonist, which produces 50% of the maximum possible response for that agonist.","valueHier":[],"labelHier":[],"outOfSchema":true}],"labelsAdded":[{"propURI":"http://www.bioassayontology.org/bao#BAO_0000208","valueLabel":"EC50","propAbbrev":"bao:BAO_0000208","propLabel":"result"}],"labelsRemoved":[{"propURI":"http://www.bioassayontology.org/bao#BAX_0000006","valueLabel":"EC50","propAbbrev":"bao:BAX_0000006"}]},{"curationTime":1492468131460,"curatorID":"admin","annotsAdded":[{"propURI":"http://www.bioassayontology.org/bao#BAO_0002874","propLabel":"units","propAbbrev":"bao:BAO_0002874","valueURI":"http://purl.org/obo/owl/UO#UO_0000064","valueLabel":"micromolar","valueAbbrev":"uo:UO_0000064","valueDescr":"","valueHier":[],"labelHier":[],"outOfSchema":true}],"annotsRemoved":[{"propURI":"http://www.bioassayontology.org/bao#BAX_0000007","propAbbrev":"bao:BAX_0000007","valueURI":"http://purl.org/obo/owl/UO#UO_0000064","valueLabel":"micromolar","valueAbbrev":"uo:UO_0000064","valueDescr":"","valueHier":[],"labelHier":[],"outOfSchema":true}],"labelsAdded":[{"propURI":"http://www.bioassayontology.org/bao#BAO_0002874","valueLabel":"micromolar","propAbbrev":"bao:BAO_0002874","propLabel":"units"}],"labelsRemoved":[{"propURI":"http://www.bioassayontology.org/bao#BAX_0000007","valueLabel":"micromolar","propAbbrev":"bao:BAX_0000007"}]},{"curationTime":1492468131460,"curatorID":"admin","annotsAdded":[{"propURI":"http://www.bioassayontology.org/bao#BAO_0003107","propLabel":"GO terms","propAbbrev":"bao:BAO_0003107","valueURI":"http://purl.obolibrary.org/obo/GO_0004930","valueLabel":"G-protein coupled receptor activity","valueAbbrev":"obo:GO_0004930","valueDescr":"Combining with an extracellular signal and transmitting the signal across the membrane by activating an associated G-protein; promotes the exchange of GDP for GTP on the alpha subunit of a heterotrimeric G-protein complex.","valueHier":["http://purl.obolibrary.org/obo/GO_0004888","http://purl.obolibrary.org/obo/GO_0038023","http://purl.obolibrary.org/obo/GO_0004872","http://purl.obolibrary.org/obo/GO_0003674","http://www.bioassayontology.org/bao#BAO_0003117","http://www.bioassayontology.org/bao#BAO_0003114"],"labelHier":["transmembrane signaling receptor activity","signaling receptor activity","receptor activity","molecular function","function","assay biology component"]},{"propURI":"http://www.bioassayontology.org/bao#BAO_0003107","propLabel":"GO terms","propAbbrev":"bao:BAO_0003107","valueURI":"http://purl.obolibrary.org/obo/GO_0005886","valueLabel":"plasma membrane","valueAbbrev":"obo:GO_0005886","valueDescr":"The membrane surrounding a cell that separates the cell from its external environment. It consists of a phospholipid bilayer and associated proteins.","valueHier":["http://purl.obolibrary.org/obo/GO_0044464","http://purl.obolibrary.org/obo/GO_0005575","http://www.bioassayontology.org/bao#BAO_0003114"],"labelHier":["cell part","cellular component","assay biology component"]},{"propURI":"http://www.bioassayontology.org/bao#BAO_0003107","propLabel":"GO terms","propAbbrev":"bao:BAO_0003107","valueURI":"http://purl.obolibrary.org/obo/GO_0001594","valueLabel":"trace-amine receptor activity","valueAbbrev":"obo:GO_0001594","valueDescr":"Combining with a trace amine to initiate a change in cell activity. Trace amines are biogenic amines that are synthesized from aromatic amino acids and are substrates for monoamine oxidase, and are therefore detectable only at trace levels in mammals.","valueHier":["http://purl.obolibrary.org/obo/GO_0008227","http://purl.obolibrary.org/obo/GO_0004930","http://purl.obolibrary.org/obo/GO_0004888","http://purl.obolibrary.org/obo/GO_0038023","http://purl.obolibrary.org/obo/GO_0004872","http://purl.obolibrary.org/obo/GO_0003674","http://www.bioassayontology.org/bao#BAO_0003117","http://www.bioassayontology.org/bao#BAO_0003114"],"labelHier":["G-protein coupled amine receptor activity","G-protein coupled receptor activity","transmembrane signaling receptor activity","signaling receptor activity","receptor activity","molecular function","function","assay biology component"]},{"propURI":"http://www.bioassayontology.org/bao#BAO_0003107","propLabel":"GO terms","propAbbrev":"bao:BAO_0003107","valueURI":"http://purl.obolibrary.org/obo/GO_0007186","valueLabel":"G-protein coupled receptor signaling pathway","valueAbbrev":"obo:GO_0007186","valueDescr":"A series of molecular signals that proceeds with an activated receptor promoting the exchange of GDP for GTP on the alpha-subunit of an associated heterotrimeric G-protein complex. The GTP-bound activated alpha-G-protein then dissociates from the beta- and gamma-subunits to further transmit the signal within the cell. The pathway begins with receptor-ligand interaction, or for basal GPCR signaling the pathway begins with the receptor activating its G protein in the absence of an agonist, and ends with regulation of a downstream cellular process, e.g. transcription.  The pathway can start from the plasma membrane, Golgi or nuclear membrane (PMID:24568158 and PMID:16902576).","valueHier":["http://purl.obolibrary.org/obo/GO_0008150","http://www.bioassayontology.org/bao#BAO_0003114"],"labelHier":["biological process","assay biology component"]},{"propURI":"http://www.bioassayontology.org/bao#BAO_0003107","propLabel":"GO terms","propAbbrev":"bao:BAO_0003107","valueURI":"http://purl.obolibrary.org/obo/GO_0006171","valueLabel":"cAMP biosynthetic process","valueAbbrev":"obo:GO_0006171","valueDescr":"The chemical reactions and pathways resulting in the formation of the nucleotide cAMP (cyclic AMP, adenosine 3',5'-cyclophosphate).","valueHier":["http://purl.obolibrary.org/obo/GO_0009152","http://purl.obolibrary.org/obo/GO_0009260","http://purl.obolibrary.org/obo/GO_0009259","http://purl.obolibrary.org/obo/GO_0019693","http://purl.obolibrary.org/obo/GO_0019637","http://purl.obolibrary.org/obo/GO_0071704","http://purl.obolibrary.org/obo/GO_0008152","http://purl.obolibrary.org/obo/GO_0008150","http://www.bioassayontology.org/bao#BAO_0003114"],"labelHier":["purine ribonucleotide biosynthetic process","ribonucleotide biosynthetic process","ribonucleotide metabolic process","ribose phosphate metabolic process","organophosphate metabolic process","organic substance metabolic process","metabolic process","biological process","assay biology component"]},{"propURI":"http://www.bioassayontology.org/bao#BAO_0003107","propLabel":"GO terms","propAbbrev":"bao:BAO_0003107","valueURI":"http://purl.obolibrary.org/obo/GO_0016021","valueLabel":"integral component of membrane","valueAbbrev":"obo:GO_0016021","valueDescr":"The component of a membrane consisting of the gene products and protein complexes having at least some part of their peptide sequence embedded in the hydrophobic region of the membrane.","valueHier":["http://purl.obolibrary.org/obo/GO_0031224","http://purl.obolibrary.org/obo/GO_0044425","http://purl.obolibrary.org/obo/GO_0005575","http://www.bioassayontology.org/bao#BAO_0003114"],"labelHier":["intrinsic component of membrane","membrane part","cellular component","assay biology component"]}],"annotsRemoved":[{"propURI":"http://www.bioassayontology.org/bao#BAX_0000009","propAbbrev":"bao:BAX_0000009","valueURI":"http://purl.obolibrary.org/obo/GO_0001594","valueLabel":"trace-amine receptor activity","valueAbbrev":"obo:GO_0001594","valueDescr":"Combining with a trace amine to initiate a change in cell activity. Trace amines are biogenic amines that are synthesized from aromatic amino acids and are substrates for monoamine oxidase, and are therefore detectable only at trace levels in mammals.","valueHier":[],"labelHier":[],"outOfSchema":true},{"propURI":"http://www.bioassayontology.org/bao#BAX_0000009","propAbbrev":"bao:BAX_0000009","valueURI":"http://purl.obolibrary.org/obo/GO_0004930","valueLabel":"G-protein coupled receptor activity","valueAbbrev":"obo:GO_0004930","valueDescr":"Combining with an extracellular signal and transmitting the signal across the membrane by activating an associated G-protein; promotes the exchange of GDP for GTP on the alpha subunit of a heterotrimeric G-protein complex.","valueHier":[],"labelHier":[],"outOfSchema":true},{"propURI":"http://www.bioassayontology.org/bao#BAX_0000009","propAbbrev":"bao:BAX_0000009","valueURI":"http://purl.obolibrary.org/obo/GO_0005886","valueLabel":"plasma membrane","valueAbbrev":"obo:GO_0005886","valueDescr":"The membrane surrounding a cell that separates the cell from its external environment. It consists of a phospholipid bilayer and associated proteins.","valueHier":[],"labelHier":[],"outOfSchema":true},{"propURI":"http://www.bioassayontology.org/bao#BAX_0000009","propAbbrev":"bao:BAX_0000009","valueURI":"http://purl.obolibrary.org/obo/GO_0007186","valueLabel":"G-protein coupled receptor signaling pathway","valueAbbrev":"obo:GO_0007186","valueDescr":"A series of molecular signals that proceeds with an activated receptor promoting the exchange of GDP for GTP on the alpha-subunit of an associated heterotrimeric G-protein complex. The GTP-bound activated alpha-G-protein then dissociates from the beta- and gamma-subunits to further transmit the signal within the cell. The pathway begins with receptor-ligand interaction, or for basal GPCR signaling the pathway begins with the receptor activating its G protein in the absence of an agonist, and ends with regulation of a downstream cellular process, e.g. transcription.  The pathway can start from the plasma membrane, Golgi or nuclear membrane (PMID:24568158 and PMID:16902576).","valueHier":[],"labelHier":[],"outOfSchema":true},{"propURI":"http://www.bioassayontology.org/bao#BAX_0000009","propAbbrev":"bao:BAX_0000009","valueURI":"http://purl.obolibrary.org/obo/GO_0006171","valueLabel":"cAMP biosynthetic process","valueAbbrev":"obo:GO_0006171","valueDescr":"The chemical reactions and pathways resulting in the formation of the nucleotide cAMP (cyclic AMP, adenosine 3',5'-cyclophosphate).","valueHier":[],"labelHier":[],"outOfSchema":true},{"propURI":"http://www.bioassayontology.org/bao#BAX_0000009","propAbbrev":"bao:BAX_0000009","valueURI":"http://purl.obolibrary.org/obo/GO_0016021","valueLabel":"integral component of membrane","valueAbbrev":"obo:GO_0016021","valueDescr":"The component of a membrane consisting of the gene products and protein complexes having at least some part of their peptide sequence embedded in the hydrophobic region of the membrane.","valueHier":[],"labelHier":[],"outOfSchema":true}],"labelsAdded":[{"propURI":"http://www.bioassayontology.org/bao#BAO_0003107","valueLabel":"G-protein coupled receptor activity","propAbbrev":"bao:BAO_0003107","propLabel":"GO terms"},{"propURI":"http://www.bioassayontology.org/bao#BAO_0003107","valueLabel":"plasma membrane","propAbbrev":"bao:BAO_0003107","propLabel":"GO terms"},{"propURI":"http://www.bioassayontology.org/bao#BAO_0003107","valueLabel":"trace-amine receptor activity","propAbbrev":"bao:BAO_0003107","propLabel":"GO terms"},{"propURI":"http://www.bioassayontology.org/bao#BAO_0003107","valueLabel":"G-protein coupled receptor signaling pathway","propAbbrev":"bao:BAO_0003107","propLabel":"GO terms"},{"propURI":"http://www.bioassayontology.org/bao#BAO_0003107","valueLabel":"cAMP biosynthetic process","propAbbrev":"bao:BAO_0003107","propLabel":"GO terms"},{"propURI":"http://www.bioassayontology.org/bao#BAO_0003107","valueLabel":"integral component of membrane","propAbbrev":"bao:BAO_0003107","propLabel":"GO terms"}],"labelsRemoved":[{"propURI":"http://www.bioassayontology.org/bao#BAX_0000009","valueLabel":"trace-amine receptor activity","propAbbrev":"bao:BAX_0000009"},{"propURI":"http://www.bioassayontology.org/bao#BAX_0000009","valueLabel":"G-protein coupled receptor activity","propAbbrev":"bao:BAX_0000009"},{"propURI":"http://www.bioassayontology.org/bao#BAX_0000009","valueLabel":"plasma membrane","propAbbrev":"bao:BAX_0000009"},{"propURI":"http://www.bioassayontology.org/bao#BAX_0000009","valueLabel":"G-protein coupled receptor signaling pathway","propAbbrev":"bao:BAX_0000009"},{"propURI":"http://www.bioassayontology.org/bao#BAX_0000009","valueLabel":"cAMP biosynthetic process","propAbbrev":"bao:BAX_0000009"},{"propURI":"http://www.bioassayontology.org/bao#BAX_0000009","valueLabel":"integral component of membrane","propAbbrev":"bao:BAX_0000009"}]},{"curationTime":1492468131460,"curatorID":"admin","annotsAdded":[{"propURI":"http://www.bioassayontology.org/bao#BAO_0095009","propLabel":"assay design method","propAbbrev":"bao:BAO_0095009","valueURI":"http://www.bioassayontology.org/bao#BAO_0000425","valueLabel":"dye binding method","valueAbbrev":"bao:BAO_0000425","valueDescr":"Most often, the mitochondrial membrane potential which is called delta-psi is quantitated by staining with specific dyes whose binding is dependent on the potential.","valueHier":["http://www.bioassayontology.org/bao#BAO_0000377","http://www.bioassayontology.org/bao#BAO_0002202"],"labelHier":["membrane potential measurement method","assay design method"]},{"propURI":"http://www.bioassayontology.org/bao#BAO_0095009","propLabel":"assay design method","propAbbrev":"bao:BAO_0095009","valueURI":"http://www.bioassayontology.org/bao#BAO_0000123","valueLabel":"binding assessment method","valueAbbrev":"bao:BAO_0000123","valueDescr":"Binding reporter technology is used to quantitate the interactions between two molecules, e.g. perturbagen-protein, protein-protein, protein-DNA, etc.\nThe technologies used are radioligand binding, resonance energy transfer, fluorescence polarization, protein fragment complementation assay, and several label-free methods, including surface plasmon resonance, impedance, nuclear magnetic resonance, X-ray diffraction, isothermal titration calorimetry, mass spectrometry, etc.\n","valueHier":["http://www.bioassayontology.org/bao#BAO_0002202"],"labelHier":["assay design method"]}],"annotsRemoved":[{"propURI":"http://www.bioassayontology.org/bao#BAX_0000003","propAbbrev":"bao:BAX_0000003","valueURI":"http://www.bioassayontology.org/bao#BAO_0000425","valueLabel":"dye binding method","valueAbbrev":"bao:BAO_0000425","valueDescr":"Most often, the mitochondrial membrane potential which is called delta-psi is quantitated by staining with specific dyes whose binding is dependent on the potential.","valueHier":[],"labelHier":[],"outOfSchema":true},{"propURI":"http://www.bioassayontology.org/bao#BAX_0000003","propAbbrev":"bao:BAX_0000003","valueURI":"http://www.bioassayontology.org/bao#BAO_0000123","valueLabel":"binding assessment method","valueAbbrev":"bao:BAO_0000123","valueDescr":"Binding reporter technology is used to quantitate the interactions between two molecules, e.g. perturbagen-protein, protein-protein, protein-DNA, etc.\nThe technologies used are radioligand binding, resonance energy transfer, fluorescence polarization, protein fragment complementation assay, and several label-free methods, including surface plasmon resonance, impedance, nuclear magnetic resonance, X-ray diffraction, isothermal titration calorimetry, mass spectrometry, etc.\n","valueHier":[],"labelHier":[],"outOfSchema":true}],"labelsAdded":[{"propURI":"http://www.bioassayontology.org/bao#BAO_0095009","valueLabel":"dye binding method","propAbbrev":"bao:BAO_0095009","propLabel":"assay design method"},{"propURI":"http://www.bioassayontology.org/bao#BAO_0095009","valueLabel":"binding assessment method","propAbbrev":"bao:BAO_0095009","propLabel":"assay design method"}],"labelsRemoved":[{"propURI":"http://www.bioassayontology.org/bao#BAX_0000003","valueLabel":"dye binding method","propAbbrev":"bao:BAX_0000003"},{"propURI":"http://www.bioassayontology.org/bao#BAX_0000003","valueLabel":"binding assessment method","propAbbrev":"bao:BAX_0000003"}]},{"curationTime":1492468131460,"curatorID":"admin","annotsAdded":[{"propURI":"http://www.bioassayontology.org/bao#BAO_0000211","propLabel":"target","propAbbrev":"bao:BAO_0000211","valueURI":"http://www.drugtargetontology.org/dto/DTO_02200801","valueLabel":"TAAR1","valueAbbrev":"dto:DTO_02200801","valueDescr":"","valueHier":["http://www.drugtargetontology.org/dto/DTO_02400002","http://www.drugtargetontology.org/dto/DTO_02400001","http://www.drugtargetontology.org/dto/DTO_00200000"],"labelHier":["Class A rhodopsin like","GPCR","Gene"]}],"annotsRemoved":[{"propURI":"http://www.bioassayontology.org/bao#BAX_0000005","propAbbrev":"bao:BAX_0000005","valueURI":"http://www.drugtargetontology.org/dto/DTO_02200801","valueLabel":"TAAR1","valueAbbrev":"dto:DTO_02200801","valueDescr":"","valueHier":[],"labelHier":[],"outOfSchema":true}],"labelsAdded":[{"propURI":"http://www.bioassayontology.org/bao#BAO_0000211","valueLabel":"TAAR1","propAbbrev":"bao:BAO_0000211","propLabel":"target"}],"labelsRemoved":[{"propURI":"http://www.bioassayontology.org/bao#BAX_0000005","valueLabel":"TAAR1","propAbbrev":"bao:BAX_0000005"}]},{"curationTime":1492468131460,"curatorID":"admin","annotsAdded":[{"propURI":"http://www.bioassayontology.org/bao#BAO_0002855","propLabel":"bioassay","propAbbrev":"bao:BAO_0002855","valueURI":"http://www.bioassayontology.org/bao#BAO_0000649","valueLabel":"calcium redistribution assay","valueAbbrev":"bao:BAO_0000649","valueDescr":"Calcium functions as second messenger in cell signaling.","valueHier":["http://www.bioassayontology.org/bao#BAO_0000819","http://www.bioassayontology.org/bao#BAO_0002999","http://www.bioassayontology.org/bao#BAO_0000015"],"labelHier":["ion redistribution assay","redistribution assay","bioassay"]},{"propURI":"http://www.bioassayontology.org/bao#BAO_0002855","propLabel":"bioassay","propAbbrev":"bao:BAO_0002855","valueURI":"http://www.bioassayontology.org/bao#BAO_0002989","valueLabel":"binding assay","valueAbbrev":"bao:BAO_0002989","valueDescr":"It is performed to quantify the interactions between two molecules, e.g. small molecule-protein, protein-protein, protein-DNA, etc.","valueHier":["http://www.bioassayontology.org/bao#BAO_0000015"],"labelHier":["bioassay"]}],"annotsRemoved":[{"propURI":"http://www.bioassayontology.org/bao#BAX_0000002","propLabel":"has bioassay type","propAbbrev":"bao:BAX_0000002","valueURI":"http://www.bioassayontology.org/bao#BAO_0002989","valueLabel":"binding assay","valueAbbrev":"bao:BAO_0002989","valueDescr":"It is performed to quantify the interactions between two molecules, e.g. small molecule-protein, protein-protein, protein-DNA, etc.","valueHier":[],"labelHier":[],"outOfSchema":true},{"propURI":"http://www.bioassayontology.org/bao#BAX_0000002","propLabel":"has bioassay type","propAbbrev":"bao:BAX_0000002","valueURI":"http://www.bioassayontology.org/bao#BAO_0000649","valueLabel":"calcium redistribution assay","valueAbbrev":"bao:BAO_0000649","valueDescr":"Calcium functions as second messenger in cell signaling.","valueHier":[],"labelHier":[],"outOfSchema":true}],"labelsAdded":[{"propURI":"http://www.bioassayontology.org/bao#BAO_0002855","valueLabel":"calcium redistribution assay","propAbbrev":"bao:BAO_0002855","propLabel":"bioassay"},{"propURI":"http://www.bioassayontology.org/bao#BAO_0002855","valueLabel":"binding assay","propAbbrev":"bao:BAO_0002855","propLabel":"bioassay"}],"labelsRemoved":[{"propURI":"http://www.bioassayontology.org/bao#BAX_0000002","valueLabel":"binding assay","propAbbrev":"bao:BAX_0000002","propLabel":"has bioassay type"},{"propURI":"http://www.bioassayontology.org/bao#BAX_0000002","valueLabel":"calcium redistribution assay","propAbbrev":"bao:BAX_0000002","propLabel":"has bioassay type"}]},{"curationTime":1492468131460,"curatorID":"admin","annotsAdded":[{"propURI":"http://www.bioassayontology.org/bao#BAO_0002874","propLabel":"units","propAbbrev":"bao:BAO_0002874","valueURI":"http://purl.obolibrary.org/obo/UO_0000064","valueLabel":"micromolar","valueAbbrev":"obo:UO_0000064","valueDescr":"A unit of molarity which is equal to one millionth of a molar or 10^[-6] M.","valueHier":["http://purl.obolibrary.org/obo/UO_0000061","http://purl.obolibrary.org/obo/UO_0000051","http://purl.obolibrary.org/obo/UO_0000000"],"labelHier":["unit of molarity","concentration unit","unit"]}],"annotsRemoved":[{"propURI":"http://www.bioassayontology.org/bao#BAO_0002874","propLabel":"units","propAbbrev":"bao:BAO_0002874","valueURI":"http://purl.org/obo/owl/UO#UO_0000064","valueLabel":"micromolar","valueAbbrev":"uo:UO_0000064","valueDescr":"","valueHier":[],"labelHier":[],"outOfSchema":true}],"labelsAdded":[{"propURI":"http://www.bioassayontology.org/bao#BAO_0002874","valueLabel":"micromolar","propAbbrev":"bao:BAO_0002874","propLabel":"units"}],"labelsRemoved":[{"propURI":"http://www.bioassayontology.org/bao#BAO_0002874","valueLabel":"micromolar","propAbbrev":"bao:BAO_0002874","propLabel":"units"}]},{"curationTime":1492468131460,"curatorID":"admin","annotsAdded":[{"propURI":"http://www.bioassayontology.org/bao#BAX_0000016","propLabel":"operator","propAbbrev":"bao:BAX_0000016","valueURI":"http://purl.obolibrary.org/obo/GENEPIO_0001002","valueLabel":"less than (<)","valueAbbrev":"obo:GENEPIO_0001002","valueDescr":"","groupNest":["http://www.bioassayontology.org/bao#BAX_0000017"],"groupLabel":["measurement"],"valueHier":["http://purl.obolibrary.org/obo/GENEPIO_0001001"],"labelHier":["threshold comparisons"]}],"annotsRemoved":[],"labelsAdded":[{"propURI":"http://www.bioassayontology.org/bao#BAX_0000016","valueLabel":"less than (<)","propAbbrev":"bao:BAX_0000016","groupNest":["http://www.bioassayontology.org/bao#BAX_0000017"],"propLabel":"operator","groupLabel":["measurement"]}],"labelsRemoved":[]},{"curationTime":1523302891227,"curatorID":"google:108375455890260223170","curatorName":"","curatorEmail":"aclark.xyz@gmail.com","annotsAdded":[{"propURI":"http://www.bioassayontology.org/bao#BAO_0002867","propLabel":"assay footprint","propAbbrev":"bao:BAO_0002867","valueURI":"http://www.bioassayontology.org/bao#BAO_0002517","valueLabel":"T-175","valueAbbrev":"bao:BAO_0002517","valueDescr":"","valueHier":["http://www.bioassayontology.org/bao#BAO_0002192","http://www.bioassayontology.org/bao#BAO_0000512"],"labelHier":["tissue culture flask","assay footprint"]}],"annotsRemoved":[],"labelsAdded":[],"labelsRemoved":[]}],"holdingIDList":[]}