{"assayID":7580,"text":"Yes, there was induction of CYP3A4 mRNA in vitro. The potential of cobimetinib (0.1-25 µM)\nto induce CYP enzymes was evaluated using human hepatocytes from three donors [Study 10-\n1929]. Results showed that there was concentration-dependent induction of CYP3A4 mRNA up\nto 9.1-fold at 10 µM relative to vehicle control, but no induction of CYP1A2 or CYP2B6 mRNA\n(Table 18). Cobimetinib did not induce CYP1A2, CYP2B6, and CYP3A4 activity relative to\nvehicle control. Results from the PXR binding assay indicated that cobimetinib up to 25 µM does\nnot activate PXR.\n\nIn vitro studies suggest that cobimetinib is not an inhibitor of P-glycoprotein (P-gp), Breast\nCancer Resistance Protein (BCRP), Organic Anion Transporting Polypeptide 1B1 (OATP1B1),\nOATP1B3, or Organic Cation Transporter 1 (OCT1). There are no in vitro studies to evaluate\ncobimetinib as an inducer of transporters.","schemaURI":"http://www.bioassayontology.org/bas#","annotations":[{"propURI":"http://www.bioassayontology.org/bao#BAO_0002921","propLabel":"organism","propAbbrev":"bao:BAO_0002921","valueURI":"http://purl.obolibrary.org/obo/NCBITaxon_9606","valueLabel":"Homo sapiens","valueAbbrev":"obo:NCBITaxon_9606","valueDescr":"","groupNest":[],"groupLabel":[],"altLabels":["Homo spiens","Homo sapience","Homo sapien","human","Homo spaiens","Homo sapians","man","Humo sapiens","Home sapiens","Homo sapiense","Homo sampiens","Homo sapeins","Homo sapines","Homo sapian","Homo sapients"],"valueHier":["http://www.bioassayontology.org/bao#BAO_0000362","http://www.bioassayontology.org/bao#BAO_0000510","http://www.bioassayontology.org/bao#BAO_0000659","http://www.bioassayontology.org/bao#BAO_0000509","http://www.bioassayontology.org/bao#BAO_0000658","http://www.bioassayontology.org/bao#BAO_0000551"],"labelHier":["mammalian","vertebrate","metazoa","eukaryote","cellular organisms","organism"]},{"propURI":"http://www.bioassayontology.org/bao#BAO_0002800","propLabel":"assay cell line","propAbbrev":"bao:BAO_0002800","valueURI":"http://purl.obolibrary.org/obo/BTO_0000575","valueLabel":"hepatocyte","valueAbbrev":"obo:BTO_0000575","valueDescr":"The major cell type of the liver. They are arranged in folded sheets facing blood-filled spaces called sinusoids. Hepatocytes are responsible for the synthesis, degradation, and storage of a wide range of substances. They are the site of synthesis of all the plasma proteins, except for antibody, and are the site of storage of glycogen.","groupNest":[],"groupLabel":[],"valueHier":["http://dto.org/DTO/DTO_000"],"labelHier":["BRENDA tissues and cell lines"]},{"propURI":"http://www.bioassayontology.org/bao#BAO_0000196","propLabel":"assay mode of action","propAbbrev":"bao:BAO_0000196","valueURI":"http://www.bioassayontology.org/bao#BAO_0000087","valueLabel":"activation","valueAbbrev":"bao:BAO_0000087","valueDescr":"Increase of a predefined stimulus. Unit of Measure is always % when normalized to the dynamic range of the assay.","groupNest":[],"groupLabel":[],"valueHier":["http://www.bioassayontology.org/bao#BAO_0000084","http://www.bioassayontology.org/bao#BAO_0000074"],"labelHier":["ligand function mode of action","mode of action"]},{"propURI":"http://www.bioassayontology.org/bao#BAO_0000205","propLabel":"assay format","propAbbrev":"bao:BAO_0000205","valueURI":"http://www.bioassayontology.org/bao#BAO_0000219","valueLabel":"cell based format","valueAbbrev":"bao:BAO_0000219","valueDescr":"Involves the use of living cells of eukaryotic origin, derived from a multicellular organism, and is a heterogeneous assay type. Typically, this refers to permanent (immortal) cell lines, or primary cells, or some form of stem cells. This is distinct from a single-celled organism-based format (classically bacteria or yeast).","groupNest":[],"groupLabel":[],"valueHier":["http://www.bioassayontology.org/bao#BAO_0000019"],"labelHier":["assay format"]},{"propURI":"http://www.bioassayontology.org/bao#BAO_0002854","propLabel":"bioassay type","propAbbrev":"bao:BAO_0002854","valueURI":"http://www.bioassayontology.org/bao#BAO_0000010","valueLabel":"functional","valueAbbrev":"bao:BAO_0000010","valueDescr":"An assay where the measured signal corresponds to a complex response such as cell survival, proliferation, localization of a protein, nuclear translocation etc. The molecular target is not assumed.","groupNest":[],"groupLabel":[],"valueHier":["http://www.bioassayontology.org/bao#BAO_0000008"],"labelHier":["bioassay type"]},{"propURI":"http://www.bioassayontology.org/bao#BAO_0095009","propLabel":"assay design method","propAbbrev":"bao:BAO_0095009","valueURI":"http://www.bioassayontology.org/bao#BAO_0040017","valueLabel":"DNA or RNA abundance method","valueAbbrev":"bao:BAO_0040017","valueDescr":"Any  method that simply measures the overall abundance (concentration, relative amount, etc) of a nucleic acid (DNA or RNA), typically via hybridization methods","groupNest":[],"groupLabel":[],"valueHier":["http://www.bioassayontology.org/bao#BAO_0040011","http://www.bioassayontology.org/bao#BAO_0002202"],"labelHier":["molecular abundance method","assay design method"]},{"propURI":"http://www.bioassayontology.org/bao#BAO_0095010","propLabel":"assay supporting method","propAbbrev":"bao:BAO_0095010","valueURI":"http://www.bioassayontology.org/bao#BAO_0002647","valueLabel":"cell culture method","valueAbbrev":"bao:BAO_0002647","valueDescr":"","groupNest":[],"groupLabel":[],"valueHier":["http://www.bioassayontology.org/bao#BAO_0002429"],"labelHier":["assay supporting method"]},{"propURI":"http://www.bioassayontology.org/bao#BAO_0000211","propLabel":"target","propAbbrev":"bao:BAO_0000211","valueURI":"http://www.bioassayontology.org/bao#BAO_0000279","valueLabel":"enzyme","valueAbbrev":"bao:BAO_0000279","valueDescr":"Enzymes are biological catalysts involved in important pathways that allow chemical reactions to occur at higher rates (velocities) than would be possible without the enzyme. Enzymes are generally globular proteins that have one or more substrate binding sites.","groupNest":[],"groupLabel":[],"valueHier":["http://www.bioassayontology.org/bao#BAO_0000175","http://www.bioassayontology.org/bao#BAO_0003111"],"labelHier":["protein","biological macromolecule"]},{"propURI":"http://www.bioassayontology.org/bao#BAO_0002848","propLabel":"applies to disease","propAbbrev":"bao:BAO_0002848","valueURI":"http://purl.obolibrary.org/obo/DOID_162","valueLabel":"cancer","valueAbbrev":"obo:DOID_162","valueDescr":"A disease of cellular proliferation that is malignant and primary, characterized by uncontrolled cellular proliferation, local cell invasion and metastasis.","groupNest":[],"groupLabel":[],"valueHier":["http://purl.obolibrary.org/obo/DOID_14566","http://purl.obolibrary.org/obo/DOID_4"],"labelHier":["disease of cellular proliferation","Disease"]},{"propURI":"http://www.bioassayontology.org/bao#BAO_0002855","propLabel":"bioassay","propAbbrev":"bao:BAO_0002855","valueURI":"http://www.bioassayontology.org/bao#BAO_0002188","valueLabel":"drug interaction assay","valueAbbrev":"bao:BAO_0002188","valueDescr":"","groupNest":[],"groupLabel":[],"valueHier":["http://www.bioassayontology.org/bao#BAO_0002533","http://www.bioassayontology.org/bao#BAO_0000015"],"labelHier":["safety pharmacology assay","bioassay"]},{"propURI":"http://www.bioassayontology.org/bao#BAO_0000208","propLabel":"result","propAbbrev":"bao:BAO_0000208","valueURI":"http://www.bioassayontology.org/bao#BAO_0000190","valueLabel":"IC50","valueAbbrev":"bao:BAO_0000190","valueDescr":"The effective concentration of an inhibitor, which produces 50% of the maximum possible response for that inhibitor.","groupNest":[],"groupLabel":[],"valueHier":["http://www.bioassayontology.org/bao#BAO_0002162","http://www.bioassayontology.org/bao#BAO_0000180","http://www.bioassayontology.org/bao#BAO_0000179"],"labelHier":["concentration response endpoint","concentration endpoint","endpoint"]},{"propURI":"http://www.bioassayontology.org/bao#BAO_0000210","propLabel":"screening campaign stage","propAbbrev":"bao:BAO_0000210","valueURI":"http://www.bioassayontology.org/bao#BAO_0010025","valueLabel":"preclinical development stage","valueAbbrev":"bao:BAO_0010025","valueDescr":"Assays performed in the pre-clinical development stage. These are assays on a lead candidate to develop it to an Investigative New Drug (IND). This stage typically includes both in vitro and in vivo assays, including thorough PK/PD profiling, toxicity, and in vivo dosing/ formulation optimization for efficacy.","groupNest":[],"groupLabel":[],"valueHier":["http://www.bioassayontology.org/bao#BAO_0000029"],"labelHier":["assay screening campaign stage"]},{"propURI":"http://www.bioassayontology.org/bao#BAO_0002867","propLabel":"assay footprint","propAbbrev":"bao:BAO_0002867","valueURI":"http://www.bioassayontology.org/bat#Unknown","valueLabel":"unknown","valueAbbrev":"bat:Unknown","valueDescr":"There should be a term assigned to this property but the value was not specified in the source information.","groupNest":[],"groupLabel":[],"valueHier":[],"labelHier":[]},{"propURI":"http://www.bioassayontology.org/bao#BAO_0002663","propLabel":"assay kit","propAbbrev":"bao:BAO_0002663","valueURI":"http://www.bioassayontology.org/bat#Unknown","valueLabel":"unknown","valueAbbrev":"bat:Unknown","valueDescr":"There should be a term assigned to this property but the value was not specified in the source information.","groupNest":[],"groupLabel":[],"valueHier":[],"labelHier":[]},{"propURI":"http://www.bioassayontology.org/bao#BAO_0000207","propLabel":"physical detection method","propAbbrev":"bao:BAO_0000207","valueURI":"http://www.bioassayontology.org/bat#Unknown","valueLabel":"unknown","valueAbbrev":"bat:Unknown","valueDescr":"There should be a term assigned to this property but the value was not specified in the source information.","groupNest":[],"groupLabel":[],"valueHier":[],"labelHier":[]},{"propURI":"http://www.bioassayontology.org/bao#BAO_0002865","propLabel":"detection instrument","propAbbrev":"bao:BAO_0002865","valueURI":"http://www.bioassayontology.org/bat#Unknown","valueLabel":"unknown","valueAbbrev":"bat:Unknown","valueDescr":"There should be a term assigned to this property but the value was not specified in the source information.","groupNest":[],"groupLabel":[],"valueHier":[],"labelHier":[]},{"propURI":"http://www.bioassayontology.org/bao#BAO_0000185","propLabel":"perturbagen type","propAbbrev":"bao:BAO_0000185","valueURI":"http://www.bioassayontology.org/bao#BAO_0000176","valueLabel":"small molecule","valueAbbrev":"bao:BAO_0000176","valueDescr":"Small molecule is an organic compound with a low molecular weight (<800 Da) which is used to screen against a biological target, e.g. protein, nucleic acid, cell or organism  to test its ability to bind it and bring about a change in activity. It is either isolated from a natural source or is synthesized.","groupNest":[],"groupLabel":[],"valueHier":["http://www.bioassayontology.org/bao#BAO_0000076","http://www.bioassayontology.org/bao#BAO_0003120"],"labelHier":["screened entity","assay screened entity component"]},{"propURI":"http://www.bioassayontology.org/bao#BAX_0000012","propLabel":"protein identity","propAbbrev":"bao:BAX_0000012","valueURI":"http://www.bioassayontology.org/protein#116241312","valueLabel":"Cytochrome P450 3A4","valueAbbrev":"protein:116241312","valueDescr":"Protein: Cytochrome P450 3A4, Organism: Homo sapiens","groupNest":[],"groupLabel":[],"externalURLs":["https://www.ncbi.nlm.nih.gov/protein/116241312"],"valueHier":["http://www.bioassayontology.org/taxon#9606","http://www.bioassayontology.org/taxon#9605","http://www.bioassayontology.org/taxon#314295","http://www.bioassayontology.org/taxon#9526","http://www.bioassayontology.org/taxon#9443","http://www.bioassayontology.org/taxon#314146","http://www.bioassayontology.org/taxon#40674","http://www.bioassayontology.org/taxon#32524","http://www.bioassayontology.org/taxon#8287","http://www.bioassayontology.org/taxon#117570","http://www.bioassayontology.org/taxon#7711","http://www.bioassayontology.org/taxon#33511","http://www.bioassayontology.org/taxon#33213","http://www.bioassayontology.org/taxon#33208","http://www.bioassayontology.org/taxon#33154","http://www.bioassayontology.org/taxon#2759","http://www.bioassayontology.org/taxon#131567","http://www.bioassayontology.org/taxon#Root"],"labelHier":["Homo sapiens","Homo","Hominoidea / Hominidae / Homininae","Catarrhini","Primates / Haplorrhini / Simiiformes","Euarchontoglires","Mammalia / Theria / Eutheria / Boreoeutheria","Amniota","Sarcopterygii / Dipnotetrapodomorpha / Tetrapoda","Teleostomi / Euteleostomi","Chordata / Craniata / Vertebrata / Gnathostomata","Deuterostomia","Bilateria","Metazoa / Eumetazoa","Opisthokonta","Eukaryota","cellular organisms","Faux ProteinID"]},{"propURI":"http://www.bioassayontology.org/bao#BAX_0000011","propLabel":"gene identity","propAbbrev":"bao:BAX_0000011","valueURI":"http://www.bioassayontology.org/geneid#1576","valueLabel":"CYP3A4: cytochrome P450 family 3 subfamily A member 4","valueAbbrev":"geneid:1576","valueDescr":"","groupNest":[],"groupLabel":[],"altLabels":["CP33 , CP34 , CYP3A , CYP3A3 , CYPIIIA3 , CYPIIIA4 , HLP , NF-25 , P450C3 , P450PCN1"],"externalURLs":["https://www.ncbi.nlm.nih.gov/gene/1576"],"valueHier":["http://www.bioassayontology.org/geneid#Homo_sapiens","http://www.bioassayontology.org/geneid#Mammalia","http://www.bioassayontology.org/geneid#Root"],"labelHier":["Homo sapiens","Mammalia","Faux GeneID"]},{"propURI":"http://www.bioassayontology.org/bao#BAO_0002852","propLabel":"assay sources","propAbbrev":"bao:BAO_0002852","valueURI":"http://www.bioassayexpress.org/bae#0000031","valueLabel":"FDA public data","valueAbbrev":"bae:0000031","valueDescr":"United States Food and Drug Administration","groupNest":[],"groupLabel":[],"valueHier":["http://www.bioassayontology.org/bao#BAO_0000709","http://www.bioassayontology.org/bao#BAO_0002934"],"labelHier":["research institute","organization"]},{"propURI":"http://www.bioassayontology.org/bao#BAO_0002009","propLabel":"biological process","propAbbrev":"bao:BAO_0002009","valueURI":"http://purl.obolibrary.org/obo/GO_0006355","valueLabel":"regulation of transcription, DNA-templated","valueAbbrev":"obo:GO_0006355","valueDescr":"Any process that modulates the frequency, rate or extent of cellular DNA-templated transcription.","groupNest":[],"groupLabel":[],"valueHier":["http://purl.obolibrary.org/obo/GO_2000112","http://purl.obolibrary.org/obo/GO_0031326","http://purl.obolibrary.org/obo/GO_0031323","http://purl.obolibrary.org/obo/GO_0019222","http://purl.obolibrary.org/obo/GO_0050789","http://purl.obolibrary.org/obo/GO_0065007","http://purl.obolibrary.org/obo/GO_0008150","http://www.bioassayontology.org/bao#BAO_0003114"],"labelHier":["regulation of cellular macromolecule biosynthetic process","regulation of cellular biosynthetic process","regulation of cellular metabolic process","regulation of metabolic process","regulation of biological process","biological regulation","biological process","assay biology component"]},{"propURI":"http://www.bioassayontology.org/bao#BAO_0002009","propLabel":"biological process","propAbbrev":"bao:BAO_0002009","valueURI":"http://www.bioassayontology.org/bat#Ambiguous","valueLabel":"ambiguous","valueAbbrev":"bat:Ambiguous","valueDescr":"The source information is ambiguous: there are multiple indeterminate possibilities.","groupNest":[],"groupLabel":[],"valueHier":[],"labelHier":[]},{"propURI":"http://www.bioassayontology.org/bao#BAO_0000211","propLabel":"target","propAbbrev":"bao:BAO_0000211","valueURI":"http://www.bioassayexpress.org/bae#0000068","valueLabel":"CYP3A4","valueAbbrev":"bae:0000068","valueDescr":"UniProtKB - P08684 (CP3A4_HUMAN)\nUNII:PUO0521HZV","groupNest":[],"groupLabel":[],"valueHier":["http://www.bioassayontology.org/bao#BAO_0000279","http://www.bioassayontology.org/bao#BAO_0000175","http://www.bioassayontology.org/bao#BAO_0003111"],"labelHier":["enzyme","protein","biological macromolecule"]},{"propURI":"http://www.bioassayontology.org/bao#BAO_0002853","valueLabel":"CYP34A","propAbbrev":"bao:BAO_0002853","groupNest":[],"propLabel":"assay title","groupLabel":[]},{"propURI":"http://www.bioassayontology.org/bao#BAO_0000539","valueLabel":"7582","propAbbrev":"bao:BAO_0000539","groupNest":[],"propLabel":"related assays","groupLabel":[]}],"pubchemXRef":[],"curationTime":1574095777405,"curatorID":"google:113746828226570309384","curatorName":"","curatorEmail":"trangtdn08@gmail.com","history":[{"curationTime":1563209046520,"curatorID":"google:116162532162477418918","curatorName":"","curatorEmail":"sjeschonek@collaborativedrug.com","textPatch":"@@ -1,879 +0,0 @@\n-Yes, there was induction of CYP3A4 mRNA in vitro. The potential of cobimetinib (0.1-25 %C2%B5M)%0Ato induce CYP enzymes was evaluated using human hepatocytes from three donors %5BStudy 10-%0A1929%5D. Results showed that there was concentration-dependent induction of CYP3A4 mRNA up%0Ato 9.1-fold at 10 %C2%B5M relative to vehicle control, but no induction of CYP1A2 or CYP2B6 mRNA%0A(Table 18). Cobimetinib did not induce CYP1A2, CYP2B6, and CYP3A4 activity relative to%0Avehicle control. Results from the PXR binding assay indicated that cobimetinib up to 25 %C2%B5M does%0Anot activate PXR.%0A%0AIn vitro studies suggest that cobimetinib is not an inhibitor of P-glycoprotein (P-gp), Breast%0ACancer Resistance Protein (BCRP), Organic Anion Transporting Polypeptide 1B1 (OATP1B1),%0AOATP1B3, or Organic Cation Transporter 1 (OCT1). There are no in vitro studies to evaluate%0Acobimetinib as an inducer of transporters.\n","annotsAdded":[{"propURI":"http://www.bioassayontology.org/bao#BAO_0000208","propLabel":"result","propAbbrev":"bao:BAO_0000208","valueURI":"http://www.bioassayontology.org/bao#BAO_0000190","valueLabel":"IC50","valueAbbrev":"bao:BAO_0000190","valueDescr":"The effective concentration of an inhibitor, which produces 50% of the maximum possible response for that inhibitor.","valueHier":["http://www.bioassayontology.org/bao#BAO_0002162","http://www.bioassayontology.org/bao#BAO_0000180","http://www.bioassayontology.org/bao#BAO_0000179"],"labelHier":["concentration response endpoint","concentration endpoint","endpoint"]},{"propURI":"http://www.bioassayontology.org/bao#BAO_0000185","propLabel":"perturbagen type","propAbbrev":"bao:BAO_0000185","valueURI":"http://www.bioassayontology.org/bao#BAO_0000176","valueLabel":"small molecule","valueAbbrev":"bao:BAO_0000176","valueDescr":"Small molecule is an organic compound with a low molecular weight (<800 Da) which is used to screen against a biological target, e.g. protein, nucleic acid, cell or organism  to test its ability to bind it and bring about a change in activity. It is either isolated from a natural source or is synthesized.","valueHier":["http://www.bioassayontology.org/bao#BAO_0000076","http://www.bioassayontology.org/bao#BAO_0003120"],"labelHier":["screened entity","assay screened entity component"]},{"propURI":"http://www.bioassayontology.org/bao#BAO_0002855","propLabel":"bioassay","propAbbrev":"bao:BAO_0002855","valueURI":"http://www.bioassayontology.org/bao#BAO_0002188","valueLabel":"drug interaction assay","valueAbbrev":"bao:BAO_0002188","valueDescr":"","valueHier":["http://www.bioassayontology.org/bao#BAO_0002533","http://www.bioassayontology.org/bao#BAO_0000015"],"labelHier":["safety pharmacology assay","bioassay"]},{"propURI":"http://www.bioassayontology.org/bao#BAO_0002009","propLabel":"biological process","propAbbrev":"bao:BAO_0002009","valueURI":"http://purl.obolibrary.org/obo/GO_0006355","valueLabel":"regulation of transcription, DNA-templated","valueAbbrev":"obo:GO_0006355","valueDescr":"Any process that modulates the frequency, rate or extent of cellular DNA-templated transcription.","valueHier":["http://purl.obolibrary.org/obo/GO_2000112","http://purl.obolibrary.org/obo/GO_0031326","http://purl.obolibrary.org/obo/GO_0031323","http://purl.obolibrary.org/obo/GO_0019222","http://purl.obolibrary.org/obo/GO_0050789","http://purl.obolibrary.org/obo/GO_0065007","http://purl.obolibrary.org/obo/GO_0008150","http://www.bioassayontology.org/bao#BAO_0003114"],"labelHier":["regulation of cellular macromolecule biosynthetic process","regulation of cellular biosynthetic process","regulation of cellular metabolic process","regulation of metabolic process","regulation of biological process","biological regulation","biological process","assay biology component"]},{"propURI":"http://www.bioassayontology.org/bao#BAO_0000205","propLabel":"assay format","propAbbrev":"bao:BAO_0000205","valueURI":"http://www.bioassayontology.org/bao#BAO_0000219","valueLabel":"cell based format","valueAbbrev":"bao:BAO_0000219","valueDescr":"Involves the use of living cells of eukaryotic origin, derived from a multicellular organism, and is a heterogeneous assay type. Typically, this refers to permanent (immortal) cell lines, or primary cells, or some form of stem cells. This is distinct from a single-celled organism-based format (classically bacteria or yeast).","valueHier":["http://www.bioassayontology.org/bao#BAO_0000019"],"labelHier":["assay format"]},{"propURI":"http://www.bioassayontology.org/bao#BAO_0095009","propLabel":"assay design method","propAbbrev":"bao:BAO_0095009","valueURI":"http://www.bioassayontology.org/bao#BAO_0040017","valueLabel":"DNA or RNA abundance method","valueAbbrev":"bao:BAO_0040017","valueDescr":"Any  method that simply measures the overall abundance (concentration, relative amount, etc) of a nucleic acid (DNA or RNA), typically via hybridization methods","valueHier":["http://www.bioassayontology.org/bao#BAO_0040011","http://www.bioassayontology.org/bao#BAO_0002202"],"labelHier":["molecular abundance method","assay design method"]},{"propURI":"http://www.bioassayontology.org/bao#BAO_0002848","propLabel":"applies to disease","propAbbrev":"bao:BAO_0002848","valueURI":"http://purl.obolibrary.org/obo/DOID_162","valueLabel":"cancer","valueAbbrev":"obo:DOID_162","valueDescr":"A disease of cellular proliferation that is malignant and primary, characterized by uncontrolled cellular proliferation, local cell invasion and metastasis.","valueHier":["http://purl.obolibrary.org/obo/DOID_14566","http://purl.obolibrary.org/obo/DOID_4"],"labelHier":["disease of cellular proliferation","Disease"]},{"propURI":"http://www.bioassayontology.org/bao#BAX_0000012","propLabel":"protein identity","propAbbrev":"bao:BAX_0000012","valueURI":"http://www.bioassayontology.org/protein#116241312","valueLabel":"Cytochrome P450 3A4","valueAbbrev":"protein:116241312","valueDescr":"Protein: Cytochrome P450 3A4, Organism: Homo sapiens","externalURLs":["https://www.ncbi.nlm.nih.gov/protein/116241312"],"valueHier":["http://www.bioassayontology.org/taxon#9606","http://www.bioassayontology.org/taxon#9605","http://www.bioassayontology.org/taxon#314295","http://www.bioassayontology.org/taxon#9526","http://www.bioassayontology.org/taxon#9443","http://www.bioassayontology.org/taxon#314146","http://www.bioassayontology.org/taxon#40674","http://www.bioassayontology.org/taxon#32524","http://www.bioassayontology.org/taxon#8287","http://www.bioassayontology.org/taxon#117570","http://www.bioassayontology.org/taxon#7711","http://www.bioassayontology.org/taxon#33511","http://www.bioassayontology.org/taxon#33213","http://www.bioassayontology.org/taxon#33208","http://www.bioassayontology.org/taxon#33154","http://www.bioassayontology.org/taxon#2759","http://www.bioassayontology.org/taxon#131567","http://www.bioassayontology.org/taxon#Root"],"labelHier":["Homo sapiens","Homo","Hominoidea / Hominidae / Homininae","Catarrhini","Primates / Haplorrhini / Simiiformes","Euarchontoglires","Mammalia / Theria / Eutheria / Boreoeutheria","Amniota","Sarcopterygii / Dipnotetrapodomorpha / Tetrapoda","Teleostomi / Euteleostomi","Chordata / Craniata / Vertebrata / Gnathostomata","Deuterostomia","Bilateria","Metazoa / Eumetazoa","Opisthokonta","Eukaryota","cellular organisms","Faux ProteinID"]},{"propURI":"http://www.bioassayontology.org/bao#BAO_0000207","propLabel":"physical detection method","propAbbrev":"bao:BAO_0000207","valueURI":"http://www.bioassayontology.org/bat#Unknown","valueLabel":"unknown","valueAbbrev":"bat:Unknown","valueDescr":"There should be a term assigned to this property but the value was not specified in the source information.","valueHier":[],"labelHier":[]},{"propURI":"http://www.bioassayontology.org/bao#BAX_0000011","propLabel":"gene identity","propAbbrev":"bao:BAX_0000011","valueURI":"http://www.bioassayontology.org/geneid#1576","valueLabel":"CYP3A4: cytochrome P450 family 3 subfamily A member 4","valueAbbrev":"geneid:1576","valueDescr":"","altLabels":["CP33 , CP34 , CYP3A , CYP3A3 , CYPIIIA3 , CYPIIIA4 , HLP , NF-25 , P450C3 , P450PCN1"],"externalURLs":["https://www.ncbi.nlm.nih.gov/gene/1576"],"valueHier":["http://www.bioassayontology.org/geneid#Homo_sapiens","http://www.bioassayontology.org/geneid#Mammalia","http://www.bioassayontology.org/geneid#Root"],"labelHier":["Homo sapiens","Mammalia","Faux GeneID"]},{"propURI":"http://www.bioassayontology.org/bao#BAO_0000210","propLabel":"screening campaign stage","propAbbrev":"bao:BAO_0000210","valueURI":"http://www.bioassayontology.org/bao#BAO_0010025","valueLabel":"preclinical development stage","valueAbbrev":"bao:BAO_0010025","valueDescr":"Assays performed in the pre-clinical development stage. These are assays on a lead candidate to develop it to an Investigative New Drug (IND). This stage typically includes both in vitro and in vivo assays, including thorough PK/PD profiling, toxicity, and in vivo dosing/ formulation optimization for efficacy.","valueHier":["http://www.bioassayontology.org/bao#BAO_0000029"],"labelHier":["assay screening campaign stage"]},{"propURI":"http://www.bioassayontology.org/bao#BAO_0002852","propLabel":"assay sources","propAbbrev":"bao:BAO_0002852","valueURI":"http://www.bioassayexpress.org/bae#0000031","valueLabel":"FDA public data","valueAbbrev":"bae:0000031","valueDescr":"United States Food and Drug Administration","valueHier":["http://www.bioassayontology.org/bao#BAO_0000709","http://www.bioassayontology.org/bao#BAO_0002934"],"labelHier":["research institute","organization"]},{"propURI":"http://www.bioassayontology.org/bao#BAO_0000196","propLabel":"assay mode of action","propAbbrev":"bao:BAO_0000196","valueURI":"http://www.bioassayontology.org/bao#BAO_0000087","valueLabel":"activation","valueAbbrev":"bao:BAO_0000087","valueDescr":"Increase of a predefined stimulus. Unit of Measure is always % when normalized to the dynamic range of the assay.","valueHier":["http://www.bioassayontology.org/bao#BAO_0000084","http://www.bioassayontology.org/bao#BAO_0000074"],"labelHier":["ligand function mode of action","mode of action"]},{"propURI":"http://www.bioassayontology.org/bao#BAO_0002009","propLabel":"biological process","propAbbrev":"bao:BAO_0002009","valueURI":"http://www.bioassayontology.org/bat#Ambiguous","valueLabel":"ambiguous","valueAbbrev":"bat:Ambiguous","valueDescr":"The source information is ambiguous: there are multiple indeterminate possibilities.","valueHier":[],"labelHier":[]},{"propURI":"http://www.bioassayontology.org/bao#BAO_0002865","propLabel":"detection instrument","propAbbrev":"bao:BAO_0002865","valueURI":"http://www.bioassayontology.org/bat#Unknown","valueLabel":"unknown","valueAbbrev":"bat:Unknown","valueDescr":"There should be a term assigned to this property but the value was not specified in the source information.","valueHier":[],"labelHier":[]},{"propURI":"http://www.bioassayontology.org/bao#BAO_0002867","propLabel":"assay footprint","propAbbrev":"bao:BAO_0002867","valueURI":"http://www.bioassayontology.org/bat#Unknown","valueLabel":"unknown","valueAbbrev":"bat:Unknown","valueDescr":"There should be a term assigned to this property but the value was not specified in the source information.","valueHier":[],"labelHier":[]},{"propURI":"http://www.bioassayontology.org/bao#BAO_0002800","propLabel":"assay cell line","propAbbrev":"bao:BAO_0002800","valueURI":"http://purl.obolibrary.org/obo/BTO_0000575","valueLabel":"hepatocyte","valueAbbrev":"obo:BTO_0000575","valueDescr":"The major cell type of the liver. They are arranged in folded sheets facing blood-filled spaces called sinusoids. Hepatocytes are responsible for the synthesis, degradation, and storage of a wide range of substances. They are the site of synthesis of all the plasma proteins, except for antibody, and are the site of storage of glycogen.","valueHier":["http://dto.org/DTO/DTO_000"],"labelHier":["BRENDA tissues and cell lines"]},{"propURI":"http://www.bioassayontology.org/bao#BAO_0002663","propLabel":"assay kit","propAbbrev":"bao:BAO_0002663","valueURI":"http://www.bioassayontology.org/bat#Unknown","valueLabel":"unknown","valueAbbrev":"bat:Unknown","valueDescr":"There should be a term assigned to this property but the value was not specified in the source information.","valueHier":[],"labelHier":[]},{"propURI":"http://www.bioassayontology.org/bao#BAO_0002854","propLabel":"bioassay type","propAbbrev":"bao:BAO_0002854","valueURI":"http://www.bioassayontology.org/bao#BAO_0000010","valueLabel":"functional","valueAbbrev":"bao:BAO_0000010","valueDescr":"An assay where the measured signal corresponds to a complex response such as cell survival, proliferation, localization of a protein, nuclear translocation etc. The molecular target is not assumed.","valueHier":["http://www.bioassayontology.org/bao#BAO_0000008"],"labelHier":["bioassay type"]},{"propURI":"http://www.bioassayontology.org/bao#BAO_0095010","propLabel":"assay supporting method","propAbbrev":"bao:BAO_0095010","valueURI":"http://www.bioassayontology.org/bao#BAO_0002647","valueLabel":"cell culture method","valueAbbrev":"bao:BAO_0002647","valueDescr":"","valueHier":["http://www.bioassayontology.org/bao#BAO_0002429"],"labelHier":["assay supporting method"]},{"propURI":"http://www.bioassayontology.org/bao#BAO_0002921","propLabel":"organism","propAbbrev":"bao:BAO_0002921","valueURI":"http://purl.obolibrary.org/obo/NCBITaxon_9606","valueLabel":"Homo sapiens","valueAbbrev":"obo:NCBITaxon_9606","valueDescr":"","altLabels":["Homo spiens","Homo sapience","Homo sapien","human","Homo spaiens","Homo sapians","man","Humo sapiens","Home sapiens","Homo sapiense","Homo sampiens","Homo sapeins","Homo sapines","Homo sapian","Homo sapients"],"valueHier":["http://www.bioassayontology.org/bao#BAO_0000362","http://www.bioassayontology.org/bao#BAO_0000510","http://www.bioassayontology.org/bao#BAO_0000659","http://www.bioassayontology.org/bao#BAO_0000509","http://www.bioassayontology.org/bao#BAO_0000658","http://www.bioassayontology.org/bao#BAO_0000551"],"labelHier":["mammalian","vertebrate","metazoa","eukaryote","cellular organisms","organism"]},{"propURI":"http://www.bioassayontology.org/bao#BAO_0000211","propLabel":"target","propAbbrev":"bao:BAO_0000211","valueURI":"http://www.bioassayontology.org/bao#BAO_0000279","valueLabel":"enzyme","valueAbbrev":"bao:BAO_0000279","valueDescr":"Enzymes are biological catalysts involved in important pathways that allow chemical reactions to occur at higher rates (velocities) than would be possible without the enzyme. Enzymes are generally globular proteins that have one or more substrate binding sites.","valueHier":["http://www.bioassayontology.org/bao#BAO_0000175","http://www.bioassayontology.org/bao#BAO_0003111"],"labelHier":["protein","biological macromolecule"]}],"annotsRemoved":[],"labelsAdded":[{"propURI":"http://www.bioassayontology.org/bao#BAO_0002853","valueLabel":"CYP34A","propAbbrev":"bao:BAO_0002853","propLabel":"assay title"}],"labelsRemoved":[]},{"curationTime":1563209915226,"curatorID":"google:116162532162477418918","curatorName":"","curatorEmail":"sjeschonek@collaborativedrug.com","annotsAdded":[],"annotsRemoved":[],"labelsAdded":[{"propURI":"http://www.bioassayontology.org/bao#BAO_0000539","valueLabel":"7582","propAbbrev":"bao:BAO_0000539","propLabel":"related assays"}],"labelsRemoved":[]},{"curationTime":1574095777405,"curatorID":"google:113746828226570309384","curatorName":"","curatorEmail":"trangtdn08@gmail.com","annotsAdded":[{"propURI":"http://www.bioassayontology.org/bao#BAO_0000211","propLabel":"target","propAbbrev":"bao:BAO_0000211","valueURI":"http://www.bioassayexpress.org/bae#0000068","valueLabel":"CYP3A4","valueAbbrev":"bae:0000068","valueDescr":"UniProtKB - P08684 (CP3A4_HUMAN)\nUNII:PUO0521HZV","valueHier":["http://www.bioassayontology.org/bao#BAO_0000279","http://www.bioassayontology.org/bao#BAO_0000175","http://www.bioassayontology.org/bao#BAO_0003111"],"labelHier":["enzyme","protein","biological macromolecule"]}],"annotsRemoved":[],"labelsAdded":[],"labelsRemoved":[]}],"holdingIDList":[]}