{"assayID":10321,"uniqueID":"pubchemAID:54764","text":"Title: An aminomethylpyrimidine DPP-IV inhibitor with improved properties.\n\nAbstract: A recently identified DPP-IV inhibitor (1) was found to induce phospholipidosis and to inhibit CYP3A4. A small series of less lipophilic and less amphiphilic analogues was synthesized in an effort to overcome these issues. One compound from this series was equipotent to 1, did not induce phospholipidosis and showed a reduced CYP3A4 inhibition.","schemaURI":"http://www.bioassayontology.org/pistoia#","annotations":[{"propURI":"http://www.bioassayontology.org/bao#BAO_0002852","propLabel":"assay source","propAbbrev":"bao:BAO_0002852","valueURI":"http://www.bioassayontology.org/bao#BAO_0000614","valueLabel":"ChEMBL","valueAbbrev":"bao:BAO_0000614","valueDescr":"It is a public database that contains structure","groupNest":["http://rdf.pistoia.com/bae#PA_000041"],"groupLabel":["General Information"],"valueHier":["http://www.bioassayontology.org/bao#BAO_0000612"],"labelHier":["assay repository"]},{"propURI":"http://rdf.pistoia.com/bae#PA_000052","propLabel":"assay screening campaign stage","propAbbrev":"http://rdf.pistoia.com/bae#PA_000052","valueURI":"http://www.bioassayontology.org/bao#BAO_0000030","valueLabel":"confirmatory assay","valueAbbrev":"bao:BAO_0000030","valueDescr":"Assay performed to confirm activity of compounds identified in the primary screen.  It can be performed as replicate measurements at a single screening concentration or as concentration-response assay.","groupNest":["http://rdf.pistoia.com/bae#PA_000042"],"groupLabel":["Assay Method"],"valueHier":["http://www.bioassayontology.org/bao#BAO_0000029"],"labelHier":["assay screening campaign stage"]},{"propURI":"http://www.bioassayontology.org/bao#BAO_0000208","propLabel":"endpoint","propAbbrev":"bao:BAO_0000208","valueURI":"http://www.bioassayontology.org/bao#BAO_0000190","valueLabel":"IC50","valueAbbrev":"bao:BAO_0000190","valueDescr":"The effective concentration of an inhibitor, which produces 50% of the maximum possible response for that inhibitor.","groupNest":["http://rdf.pistoia.com/bae#PA_000042"],"groupLabel":["Assay Method"],"valueHier":["http://www.bioassayontology.org/bao#BAO_0002162","http://www.bioassayontology.org/bao#BAO_0000180","http://www.bioassayontology.org/bao#BAO_0000179"],"labelHier":["concentration response endpoint","concentration endpoint","endpoint"]},{"propURI":"http://www.bioassayontology.org/bao#BAO_0002921","propLabel":"target organism","propAbbrev":"bao:BAO_0002921","valueURI":"http://purl.obolibrary.org/obo/NCBITaxon_9606","valueLabel":"Homo sapiens","valueAbbrev":"obo:NCBITaxon_9606","valueDescr":"","groupNest":["http://rdf.pistoia.com/bae#PA_000044"],"groupLabel":["Target Information"],"altLabels":["Homo spiens","Homo sapience","Homo sapien","human","Homo spaiens","Homo sapians","man","Humo sapiens","Home sapiens","Homo sapiense","Homo sampiens","Homo sapeins","Homo sapines","Homo sapian","Homo sapients"],"valueHier":["http://www.bioassayontology.org/bao#BAO_0000362","http://www.bioassayontology.org/bao#BAO_0000510","http://www.bioassayontology.org/bao#BAO_0000659","http://www.bioassayontology.org/bao#BAO_0000509","http://www.bioassayontology.org/bao#BAO_0000658","http://www.bioassayontology.org/bao#BAO_0000551"],"labelHier":["mammalian","vertebrate","metazoa","eukaryote","cellular organisms","organism"]},{"propURI":"http://www.bioassayontology.org/bao#BAX_0000011","propLabel":"NCBI gene identity","propAbbrev":"bao:BAX_0000011","valueURI":"http://www.bioassayontology.org/geneid#1576","valueLabel":"CYP3A4: cytochrome P450 family 3 subfamily A member 4","valueAbbrev":"geneid:1576","valueDescr":"","groupNest":["http://rdf.pistoia.com/bae#PA_000044"],"groupLabel":["Target Information"],"altLabels":["CP33 , CP34 , CYP3A , CYP3A3 , CYPIIIA3 , CYPIIIA4 , HLP , NF-25 , P450C3 , P450PCN1"],"externalURLs":["https://www.ncbi.nlm.nih.gov/gene/1576"],"valueHier":["http://www.bioassayontology.org/geneid#Homo_sapiens","http://www.bioassayontology.org/geneid#Mammalia","http://www.bioassayontology.org/geneid#Root"],"labelHier":["Homo sapiens","Mammalia","Faux GeneID"]},{"propURI":"http://rdf.pistoia.com/bae#PA_000033","propLabel":"target protein name","propAbbrev":"http://rdf.pistoia.com/bae#PA_000033","valueURI":"http://purl.obolibrary.org/obo/PR_P08684","valueLabel":"cytochrome P450 3A4 (human)","valueAbbrev":"obo:PR_P08684","valueDescr":"A cytochrome P450 3A4 that is encoded in the genome of human.","groupNest":["http://rdf.pistoia.com/bae#PA_000044"],"groupLabel":["Target Information"],"altLabels":["cytochrome P450-PCN1 (human)","CYPIIIA4 (human)","hCYP3A4","nifedipine oxidase (human)","cytochrome P450 3A3 (human)","CYPIIIA3 (human)","albendazole sulfoxidase (human)","cytochrome P450 NF-25 (human)","1,8-cineole 2-exo-monooxygenase (human)","cytochrome P450 HLp (human)","taurochenodeoxycholate 6-alpha-hydroxylase (human)","quinine 3-monooxygenase (human)"],"valueHier":["http://purl.obolibrary.org/obo/PR_000006130","http://purl.obolibrary.org/obo/PR_000000001"],"labelHier":["cytochrome P450 3A4","protein"]},{"propURI":"http://www.bioassayontology.org/bao#BAX_0000012","propLabel":"NCBI  protein identity","propAbbrev":"bao:BAX_0000012","valueURI":"http://www.bioassayontology.org/protein#116241312","valueLabel":"Cytochrome P450 3A4","valueAbbrev":"protein:116241312","valueDescr":"Protein: Cytochrome P450 3A4, Organism: Homo sapiens","groupNest":["http://rdf.pistoia.com/bae#PA_000044"],"groupLabel":["Target Information"],"externalURLs":["https://www.ncbi.nlm.nih.gov/protein/116241312"],"valueHier":["http://www.bioassayontology.org/taxon#9606","http://www.bioassayontology.org/taxon#9605","http://www.bioassayontology.org/taxon#314295","http://www.bioassayontology.org/taxon#9526","http://www.bioassayontology.org/taxon#9443","http://www.bioassayontology.org/taxon#314146","http://www.bioassayontology.org/taxon#40674","http://www.bioassayontology.org/taxon#32524","http://www.bioassayontology.org/taxon#8287","http://www.bioassayontology.org/taxon#117570","http://www.bioassayontology.org/taxon#7711","http://www.bioassayontology.org/taxon#33511","http://www.bioassayontology.org/taxon#33213","http://www.bioassayontology.org/taxon#33208","http://www.bioassayontology.org/taxon#33154","http://www.bioassayontology.org/taxon#2759","http://www.bioassayontology.org/taxon#131567","http://www.bioassayontology.org/taxon#Root"],"labelHier":["Homo sapiens","Homo","Hominoidea / Hominidae / Homininae","Catarrhini","Primates / Haplorrhini / Simiiformes","Euarchontoglires","Mammalia / Theria / Eutheria / Boreoeutheria","Amniota","Sarcopterygii / Dipnotetrapodomorpha / Tetrapoda","Teleostomi / Euteleostomi","Chordata / Craniata / Vertebrata / Gnathostomata","Deuterostomia","Bilateria","Metazoa / Eumetazoa","Opisthokonta","Eukaryota","cellular organisms","Faux ProteinID"]},{"propURI":"http://www.bioassayontology.org/bao#BAO_0000196","propLabel":"assay mode of action","propAbbrev":"bao:BAO_0000196","valueURI":"http://www.bioassayontology.org/bao#BAO_0000091","valueLabel":"inhibition","valueAbbrev":"bao:BAO_0000091","valueDescr":"Reduction of a predefined stimulus. Unit of Measure is always % when normalized to the dynamic range of the assay.","groupNest":["http://rdf.pistoia.com/bae#PA_000042"],"groupLabel":["Assay Method"],"valueHier":["http://www.bioassayontology.org/bao#BAO_0000084","http://www.bioassayontology.org/bao#BAO_0000074"],"labelHier":["ligand function mode of action","mode of action"]},{"propURI":"http://www.bioassayontology.org/bao#BAO_0000185","propLabel":"perturbagen type","propAbbrev":"bao:BAO_0000185","valueURI":"http://www.bioassayontology.org/bao#BAO_0000176","valueLabel":"small molecule","valueAbbrev":"bao:BAO_0000176","valueDescr":"Small molecule is an organic compound with a low molecular weight (<800 Da) which is used to screen against a biological target, e.g. protein, nucleic acid, cell or organism  to test its ability to bind it and bring about a change in activity. It is either isolated from a natural source or is synthesized.","groupNest":["http://rdf.pistoia.com/bae#PA_000042"],"groupLabel":["Assay Method"],"valueHier":["http://www.bioassayontology.org/bao#BAO_0000076","http://www.bioassayontology.org/bao#BAO_0003120"],"labelHier":["screened entity","assay screened entity component"]},{"propURI":"http://rdf.pistoia.com/bae#PA_000004","propLabel":"curation status","propAbbrev":"http://rdf.pistoia.com/bae#PA_000004","valueURI":"http://www.bioassayexpress.org/bae#0000153","valueLabel":"Curated","valueAbbrev":"bae:0000153","valueDescr":"Initial curation by user","groupNest":["http://rdf.pistoia.com/bae#PA_000041"],"groupLabel":["General Information"],"valueHier":["http://rdf.pistoia.com/bae#PA_000032","http://rdf.pistoia.com/bae#PA_000005"],"labelHier":["bha curation status","curation status"]},{"propURI":"http://rdf.pistoia.com/bae#PA_000023","propLabel":"curation project","propAbbrev":"http://rdf.pistoia.com/bae#PA_000023","valueURI":"http://www.bioassayexpress.org/bae#0000386","valueLabel":"DataFAIRy Bioassay Phase 1","valueAbbrev":"bae:0000386","valueDescr":"First Pistoia Alliance DataFAIRYy curation project following pilot phase.","groupNest":["http://rdf.pistoia.com/bae#PA_000041"],"groupLabel":["General Information"],"valueHier":["http://www.bioassayexpress.org/bae#0000385","http://rdf.pistoia.com/bae#PA_000027"],"labelHier":["DataFAIRy Curation Project","curation project"]},{"propURI":"http://www.bioassayontology.org/bao#BAO_0002855","propLabel":"bioassay","propAbbrev":"bao:BAO_0002855","valueURI":"http://www.bioassayontology.org/bao#BAO_0002736","valueLabel":"cytochrome P450 enzyme activity assay","valueAbbrev":"bao:BAO_0002736","valueDescr":"","groupNest":["http://rdf.pistoia.com/bae#PA_000042"],"groupLabel":["Assay Method"],"valueHier":["http://www.bioassayontology.org/bao#BAO_0002792","http://www.bioassayontology.org/bao#BAO_0002994","http://www.bioassayontology.org/bao#BAO_0000015"],"labelHier":["oxidoreductase activity assay","enzyme activity assay","bioassay"]},{"propURI":"http://www.bioassayontology.org/bao#BAO_0095009","propLabel":"assay design method","propAbbrev":"bao:BAO_0095009","valueURI":"http://www.bioassayontology.org/bao#BAO_0000124","valueLabel":"enzyme activity measurement method","valueAbbrev":"bao:BAO_0000124","valueDescr":"It describes the different methods by which an enzyme activity can be measured and the ways it is expressed. This can be measured either directly or coupled to a secondary signal.","groupNest":["http://rdf.pistoia.com/bae#PA_000042"],"groupLabel":["Assay Method"],"valueHier":["http://www.bioassayontology.org/bao#BAO_0002202"],"labelHier":["assay design method"]},{"propURI":"http://www.bioassayontology.org/bao#BAO_0002863","propLabel":"concentration throughput","propAbbrev":"bao:BAO_0002863","valueURI":"http://www.bioassayontology.org/bao#BAO_0000536","valueLabel":"single concentration","valueAbbrev":"bao:BAO_0000536","valueDescr":"Multiple measurements (typically three) are preformed at a single concentration. This is often used as a mode of confirmatory screening following a primary screen.","groupNest":["http://rdf.pistoia.com/bae#PA_000042"],"groupLabel":["Assay Method"],"valueHier":["http://www.bioassayontology.org/bao#BAO_0002177"],"labelHier":["concentration throughput"]},{"propURI":"http://rdf.pistoia.com/bae#PA_000025","propLabel":"perturbagen max concentration units","propAbbrev":"http://rdf.pistoia.com/bae#PA_000025","valueURI":"http://purl.obolibrary.org/obo/UO_0000064","valueLabel":"micromolar","valueAbbrev":"obo:UO_0000064","valueDescr":"A unit of molarity which is equal to one millionth of a molar or 10^[-6] M.","groupNest":["http://rdf.pistoia.com/bae#PA_000042"],"groupLabel":["Assay Method"],"valueHier":["http://purl.obolibrary.org/obo/UO_0000061","http://purl.obolibrary.org/obo/UO_0000051","http://purl.obolibrary.org/obo/UO_0000000"],"labelHier":["unit of molarity","concentration unit","unit"]},{"propURI":"http://rdf.pistoia.com/bae#PA_000026","propLabel":"perturbagen min concentration units","propAbbrev":"http://rdf.pistoia.com/bae#PA_000026","valueURI":"http://purl.obolibrary.org/obo/UO_0000064","valueLabel":"micromolar","valueAbbrev":"obo:UO_0000064","valueDescr":"A unit of molarity which is equal to one millionth of a molar or 10^[-6] M.","groupNest":["http://rdf.pistoia.com/bae#PA_000042"],"groupLabel":["Assay Method"],"valueHier":["http://purl.obolibrary.org/obo/UO_0000061","http://purl.obolibrary.org/obo/UO_0000051","http://purl.obolibrary.org/obo/UO_0000000"],"labelHier":["unit of molarity","concentration unit","unit"]},{"propURI":"http://www.bioassayontology.org/bao#BAO_0002854","propLabel":"bioassay type","propAbbrev":"bao:BAO_0002854","valueURI":"http://www.bioassayontology.org/bao#BAO_0000010","valueLabel":"functional","valueAbbrev":"bao:BAO_0000010","valueDescr":"An assay where the measured signal corresponds to a complex response such as cell survival, proliferation, localization of a protein, nuclear translocation etc. The molecular target is not assumed.","groupNest":["http://rdf.pistoia.com/bae#PA_000042"],"groupLabel":["Assay Method"],"valueHier":["http://www.bioassayontology.org/bao#BAO_0000008"],"labelHier":["bioassay type"]},{"propURI":"http://www.bioassayontology.org/bao#BAO_0000205","propLabel":"assay format","propAbbrev":"bao:BAO_0000205","valueURI":"http://www.bioassayontology.org/bao#BAO_0000221","valueLabel":"tissue-based format","valueAbbrev":"bao:BAO_0000221","valueDescr":"Involves the use of a tissue derived from a living organism and is a heterogeneous assay type.","groupNest":["http://rdf.pistoia.com/bae#PA_000042"],"groupLabel":["Assay Method"],"valueHier":["http://www.bioassayontology.org/bao#BAO_0000019"],"labelHier":["assay format"]},{"propURI":"http://www.bioassayontology.org/bao#BAO_0002853","valueLabel":"Inhibition of human liver microsome Cytochrome P3A4","propAbbrev":"bao:BAO_0002853","groupNest":["http://rdf.pistoia.com/bae#PA_000041"],"propLabel":"assay title","groupLabel":["General Information"]},{"propURI":"http://www.bioassayontology.org/bao#BAO_0001095","valueLabel":"AID 54764","propAbbrev":"bao:BAO_0001095","groupNest":["http://rdf.pistoia.com/bae#PA_000041"],"propLabel":"external assay ID","groupLabel":["General Information"]},{"propURI":"http://www.bioassayontology.org/bao#BAO_0001095","valueLabel":"PMID: 15177477","propAbbrev":"bao:BAO_0001095","groupNest":["http://rdf.pistoia.com/bae#PA_000041"],"propLabel":"external assay ID","groupLabel":["General Information"]},{"propURI":"http://www.bioassayontology.org/bao#BAO_0001095","valueLabel":"CHEMBL666016","propAbbrev":"bao:BAO_0001095","groupNest":["http://rdf.pistoia.com/bae#PA_000041"],"propLabel":"external assay ID","groupLabel":["General Information"]},{"propURI":"http://www.bioassayontology.org/bao#BAO_0002846","valueLabel":"https://pubchem.ncbi.nlm.nih.gov/bioassay/54764","propAbbrev":"bao:BAO_0002846","groupNest":["http://rdf.pistoia.com/bae#PA_000041"],"propLabel":"assay protocol / source document","groupLabel":["General Information"]},{"propURI":"http://rdf.pistoia.com/bae#PA_000001","valueLabel":"7.2","propAbbrev":"http://rdf.pistoia.com/bae#PA_000001","groupNest":["http://rdf.pistoia.com/bae#PA_000041"],"propLabel":"assay protocol version","groupLabel":["General Information"]},{"propURI":"http://www.bioassayontology.org/bao#BAO_0002825","valueLabel":"2010-05-20","propAbbrev":"bao:BAO_0002825","groupNest":["http://rdf.pistoia.com/bae#PA_000041"],"propLabel":"assay deposition date","groupLabel":["General Information"]},{"propURI":"http://rdf.pistoia.com/bae#PA_000002","valueLabel":"molcon1mc@gmail.com","propAbbrev":"http://rdf.pistoia.com/bae#PA_000002","groupNest":["http://rdf.pistoia.com/bae#PA_000041"],"propLabel":"curated by (e-mail)","groupLabel":["General Information"]},{"propURI":"http://www.bioassayontology.org/bao#BAO_0002083","valueLabel":"2022-11-02","propAbbrev":"bao:BAO_0002083","groupNest":["http://rdf.pistoia.com/bae#PA_000041"],"propLabel":"curation date","groupLabel":["General Information"]},{"propURI":"http://www.bioassayontology.org/bao#BAO_0002846","valueLabel":"https://pubmed.ncbi.nlm.nih.gov/15177477/","propAbbrev":"bao:BAO_0002846","groupNest":["http://rdf.pistoia.com/bae#PA_000041"],"propLabel":"assay protocol / source document","groupLabel":["General Information"]},{"propURI":"http://www.bioassayontology.org/bao#BAO_0002846","valueLabel":"https://www.ebi.ac.uk/chembl/assay_report_card/CHEMBL666016/","propAbbrev":"bao:BAO_0002846","groupNest":["http://rdf.pistoia.com/bae#PA_000041"],"propLabel":"assay protocol / source document","groupLabel":["General Information"]},{"propURI":"http://rdf.pistoia.com/bae#PA_000024","valueLabel":"10","propAbbrev":"http://rdf.pistoia.com/bae#PA_000024","groupNest":["http://rdf.pistoia.com/bae#PA_000042"],"propLabel":"perturbagen max concentration","groupLabel":["Assay Method"]},{"propURI":"http://rdf.pistoia.com/bae#PA_000022","valueLabel":"10","propAbbrev":"http://rdf.pistoia.com/bae#PA_000022","groupNest":["http://rdf.pistoia.com/bae#PA_000042"],"propLabel":"perturbagen min concentration","groupLabel":["Assay Method"]},{"propURI":"http://www.bioassayontology.org/bao#BAO_0000211","valueLabel":"Cytochrome","propAbbrev":"bao:BAO_0000211","groupNest":["http://rdf.pistoia.com/bae#PA_000044"],"propLabel":"target type","groupLabel":["Target Information"]}],"pubchemXRef":[],"curationTime":1674131800470,"curatorID":"google:110844873201058095427","curatorName":"","curatorEmail":"molcon1mc@gmail.com","history":[{"curationTime":1667375441257,"curatorID":"google:110844873201058095427","curatorName":"","curatorEmail":"molcon1mc@gmail.com","annotsAdded":[{"propURI":"http://rdf.pistoia.com/bae#PA_000033","propLabel":"target protein name","propAbbrev":"http://rdf.pistoia.com/bae#PA_000033","valueURI":"http://purl.obolibrary.org/obo/PR_P08684","valueLabel":"cytochrome P450 3A4 (human)","valueAbbrev":"obo:PR_P08684","valueDescr":"A cytochrome P450 3A4 that is encoded in the genome of human.","groupNest":["http://rdf.pistoia.com/bae#PA_000044"],"groupLabel":["Target Information"],"altLabels":["cytochrome P450-PCN1 (human)","CYPIIIA4 (human)","hCYP3A4","nifedipine oxidase (human)","cytochrome P450 3A3 (human)","CYPIIIA3 (human)","albendazole sulfoxidase (human)","cytochrome P450 NF-25 (human)","1,8-cineole 2-exo-monooxygenase (human)","cytochrome P450 HLp (human)","taurochenodeoxycholate 6-alpha-hydroxylase (human)","quinine 3-monooxygenase (human)"],"valueHier":["http://purl.obolibrary.org/obo/PR_000006130","http://purl.obolibrary.org/obo/PR_000000001"],"labelHier":["cytochrome P450 3A4","protein"]},{"propURI":"http://rdf.pistoia.com/bae#PA_000004","propLabel":"curation status","propAbbrev":"http://rdf.pistoia.com/bae#PA_000004","valueURI":"http://www.bioassayexpress.org/bae#0000153","valueLabel":"Curated","valueAbbrev":"bae:0000153","valueDescr":"Initial curation by user","groupNest":["http://rdf.pistoia.com/bae#PA_000041"],"groupLabel":["General Information"],"valueHier":["http://rdf.pistoia.com/bae#PA_000032","http://rdf.pistoia.com/bae#PA_000005"],"labelHier":["bha curation status","curation status"]},{"propURI":"http://www.bioassayontology.org/bao#BAX_0000011","propLabel":"NCBI gene identity","propAbbrev":"bao:BAX_0000011","valueURI":"http://www.bioassayontology.org/geneid#1576","valueLabel":"CYP3A4: cytochrome P450 family 3 subfamily A member 4","valueAbbrev":"geneid:1576","valueDescr":"","groupNest":["http://rdf.pistoia.com/bae#PA_000044"],"groupLabel":["Target Information"],"altLabels":["CP33 , CP34 , CYP3A , CYP3A3 , CYPIIIA3 , CYPIIIA4 , HLP , NF-25 , P450C3 , P450PCN1"],"externalURLs":["https://www.ncbi.nlm.nih.gov/gene/1576"],"valueHier":["http://www.bioassayontology.org/geneid#Homo_sapiens","http://www.bioassayontology.org/geneid#Mammalia","http://www.bioassayontology.org/geneid#Root"],"labelHier":["Homo sapiens","Mammalia","Faux GeneID"]},{"propURI":"http://www.bioassayontology.org/bao#BAO_0000185","propLabel":"perturbagen type","propAbbrev":"bao:BAO_0000185","valueURI":"http://www.bioassayontology.org/bao#BAO_0000176","valueLabel":"small molecule","valueAbbrev":"bao:BAO_0000176","valueDescr":"Small molecule is an organic compound with a low molecular weight (<800 Da) which is used to screen against a biological target, e.g. protein, nucleic acid, cell or organism  to test its ability to bind it and bring about a change in activity. It is either isolated from a natural source or is synthesized.","groupNest":["http://rdf.pistoia.com/bae#PA_000042"],"groupLabel":["Assay Method"],"valueHier":["http://www.bioassayontology.org/bao#BAO_0000076","http://www.bioassayontology.org/bao#BAO_0003120"],"labelHier":["screened entity","assay screened entity component"]},{"propURI":"http://www.bioassayontology.org/bao#BAO_0000211","propLabel":"target type","propAbbrev":"bao:BAO_0000211","valueURI":"http://www.bioassayexpress.org/bae#0000068","valueLabel":"CYP3A4","valueAbbrev":"bae:0000068","valueDescr":"UniProtKB - P08684 (CP3A4_HUMAN)\nUNII:PUO0521HZV","groupNest":["http://rdf.pistoia.com/bae#PA_000044"],"groupLabel":["Target Information"],"valueHier":["http://www.bioassayontology.org/bao#BAO_0000279","http://www.bioassayontology.org/bao#BAO_0000175","http://www.bioassayontology.org/bao#BAO_0003111","http://www.bioassayontology.org/bao#BAO_0003114"],"labelHier":["enzyme","protein","biological macromolecule","assay biology component"]},{"propURI":"http://www.bioassayontology.org/bao#BAO_0002852","propLabel":"assay source","propAbbrev":"bao:BAO_0002852","valueURI":"http://www.bioassayontology.org/bao#BAO_0000614","valueLabel":"ChEMBL","valueAbbrev":"bao:BAO_0000614","valueDescr":"It is a public database that contains structure","groupNest":["http://rdf.pistoia.com/bae#PA_000041"],"groupLabel":["General Information"],"valueHier":["http://www.bioassayontology.org/bao#BAO_0000612"],"labelHier":["assay repository"]},{"propURI":"http://www.bioassayontology.org/bao#BAO_0002854","propLabel":"bioassay type","propAbbrev":"bao:BAO_0002854","valueURI":"http://www.bioassayontology.org/bao#BAO_0000009","valueLabel":"ADMET","valueAbbrev":"bao:BAO_0000009","valueDescr":"ADMET stands for absorption, distribution, metabolism, excretion and toxicity. Admet assays are performed for verifying the bio-availability,  toxicity, metabolic stability, and drug-drug interaction potential of drugs: They quantify absorption of drugs in the intestine which is dependent on their solubility; distribution which ascertains their binding to plasma proteins, central nervous system penetration; metabolism where the in vivo clearance is monitored; and finally, toxicity in terms of inhibition of liver cytochrome p450 enzymes or hERG which could cause drug-drug interactions and cardiac arrhythmias, respectively.","groupNest":["http://rdf.pistoia.com/bae#PA_000042"],"groupLabel":["Assay Method"],"valueHier":["http://www.bioassayontology.org/bao#BAO_0000008"],"labelHier":["bioassay type"]},{"propURI":"http://www.bioassayontology.org/bao#BAO_0000196","propLabel":"assay mode of action","propAbbrev":"bao:BAO_0000196","valueURI":"http://www.bioassayontology.org/bao#BAO_0000091","valueLabel":"inhibition","valueAbbrev":"bao:BAO_0000091","valueDescr":"Reduction of a predefined stimulus. Unit of Measure is always % when normalized to the dynamic range of the assay.","groupNest":["http://rdf.pistoia.com/bae#PA_000042"],"groupLabel":["Assay Method"],"valueHier":["http://www.bioassayontology.org/bao#BAO_0000084","http://www.bioassayontology.org/bao#BAO_0000074"],"labelHier":["ligand function mode of action","mode of action"]},{"propURI":"http://rdf.pistoia.com/bae#PA_000052","propLabel":"assay screening campaign stage","propAbbrev":"http://rdf.pistoia.com/bae#PA_000052","valueURI":"http://www.bioassayontology.org/bao#BAO_0000030","valueLabel":"confirmatory assay","valueAbbrev":"bao:BAO_0000030","valueDescr":"Assay performed to confirm activity of compounds identified in the primary screen.  It can be performed as replicate measurements at a single screening concentration or as concentration-response assay.","groupNest":["http://rdf.pistoia.com/bae#PA_000042"],"groupLabel":["Assay Method"],"valueHier":["http://www.bioassayontology.org/bao#BAO_0000029"],"labelHier":["assay screening campaign stage"]},{"propURI":"http://www.bioassayontology.org/bao#BAO_0000208","propLabel":"endpoint","propAbbrev":"bao:BAO_0000208","valueURI":"http://www.bioassayontology.org/bao#BAO_0000190","valueLabel":"IC50","valueAbbrev":"bao:BAO_0000190","valueDescr":"The effective concentration of an inhibitor, which produces 50% of the maximum possible response for that inhibitor.","groupNest":["http://rdf.pistoia.com/bae#PA_000042"],"groupLabel":["Assay Method"],"valueHier":["http://www.bioassayontology.org/bao#BAO_0002162","http://www.bioassayontology.org/bao#BAO_0000180","http://www.bioassayontology.org/bao#BAO_0000179"],"labelHier":["concentration response endpoint","concentration endpoint","endpoint"]},{"propURI":"http://www.bioassayontology.org/bao#BAO_0000205","propLabel":"assay format","propAbbrev":"bao:BAO_0000205","valueURI":"http://www.bioassayontology.org/bao#BAO_0000357","valueLabel":"single protein format","valueAbbrev":"bao:BAO_0000357","valueDescr":"one protein sequence","groupNest":["http://rdf.pistoia.com/bae#PA_000042"],"groupLabel":["Assay Method"],"valueHier":["http://www.bioassayontology.org/bao#BAO_0000224","http://www.bioassayontology.org/bao#BAO_0000217","http://www.bioassayontology.org/bao#BAO_0000019"],"labelHier":["protein format","biochemical format","assay format"]},{"propURI":"http://www.bioassayontology.org/bao#BAO_0002921","propLabel":"target organism","propAbbrev":"bao:BAO_0002921","valueURI":"http://purl.obolibrary.org/obo/NCBITaxon_9606","valueLabel":"Homo sapiens","valueAbbrev":"obo:NCBITaxon_9606","valueDescr":"","groupNest":["http://rdf.pistoia.com/bae#PA_000044"],"groupLabel":["Target Information"],"altLabels":["Homo spiens","Homo sapience","Homo sapien","human","Homo spaiens","Homo sapians","man","Humo sapiens","Home sapiens","Homo sapiense","Homo sampiens","Homo sapeins","Homo sapines","Homo sapian","Homo sapients"],"valueHier":["http://www.bioassayontology.org/bao#BAO_0000362","http://www.bioassayontology.org/bao#BAO_0000510","http://www.bioassayontology.org/bao#BAO_0000659","http://www.bioassayontology.org/bao#BAO_0000509","http://www.bioassayontology.org/bao#BAO_0000658","http://www.bioassayontology.org/bao#BAO_0000551"],"labelHier":["mammalian","vertebrate","metazoa","eukaryote","cellular organisms","organism"]},{"propURI":"http://www.bioassayontology.org/bao#BAX_0000012","propLabel":"NCBI  protein identity","propAbbrev":"bao:BAX_0000012","valueURI":"http://www.bioassayontology.org/protein#116241312","valueLabel":"Cytochrome P450 3A4","valueAbbrev":"protein:116241312","valueDescr":"Protein: Cytochrome P450 3A4, Organism: Homo sapiens","groupNest":["http://rdf.pistoia.com/bae#PA_000044"],"groupLabel":["Target Information"],"externalURLs":["https://www.ncbi.nlm.nih.gov/protein/116241312"],"valueHier":["http://www.bioassayontology.org/taxon#9606","http://www.bioassayontology.org/taxon#9605","http://www.bioassayontology.org/taxon#314295","http://www.bioassayontology.org/taxon#9526","http://www.bioassayontology.org/taxon#9443","http://www.bioassayontology.org/taxon#314146","http://www.bioassayontology.org/taxon#40674","http://www.bioassayontology.org/taxon#32524","http://www.bioassayontology.org/taxon#8287","http://www.bioassayontology.org/taxon#117570","http://www.bioassayontology.org/taxon#7711","http://www.bioassayontology.org/taxon#33511","http://www.bioassayontology.org/taxon#33213","http://www.bioassayontology.org/taxon#33208","http://www.bioassayontology.org/taxon#33154","http://www.bioassayontology.org/taxon#2759","http://www.bioassayontology.org/taxon#131567","http://www.bioassayontology.org/taxon#Root"],"labelHier":["Homo sapiens","Homo","Hominoidea / Hominidae / Homininae","Catarrhini","Primates / Haplorrhini / Simiiformes","Euarchontoglires","Mammalia / Theria / Eutheria / Boreoeutheria","Amniota","Sarcopterygii / Dipnotetrapodomorpha / Tetrapoda","Teleostomi / Euteleostomi","Chordata / Craniata / Vertebrata / Gnathostomata","Deuterostomia","Bilateria","Metazoa / Eumetazoa","Opisthokonta","Eukaryota","cellular organisms","Faux ProteinID"]},{"propURI":"http://rdf.pistoia.com/bae#PA_000023","propLabel":"curation project","propAbbrev":"http://rdf.pistoia.com/bae#PA_000023","valueURI":"http://www.bioassayexpress.org/bae#0000386","valueLabel":"DataFAIRy Bioassay Phase 1","valueAbbrev":"bae:0000386","valueDescr":"First Pistoia Alliance DataFAIRYy curation project following pilot phase.","groupNest":["http://rdf.pistoia.com/bae#PA_000041"],"groupLabel":["General Information"],"valueHier":["http://www.bioassayexpress.org/bae#0000385","http://rdf.pistoia.com/bae#PA_000027"],"labelHier":["DataFAIRy Curation Project","curation project"]},{"propURI":"http://www.bioassayontology.org/bao#BAO_0002855","propLabel":"bioassay","propAbbrev":"bao:BAO_0002855","valueURI":"http://www.bioassayontology.org/bao#BAO_0000110","valueLabel":"protein-small molecule interaction assay","valueAbbrev":"bao:BAO_0000110","valueDescr":"It is an interaction between a protein (e.g., receptor, transcription factor) and small molecule (e.g., hormone, organic compound with a low molecular weight (<800 Da)).","groupNest":["http://rdf.pistoia.com/bae#PA_000042"],"groupLabel":["Assay Method"],"valueHier":["http://www.bioassayontology.org/bao#BAO_0002989","http://www.bioassayontology.org/bao#BAO_0000015"],"labelHier":["binding assay","bioassay"]}],"annotsRemoved":[],"labelsAdded":[{"propURI":"http://www.bioassayontology.org/bao#BAO_0002083","valueLabel":"2022-11-02","propAbbrev":"bao:BAO_0002083","groupNest":["http://rdf.pistoia.com/bae#PA_000041"],"propLabel":"curation date","groupLabel":["General Information"]},{"propURI":"http://www.bioassayontology.org/bao#BAO_0002853","valueLabel":"Inhibition of human liver microsome Cytochrome P3A4","propAbbrev":"bao:BAO_0002853","groupNest":["http://rdf.pistoia.com/bae#PA_000041"],"propLabel":"assay title","groupLabel":["General Information"]},{"propURI":"http://www.bioassayontology.org/bao#BAO_0001095","valueLabel":"AID 54764","propAbbrev":"bao:BAO_0001095","groupNest":["http://rdf.pistoia.com/bae#PA_000041"],"propLabel":"external assay ID","groupLabel":["General Information"]},{"propURI":"http://rdf.pistoia.com/bae#PA_000002","valueLabel":"molcon1mc@gmail.com","propAbbrev":"http://rdf.pistoia.com/bae#PA_000002","groupNest":["http://rdf.pistoia.com/bae#PA_000041"],"propLabel":"curated by (e-mail)","groupLabel":["General Information"]},{"propURI":"http://www.bioassayontology.org/bao#BAO_0001095","valueLabel":"PMID: 15177477","propAbbrev":"bao:BAO_0001095","groupNest":["http://rdf.pistoia.com/bae#PA_000041"],"propLabel":"external assay ID","groupLabel":["General Information"]},{"propURI":"http://rdf.pistoia.com/bae#PA_000001","valueLabel":"7.2","propAbbrev":"http://rdf.pistoia.com/bae#PA_000001","groupNest":["http://rdf.pistoia.com/bae#PA_000041"],"propLabel":"assay protocol version","groupLabel":["General Information"]},{"propURI":"http://www.bioassayontology.org/bao#BAO_0002825","valueLabel":"2010-05-20","propAbbrev":"bao:BAO_0002825","groupNest":["http://rdf.pistoia.com/bae#PA_000041"],"propLabel":"assay deposition date","groupLabel":["General Information"]},{"propURI":"http://www.bioassayontology.org/bao#BAO_0001095","valueLabel":"CHEMBL666016","propAbbrev":"bao:BAO_0001095","groupNest":["http://rdf.pistoia.com/bae#PA_000041"],"propLabel":"external assay ID","groupLabel":["General Information"]},{"propURI":"http://www.bioassayontology.org/bao#BAO_0002846","valueLabel":"https://pubchem.ncbi.nlm.nih.gov/bioassay/54764","propAbbrev":"bao:BAO_0002846","groupNest":["http://rdf.pistoia.com/bae#PA_000041"],"propLabel":"assay protocol / source document","groupLabel":["General Information"]}],"labelsRemoved":[]},{"curationTime":1673942550853,"curatorID":"google:110844873201058095427","curatorName":"","curatorEmail":"molcon1mc@gmail.com","uniqueIDPatch":"@@ -1,16 +0,0 @@\n-pubchemAID:54764\n","textPatch":"@@ -1,431 +0,0 @@\n-Title: An aminomethylpyrimidine DPP-IV inhibitor with improved properties.%0A%0AAbstract: A recently identified DPP-IV inhibitor (1) was found to induce phospholipidosis and to inhibit CYP3A4. A small series of less lipophilic and less amphiphilic analogues was synthesized in an effort to overcome these issues. One compound from this series was equipotent to 1, did not induce phospholipidosis and showed a reduced CYP3A4 inhibition.\n","annotsAdded":[{"propURI":"http://rdf.pistoia.com/bae#PA_000025","propLabel":"perturbagen max concentration units","propAbbrev":"http://rdf.pistoia.com/bae#PA_000025","valueURI":"http://purl.obolibrary.org/obo/UO_0000064","valueLabel":"micromolar","valueAbbrev":"obo:UO_0000064","valueDescr":"A unit of molarity which is equal to one millionth of a molar or 10^[-6] M.","groupNest":["http://rdf.pistoia.com/bae#PA_000042"],"groupLabel":["Assay Method"],"valueHier":["http://purl.obolibrary.org/obo/UO_0000061","http://purl.obolibrary.org/obo/UO_0000051","http://purl.obolibrary.org/obo/UO_0000000"],"labelHier":["unit of molarity","concentration unit","unit"]},{"propURI":"http://www.bioassayontology.org/bao#BAO_0002855","propLabel":"bioassay","propAbbrev":"bao:BAO_0002855","valueURI":"http://www.bioassayontology.org/bao#BAO_0002736","valueLabel":"cytochrome P450 enzyme activity assay","valueAbbrev":"bao:BAO_0002736","valueDescr":"","groupNest":["http://rdf.pistoia.com/bae#PA_000042"],"groupLabel":["Assay Method"],"valueHier":["http://www.bioassayontology.org/bao#BAO_0002792","http://www.bioassayontology.org/bao#BAO_0002994","http://www.bioassayontology.org/bao#BAO_0000015"],"labelHier":["oxidoreductase activity assay","enzyme activity assay","bioassay"]},{"propURI":"http://www.bioassayontology.org/bao#BAO_0095009","propLabel":"assay design method","propAbbrev":"bao:BAO_0095009","valueURI":"http://www.bioassayontology.org/bao#BAO_0000124","valueLabel":"enzyme activity measurement method","valueAbbrev":"bao:BAO_0000124","valueDescr":"It describes the different methods by which an enzyme activity can be measured and the ways it is expressed. This can be measured either directly or coupled to a secondary signal.","groupNest":["http://rdf.pistoia.com/bae#PA_000042"],"groupLabel":["Assay Method"],"valueHier":["http://www.bioassayontology.org/bao#BAO_0002202"],"labelHier":["assay design method"]},{"propURI":"http://rdf.pistoia.com/bae#PA_000026","propLabel":"perturbagen min concentration units","propAbbrev":"http://rdf.pistoia.com/bae#PA_000026","valueURI":"http://purl.obolibrary.org/obo/UO_0000064","valueLabel":"micromolar","valueAbbrev":"obo:UO_0000064","valueDescr":"A unit of molarity which is equal to one millionth of a molar or 10^[-6] M.","groupNest":["http://rdf.pistoia.com/bae#PA_000042"],"groupLabel":["Assay Method"],"valueHier":["http://purl.obolibrary.org/obo/UO_0000061","http://purl.obolibrary.org/obo/UO_0000051","http://purl.obolibrary.org/obo/UO_0000000"],"labelHier":["unit of molarity","concentration unit","unit"]},{"propURI":"http://www.bioassayontology.org/bao#BAO_0002854","propLabel":"bioassay type","propAbbrev":"bao:BAO_0002854","valueURI":"http://www.bioassayontology.org/bao#BAO_0000010","valueLabel":"functional","valueAbbrev":"bao:BAO_0000010","valueDescr":"An assay where the measured signal corresponds to a complex response such as cell survival, proliferation, localization of a protein, nuclear translocation etc. The molecular target is not assumed.","groupNest":["http://rdf.pistoia.com/bae#PA_000042"],"groupLabel":["Assay Method"],"valueHier":["http://www.bioassayontology.org/bao#BAO_0000008"],"labelHier":["bioassay type"]},{"propURI":"http://www.bioassayontology.org/bao#BAO_0002863","propLabel":"concentration throughput","propAbbrev":"bao:BAO_0002863","valueURI":"http://www.bioassayontology.org/bao#BAO_0000536","valueLabel":"single concentration","valueAbbrev":"bao:BAO_0000536","valueDescr":"Multiple measurements (typically three) are preformed at a single concentration. This is often used as a mode of confirmatory screening following a primary screen.","groupNest":["http://rdf.pistoia.com/bae#PA_000042"],"groupLabel":["Assay Method"],"valueHier":["http://www.bioassayontology.org/bao#BAO_0002177"],"labelHier":["concentration throughput"]}],"annotsRemoved":[{"propURI":"http://www.bioassayontology.org/bao#BAO_0002854","propLabel":"bioassay type","propAbbrev":"bao:BAO_0002854","valueURI":"http://www.bioassayontology.org/bao#BAO_0000009","valueLabel":"ADMET","valueAbbrev":"bao:BAO_0000009","valueDescr":"ADMET stands for absorption, distribution, metabolism, excretion and toxicity. Admet assays are performed for verifying the bio-availability,  toxicity, metabolic stability, and drug-drug interaction potential of drugs: They quantify absorption of drugs in the intestine which is dependent on their solubility; distribution which ascertains their binding to plasma proteins, central nervous system penetration; metabolism where the in vivo clearance is monitored; and finally, toxicity in terms of inhibition of liver cytochrome p450 enzymes or hERG which could cause drug-drug interactions and cardiac arrhythmias, respectively.","groupNest":["http://rdf.pistoia.com/bae#PA_000042"],"groupLabel":["Assay Method"],"valueHier":["http://www.bioassayontology.org/bao#BAO_0000008"],"labelHier":["bioassay type"]},{"propURI":"http://www.bioassayontology.org/bao#BAO_0002855","propLabel":"bioassay","propAbbrev":"bao:BAO_0002855","valueURI":"http://www.bioassayontology.org/bao#BAO_0000110","valueLabel":"protein-small molecule interaction assay","valueAbbrev":"bao:BAO_0000110","valueDescr":"It is an interaction between a protein (e.g., receptor, transcription factor) and small molecule (e.g., hormone, organic compound with a low molecular weight (<800 Da)).","groupNest":["http://rdf.pistoia.com/bae#PA_000042"],"groupLabel":["Assay Method"],"valueHier":["http://www.bioassayontology.org/bao#BAO_0002989","http://www.bioassayontology.org/bao#BAO_0000015"],"labelHier":["binding assay","bioassay"]}],"labelsAdded":[{"propURI":"http://rdf.pistoia.com/bae#PA_000024","valueLabel":"10","propAbbrev":"http://rdf.pistoia.com/bae#PA_000024","groupNest":["http://rdf.pistoia.com/bae#PA_000042"],"propLabel":"perturbagen max concentration","groupLabel":["Assay Method"]},{"propURI":"http://www.bioassayontology.org/bao#BAO_0002846","valueLabel":"https://pubmed.ncbi.nlm.nih.gov/15177477/","propAbbrev":"bao:BAO_0002846","groupNest":["http://rdf.pistoia.com/bae#PA_000041"],"propLabel":"assay protocol / source document","groupLabel":["General Information"]},{"propURI":"http://rdf.pistoia.com/bae#PA_000048","valueLabel":"Phospholipidosis","propAbbrev":"http://rdf.pistoia.com/bae#PA_000048","groupNest":["http://rdf.pistoia.com/bae#PA_000047"],"propLabel":"group ID","groupLabel":["Assay Group"]},{"propURI":"http://rdf.pistoia.com/bae#PA_000022","valueLabel":"10","propAbbrev":"http://rdf.pistoia.com/bae#PA_000022","groupNest":["http://rdf.pistoia.com/bae#PA_000042"],"propLabel":"perturbagen min concentration","groupLabel":["Assay Method"]},{"propURI":"http://www.bioassayontology.org/bao#BAO_0002846","valueLabel":"https://www.ebi.ac.uk/chembl/assay_report_card/CHEMBL666016/","propAbbrev":"bao:BAO_0002846","groupNest":["http://rdf.pistoia.com/bae#PA_000041"],"propLabel":"assay protocol / source document","groupLabel":["General Information"]}],"labelsRemoved":[]},{"curationTime":1673942680275,"curatorID":"google:110844873201058095427","curatorName":"","curatorEmail":"molcon1mc@gmail.com","annotsAdded":[{"propURI":"http://www.bioassayontology.org/bao#BAO_0000205","propLabel":"assay format","propAbbrev":"bao:BAO_0000205","valueURI":"http://www.bioassayontology.org/bao#BAO_0000251","valueLabel":"microsome format","valueAbbrev":"bao:BAO_0000251","valueDescr":"Microsomes are vesicle-like structures formed as an artifact from the endoplasmic reticulum after the cell has been ruptured by homogenization.","groupNest":["http://rdf.pistoia.com/bae#PA_000042"],"groupLabel":["Assay Method"],"valueHier":["http://www.bioassayontology.org/bao#BAO_0000220","http://www.bioassayontology.org/bao#BAO_0000366","http://www.bioassayontology.org/bao#BAO_0000019"],"labelHier":["subcellular format","cell-free format","assay format"]}],"annotsRemoved":[{"propURI":"http://www.bioassayontology.org/bao#BAO_0000205","propLabel":"assay format","propAbbrev":"bao:BAO_0000205","valueURI":"http://www.bioassayontology.org/bao#BAO_0000357","valueLabel":"single protein format","valueAbbrev":"bao:BAO_0000357","valueDescr":"one protein sequence","groupNest":["http://rdf.pistoia.com/bae#PA_000042"],"groupLabel":["Assay Method"],"valueHier":["http://www.bioassayontology.org/bao#BAO_0000224","http://www.bioassayontology.org/bao#BAO_0000217","http://www.bioassayontology.org/bao#BAO_0000019"],"labelHier":["protein format","biochemical format","assay format"]}],"labelsAdded":[],"labelsRemoved":[]},{"curationTime":1674019836627,"curatorID":"google:110844873201058095427","curatorName":"","curatorEmail":"molcon1mc@gmail.com","annotsAdded":[{"propURI":"http://www.bioassayontology.org/bao#BAO_0000211","propLabel":"target type","propAbbrev":"bao:BAO_0000211","valueURI":"http://purl.obolibrary.org/obo/GO_0070069","valueLabel":"cytochrome complex","valueAbbrev":"obo:GO_0070069","valueDescr":"A protein complex in which at least one of the proteins is a cytochrome, i.e. a heme-containing protein involved in catalysis of redox reactions.","groupNest":["http://rdf.pistoia.com/bae#PA_000044"],"groupLabel":["Target Information"],"valueHier":["http://purl.obolibrary.org/obo/GO_0043234","http://purl.obolibrary.org/obo/GO_0032991","http://purl.obolibrary.org/obo/GO_0005575","http://www.bioassayontology.org/bao#BAO_0003114"],"labelHier":["protein complex","macromolecular complex","cellular component","assay biology component"]},{"propURI":"http://www.bioassayontology.org/bao#BAO_0000205","propLabel":"assay format","propAbbrev":"bao:BAO_0000205","valueURI":"http://www.bioassayontology.org/bao#BAO_0000221","valueLabel":"tissue-based format","valueAbbrev":"bao:BAO_0000221","valueDescr":"Involves the use of a tissue derived from a living organism and is a heterogeneous assay type.","groupNest":["http://rdf.pistoia.com/bae#PA_000042"],"groupLabel":["Assay Method"],"valueHier":["http://www.bioassayontology.org/bao#BAO_0000019"],"labelHier":["assay format"]}],"annotsRemoved":[{"propURI":"http://www.bioassayontology.org/bao#BAO_0000211","propLabel":"target type","propAbbrev":"bao:BAO_0000211","valueURI":"http://www.bioassayexpress.org/bae#0000068","valueLabel":"CYP3A4","valueAbbrev":"bae:0000068","valueDescr":"UniProtKB - P08684 (CP3A4_HUMAN)\nUNII:PUO0521HZV","groupNest":["http://rdf.pistoia.com/bae#PA_000044"],"groupLabel":["Target Information"],"valueHier":["http://www.bioassayontology.org/bao#BAO_0000279","http://www.bioassayontology.org/bao#BAO_0000175","http://www.bioassayontology.org/bao#BAO_0003111","http://www.bioassayontology.org/bao#BAO_0003114"],"labelHier":["enzyme","protein","biological macromolecule","assay biology component"]},{"propURI":"http://www.bioassayontology.org/bao#BAO_0000205","propLabel":"assay format","propAbbrev":"bao:BAO_0000205","valueURI":"http://www.bioassayontology.org/bao#BAO_0000251","valueLabel":"microsome format","valueAbbrev":"bao:BAO_0000251","valueDescr":"Microsomes are vesicle-like structures formed as an artifact from the endoplasmic reticulum after the cell has been ruptured by homogenization.","groupNest":["http://rdf.pistoia.com/bae#PA_000042"],"groupLabel":["Assay Method"],"valueHier":["http://www.bioassayontology.org/bao#BAO_0000220","http://www.bioassayontology.org/bao#BAO_0000366","http://www.bioassayontology.org/bao#BAO_0000019"],"labelHier":["subcellular format","cell-free format","assay format"]}],"labelsAdded":[],"labelsRemoved":[]},{"curationTime":1674108619281,"curatorID":"google:110844873201058095427","curatorName":"","curatorEmail":"molcon1mc@gmail.com","annotsAdded":[],"annotsRemoved":[],"labelsAdded":[],"labelsRemoved":[{"propURI":"http://rdf.pistoia.com/bae#PA_000048","valueLabel":"Phospholipidosis","propAbbrev":"http://rdf.pistoia.com/bae#PA_000048","groupNest":["http://rdf.pistoia.com/bae#PA_000047"],"propLabel":"group ID","groupLabel":["Assay Group"]}]},{"curationTime":1674131800470,"curatorID":"google:110844873201058095427","curatorName":"","curatorEmail":"molcon1mc@gmail.com","annotsAdded":[],"annotsRemoved":[{"propURI":"http://www.bioassayontology.org/bao#BAO_0000211","propLabel":"target type","propAbbrev":"bao:BAO_0000211","valueURI":"http://purl.obolibrary.org/obo/GO_0070069","valueLabel":"cytochrome complex","valueAbbrev":"obo:GO_0070069","valueDescr":"A protein complex in which at least one of the proteins is a cytochrome, i.e. a heme-containing protein involved in catalysis of redox reactions.","groupNest":["http://rdf.pistoia.com/bae#PA_000044"],"groupLabel":["Target Information"],"valueHier":["http://purl.obolibrary.org/obo/GO_0043234","http://purl.obolibrary.org/obo/GO_0032991","http://purl.obolibrary.org/obo/GO_0005575","http://www.bioassayontology.org/bao#BAO_0003114"],"labelHier":["protein complex","macromolecular complex","cellular component","assay biology component"]}],"labelsAdded":[{"propURI":"http://www.bioassayontology.org/bao#BAO_0000211","valueLabel":"Cytochrome","propAbbrev":"bao:BAO_0000211","groupNest":["http://rdf.pistoia.com/bae#PA_000044"],"propLabel":"target type","groupLabel":["Target Information"]}],"labelsRemoved":[]}],"holdingIDList":[]}