{"assayID":1031,"uniqueID":"pubchemAID:1567","text":"Cell-based Gene Reporter Secondary Assay to Characterize qHTS Inhibitors of the Interaction of Thyroid Hormone Receptor and Steroid Receptor Coregulator 2\n\nNCGC Assay Overview:\n\nThyroid receptor (TR) regulates many homeostatic processes including basal metabolism, cardiovascular function, body weight, and lipid trafficking. TR modulators are potential therapeutics for obesity and hyperlipidemias but current thyroid analogs have undesirable side effects, particularly cardiac stimulation. This secondary assay characterized selected actives identified in the qHTS for Inhibitors of the Interaction of Thyroid Hormone Receptor and Steroid Receptor Coregulator 2. The human follicular thyroid carcinoma cell line WRO (kindly provided by Dr. M. D. Ringel) stably expresses TRbeta and a luciferase reporter gene fused to TR response element. The addition of T3 ligand elevates expression of the TRE luciferase reporter. This assay measures the transcriptional activity of compounds.\n\n\nNCGC Assay Protocol Summary:\nCells were maintained in RPMI 1640 culture medium supplemented with 10% heat-inactivated FBS, 0.33 mg/ml hygromycin, 0.33 mg/ml geneticin, 50 units/ml penicillin, 50 ug/ml streptomycin. Cells were harvested and resuspended at 330,000 cells/ml in assay medium (50% DMEM 50% F-12 medium without Phenol-Red (Cellgro #16-405-CV), L-glutamine, 10% heat inactivated and charcoal treated FBS, 100 uM non-essential amino acid, 50 units/ml penicillin, 50 ug/ml streptomycin). Cells were dispensed at 10,000 cells/30 ul/well into 384 well plates (Corning 3917) and incubated 12 h at 37 C and 5% CO2. Compounds and T3 (100nM final concentration) were added using a pin tool and plates were incubated 16 h incubation at 37 C and 5% CO2. Following incubation, plates were equilibrated at ambient temperature for 30 min, 30 ul of Bright-Glo (Promega) was added and luminescence was detected by an EnVision (PerkinElmer).","schemaURI":"http://www.bioassayontology.org/bas#","annotations":[{"propURI":"http://www.bioassayontology.org/bao#BAO_0002921","propLabel":"organism","propAbbrev":"bao:BAO_0002921","valueURI":"http://purl.obolibrary.org/obo/NCBITaxon_9606","valueLabel":"Homo sapiens","valueAbbrev":"obo:NCBITaxon_9606","valueDescr":"","groupNest":[],"groupLabel":[],"altLabels":["Homo spiens","Homo sapience","Homo sapien","human","Homo spaiens","Homo sapians","man","Humo sapiens","Home sapiens","Homo sapiense","Homo sampiens","Homo sapeins","Homo sapines","Homo sapian","Homo sapients"],"valueHier":["http://www.bioassayontology.org/bao#BAO_0000362","http://www.bioassayontology.org/bao#BAO_0000510","http://www.bioassayontology.org/bao#BAO_0000659","http://www.bioassayontology.org/bao#BAO_0000509","http://www.bioassayontology.org/bao#BAO_0000658","http://www.bioassayontology.org/bao#BAO_0000551"],"labelHier":["mammalian","vertebrate","metazoa","eukaryote","cellular organisms","organism"]},{"propURI":"http://www.bioassayontology.org/bao#BAO_0002009","propLabel":"biological process","propAbbrev":"bao:BAO_0002009","valueURI":"http://purl.obolibrary.org/obo/GO_0042403","valueLabel":"thyroid hormone metabolic process","valueAbbrev":"obo:GO_0042403","valueDescr":"The chemical reactions and pathways involving any of the compounds secreted by the thyroid gland, largely thyroxine and triiodothyronine.","groupNest":[],"groupLabel":[],"valueHier":["http://purl.obolibrary.org/obo/GO_0018958","http://purl.obolibrary.org/obo/GO_0006725","http://purl.obolibrary.org/obo/GO_0044237","http://purl.obolibrary.org/obo/GO_0009987","http://purl.obolibrary.org/obo/GO_0008150","http://www.bioassayontology.org/bao#BAO_0003114"],"labelHier":["phenol-containing compound metabolic process","cellular aromatic compound metabolic process","cellular metabolic process","cellular process","biological process","assay biology component"]},{"propURI":"http://www.bioassayontology.org/bao#BAO_0002848","propLabel":"applies to disease","propAbbrev":"bao:BAO_0002848","valueURI":"http://purl.obolibrary.org/obo/DOID_9970","valueLabel":"obesity","valueAbbrev":"obo:DOID_9970","valueDescr":"An overnutrition that is characterized by excess body fat, traditionally defined as an elevated ratio of weight to height (specifically 30 kilograms per meter squared), has_material_basis_in a multifactorial etiology related to excess nutrition intake, decreased caloric utilization, and genetic susceptibility, and possibly medications and certain disorders of metabolism, endocrine function, and mental illness.","groupNest":[],"groupLabel":[],"valueHier":["http://purl.obolibrary.org/obo/DOID_654","http://purl.obolibrary.org/obo/DOID_374","http://purl.obolibrary.org/obo/DOID_0060158","http://purl.obolibrary.org/obo/DOID_0014667","http://purl.obolibrary.org/obo/DOID_4"],"labelHier":["overnutrition","nutrition disease","acquired metabolic disease","disease of metabolism","Disease"]},{"propURI":"http://www.bioassayontology.org/bao#BAO_0002848","propLabel":"applies to disease","propAbbrev":"bao:BAO_0002848","valueURI":"http://purl.obolibrary.org/obo/DOID_1168","valueLabel":"familial hyperlipidemia","valueAbbrev":"obo:DOID_1168","valueDescr":"","groupNest":[],"groupLabel":[],"valueHier":["http://purl.obolibrary.org/obo/DOID_3146","http://purl.obolibrary.org/obo/DOID_655","http://purl.obolibrary.org/obo/DOID_0014667","http://purl.obolibrary.org/obo/DOID_4"],"labelHier":["lipid metabolism disorder","inherited metabolic disorder","disease of metabolism","Disease"]},{"propURI":"http://www.bioassayontology.org/bao#BAO_0000196","propLabel":"assay mode of action","propAbbrev":"bao:BAO_0000196","valueURI":"http://www.bioassayontology.org/bao#BAO_0000091","valueLabel":"inhibition","valueAbbrev":"bao:BAO_0000091","valueDescr":"Reduction of a predefined stimulus. Unit of Measure is always % when normalized to the dynamic range of the assay.","groupNest":[],"groupLabel":[],"valueHier":["http://www.bioassayontology.org/bao#BAO_0000084","http://www.bioassayontology.org/bao#BAO_0000074"],"labelHier":["ligand function mode of action","mode of action"]},{"propURI":"http://www.bioassayontology.org/bao#BAO_0002874","propLabel":"units","propAbbrev":"bao:BAO_0002874","valueURI":"http://purl.obolibrary.org/obo/UO_0000064","valueLabel":"micromolar","valueAbbrev":"obo:UO_0000064","valueDescr":"A unit of molarity which is equal to one millionth of a molar or 10^[-6] M.","groupNest":["http://www.bioassayontology.org/bao#BAX_0000017"],"groupLabel":["measurement"],"valueHier":["http://purl.obolibrary.org/obo/UO_0000061","http://purl.obolibrary.org/obo/UO_0000051","http://purl.obolibrary.org/obo/UO_0000000"],"labelHier":["unit of molarity","concentration unit","unit"]},{"propURI":"http://www.bioassayontology.org/bao#BAO_0000208","propLabel":"result","propAbbrev":"bao:BAO_0000208","valueURI":"http://www.bioassayontology.org/bao#BAO_0000181","valueLabel":"response endpoint","valueAbbrev":"bao:BAO_0000181","valueDescr":"Reporting the extent / magnitude of the perturbation (induced by the perturbagen) such as percent inhibition. Response-type endpoints would typically be obtained from a single concentration perturbagen measurement.","groupNest":[],"groupLabel":[],"valueHier":["http://www.bioassayontology.org/bao#BAO_0000179"],"labelHier":["endpoint"]},{"propURI":"http://www.bioassayontology.org/bao#BAO_0002865","propLabel":"detection instrument","propAbbrev":"bao:BAO_0002865","valueURI":"http://www.bioassayontology.org/bao#BAO_0000701","valueLabel":"EnVision Multilabel Reader","valueAbbrev":"bao:BAO_0000701","valueDescr":"","groupNest":[],"groupLabel":[],"valueHier":["http://www.bioassayontology.org/bao#BAO_0000697"],"labelHier":["detection instrument"]},{"propURI":"http://www.bioassayontology.org/bao#BAO_0000185","propLabel":"perturbagen type","propAbbrev":"bao:BAO_0000185","valueURI":"http://www.bioassayontology.org/bao#BAO_0000733","valueLabel":"MLSMR library","valueAbbrev":"bao:BAO_0000733","valueDescr":"","groupNest":[],"groupLabel":[],"valueHier":["http://www.bioassayontology.org/bao#BAO_0000648","http://www.bioassayontology.org/bao#BAO_0000661","http://www.bioassayontology.org/bao#BAO_0003120"],"labelHier":["compound library","perturbagen library","assay screened entity component"]},{"propURI":"http://www.bioassayontology.org/bao#BAO_0000211","propLabel":"target","propAbbrev":"bao:BAO_0000211","valueURI":"http://www.drugtargetontology.org/dto/DTO_00117481","valueLabel":"Thyroid hormone receptor beta","valueAbbrev":"dto:DTO_00117481","valueDescr":"","groupNest":[],"groupLabel":[],"valueHier":["http://www.drugtargetontology.org/dto/DTO_00117460","http://www.drugtargetontology.org/dto/DTO_00102000","http://www.drugtargetontology.org/dto/DTO_00100000"],"labelHier":["Thyroid hormone receptors","Nuclear hormone receptor","Protein"]},{"propURI":"http://www.bioassayontology.org/bao#BAO_0002854","propLabel":"bioassay type","propAbbrev":"bao:BAO_0002854","valueURI":"http://www.bioassayontology.org/bao#BAO_0000010","valueLabel":"functional","valueAbbrev":"bao:BAO_0000010","valueDescr":"An assay where the measured signal corresponds to a complex response such as cell survival, proliferation, localization of a protein, nuclear translocation etc. The molecular target is not assumed.","groupNest":[],"groupLabel":[],"valueHier":["http://www.bioassayontology.org/bao#BAO_0000008"],"labelHier":["bioassay type"]},{"propURI":"http://www.bioassayontology.org/bao#BAO_0002855","propLabel":"bioassay","propAbbrev":"bao:BAO_0002855","valueURI":"http://www.bioassayontology.org/bao#BAO_0002661","valueLabel":"luciferase reporter gene assay","valueAbbrev":"bao:BAO_0002661","valueDescr":"","groupNest":[],"groupLabel":[],"valueHier":["http://www.bioassayontology.org/bao#BAO_0003006","http://www.bioassayontology.org/bao#BAO_0010044","http://www.bioassayontology.org/bao#BAO_0000015"],"labelHier":["reporter gene assay","targeted transcriptional assay","bioassay"]},{"propURI":"http://www.bioassayontology.org/bao#BAO_0000205","propLabel":"assay format","propAbbrev":"bao:BAO_0000205","valueURI":"http://www.bioassayontology.org/bao#BAO_0000219","valueLabel":"cell based format","valueAbbrev":"bao:BAO_0000219","valueDescr":"Involves the use of living cells of eukaryotic origin, derived from a multicellular organism, and is a heterogeneous assay type. Typically, this refers to permanent (immortal) cell lines, or primary cells, or some form of stem cells. This is distinct from a single-celled organism-based format (classically bacteria or yeast).","groupNest":[],"groupLabel":[],"valueHier":["http://www.bioassayontology.org/bao#BAO_0000019"],"labelHier":["assay format"]},{"propURI":"http://www.bioassayontology.org/bao#BAO_0002800","propLabel":"assay cell line","propAbbrev":"bao:BAO_0002800","valueURI":"http://www.bioassayontology.org/bao#BAO_0002710","valueLabel":"WRO","valueAbbrev":"bao:BAO_0002710","valueDescr":"Follicular thyroid tumor cell line.","groupNest":[],"groupLabel":[],"valueHier":["http://purl.obolibrary.org/obo/CLO_0000001"],"labelHier":["cell line cell"]},{"propURI":"http://www.bioassayontology.org/bao#BAO_0095009","propLabel":"assay design method","propAbbrev":"bao:BAO_0095009","valueURI":"http://www.bioassayontology.org/bao#BAO_0000152","valueLabel":"luciferase induction","valueAbbrev":"bao:BAO_0000152","valueDescr":"Luciferase gene is attached to the regulatory sequence of a gene of interest. The effect of a perturbagen on the expression of the gene of interest could be easily measured by the detection of light emitted as a product the luciferase reaction.","groupNest":[],"groupLabel":[],"valueHier":["http://www.bioassayontology.org/bao#BAO_0000125","http://www.bioassayontology.org/bao#BAO_0003024","http://www.bioassayontology.org/bao#BAO_0002202"],"labelHier":["reporter gene method","gene expression detection method","assay design method"]},{"propURI":"http://www.bioassayontology.org/bao#BAO_0095009","propLabel":"assay design method","propAbbrev":"bao:BAO_0095009","valueURI":"http://www.bioassayontology.org/bao#BAO_0000125","valueLabel":"reporter gene method","valueAbbrev":"bao:BAO_0000125","valueDescr":"Inducible reporter technologies involve the use of a reporter gene to study the effect of perturbagens on gene expression. Some reporter genes can be easily detected, e.g. green fluorescence protein, and others function as selectable markers, e.g. antibiotic resistance.","groupNest":[],"groupLabel":[],"valueHier":["http://www.bioassayontology.org/bao#BAO_0003024","http://www.bioassayontology.org/bao#BAO_0002202"],"labelHier":["gene expression detection method","assay design method"]},{"propURI":"http://www.bioassayontology.org/bao#BAO_0002867","propLabel":"assay footprint","propAbbrev":"bao:BAO_0002867","valueURI":"http://www.bioassayontology.org/bao#BAO_0000515","valueLabel":"384 well plate","valueAbbrev":"bao:BAO_0000515","valueDescr":"This microplate contains 384 wells. It is suitable for a HTS assay.","groupNest":[],"groupLabel":[],"valueHier":["http://www.bioassayontology.org/bao#BAO_0000508","http://www.bioassayontology.org/bao#BAO_0000512"],"labelHier":["microplate","assay footprint"]},{"propURI":"http://www.bioassayontology.org/bao#BAO_0000210","propLabel":"screening campaign stage","propAbbrev":"bao:BAO_0000210","valueURI":"http://www.bioassayontology.org/bao#BAO_0000032","valueLabel":"secondary assay","valueAbbrev":"bao:BAO_0000032","valueDescr":"Additional assays following the confirmatory stage to confirm the biological activity of chemical entities via a different type of assay or to eliminate certain active compounds based on their mechanism of action, toxicity or activity profile.  Secondary assays can also include selectivity and specificity assays.","groupNest":[],"groupLabel":[],"valueHier":["http://www.bioassayontology.org/bao#BAO_0000029"],"labelHier":["assay screening campaign stage"]},{"propURI":"http://www.bioassayontology.org/bao#BAX_0000012","propLabel":"protein identity","propAbbrev":"bao:BAX_0000012","valueURI":"http://www.bioassayontology.org/protein#189491771","valueLabel":"thyroid hormone receptor beta [Homo sapiens]","valueAbbrev":"protein:189491771","valueDescr":"Protein: thyroid hormone receptor beta [Homo sapiens], Organism: Homo sapiens","groupNest":[],"groupLabel":[],"externalURLs":["https://www.ncbi.nlm.nih.gov/protein/189491771"],"valueHier":["http://www.bioassayontology.org/taxon#9606","http://www.bioassayontology.org/taxon#9605","http://www.bioassayontology.org/taxon#314295","http://www.bioassayontology.org/taxon#9526","http://www.bioassayontology.org/taxon#9443","http://www.bioassayontology.org/taxon#314146","http://www.bioassayontology.org/taxon#40674","http://www.bioassayontology.org/taxon#32524","http://www.bioassayontology.org/taxon#8287","http://www.bioassayontology.org/taxon#117570","http://www.bioassayontology.org/taxon#7711","http://www.bioassayontology.org/taxon#33511","http://www.bioassayontology.org/taxon#33213","http://www.bioassayontology.org/taxon#33208","http://www.bioassayontology.org/taxon#33154","http://www.bioassayontology.org/taxon#2759","http://www.bioassayontology.org/taxon#131567","http://www.bioassayontology.org/taxon#Root"],"labelHier":["Homo sapiens","Homo","Hominoidea / Hominidae / Homininae","Catarrhini","Primates / Haplorrhini / Simiiformes","Euarchontoglires","Mammalia / Theria / Eutheria / Boreoeutheria","Amniota","Sarcopterygii / Dipnotetrapodomorpha / Tetrapoda","Teleostomi / Euteleostomi","Chordata / Craniata / Vertebrata / Gnathostomata","Deuterostomia","Bilateria","Metazoa / Eumetazoa","Opisthokonta","Eukaryota","cellular organisms","Faux ProteinID"]},{"propURI":"http://www.bioassayontology.org/bao#BAX_0000011","propLabel":"gene identity","propAbbrev":"bao:BAX_0000011","valueURI":"http://www.bioassayontology.org/geneid#7068","valueLabel":"THRB: thyroid hormone receptor beta","valueAbbrev":"geneid:7068","valueDescr":"","groupNest":[],"groupLabel":[],"altLabels":["C-ERBA-2 , C-ERBA-BETA , ERBA2 , GRTH , NR1A2 , PRTH , THR1 , THRB1 , THRB2"],"externalURLs":["https://www.ncbi.nlm.nih.gov/gene/7068"],"valueHier":["http://www.bioassayontology.org/geneid#Homo_sapiens","http://www.bioassayontology.org/geneid#Mammalia","http://www.bioassayontology.org/geneid#Root"],"labelHier":["Homo sapiens","Mammalia","Faux GeneID"]},{"propURI":"http://www.bioassayontology.org/bao#BAO_0000207","propLabel":"physical detection method","propAbbrev":"bao:BAO_0000207","valueURI":"http://www.bioassayontology.org/bao#BAO_0000050","valueLabel":"bioluminescence","valueAbbrev":"bao:BAO_0000050","valueDescr":"Bioluminescence refers to the production and emission of light by a living organism. Bioluminescence is a naturally occurring form of chemiluminescence whereby energy is released by a chemical reaction in the form of light emission. The chemical reaction can occur either inside or outside the cell, and can be detected using a plate reader or a charge-coupled device (CCD) camera.","groupNest":[],"groupLabel":[],"valueHier":["http://www.bioassayontology.org/bao#BAO_0000045","http://www.bioassayontology.org/bao#BAO_0000035"],"labelHier":["luminescence method","physical detection method"]},{"propURI":"http://www.bioassayontology.org/bao#BAO_0002663","propLabel":"assay kit","propAbbrev":"bao:BAO_0002663","valueURI":"http://www.bioassayontology.org/bao#BAO_0000685","valueLabel":"Bright-Glo Luciferase Assay System","valueAbbrev":"bao:BAO_0000685","valueDescr":"","groupNest":[],"groupLabel":[],"valueHier":["http://www.bioassayontology.org/bao#BAO_0140017","http://www.bioassayontology.org/bao#BAO_0000248"],"labelHier":["Luciferase-based ('Glo') Assay System (Promega)","assay kit"]},{"propURI":"http://www.bioassayontology.org/bao#BAO_0002852","propLabel":"assay sources","propAbbrev":"bao:BAO_0002852","valueURI":"http://www.bioassayexpress.org/sources#SRC_0000015","valueLabel":"NCATS Chemical Genomics Center (NCGC)","valueAbbrev":"src:SRC_0000015","valueDescr":"The NCATS Chemical Genomics Center (NCGC), formerly known as the NIH Chemical Genomics Center, was created in 2008 as a comprehensive screening center in the Molecular Libraries Probe Production Centers Network, part of the NIH Common Fund's Molecular Libraries Program. The NCGC's goal is to uncover new small molecule therapeutics and advance the process of therapeutic development through a model of collaborative research.","groupNest":[],"groupLabel":[],"externalURLs":["https://ncats.nih.gov/ncgc"],"valueHier":["http://www.bioassayexpress.org/sources#pubchem_sources","http://www.bioassayontology.org/bao#BAO_0002934"],"labelHier":["PubChem Sources","organization"]},{"propURI":"http://www.bioassayontology.org/bao#BAO_0000211","propLabel":"target","propAbbrev":"bao:BAO_0000211","valueURI":"http://purl.obolibrary.org/obo/PR_P10828","valueLabel":"thyroid hormone receptor beta (human)","valueAbbrev":"obo:PR_P10828","valueDescr":"A thyroid hormone receptor beta that is encoded in the genome of human.","groupNest":[],"groupLabel":[],"altLabels":["c-erbA-beta (human)","nuclear receptor subfamily 1 group A member 2 (human)","hTHRB","c-erbA-2 (human)"],"valueHier":["http://purl.obolibrary.org/obo/PR_000029067","http://purl.obolibrary.org/obo/PR_000036194","http://purl.obolibrary.org/obo/PR_000000001"],"labelHier":["Homo sapiens protein","eukaryotic protein","protein"]},{"propURI":"http://www.bioassayontology.org/bao#BAO_0000539","valueLabel":"pubchemAID:1469","propAbbrev":"bao:BAO_0000539","groupNest":[],"propLabel":"related assays","groupLabel":[]},{"propURI":"http://www.bioassayontology.org/bao#BAO_0002853","valueLabel":"Cell-based Gene Reporter Secondary Assay to Characterize qHTS Inhibitors of the Interaction of Thyroid Hormone Receptor and Steroid Receptor Coregulator 2","propAbbrev":"bao:BAO_0002853","groupNest":[],"propLabel":"assay title","groupLabel":[]}],"pubchemXRef":[{"type":"dburl","id":"http://www.ncgc.nih.gov","comment":""},{"type":"gene","id":"7068","comment":"THRB thyroid hormone receptor, beta (erythroblastic leukemia viral (v-erb-a) oncogene homolog 2, avian) [ Homo sapiens ] "},{"type":"aid","id":"1469","comment":""},{"type":"protein_gi","id":"189491771","comment":"thyroid hormone receptor, beta [Homo sapiens]"}],"curationTime":1584620519030,"curatorID":"google:108375455890260223170","curatorName":"","curatorEmail":"aclark.xyz@gmail.com","history":[{"curationTime":1492468130450,"curatorID":"admin","annotsAdded":[{"propURI":"http://www.bioassayontology.org/bao#BAO_0002854","propLabel":"bioassay type","propAbbrev":"bao:BAO_0002854","valueURI":"http://www.bioassayontology.org/bao#BAO_0000010","valueLabel":"functional","valueAbbrev":"bao:BAO_0000010","valueDescr":"An assay where the measured signal corresponds to a complex response such as cell survival, proliferation, localization of a protein, nuclear translocation etc. The molecular target is not assumed.","valueHier":["http://www.bioassayontology.org/bao#BAO_0000008"],"labelHier":["bioassay type"]}],"annotsRemoved":[{"propURI":"http://www.bioassayontology.org/bao#BAX_0000002","propLabel":"has bioassay type","propAbbrev":"bao:BAX_0000002","valueURI":"http://www.bioassayontology.org/bao#BAO_0000010","valueLabel":"functional","valueAbbrev":"bao:BAO_0000010","valueDescr":"An assay where the measured signal corresponds to a complex response such as cell survival, proliferation, localization of a protein, nuclear translocation etc. The molecular target is not assumed.","valueHier":[],"labelHier":[],"outOfSchema":true}],"labelsAdded":[{"propURI":"http://www.bioassayontology.org/bao#BAO_0002854","valueLabel":"functional","propAbbrev":"bao:BAO_0002854","propLabel":"bioassay type"}],"labelsRemoved":[{"propURI":"http://www.bioassayontology.org/bao#BAX_0000002","valueLabel":"functional","propAbbrev":"bao:BAX_0000002","propLabel":"has bioassay type"}]},{"curationTime":1492468130450,"curatorID":"admin","annotsAdded":[{"propURI":"http://www.bioassayontology.org/bao#BAO_0002009","propLabel":"biological process","propAbbrev":"bao:BAO_0002009","valueURI":"http://purl.obolibrary.org/obo/GO_0042403","valueLabel":"thyroid hormone metabolic process","valueAbbrev":"obo:GO_0042403","valueDescr":"The chemical reactions and pathways involving any of the compounds secreted by the thyroid gland, largely thyroxine and triiodothyronine.","valueHier":["http://purl.obolibrary.org/obo/GO_0018958","http://purl.obolibrary.org/obo/GO_0006725","http://purl.obolibrary.org/obo/GO_0044237","http://purl.obolibrary.org/obo/GO_0009987","http://purl.obolibrary.org/obo/GO_0008150","http://www.bioassayontology.org/bao#BAO_0003114"],"labelHier":["phenol-containing compound metabolic process","cellular aromatic compound metabolic process","cellular metabolic process","cellular process","biological process","assay biology component"]}],"annotsRemoved":[{"propURI":"http://www.bioassayontology.org/bao#BAX_0000004","propAbbrev":"bao:BAX_0000004","valueURI":"http://purl.obolibrary.org/obo/GO_0042403","valueLabel":"thyroid hormone metabolic process","valueAbbrev":"obo:GO_0042403","valueDescr":"The chemical reactions and pathways involving any of the compounds secreted by the thyroid gland, largely thyroxine and triiodothyronine.","valueHier":[],"labelHier":[],"outOfSchema":true}],"labelsAdded":[{"propURI":"http://www.bioassayontology.org/bao#BAO_0002009","valueLabel":"thyroid hormone metabolic process","propAbbrev":"bao:BAO_0002009","propLabel":"biological process"}],"labelsRemoved":[{"propURI":"http://www.bioassayontology.org/bao#BAX_0000004","valueLabel":"thyroid hormone metabolic process","propAbbrev":"bao:BAX_0000004"}]},{"curationTime":1492468130450,"curatorID":"admin","annotsAdded":[{"propURI":"http://www.bioassayontology.org/bao#BAO_0002848","propLabel":"applies to disease","propAbbrev":"bao:BAO_0002848","valueURI":"http://purl.obolibrary.org/obo/DOID_9970","valueLabel":"obesity","valueAbbrev":"obo:DOID_9970","valueDescr":"An overnutrition that is characterized by excess body fat, traditionally defined as an elevated ratio of weight to height (specifically 30 kilograms per meter squared), has_material_basis_in a multifactorial etiology related to excess nutrition intake, decreased caloric utilization, and genetic susceptibility, and possibly medications and certain disorders of metabolism, endocrine function, and mental illness.","valueHier":["http://purl.obolibrary.org/obo/DOID_654","http://purl.obolibrary.org/obo/DOID_374","http://purl.obolibrary.org/obo/DOID_0060158","http://purl.obolibrary.org/obo/DOID_0014667","http://purl.obolibrary.org/obo/DOID_4"],"labelHier":["overnutrition","nutrition disease","acquired metabolic disease","disease of metabolism","Disease"]},{"propURI":"http://www.bioassayontology.org/bao#BAO_0002848","propLabel":"applies to disease","propAbbrev":"bao:BAO_0002848","valueURI":"http://purl.obolibrary.org/obo/DOID_1168","valueLabel":"familial hyperlipidemia","valueAbbrev":"obo:DOID_1168","valueDescr":"","valueHier":["http://purl.obolibrary.org/obo/DOID_3146","http://purl.obolibrary.org/obo/DOID_655","http://purl.obolibrary.org/obo/DOID_0014667","http://purl.obolibrary.org/obo/DOID_4"],"labelHier":["lipid metabolism disorder","inherited metabolic disorder","disease of metabolism","Disease"]}],"annotsRemoved":[{"propURI":"http://www.bioassayontology.org/bao#BAX_0000010","propAbbrev":"bao:BAX_0000010","valueURI":"http://purl.obolibrary.org/obo/DOID_9970","valueLabel":"obesity","valueAbbrev":"obo:DOID_9970","valueDescr":"An overnutrition that is characterized by excess body fat, traditionally defined as an elevated ratio of weight to height (specifically 30 kilograms per meter squared), has_material_basis_in a multifactorial etiology related to excess nutrition intake, decreased caloric utilization, and genetic susceptibility, and possibly medications and certain disorders of metabolism, endocrine function, and mental illness.","valueHier":[],"labelHier":[],"outOfSchema":true},{"propURI":"http://www.bioassayontology.org/bao#BAX_0000010","propAbbrev":"bao:BAX_0000010","valueURI":"http://purl.obolibrary.org/obo/DOID_1168","valueLabel":"familial hyperlipidemia","valueAbbrev":"obo:DOID_1168","valueDescr":"","valueHier":[],"labelHier":[],"outOfSchema":true}],"labelsAdded":[{"propURI":"http://www.bioassayontology.org/bao#BAO_0002848","valueLabel":"obesity","propAbbrev":"bao:BAO_0002848","propLabel":"applies to disease"},{"propURI":"http://www.bioassayontology.org/bao#BAO_0002848","valueLabel":"familial hyperlipidemia","propAbbrev":"bao:BAO_0002848","propLabel":"applies to disease"}],"labelsRemoved":[{"propURI":"http://www.bioassayontology.org/bao#BAX_0000010","valueLabel":"obesity","propAbbrev":"bao:BAX_0000010"},{"propURI":"http://www.bioassayontology.org/bao#BAX_0000010","valueLabel":"familial hyperlipidemia","propAbbrev":"bao:BAX_0000010"}]},{"curationTime":1492468130450,"curatorID":"admin","annotsAdded":[{"propURI":"http://www.bioassayontology.org/bao#BAO_0000208","propLabel":"result","propAbbrev":"bao:BAO_0000208","valueURI":"http://www.bioassayontology.org/bao#BAO_0000181","valueLabel":"response endpoint","valueAbbrev":"bao:BAO_0000181","valueDescr":"Reporting the extent / magnitude of the perturbation (induced by the perturbagen) such as percent inhibition. Response-type endpoints would typically be obtained from a single concentration perturbagen measurement.","valueHier":["http://www.bioassayontology.org/bao#BAO_0000179"],"labelHier":["endpoint"]}],"annotsRemoved":[{"propURI":"http://www.bioassayontology.org/bao#BAX_0000006","propAbbrev":"bao:BAX_0000006","valueURI":"http://www.bioassayontology.org/bao#BAO_0000181","valueLabel":"response endpoint","valueAbbrev":"bao:BAO_0000181","valueDescr":"Reporting the extent / magnitude of the perturbation (induced by the perturbagen) such as percent inhibition. Response-type endpoints would typically be obtained from a single concentration perturbagen measurement.","valueHier":[],"labelHier":[],"outOfSchema":true}],"labelsAdded":[{"propURI":"http://www.bioassayontology.org/bao#BAO_0000208","valueLabel":"response endpoint","propAbbrev":"bao:BAO_0000208","propLabel":"result"}],"labelsRemoved":[{"propURI":"http://www.bioassayontology.org/bao#BAX_0000006","valueLabel":"response endpoint","propAbbrev":"bao:BAX_0000006"}]},{"curationTime":1492468130450,"curatorID":"admin","annotsAdded":[{"propURI":"http://www.bioassayontology.org/bao#BAO_0002874","propLabel":"units","propAbbrev":"bao:BAO_0002874","valueURI":"http://purl.org/obo/owl/UO#UO_0000064","valueLabel":"micromolar","valueAbbrev":"uo:UO_0000064","valueDescr":"","valueHier":[],"labelHier":[],"outOfSchema":true}],"annotsRemoved":[{"propURI":"http://www.bioassayontology.org/bao#BAX_0000007","propAbbrev":"bao:BAX_0000007","valueURI":"http://purl.org/obo/owl/UO#UO_0000064","valueLabel":"micromolar","valueAbbrev":"uo:UO_0000064","valueDescr":"","valueHier":[],"labelHier":[],"outOfSchema":true}],"labelsAdded":[{"propURI":"http://www.bioassayontology.org/bao#BAO_0002874","valueLabel":"micromolar","propAbbrev":"bao:BAO_0002874","propLabel":"units"}],"labelsRemoved":[{"propURI":"http://www.bioassayontology.org/bao#BAX_0000007","valueLabel":"micromolar","propAbbrev":"bao:BAX_0000007"}]},{"curationTime":1492468130450,"curatorID":"admin","annotsAdded":[{"propURI":"http://www.bioassayontology.org/bao#BAO_0095009","propLabel":"assay design method","propAbbrev":"bao:BAO_0095009","valueURI":"http://www.bioassayontology.org/bao#BAO_0000152","valueLabel":"luciferase induction","valueAbbrev":"bao:BAO_0000152","valueDescr":"Luciferase gene is attached to the regulatory sequence of a gene of interest. The effect of a perturbagen on the expression of the gene of interest could be easily measured by the detection of light emitted as a product the luciferase reaction.","valueHier":["http://www.bioassayontology.org/bao#BAO_0000125","http://www.bioassayontology.org/bao#BAO_0003024","http://www.bioassayontology.org/bao#BAO_0002202"],"labelHier":["reporter gene method","gene expression detection method","assay design method"]},{"propURI":"http://www.bioassayontology.org/bao#BAO_0095009","propLabel":"assay design method","propAbbrev":"bao:BAO_0095009","valueURI":"http://www.bioassayontology.org/bao#BAO_0000125","valueLabel":"reporter gene method","valueAbbrev":"bao:BAO_0000125","valueDescr":"Inducible reporter technologies involve the use of a reporter gene to study the effect of perturbagens on gene expression. Some reporter genes can be easily detected, e.g. green fluorescence protein, and others function as selectable markers, e.g. antibiotic resistance.","valueHier":["http://www.bioassayontology.org/bao#BAO_0003024","http://www.bioassayontology.org/bao#BAO_0002202"],"labelHier":["gene expression detection method","assay design method"]}],"annotsRemoved":[{"propURI":"http://www.bioassayontology.org/bao#BAX_0000003","propAbbrev":"bao:BAX_0000003","valueURI":"http://www.bioassayontology.org/bao#BAO_0000125","valueLabel":"reporter gene method","valueAbbrev":"bao:BAO_0000125","valueDescr":"Inducible reporter technologies involve the use of a reporter gene to study the effect of perturbagens on gene expression. Some reporter genes can be easily detected, e.g. green fluorescence protein, and others function as selectable markers, e.g. antibiotic resistance.","valueHier":[],"labelHier":[],"outOfSchema":true},{"propURI":"http://www.bioassayontology.org/bao#BAX_0000003","propAbbrev":"bao:BAX_0000003","valueURI":"http://www.bioassayontology.org/bao#BAO_0000152","valueLabel":"luciferase induction","valueAbbrev":"bao:BAO_0000152","valueDescr":"Luciferase gene is attached to the regulatory sequence of a gene of interest. The effect of a perturbagen on the expression of the gene of interest could be easily measured by the detection of light emitted as a product the luciferase reaction.","valueHier":[],"labelHier":[],"outOfSchema":true}],"labelsAdded":[{"propURI":"http://www.bioassayontology.org/bao#BAO_0095009","valueLabel":"luciferase induction","propAbbrev":"bao:BAO_0095009","propLabel":"assay design method"},{"propURI":"http://www.bioassayontology.org/bao#BAO_0095009","valueLabel":"reporter gene method","propAbbrev":"bao:BAO_0095009","propLabel":"assay design method"}],"labelsRemoved":[{"propURI":"http://www.bioassayontology.org/bao#BAX_0000003","valueLabel":"reporter gene method","propAbbrev":"bao:BAX_0000003"},{"propURI":"http://www.bioassayontology.org/bao#BAX_0000003","valueLabel":"luciferase induction","propAbbrev":"bao:BAX_0000003"}]},{"curationTime":1492468130450,"curatorID":"admin","annotsAdded":[{"propURI":"http://www.bioassayontology.org/bao#BAO_0000211","propLabel":"target","propAbbrev":"bao:BAO_0000211","valueURI":"http://www.drugtargetontology.org/dto/DTO_00117481","valueLabel":"Thyroid hormone receptor beta","valueAbbrev":"dto:DTO_00117481","valueDescr":"","valueHier":["http://www.drugtargetontology.org/dto/DTO_00117460","http://www.drugtargetontology.org/dto/DTO_00102000","http://www.drugtargetontology.org/dto/DTO_00100000"],"labelHier":["Thyroid hormone receptors","Nuclear hormone receptor","Protein"]}],"annotsRemoved":[{"propURI":"http://www.bioassayontology.org/bao#BAX_0000005","propAbbrev":"bao:BAX_0000005","valueURI":"http://www.drugtargetontology.org/dto/DTO_00117481","valueLabel":"Thyroid hormone receptor beta","valueAbbrev":"dto:DTO_00117481","valueDescr":"","valueHier":[],"labelHier":[],"outOfSchema":true}],"labelsAdded":[{"propURI":"http://www.bioassayontology.org/bao#BAO_0000211","valueLabel":"Thyroid hormone receptor beta","propAbbrev":"bao:BAO_0000211","propLabel":"target"}],"labelsRemoved":[{"propURI":"http://www.bioassayontology.org/bao#BAX_0000005","valueLabel":"Thyroid hormone receptor beta","propAbbrev":"bao:BAX_0000005"}]},{"curationTime":1492468130450,"curatorID":"admin","annotsAdded":[{"propURI":"http://www.bioassayontology.org/bao#BAO_0002855","propLabel":"bioassay","propAbbrev":"bao:BAO_0002855","valueURI":"http://www.bioassayontology.org/bao#BAO_0002661","valueLabel":"luciferase reporter gene assay","valueAbbrev":"bao:BAO_0002661","valueDescr":"","valueHier":["http://www.bioassayontology.org/bao#BAO_0003006","http://www.bioassayontology.org/bao#BAO_0010044","http://www.bioassayontology.org/bao#BAO_0000015"],"labelHier":["reporter gene assay","targeted transcriptional assay","bioassay"]}],"annotsRemoved":[{"propURI":"http://www.bioassayontology.org/bao#BAX_0000002","propLabel":"has bioassay type","propAbbrev":"bao:BAX_0000002","valueURI":"http://www.bioassayontology.org/bao#BAO_0002661","valueLabel":"luciferase reporter gene assay","valueAbbrev":"bao:BAO_0002661","valueDescr":"","valueHier":[],"labelHier":[],"outOfSchema":true}],"labelsAdded":[{"propURI":"http://www.bioassayontology.org/bao#BAO_0002855","valueLabel":"luciferase reporter gene assay","propAbbrev":"bao:BAO_0002855","propLabel":"bioassay"}],"labelsRemoved":[{"propURI":"http://www.bioassayontology.org/bao#BAX_0000002","valueLabel":"luciferase reporter gene assay","propAbbrev":"bao:BAX_0000002","propLabel":"has bioassay type"}]},{"curationTime":1492468130450,"curatorID":"admin","annotsAdded":[{"propURI":"http://www.bioassayontology.org/bao#BAO_0002874","propLabel":"units","propAbbrev":"bao:BAO_0002874","valueURI":"http://purl.obolibrary.org/obo/UO_0000064","valueLabel":"micromolar","valueAbbrev":"obo:UO_0000064","valueDescr":"A unit of molarity which is equal to one millionth of a molar or 10^[-6] M.","valueHier":["http://purl.obolibrary.org/obo/UO_0000061","http://purl.obolibrary.org/obo/UO_0000051","http://purl.obolibrary.org/obo/UO_0000000"],"labelHier":["unit of molarity","concentration unit","unit"]}],"annotsRemoved":[{"propURI":"http://www.bioassayontology.org/bao#BAO_0002874","propLabel":"units","propAbbrev":"bao:BAO_0002874","valueURI":"http://purl.org/obo/owl/UO#UO_0000064","valueLabel":"micromolar","valueAbbrev":"uo:UO_0000064","valueDescr":"","valueHier":[],"labelHier":[],"outOfSchema":true}],"labelsAdded":[{"propURI":"http://www.bioassayontology.org/bao#BAO_0002874","valueLabel":"micromolar","propAbbrev":"bao:BAO_0002874","propLabel":"units"}],"labelsRemoved":[{"propURI":"http://www.bioassayontology.org/bao#BAO_0002874","valueLabel":"micromolar","propAbbrev":"bao:BAO_0002874","propLabel":"units"}]},{"curationTime":1520356854911,"curatorID":"google:108375455890260223170","curatorName":"","curatorEmail":"aclark.xyz@gmail.com","annotsAdded":[{"propURI":"http://www.bioassayontology.org/bao#BAO_0002800","propLabel":"assay cell line","propAbbrev":"bao:BAO_0002800","valueURI":"http://www.bioassayontology.org/bao#BAO_0002710","valueLabel":"WRO","valueAbbrev":"bao:BAO_0002710","valueDescr":"Follicular thyroid tumor cell line.","valueHier":["http://purl.obolibrary.org/obo/CLO_0000001"],"labelHier":["cell line cell"]}],"annotsRemoved":[],"labelsAdded":[],"labelsRemoved":[]},{"curationTime":1584620519030,"curatorID":"google:108375455890260223170","curatorName":"","curatorEmail":"aclark.xyz@gmail.com","annotsAdded":[{"propURI":"http://www.bioassayontology.org/bao#BAO_0000211","propLabel":"target","propAbbrev":"bao:BAO_0000211","valueURI":"http://purl.obolibrary.org/obo/PR_P10828","valueLabel":"thyroid hormone receptor beta (human)","valueAbbrev":"obo:PR_P10828","valueDescr":"A thyroid hormone receptor beta that is encoded in the genome of human.","altLabels":["c-erbA-beta (human)","nuclear receptor subfamily 1 group A member 2 (human)","hTHRB","c-erbA-2 (human)"],"valueHier":["http://purl.obolibrary.org/obo/PR_000029067","http://purl.obolibrary.org/obo/PR_000036194","http://purl.obolibrary.org/obo/PR_000000001"],"labelHier":["Homo sapiens protein","eukaryotic protein","protein"]}],"annotsRemoved":[],"labelsAdded":[],"labelsRemoved":[]}],"holdingIDList":[]}