{"assayID":10072,"uniqueID":"pubchemAID:1572199","text":"Title: Discovery and Development of N-[4-(1-Cyclobutylpiperidin-4-yloxy)phenyl]-2-(morpholin-4-yl)acetamide Dihydrochloride (SUVN-G3031): A Novel, Potent, Selective, and Orally Active Histamine H3 Receptor Inverse Agonist with Robust Wake-Promoting Activity.\n\nAbstract: A series of chemical optimizations guided by in vitro affinity at a histamine H3 receptor (H3R), physicochemical properties, and pharmacokinetics in rats resulted in identification of N-[4-(1-cyclobutyl-piperidin-4-yloxy)phenyl]-2-(morpholin-4-yl)acetamide dihydrochloride (17v, SUVN-G3031) as a clinical candidate. Compound 17v is a potent (hH3R Ki = 8.73 nM) inverse agonist at H3R with selectivity over other 70 targets, Compound 17v has adequate oral exposures and favorable elimination half-lives both in rats and dogs. It demonstrated high receptor occupancy and marked wake-promoting effects with decreased rapid-eye-movement sleep in orexin-B saporin lesioned rats supporting its potential therapeutic utility in treating human sleep disorders. It had no effect on the locomotor activity at doses several fold higher than its efficacious dose. It is devoid of hERG and phospholipidosis issues. Phase-1 evaluation for safety, tolerability, and pharmacokinetics, and long-term safety studies in animals have been successfully completed without any concern for further development.","schemaURI":"http://www.bioassayontology.org/pistoia#","annotations":[{"propURI":"http://www.bioassayontology.org/bao#BAO_0002852","propLabel":"assay source","propAbbrev":"bao:BAO_0002852","valueURI":"http://www.bioassayontology.org/bao#BAO_0000614","valueLabel":"ChEMBL","valueAbbrev":"bao:BAO_0000614","valueDescr":"It is a public database that contains structure","groupNest":["http://rdf.pistoia.com/bae#PA_000041"],"groupLabel":["General Information"],"valueHier":["http://www.bioassayontology.org/bao#BAO_0000612"],"labelHier":["assay repository"]},{"propURI":"http://rdf.pistoia.com/bae#PA_000004","propLabel":"curation status","propAbbrev":"http://rdf.pistoia.com/bae#PA_000004","valueURI":"http://www.bioassayexpress.org/bae#0000153","valueLabel":"Curated","valueAbbrev":"bae:0000153","valueDescr":"Initial curation by user","groupNest":["http://rdf.pistoia.com/bae#PA_000041"],"groupLabel":["General Information"],"valueHier":["http://rdf.pistoia.com/bae#PA_000032","http://rdf.pistoia.com/bae#PA_000005"],"labelHier":["bha curation status","curation status"]},{"propURI":"http://rdf.pistoia.com/bae#PA_000023","propLabel":"curation project","propAbbrev":"http://rdf.pistoia.com/bae#PA_000023","valueURI":"http://www.bioassayexpress.org/bae#0000386","valueLabel":"DataFAIRy Bioassay Phase 1","valueAbbrev":"bae:0000386","valueDescr":"First Pistoia Alliance DataFAIRYy curation project following pilot phase.","groupNest":["http://rdf.pistoia.com/bae#PA_000041"],"groupLabel":["General Information"],"valueHier":["http://www.bioassayexpress.org/bae#0000385","http://rdf.pistoia.com/bae#PA_000027"],"labelHier":["DataFAIRy Curation Project","curation project"]},{"propURI":"http://www.bioassayontology.org/bao#BAO_0002854","propLabel":"bioassay type","propAbbrev":"bao:BAO_0002854","valueURI":"http://www.bioassayontology.org/bao#BAO_0000009","valueLabel":"ADMET","valueAbbrev":"bao:BAO_0000009","valueDescr":"ADMET stands for absorption, distribution, metabolism, excretion and toxicity. Admet assays are performed for verifying the bio-availability,  toxicity, metabolic stability, and drug-drug interaction potential of drugs: They quantify absorption of drugs in the intestine which is dependent on their solubility; distribution which ascertains their binding to plasma proteins, central nervous system penetration; metabolism where the in vivo clearance is monitored; and finally, toxicity in terms of inhibition of liver cytochrome p450 enzymes or hERG which could cause drug-drug interactions and cardiac arrhythmias, respectively.","groupNest":["http://rdf.pistoia.com/bae#PA_000042"],"groupLabel":["Assay Method"],"valueHier":["http://www.bioassayontology.org/bao#BAO_0000008"],"labelHier":["bioassay type"]},{"propURI":"http://www.bioassayontology.org/bao#BAO_0002855","propLabel":"bioassay","propAbbrev":"bao:BAO_0002855","valueURI":"http://www.bioassayontology.org/bao#BAO_0010008","valueLabel":"Caco-2 permeability assay","valueAbbrev":"bao:BAO_0010008","valueDescr":"A common in vitro ADME assay that uses the Caco-2 cell line (derived from human colon carcinoma) to assess transport in both directions (apical to basolateral (A-B) and basolateral to apical (B-A)) across the cell monolayer), to predict the in vivo absorption of drugs across the gut wall and to investigate drug efflux.","groupNest":["http://rdf.pistoia.com/bae#PA_000042"],"groupLabel":["Assay Method"],"valueHier":["http://www.bioassayontology.org/bao#BAO_0002182","http://www.bioassayontology.org/bao#BAO_0000015"],"labelHier":["pharmacokinetic assay","bioassay"]},{"propURI":"http://www.bioassayontology.org/bao#BAO_0000205","propLabel":"assay format","propAbbrev":"bao:BAO_0000205","valueURI":"http://www.bioassayontology.org/bao#BAO_0000219","valueLabel":"cell based format","valueAbbrev":"bao:BAO_0000219","valueDescr":"Involves the use of living cells of eukaryotic origin, derived from a multicellular organism, and is a heterogeneous assay type. Typically, this refers to permanent (immortal) cell lines, or primary cells, or some form of stem cells. This is distinct from a single-celled organism-based format (classically bacteria or yeast).","groupNest":["http://rdf.pistoia.com/bae#PA_000042"],"groupLabel":["Assay Method"],"valueHier":["http://www.bioassayontology.org/bao#BAO_0000019"],"labelHier":["assay format"]},{"propURI":"http://www.bioassayontology.org/bao#BAO_0002800","propLabel":"assay cell line","propAbbrev":"bao:BAO_0002800","valueURI":"http://purl.obolibrary.org/obo/CLO_0002172","valueLabel":"CACO-2 cell","valueAbbrev":"obo:CLO_0002172","valueDescr":"Human colon adenocarcinoma cell line, established from the primary colon tumor (adenocarcinoma) of a 72-year-old Caucasian man in 1974.","groupNest":["http://rdf.pistoia.com/bae#PA_000042"],"groupLabel":["Assay Method"],"valueHier":["http://purl.obolibrary.org/obo/CLO_0000513","http://purl.obolibrary.org/obo/CLO_0000236","http://purl.obolibrary.org/obo/CLO_0000019","http://purl.obolibrary.org/obo/CLO_0000001"],"labelHier":["immortal human colon-derived cell line cell","immortal colon-derived cell line cell","immortal cell line cell","cell line cell"]},{"propURI":"http://www.bioassayontology.org/bao#BAO_0002922","propLabel":"assay medium","propAbbrev":"bao:BAO_0002922","valueURI":"http://www.bioassayontology.org/bat#Unknown","valueLabel":"unknown","valueAbbrev":"bat:Unknown","valueDescr":"There should be a term assigned to this property but the value was not specified in the source information.","groupNest":["http://rdf.pistoia.com/bae#PA_000042"],"groupLabel":["Assay Method"],"valueHier":[],"labelHier":[]},{"propURI":"http://www.bioassayontology.org/bao#BAO_0095009","propLabel":"assay design method","propAbbrev":"bao:BAO_0095009","valueURI":"http://www.bioassayontology.org/bao#BAO_0040018","valueLabel":"small molecule abundance method","valueAbbrev":"bao:BAO_0040018","valueDescr":"Any  method that simply measures the overall abundance (concentration, relative amount, etc) of a small molecule, such as LC-MS/MS or LC-UV. Typically used in both in vitro and in vivo ADME assays to monitor compound.","groupNest":["http://rdf.pistoia.com/bae#PA_000042"],"groupLabel":["Assay Method"],"valueHier":["http://www.bioassayontology.org/bao#BAO_0040011","http://www.bioassayontology.org/bao#BAO_0002202"],"labelHier":["molecular abundance method","assay design method"]},{"propURI":"http://www.bioassayontology.org/bao#BAO_0002863","propLabel":"concentration throughput","propAbbrev":"bao:BAO_0002863","valueURI":"http://www.bioassayontology.org/bao#BAO_0000536","valueLabel":"single concentration","valueAbbrev":"bao:BAO_0000536","valueDescr":"Multiple measurements (typically three) are preformed at a single concentration. This is often used as a mode of confirmatory screening following a primary screen.","groupNest":["http://rdf.pistoia.com/bae#PA_000042"],"groupLabel":["Assay Method"],"valueHier":["http://www.bioassayontology.org/bao#BAO_0002177"],"labelHier":["concentration throughput"]},{"propURI":"http://www.bioassayontology.org/bao#BAO_0000185","propLabel":"perturbagen type","propAbbrev":"bao:BAO_0000185","valueURI":"http://www.bioassayontology.org/bao#BAO_0000176","valueLabel":"small molecule","valueAbbrev":"bao:BAO_0000176","valueDescr":"Small molecule is an organic compound with a low molecular weight (<800 Da) which is used to screen against a biological target, e.g. protein, nucleic acid, cell or organism  to test its ability to bind it and bring about a change in activity. It is either isolated from a natural source or is synthesized.","groupNest":["http://rdf.pistoia.com/bae#PA_000042"],"groupLabel":["Assay Method"],"valueHier":["http://www.bioassayontology.org/bao#BAO_0000076","http://www.bioassayontology.org/bao#BAO_0003120"],"labelHier":["screened entity","assay screened entity component"]},{"propURI":"http://rdf.pistoia.com/bae#PA_000025","propLabel":"perturbagen max concentration units","propAbbrev":"http://rdf.pistoia.com/bae#PA_000025","valueURI":"http://purl.obolibrary.org/obo/UO_0000064","valueLabel":"micromolar","valueAbbrev":"obo:UO_0000064","valueDescr":"A unit of molarity which is equal to one millionth of a molar or 10^[-6] M.","groupNest":["http://rdf.pistoia.com/bae#PA_000042"],"groupLabel":["Assay Method"],"valueHier":["http://purl.obolibrary.org/obo/UO_0000061","http://purl.obolibrary.org/obo/UO_0000051","http://purl.obolibrary.org/obo/UO_0000000"],"labelHier":["unit of molarity","concentration unit","unit"]},{"propURI":"http://rdf.pistoia.com/bae#PA_000026","propLabel":"perturbagen min concentration units","propAbbrev":"http://rdf.pistoia.com/bae#PA_000026","valueURI":"http://purl.obolibrary.org/obo/UO_0000064","valueLabel":"micromolar","valueAbbrev":"obo:UO_0000064","valueDescr":"A unit of molarity which is equal to one millionth of a molar or 10^[-6] M.","groupNest":["http://rdf.pistoia.com/bae#PA_000042"],"groupLabel":["Assay Method"],"valueHier":["http://purl.obolibrary.org/obo/UO_0000061","http://purl.obolibrary.org/obo/UO_0000051","http://purl.obolibrary.org/obo/UO_0000000"],"labelHier":["unit of molarity","concentration unit","unit"]},{"propURI":"http://www.bioassayontology.org/bao#BAO_0000208","propLabel":"endpoint","propAbbrev":"bao:BAO_0000208","valueURI":"http://www.bioassayexpress.org/bae#0000637","valueLabel":"Papp","valueAbbrev":"bae:0000637","valueDescr":"","groupNest":["http://rdf.pistoia.com/bae#PA_000042"],"groupLabel":["Assay Method"],"valueHier":["http://www.bioassayontology.org/bao#BAO_0002808","http://www.bioassayontology.org/bao#BAO_0002128","http://www.bioassayontology.org/bao#BAO_0000179"],"labelHier":["permeability","physical property endpoint","endpoint"]},{"propURI":"http://www.bioassayontology.org/bao#BAO_0002921","propLabel":"target organism","propAbbrev":"bao:BAO_0002921","valueURI":"http://purl.obolibrary.org/obo/NCBITaxon_9606","valueLabel":"Homo sapiens","valueAbbrev":"obo:NCBITaxon_9606","valueDescr":"","groupNest":["http://rdf.pistoia.com/bae#PA_000044"],"groupLabel":["Target Information"],"altLabels":["Homo spiens","Homo sapience","Homo sapien","human","Homo spaiens","Homo sapians","man","Humo sapiens","Home sapiens","Homo sapiense","Homo sampiens","Homo sapeins","Homo sapines","Homo sapian","Homo sapients"],"valueHier":["http://www.bioassayontology.org/bao#BAO_0000362","http://www.bioassayontology.org/bao#BAO_0000510","http://www.bioassayontology.org/bao#BAO_0000659","http://www.bioassayontology.org/bao#BAO_0000509","http://www.bioassayontology.org/bao#BAO_0000658","http://www.bioassayontology.org/bao#BAO_0000551"],"labelHier":["mammalian","vertebrate","metazoa","eukaryote","cellular organisms","organism"]},{"propURI":"http://www.bioassayontology.org/bao#BAO_0000211","propLabel":"target type","propAbbrev":"bao:BAO_0000211","valueURI":"http://www.bioassayontology.org/bat#Unknown","valueLabel":"unknown","valueAbbrev":"bat:Unknown","valueDescr":"There should be a term assigned to this property but the value was not specified in the source information.","groupNest":["http://rdf.pistoia.com/bae#PA_000044"],"groupLabel":["Target Information"],"valueHier":[],"labelHier":[]},{"propURI":"http://www.bioassayontology.org/bao#BAO_0002853","valueLabel":"Apparent permeability across apical to basolateral side in human Caco2 cells at 10 uM","propAbbrev":"bao:BAO_0002853","groupNest":["http://rdf.pistoia.com/bae#PA_000041"],"propLabel":"assay title","groupLabel":["General Information"]},{"propURI":"http://www.bioassayontology.org/bao#BAO_0001095","valueLabel":"PMID: 30629436","propAbbrev":"bao:BAO_0001095","groupNest":["http://rdf.pistoia.com/bae#PA_000041"],"propLabel":"external assay ID","groupLabel":["General Information"]},{"propURI":"http://www.bioassayontology.org/bao#BAO_0001095","valueLabel":"CHEMBL4370228","propAbbrev":"bao:BAO_0001095","groupNest":["http://rdf.pistoia.com/bae#PA_000041"],"propLabel":"external assay ID","groupLabel":["General Information"]},{"propURI":"http://www.bioassayontology.org/bao#BAO_0001095","valueLabel":"AID 1572199","propAbbrev":"bao:BAO_0001095","groupNest":["http://rdf.pistoia.com/bae#PA_000041"],"propLabel":"external assay ID","groupLabel":["General Information"]},{"propURI":"http://www.bioassayontology.org/bao#BAO_0002846","valueLabel":"https://pubchem.ncbi.nlm.nih.gov/bioassay/1572199","propAbbrev":"bao:BAO_0002846","groupNest":["http://rdf.pistoia.com/bae#PA_000041"],"propLabel":"assay protocol / source document","groupLabel":["General Information"]},{"propURI":"http://rdf.pistoia.com/bae#PA_000001","valueLabel":"1.1","propAbbrev":"http://rdf.pistoia.com/bae#PA_000001","groupNest":["http://rdf.pistoia.com/bae#PA_000041"],"propLabel":"assay protocol version","groupLabel":["General Information"]},{"propURI":"http://www.bioassayontology.org/bao#BAO_0002825","valueLabel":"2021-03-02","propAbbrev":"bao:BAO_0002825","groupNest":["http://rdf.pistoia.com/bae#PA_000041"],"propLabel":"assay deposition date","groupLabel":["General Information"]},{"propURI":"http://rdf.pistoia.com/bae#PA_000002","valueLabel":"molcon2mc@gmail.com","propAbbrev":"http://rdf.pistoia.com/bae#PA_000002","groupNest":["http://rdf.pistoia.com/bae#PA_000041"],"propLabel":"curated by (e-mail)","groupLabel":["General Information"]},{"propURI":"http://www.bioassayontology.org/bao#BAO_0002083","valueLabel":"2022-12-23","propAbbrev":"bao:BAO_0002083","groupNest":["http://rdf.pistoia.com/bae#PA_000041"],"propLabel":"curation date","groupLabel":["General Information"]},{"propURI":"http://rdf.pistoia.com/bae#PA_000048","valueLabel":"Phospholipidosis","propAbbrev":"http://rdf.pistoia.com/bae#PA_000048","groupNest":["http://rdf.pistoia.com/bae#PA_000047"],"propLabel":"group ID","groupLabel":["Assay Group"]},{"propURI":"http://rdf.pistoia.com/bae#PA_000024","valueLabel":"10","propAbbrev":"http://rdf.pistoia.com/bae#PA_000024","groupNest":["http://rdf.pistoia.com/bae#PA_000042"],"propLabel":"perturbagen max concentration","groupLabel":["Assay Method"]},{"propURI":"http://rdf.pistoia.com/bae#PA_000022","valueLabel":"10","propAbbrev":"http://rdf.pistoia.com/bae#PA_000022","groupNest":["http://rdf.pistoia.com/bae#PA_000042"],"propLabel":"perturbagen min concentration","groupLabel":["Assay Method"]},{"propURI":"http://www.bioassayontology.org/bao#BAO_0002846","valueLabel":"https://pubmed.ncbi.nlm.nih.gov/30629436/","propAbbrev":"bao:BAO_0002846","groupNest":["http://rdf.pistoia.com/bae#PA_000041"],"propLabel":"assay protocol / source document","groupLabel":["General Information"]},{"propURI":"http://www.bioassayontology.org/bao#BAO_0002846","valueLabel":"https://www.ebi.ac.uk/chembl/assay_report_card/CHEMBL4370228/","propAbbrev":"bao:BAO_0002846","groupNest":["http://rdf.pistoia.com/bae#PA_000041"],"propLabel":"assay protocol / source document","groupLabel":["General Information"]},{"propURI":"http://www.bioassayontology.org/bao#BAO_0000196","valueLabel":"drug permeability","propAbbrev":"bao:BAO_0000196","groupNest":["http://rdf.pistoia.com/bae#PA_000042"],"propLabel":"assay mode of action","groupLabel":["Assay Method"]}],"pubchemXRef":[],"curationTime":1673350537121,"curatorID":"google:116472989631108409155","curatorName":"","curatorEmail":"molcon2mc@gmail.com","history":[{"curationTime":1671791601256,"curatorID":"google:116472989631108409155","curatorName":"","curatorEmail":"molcon2mc@gmail.com","uniqueIDPatch":"@@ -1,18 +0,0 @@\n-pubchemAID:1572199\n","annotsAdded":[{"propURI":"http://rdf.pistoia.com/bae#PA_000004","propLabel":"curation status","propAbbrev":"http://rdf.pistoia.com/bae#PA_000004","valueURI":"http://www.bioassayexpress.org/bae#0000153","valueLabel":"Curated","valueAbbrev":"bae:0000153","valueDescr":"Initial curation by user","groupNest":["http://rdf.pistoia.com/bae#PA_000041"],"groupLabel":["General Information"],"valueHier":["http://rdf.pistoia.com/bae#PA_000032","http://rdf.pistoia.com/bae#PA_000005"],"labelHier":["bha curation status","curation status"]},{"propURI":"http://www.bioassayontology.org/bao#BAO_0095009","propLabel":"assay design method","propAbbrev":"bao:BAO_0095009","valueURI":"http://www.bioassayontology.org/bao#BAO_0040018","valueLabel":"small molecule abundance method","valueAbbrev":"bao:BAO_0040018","valueDescr":"Any  method that simply measures the overall abundance (concentration, relative amount, etc) of a small molecule, such as LC-MS/MS or LC-UV. Typically used in both in vitro and in vivo ADME assays to monitor compound.","groupNest":["http://rdf.pistoia.com/bae#PA_000042"],"groupLabel":["Assay Method"],"valueHier":["http://www.bioassayontology.org/bao#BAO_0040011","http://www.bioassayontology.org/bao#BAO_0002202"],"labelHier":["molecular abundance method","assay design method"]},{"propURI":"http://www.bioassayontology.org/bao#BAO_0002855","propLabel":"bioassay","propAbbrev":"bao:BAO_0002855","valueURI":"http://www.bioassayontology.org/bao#BAO_0010008","valueLabel":"Caco-2 permeability assay","valueAbbrev":"bao:BAO_0010008","valueDescr":"A common in vitro ADME assay that uses the Caco-2 cell line (derived from human colon carcinoma) to assess transport in both directions (apical to basolateral (A-B) and basolateral to apical (B-A)) across the cell monolayer), to predict the in vivo absorption of drugs across the gut wall and to investigate drug efflux.","groupNest":["http://rdf.pistoia.com/bae#PA_000042"],"groupLabel":["Assay Method"],"valueHier":["http://www.bioassayontology.org/bao#BAO_0002182","http://www.bioassayontology.org/bao#BAO_0000015"],"labelHier":["pharmacokinetic assay","bioassay"]},{"propURI":"http://rdf.pistoia.com/bae#PA_000025","propLabel":"perturbagen max concentration units","propAbbrev":"http://rdf.pistoia.com/bae#PA_000025","valueURI":"http://purl.obolibrary.org/obo/UO_0000064","valueLabel":"micromolar","valueAbbrev":"obo:UO_0000064","valueDescr":"A unit of molarity which is equal to one millionth of a molar or 10^[-6] M.","groupNest":["http://rdf.pistoia.com/bae#PA_000042"],"groupLabel":["Assay Method"],"valueHier":["http://purl.obolibrary.org/obo/UO_0000061","http://purl.obolibrary.org/obo/UO_0000051","http://purl.obolibrary.org/obo/UO_0000000"],"labelHier":["unit of molarity","concentration unit","unit"]},{"propURI":"http://www.bioassayontology.org/bao#BAO_0000185","propLabel":"perturbagen type","propAbbrev":"bao:BAO_0000185","valueURI":"http://www.bioassayontology.org/bao#BAO_0000176","valueLabel":"small molecule","valueAbbrev":"bao:BAO_0000176","valueDescr":"Small molecule is an organic compound with a low molecular weight (<800 Da) which is used to screen against a biological target, e.g. protein, nucleic acid, cell or organism  to test its ability to bind it and bring about a change in activity. It is either isolated from a natural source or is synthesized.","groupNest":["http://rdf.pistoia.com/bae#PA_000042"],"groupLabel":["Assay Method"],"valueHier":["http://www.bioassayontology.org/bao#BAO_0000076","http://www.bioassayontology.org/bao#BAO_0003120"],"labelHier":["screened entity","assay screened entity component"]},{"propURI":"http://www.bioassayontology.org/bao#BAO_0002852","propLabel":"assay source","propAbbrev":"bao:BAO_0002852","valueURI":"http://www.bioassayontology.org/bao#BAO_0000614","valueLabel":"ChEMBL","valueAbbrev":"bao:BAO_0000614","valueDescr":"It is a public database that contains structure","groupNest":["http://rdf.pistoia.com/bae#PA_000041"],"groupLabel":["General Information"],"valueHier":["http://www.bioassayontology.org/bao#BAO_0000612"],"labelHier":["assay repository"]},{"propURI":"http://www.bioassayontology.org/bao#BAO_0000211","propLabel":"target type","propAbbrev":"bao:BAO_0000211","valueURI":"http://purl.obolibrary.org/obo/GO_0017144","valueLabel":"drug metabolic process","valueAbbrev":"obo:GO_0017144","valueDescr":"The chemical reactions and pathways involving a drug, a substance used in the diagnosis, treatment or prevention of a disease; as used here antibiotic substances (see antibiotic metabolism) are considered to be drugs, even if not used in medical or veterinary practice.","groupNest":["http://rdf.pistoia.com/bae#PA_000044"],"groupLabel":["Target Information"],"valueHier":["http://purl.obolibrary.org/obo/GO_0044237","http://purl.obolibrary.org/obo/GO_0009987","http://purl.obolibrary.org/obo/GO_0008150","http://www.bioassayontology.org/bao#BAO_0003114"],"labelHier":["cellular metabolic process","cellular process","biological process","assay biology component"]},{"propURI":"http://www.bioassayontology.org/bao#BAO_0002854","propLabel":"bioassay type","propAbbrev":"bao:BAO_0002854","valueURI":"http://www.bioassayontology.org/bao#BAO_0000009","valueLabel":"ADMET","valueAbbrev":"bao:BAO_0000009","valueDescr":"ADMET stands for absorption, distribution, metabolism, excretion and toxicity. Admet assays are performed for verifying the bio-availability,  toxicity, metabolic stability, and drug-drug interaction potential of drugs: They quantify absorption of drugs in the intestine which is dependent on their solubility; distribution which ascertains their binding to plasma proteins, central nervous system penetration; metabolism where the in vivo clearance is monitored; and finally, toxicity in terms of inhibition of liver cytochrome p450 enzymes or hERG which could cause drug-drug interactions and cardiac arrhythmias, respectively.","groupNest":["http://rdf.pistoia.com/bae#PA_000042"],"groupLabel":["Assay Method"],"valueHier":["http://www.bioassayontology.org/bao#BAO_0000008"],"labelHier":["bioassay type"]},{"propURI":"http://www.bioassayontology.org/bao#BAO_0000208","propLabel":"endpoint","propAbbrev":"bao:BAO_0000208","valueURI":"http://www.bioassayexpress.org/bae#0000637","valueLabel":"Papp","valueAbbrev":"bae:0000637","valueDescr":"","groupNest":["http://rdf.pistoia.com/bae#PA_000042"],"groupLabel":["Assay Method"],"valueHier":["http://www.bioassayontology.org/bao#BAO_0002808","http://www.bioassayontology.org/bao#BAO_0002128","http://www.bioassayontology.org/bao#BAO_0000179"],"labelHier":["permeability","physical property endpoint","endpoint"]},{"propURI":"http://www.bioassayontology.org/bao#BAO_0002800","propLabel":"assay cell line","propAbbrev":"bao:BAO_0002800","valueURI":"http://purl.obolibrary.org/obo/CLO_0002172","valueLabel":"CACO-2 cell","valueAbbrev":"obo:CLO_0002172","valueDescr":"Human colon adenocarcinoma cell line, established from the primary colon tumor (adenocarcinoma) of a 72-year-old Caucasian man in 1974.","groupNest":["http://rdf.pistoia.com/bae#PA_000042"],"groupLabel":["Assay Method"],"valueHier":["http://purl.obolibrary.org/obo/CLO_0000513","http://purl.obolibrary.org/obo/CLO_0000236","http://purl.obolibrary.org/obo/CLO_0000019","http://purl.obolibrary.org/obo/CLO_0000001"],"labelHier":["immortal human colon-derived cell line cell","immortal colon-derived cell line cell","immortal cell line cell","cell line cell"]},{"propURI":"http://www.bioassayontology.org/bao#BAO_0002922","propLabel":"assay medium","propAbbrev":"bao:BAO_0002922","valueURI":"http://www.bioassayontology.org/bat#Unknown","valueLabel":"unknown","valueAbbrev":"bat:Unknown","valueDescr":"There should be a term assigned to this property but the value was not specified in the source information.","groupNest":["http://rdf.pistoia.com/bae#PA_000042"],"groupLabel":["Assay Method"],"valueHier":[],"labelHier":[]},{"propURI":"http://www.bioassayontology.org/bao#BAO_0000205","propLabel":"assay format","propAbbrev":"bao:BAO_0000205","valueURI":"http://www.bioassayontology.org/bao#BAO_0000219","valueLabel":"cell based format","valueAbbrev":"bao:BAO_0000219","valueDescr":"Involves the use of living cells of eukaryotic origin, derived from a multicellular organism, and is a heterogeneous assay type. Typically, this refers to permanent (immortal) cell lines, or primary cells, or some form of stem cells. This is distinct from a single-celled organism-based format (classically bacteria or yeast).","groupNest":["http://rdf.pistoia.com/bae#PA_000042"],"groupLabel":["Assay Method"],"valueHier":["http://www.bioassayontology.org/bao#BAO_0000019"],"labelHier":["assay format"]},{"propURI":"http://rdf.pistoia.com/bae#PA_000026","propLabel":"perturbagen min concentration units","propAbbrev":"http://rdf.pistoia.com/bae#PA_000026","valueURI":"http://purl.obolibrary.org/obo/UO_0000064","valueLabel":"micromolar","valueAbbrev":"obo:UO_0000064","valueDescr":"A unit of molarity which is equal to one millionth of a molar or 10^[-6] M.","groupNest":["http://rdf.pistoia.com/bae#PA_000042"],"groupLabel":["Assay Method"],"valueHier":["http://purl.obolibrary.org/obo/UO_0000061","http://purl.obolibrary.org/obo/UO_0000051","http://purl.obolibrary.org/obo/UO_0000000"],"labelHier":["unit of molarity","concentration unit","unit"]},{"propURI":"http://www.bioassayontology.org/bao#BAO_0002921","propLabel":"target organism","propAbbrev":"bao:BAO_0002921","valueURI":"http://purl.obolibrary.org/obo/NCBITaxon_9606","valueLabel":"Homo sapiens","valueAbbrev":"obo:NCBITaxon_9606","valueDescr":"","groupNest":["http://rdf.pistoia.com/bae#PA_000044"],"groupLabel":["Target Information"],"altLabels":["Homo spiens","Homo sapience","Homo sapien","human","Homo spaiens","Homo sapians","man","Humo sapiens","Home sapiens","Homo sapiense","Homo sampiens","Homo sapeins","Homo sapines","Homo sapian","Homo sapients"],"valueHier":["http://www.bioassayontology.org/bao#BAO_0000362","http://www.bioassayontology.org/bao#BAO_0000510","http://www.bioassayontology.org/bao#BAO_0000659","http://www.bioassayontology.org/bao#BAO_0000509","http://www.bioassayontology.org/bao#BAO_0000658","http://www.bioassayontology.org/bao#BAO_0000551"],"labelHier":["mammalian","vertebrate","metazoa","eukaryote","cellular organisms","organism"]},{"propURI":"http://rdf.pistoia.com/bae#PA_000023","propLabel":"curation project","propAbbrev":"http://rdf.pistoia.com/bae#PA_000023","valueURI":"http://www.bioassayexpress.org/bae#0000386","valueLabel":"DataFAIRy Bioassay Phase 1","valueAbbrev":"bae:0000386","valueDescr":"First Pistoia Alliance DataFAIRYy curation project following pilot phase.","groupNest":["http://rdf.pistoia.com/bae#PA_000041"],"groupLabel":["General Information"],"valueHier":["http://www.bioassayexpress.org/bae#0000385","http://rdf.pistoia.com/bae#PA_000027"],"labelHier":["DataFAIRy Curation Project","curation project"]},{"propURI":"http://www.bioassayontology.org/bao#BAO_0002863","propLabel":"concentration throughput","propAbbrev":"bao:BAO_0002863","valueURI":"http://www.bioassayontology.org/bao#BAO_0000536","valueLabel":"single concentration","valueAbbrev":"bao:BAO_0000536","valueDescr":"Multiple measurements (typically three) are preformed at a single concentration. This is often used as a mode of confirmatory screening following a primary screen.","groupNest":["http://rdf.pistoia.com/bae#PA_000042"],"groupLabel":["Assay Method"],"valueHier":["http://www.bioassayontology.org/bao#BAO_0002177"],"labelHier":["concentration throughput"]}],"annotsRemoved":[],"labelsAdded":[{"propURI":"http://www.bioassayontology.org/bao#BAO_0001095","valueLabel":"PMID: 30629436","propAbbrev":"bao:BAO_0001095","groupNest":["http://rdf.pistoia.com/bae#PA_000041"],"propLabel":"external assay ID","groupLabel":["General Information"]},{"propURI":"http://rdf.pistoia.com/bae#PA_000048","valueLabel":"Phospholipidosis","propAbbrev":"http://rdf.pistoia.com/bae#PA_000048","groupNest":["http://rdf.pistoia.com/bae#PA_000047"],"propLabel":"group ID","groupLabel":["Assay Group"]},{"propURI":"http://www.bioassayontology.org/bao#BAO_0002825","valueLabel":"2021-03-02","propAbbrev":"bao:BAO_0002825","groupNest":["http://rdf.pistoia.com/bae#PA_000041"],"propLabel":"assay deposition date","groupLabel":["General Information"]},{"propURI":"http://rdf.pistoia.com/bae#PA_000022","valueLabel":"10","propAbbrev":"http://rdf.pistoia.com/bae#PA_000022","groupNest":["http://rdf.pistoia.com/bae#PA_000042"],"propLabel":"perturbagen min concentration","groupLabel":["Assay Method"]},{"propURI":"http://rdf.pistoia.com/bae#PA_000002","valueLabel":"molcon2mc@gmail.com","propAbbrev":"http://rdf.pistoia.com/bae#PA_000002","groupNest":["http://rdf.pistoia.com/bae#PA_000041"],"propLabel":"curated by (e-mail)","groupLabel":["General Information"]},{"propURI":"http://www.bioassayontology.org/bao#BAO_0002083","valueLabel":"2022-12-23","propAbbrev":"bao:BAO_0002083","groupNest":["http://rdf.pistoia.com/bae#PA_000041"],"propLabel":"curation date","groupLabel":["General Information"]},{"propURI":"http://rdf.pistoia.com/bae#PA_000001","valueLabel":"1.1","propAbbrev":"http://rdf.pistoia.com/bae#PA_000001","groupNest":["http://rdf.pistoia.com/bae#PA_000041"],"propLabel":"assay protocol version","groupLabel":["General Information"]},{"propURI":"http://www.bioassayontology.org/bao#BAO_0001095","valueLabel":"AID 1572199","propAbbrev":"bao:BAO_0001095","groupNest":["http://rdf.pistoia.com/bae#PA_000041"],"propLabel":"external assay ID","groupLabel":["General Information"]},{"propURI":"http://www.bioassayontology.org/bao#BAO_0001095","valueLabel":"CHEMBL4370228","propAbbrev":"bao:BAO_0001095","groupNest":["http://rdf.pistoia.com/bae#PA_000041"],"propLabel":"external assay ID","groupLabel":["General Information"]},{"propURI":"http://rdf.pistoia.com/bae#PA_000024","valueLabel":"10","propAbbrev":"http://rdf.pistoia.com/bae#PA_000024","groupNest":["http://rdf.pistoia.com/bae#PA_000042"],"propLabel":"perturbagen max concentration","groupLabel":["Assay Method"]},{"propURI":"http://www.bioassayontology.org/bao#BAO_0002853","valueLabel":"Apparent permeability across apical to basolateral side in human Caco2 cells at 10 uM","propAbbrev":"bao:BAO_0002853","groupNest":["http://rdf.pistoia.com/bae#PA_000041"],"propLabel":"assay title","groupLabel":["General Information"]},{"propURI":"http://www.bioassayontology.org/bao#BAO_0002846","valueLabel":"https://pubchem.ncbi.nlm.nih.gov/bioassay/1572199","propAbbrev":"bao:BAO_0002846","groupNest":["http://rdf.pistoia.com/bae#PA_000041"],"propLabel":"assay protocol / source document","groupLabel":["General Information"]}],"labelsRemoved":[]},{"curationTime":1673350537121,"curatorID":"google:116472989631108409155","curatorName":"","curatorEmail":"molcon2mc@gmail.com","textPatch":"@@ -1,1356 +0,0 @@\n-Title: Discovery and Development of N-%5B4-(1-Cyclobutylpiperidin-4-yloxy)phenyl%5D-2-(morpholin-4-yl)acetamide Dihydrochloride (SUVN-G3031): A Novel, Potent, Selective, and Orally Active Histamine H3 Receptor Inverse Agonist with Robust Wake-Promoting Activity.%0A%0AAbstract: A series of chemical optimizations guided by in vitro affinity at a histamine H3 receptor (H3R), physicochemical properties, and pharmacokinetics in rats resulted in identification of N-%5B4-(1-cyclobutyl-piperidin-4-yloxy)phenyl%5D-2-(morpholin-4-yl)acetamide dihydrochloride (17v, SUVN-G3031) as a clinical candidate. Compound 17v is a potent (hH3R Ki = 8.73 nM) inverse agonist at H3R with selectivity over other 70 targets, Compound 17v has adequate oral exposures and favorable elimination half-lives both in rats and dogs. It demonstrated high receptor occupancy and marked wake-promoting effects with decreased rapid-eye-movement sleep in orexin-B saporin lesioned rats supporting its potential therapeutic utility in treating human sleep disorders. It had no effect on the locomotor activity at doses several fold higher than its efficacious dose. It is devoid of hERG and phospholipidosis issues. Phase-1 evaluation for safety, tolerability, and pharmacokinetics, and long-term safety studies in animals have been successfully completed without any concern for further development.\n","annotsAdded":[{"propURI":"http://www.bioassayontology.org/bao#BAO_0000211","propLabel":"target type","propAbbrev":"bao:BAO_0000211","valueURI":"http://www.bioassayontology.org/bat#Unknown","valueLabel":"unknown","valueAbbrev":"bat:Unknown","valueDescr":"There should be a term assigned to this property but the value was not specified in the source information.","groupNest":["http://rdf.pistoia.com/bae#PA_000044"],"groupLabel":["Target Information"],"valueHier":[],"labelHier":[]}],"annotsRemoved":[{"propURI":"http://www.bioassayontology.org/bao#BAO_0000211","propLabel":"target type","propAbbrev":"bao:BAO_0000211","valueURI":"http://purl.obolibrary.org/obo/GO_0017144","valueLabel":"drug metabolic process","valueAbbrev":"obo:GO_0017144","valueDescr":"The chemical reactions and pathways involving a drug, a substance used in the diagnosis, treatment or prevention of a disease; as used here antibiotic substances (see antibiotic metabolism) are considered to be drugs, even if not used in medical or veterinary practice.","groupNest":["http://rdf.pistoia.com/bae#PA_000044"],"groupLabel":["Target Information"],"valueHier":["http://purl.obolibrary.org/obo/GO_0044237","http://purl.obolibrary.org/obo/GO_0009987","http://purl.obolibrary.org/obo/GO_0008150","http://www.bioassayontology.org/bao#BAO_0003114"],"labelHier":["cellular metabolic process","cellular process","biological process","assay biology component"]}],"labelsAdded":[{"propURI":"http://www.bioassayontology.org/bao#BAO_0002846","valueLabel":"https://www.ebi.ac.uk/chembl/assay_report_card/CHEMBL4370228/","propAbbrev":"bao:BAO_0002846","groupNest":["http://rdf.pistoia.com/bae#PA_000041"],"propLabel":"assay protocol / source document","groupLabel":["General Information"]},{"propURI":"http://www.bioassayontology.org/bao#BAO_0002846","valueLabel":"https://pubmed.ncbi.nlm.nih.gov/30629436/","propAbbrev":"bao:BAO_0002846","groupNest":["http://rdf.pistoia.com/bae#PA_000041"],"propLabel":"assay protocol / source document","groupLabel":["General Information"]},{"propURI":"http://www.bioassayontology.org/bao#BAO_0000196","valueLabel":"drug permeability","propAbbrev":"bao:BAO_0000196","groupNest":["http://rdf.pistoia.com/bae#PA_000042"],"propLabel":"assay mode of action","groupLabel":["Assay Method"]}],"labelsRemoved":[]}],"holdingIDList":[]}