{"assayID":9006,"schemaURI":"http://www.bioassayontology.org/pistoia#","annotations":[{"propURI":"http://www.bioassayontology.org/bao#BAO_0002852","propLabel":"assay source","propAbbrev":"bao:BAO_0002852","valueURI":"http://www.bioassayontology.org/bao#BAO_0000893","valueLabel":"DiscoveRx","valueAbbrev":"bao:BAO_0000893","valueDescr":"","groupNest":["http://rdf.pistoia.com/bae#PA_000041"],"groupLabel":["General Information"],"valueHier":["http://www.bioassayontology.org/bao#BAO_0002091","http://www.bioassayontology.org/bao#BAO_0002934"],"labelHier":["commercial company","organization"]},{"propURI":"http://rdf.pistoia.com/bae#PA_000004","propLabel":"curation status","propAbbrev":"http://rdf.pistoia.com/bae#PA_000004","valueURI":"http://www.bioassayexpress.org/bae#0000153","valueLabel":"Curated","valueAbbrev":"bae:0000153","valueDescr":"Initial curation by user","groupNest":["http://rdf.pistoia.com/bae#PA_000041"],"groupLabel":["General Information"],"valueHier":["http://rdf.pistoia.com/bae#PA_000032","http://rdf.pistoia.com/bae#PA_000005"],"labelHier":["bha curation status","curation status"]},{"propURI":"http://rdf.pistoia.com/bae#PA_000023","propLabel":"curation project","propAbbrev":"http://rdf.pistoia.com/bae#PA_000023","valueURI":"http://www.bioassayexpress.org/bae#0000386","valueLabel":"DataFAIRy Bioassay Phase 1","valueAbbrev":"bae:0000386","valueDescr":"First Pistoia Alliance DataFAIRYy curation project following pilot phase.","groupNest":["http://rdf.pistoia.com/bae#PA_000041"],"groupLabel":["General Information"],"valueHier":["http://www.bioassayexpress.org/bae#0000385","http://rdf.pistoia.com/bae#PA_000027"],"labelHier":["DataFAIRy Curation Project","curation project"]},{"propURI":"http://www.bioassayontology.org/bao#BAO_0002854","propLabel":"bioassay type","propAbbrev":"bao:BAO_0002854","valueURI":"http://www.bioassayontology.org/bao#BAO_0000041","valueLabel":"binding type","valueAbbrev":"bao:BAO_0000041","valueDescr":"Binding assays are performed to understand the interaction between two molecules, e.g. perturbagen-protein, protein-protein, protein-DNA, etc.","groupNest":["http://rdf.pistoia.com/bae#PA_000042"],"groupLabel":["Assay Method"],"valueHier":["http://www.bioassayontology.org/bao#BAO_0000008"],"labelHier":["bioassay type"]},{"propURI":"http://www.bioassayontology.org/bao#BAO_0002855","propLabel":"bioassay","propAbbrev":"bao:BAO_0002855","valueURI":"http://www.bioassayontology.org/bao#BAO_0003011","valueLabel":"KINOMEScan assay","valueAbbrev":"bao:BAO_0003011","valueDescr":"","groupNest":["http://rdf.pistoia.com/bae#PA_000042"],"groupLabel":["Assay Method"],"valueHier":["http://www.bioassayontology.org/bao#BAO_0002989","http://www.bioassayontology.org/bao#BAO_0000015"],"labelHier":["binding assay","bioassay"]},{"propURI":"http://www.bioassayontology.org/bao#BAO_0002855","propLabel":"bioassay","propAbbrev":"bao:BAO_0002855","valueURI":"http://www.bioassayontology.org/bao#BAO_0000110","valueLabel":"protein-small molecule interaction assay","valueAbbrev":"bao:BAO_0000110","valueDescr":"It is an interaction between a protein (e.g., receptor, transcription factor) and small molecule (e.g., hormone, organic compound with a low molecular weight (<800 Da)).","groupNest":["http://rdf.pistoia.com/bae#PA_000042"],"groupLabel":["Assay Method"],"valueHier":["http://www.bioassayontology.org/bao#BAO_0002989","http://www.bioassayontology.org/bao#BAO_0000015"],"labelHier":["binding assay","bioassay"]},{"propURI":"http://www.bioassayontology.org/bao#BAO_0000205","propLabel":"assay format","propAbbrev":"bao:BAO_0000205","valueURI":"http://www.bioassayontology.org/bao#BAO_0000357","valueLabel":"single protein format","valueAbbrev":"bao:BAO_0000357","valueDescr":"one protein sequence","groupNest":["http://rdf.pistoia.com/bae#PA_000042"],"groupLabel":["Assay Method"],"valueHier":["http://www.bioassayontology.org/bao#BAO_0000224","http://www.bioassayontology.org/bao#BAO_0000217","http://www.bioassayontology.org/bao#BAO_0000019"],"labelHier":["protein format","biochemical format","assay format"]},{"propURI":"http://www.bioassayontology.org/bao#BAO_0095009","propLabel":"assay design method","propAbbrev":"bao:BAO_0095009","valueURI":"http://www.bioassayontology.org/bao#BAO_0003030","valueLabel":"kinase active-site binding method","valueAbbrev":"bao:BAO_0003030","valueDescr":"","groupNest":["http://rdf.pistoia.com/bae#PA_000042"],"groupLabel":["Assay Method"],"valueHier":["http://www.bioassayontology.org/bao#BAO_0003032","http://www.bioassayontology.org/bao#BAO_0002202"],"labelHier":["kinase competitive binding method","assay design method"]},{"propURI":"http://www.bioassayontology.org/bao#BAO_0000185","propLabel":"perturbagen type","propAbbrev":"bao:BAO_0000185","valueURI":"http://www.bioassayontology.org/bao#BAO_0000176","valueLabel":"small molecule","valueAbbrev":"bao:BAO_0000176","valueDescr":"Small molecule is an organic compound with a low molecular weight (<800 Da) which is used to screen against a biological target, e.g. protein, nucleic acid, cell or organism  to test its ability to bind it and bring about a change in activity. It is either isolated from a natural source or is synthesized.","groupNest":["http://rdf.pistoia.com/bae#PA_000042"],"groupLabel":["Assay Method"],"valueHier":["http://www.bioassayontology.org/bao#BAO_0000076","http://www.bioassayontology.org/bao#BAO_0003120"],"labelHier":["screened entity","assay screened entity component"]},{"propURI":"http://rdf.pistoia.com/bae#PA_000026","propLabel":"perturbagen min concentration units","propAbbrev":"http://rdf.pistoia.com/bae#PA_000026","valueURI":"http://purl.obolibrary.org/obo/UO_0000064","valueLabel":"micromolar","valueAbbrev":"obo:UO_0000064","valueDescr":"A unit of molarity which is equal to one millionth of a molar or 10^[-6] M.","groupNest":["http://rdf.pistoia.com/bae#PA_000042"],"groupLabel":["Assay Method"],"valueHier":["http://purl.obolibrary.org/obo/UO_0000061","http://purl.obolibrary.org/obo/UO_0000051","http://purl.obolibrary.org/obo/UO_0000000"],"labelHier":["unit of molarity","concentration unit","unit"]},{"propURI":"http://www.bioassayontology.org/bao#BAO_0000196","propLabel":"assay mode of action","propAbbrev":"bao:BAO_0000196","valueURI":"http://www.bioassayontology.org/bao#BAO_0000441","valueLabel":"competitive binding","valueAbbrev":"bao:BAO_0000441","valueDescr":"An assay based on the competition between a labeled and an unlabeled ligand in the reaction with a receptor binding agent (e.g. antibody, receptor, transport protein).","groupNest":["http://rdf.pistoia.com/bae#PA_000042"],"groupLabel":["Assay Method"],"valueHier":["http://www.bioassayontology.org/bao#BAO_0000476","http://www.bioassayontology.org/bao#BAO_0000074"],"labelHier":["ligand binding mode of action","mode of action"]},{"propURI":"http://www.bioassayontology.org/bao#BAO_0002663","propLabel":"assay kit","propAbbrev":"bao:BAO_0002663","valueURI":"http://www.bioassayontology.org/bao#BAO_0003109","valueLabel":"KINOMEscan kit","valueAbbrev":"bao:BAO_0003109","valueDescr":"","groupNest":["http://rdf.pistoia.com/bae#PA_000042"],"groupLabel":["Assay Method"],"valueHier":["http://www.bioassayontology.org/bao#BAO_0000248"],"labelHier":["assay kit"]},{"propURI":"http://rdf.pistoia.com/bae#PA_000008","propLabel":"detection agent","propAbbrev":"http://rdf.pistoia.com/bae#PA_000008","valueURI":"http://www.bioassayexpress.org/bae#0000278","valueLabel":"DNA tag","valueAbbrev":"bae:0000278","valueDescr":"BAO_0002760","groupNest":["http://rdf.pistoia.com/bae#PA_000042"],"groupLabel":["Assay Method"],"valueHier":["http://www.bioassayontology.org/bao#BAO_0000269","http://www.bioassayontology.org/bao#BAO_0000011","http://www.bioassayontology.org/bao#BAO_0003043"],"labelHier":["DNA","nucleic acid","molecular entity"]},{"propURI":"http://www.bioassayontology.org/bao#BAO_0000208","propLabel":"endpoint","propAbbrev":"bao:BAO_0000208","valueURI":"http://www.bioassayontology.org/bao#BAO_0000034","valueLabel":"Kd","valueAbbrev":"bao:BAO_0000034","valueDescr":"Kd \u2013 is the equilibrium dissociation constant for a drug.  It describes the affinity between a ligand (L) (such as a drug) and a protein (P). Ligand-protein affinities are influenced by non-covalent intermolecular interactions between the two molecules such as hydrogen bonding, electrostatic interactions, hydrophobic and Van der Waals forces. \nKd = ([P] [L]) / [PL]\nThe dissociation constant has molar units (M), which corresponds to the concentration of ligand [L] at which the binding site on a particular protein is half occupied, i.e. the concentration of ligand, at which the concentration of protein with ligand bound [PL], equals the concentration of protein with no ligand bound [P]. The smaller the dissociation constant, the more tightly bound the ligand is, or the higher the affinity between ligand and protein. http://www.graphpad.com/curvefit/law_of_mass_action.htm\n        ","groupNest":["http://rdf.pistoia.com/bae#PA_000042"],"groupLabel":["Assay Method"],"valueHier":["http://www.bioassayontology.org/bao#BAO_0000587","http://www.bioassayontology.org/bao#BAO_0000016","http://www.bioassayontology.org/bao#BAO_0000179"],"labelHier":["binding constant","protein substrate and ligand constant","endpoint"]},{"propURI":"http://www.bioassayontology.org/bao#BAO_0000209","propLabel":"measure group","propAbbrev":"bao:BAO_0000209","valueURI":"http://www.bioassayexpress.org/bae#0000308","valueLabel":"KINOMEscan","valueAbbrev":"bae:0000308","valueDescr":"","groupNest":["http://rdf.pistoia.com/bae#PA_000042"],"groupLabel":["Assay Method"],"valueHier":["http://www.bioassayexpress.org/bae#0000307","http://www.bioassayexpress.org/bae#0000157","http://www.bioassayontology.org/bao#BAO_0000040"],"labelHier":["Eurofins (DiscoverX)","assay screening panel","measure group"]},{"propURI":"http://www.bioassayontology.org/bao#BAO_0002857","propLabel":"signal direction","propAbbrev":"bao:BAO_0002857","valueURI":"http://www.bioassayontology.org/bao#BAO_0080025","valueLabel":"signal decrease","valueAbbrev":"bao:BAO_0080025","valueDescr":"","groupNest":["http://rdf.pistoia.com/bae#PA_000043"],"groupLabel":["Detection Details"],"valueHier":["http://www.bioassayontology.org/bao#BAO_0000519"],"labelHier":["signal direction"]},{"propURI":"http://www.bioassayontology.org/bao#BAO_0000211","propLabel":"target type","propAbbrev":"bao:BAO_0000211","valueURI":"http://www.drugtargetontology.org/dto/DTO_03300102","valueLabel":"Protein kinase","valueAbbrev":"dto:DTO_03300102","valueDescr":"","groupNest":["http://rdf.pistoia.com/bae#PA_000044"],"groupLabel":["Target Information"],"valueHier":["http://www.drugtargetontology.org/dto/DTO_03300101","http://www.drugtargetontology.org/dto/DTO_00100000"],"labelHier":["Kinase","Protein"]},{"propURI":"http://www.bioassayontology.org/bao#BAO_0002921","propLabel":"target organism","propAbbrev":"bao:BAO_0002921","valueURI":"http://purl.obolibrary.org/obo/NCBITaxon_9606","valueLabel":"Homo sapiens","valueAbbrev":"obo:NCBITaxon_9606","valueDescr":"","groupNest":["http://rdf.pistoia.com/bae#PA_000044"],"groupLabel":["Target Information"],"altLabels":["Homo spiens","Homo sapience","Homo sapien","human","Homo spaiens","Homo sapians","man","Humo sapiens","Home sapiens","Homo sapiense","Homo sampiens","Homo sapeins","Homo sapines","Homo sapian","Homo sapients"],"valueHier":["http://www.bioassayontology.org/bao#BAO_0000362","http://www.bioassayontology.org/bao#BAO_0000510","http://www.bioassayontology.org/bao#BAO_0000659","http://www.bioassayontology.org/bao#BAO_0000509","http://www.bioassayontology.org/bao#BAO_0000658","http://www.bioassayontology.org/bao#BAO_0000551"],"labelHier":["mammalian","vertebrate","metazoa","eukaryote","cellular organisms","organism"]},{"propURI":"http://www.bioassayontology.org/bao#BAO_0000079","propLabel":"neutral control","propAbbrev":"bao:BAO_0000079","valueURI":"http://www.bioassayexpress.org/bae#0000164","valueLabel":"DMSO","valueAbbrev":"bae:0000164","valueDescr":"","groupNest":["http://rdf.pistoia.com/bae#PA_000046"],"groupLabel":["Controls"],"valueHier":["http://www.bioassayontology.org/bao#BAO_0000079"],"labelHier":["negative control"]},{"propURI":"http://rdf.pistoia.com/bae#PA_000033","propLabel":"target protein name","propAbbrev":"http://rdf.pistoia.com/bae#PA_000033","valueURI":"http://purl.obolibrary.org/obo/PR_Q9UQB9","valueLabel":"aurora kinase C (human)","valueAbbrev":"obo:PR_Q9UQB9","valueDescr":"An aurora kinase C that is encoded in the genome of human.","groupNest":["http://rdf.pistoia.com/bae#PA_000044"],"groupLabel":["Target Information"],"altLabels":["hAURKC","aurora/IPL1/Eg2 protein 2 (human)","serine/threonine-protein kinase aurora-C (human)","aurora 3 (human)","aurora/IPL1-related kinase 3 (human)","aurora-related kinase 3 (human)","ARK-3 (human)"],"valueHier":["http://purl.obolibrary.org/obo/PR_000029067","http://purl.obolibrary.org/obo/PR_000036194","http://purl.obolibrary.org/obo/PR_000000001"],"labelHier":["Homo sapiens protein","eukaryotic protein","protein"]},{"propURI":"http://www.bioassayontology.org/bao#BAX_0000011","propLabel":"NCBI gene identity","propAbbrev":"bao:BAX_0000011","valueURI":"http://www.bioassayontology.org/geneid#6795","valueLabel":"AURKC: aurora kinase C","valueAbbrev":"geneid:6795","valueDescr":"","groupNest":["http://rdf.pistoia.com/bae#PA_000044"],"groupLabel":["Target Information"],"altLabels":["AIE2 , AIK3 , ARK3 , AurC , HEL-S-90 , SPGF5 , STK13 , aurora-C"],"externalURLs":["https://www.ncbi.nlm.nih.gov/gene/6795"],"valueHier":["http://www.bioassayontology.org/geneid#Homo_sapiens","http://www.bioassayontology.org/geneid#Mammalia","http://www.bioassayontology.org/geneid#Root"],"labelHier":["Homo sapiens","Mammalia","Faux GeneID"]},{"propURI":"http://www.bioassayontology.org/bao#BAX_0000012","propLabel":"NCBI  protein identity","propAbbrev":"bao:BAX_0000012","valueURI":"http://www.bioassayontology.org/protein#27805738","valueLabel":"Aurora kinase C","valueAbbrev":"protein:27805738","valueDescr":"Protein: Aurora kinase C, Organism: Homo sapiens","groupNest":["http://rdf.pistoia.com/bae#PA_000044"],"groupLabel":["Target Information"],"externalURLs":["https://www.ncbi.nlm.nih.gov/protein/27805738"],"valueHier":["http://www.bioassayontology.org/taxon#9606","http://www.bioassayontology.org/taxon#9605","http://www.bioassayontology.org/taxon#314295","http://www.bioassayontology.org/taxon#9526","http://www.bioassayontology.org/taxon#9443","http://www.bioassayontology.org/taxon#314146","http://www.bioassayontology.org/taxon#40674","http://www.bioassayontology.org/taxon#32524","http://www.bioassayontology.org/taxon#8287","http://www.bioassayontology.org/taxon#117570","http://www.bioassayontology.org/taxon#7711","http://www.bioassayontology.org/taxon#33511","http://www.bioassayontology.org/taxon#33213","http://www.bioassayontology.org/taxon#33208","http://www.bioassayontology.org/taxon#33154","http://www.bioassayontology.org/taxon#2759","http://www.bioassayontology.org/taxon#131567","http://www.bioassayontology.org/taxon#Root"],"labelHier":["Homo sapiens","Homo","Hominoidea / Hominidae / Homininae","Catarrhini","Primates / Haplorrhini / Simiiformes","Euarchontoglires","Mammalia / Theria / Eutheria / Boreoeutheria","Amniota","Sarcopterygii / Dipnotetrapodomorpha / Tetrapoda","Teleostomi / Euteleostomi","Chordata / Craniata / Vertebrata / Gnathostomata","Deuterostomia","Bilateria","Metazoa / Eumetazoa","Opisthokonta","Eukaryota","cellular organisms","Faux ProteinID"]},{"propURI":"http://www.bioassayontology.org/bao#BAO_0000207","propLabel":"physical detection method","propAbbrev":"bao:BAO_0000207","valueURI":"http://www.bioassayexpress.org/bae#0000387","valueLabel":"quantitative PCR","valueAbbrev":"bae:0000387","valueDescr":"","groupNest":["http://rdf.pistoia.com/bae#PA_000043"],"groupLabel":["Detection Details"],"valueHier":["http://www.bioassayontology.org/bao#BAO_0000035"],"labelHier":["physical detection method"]},{"propURI":"http://www.bioassayontology.org/bao#BAO_0002853","valueLabel":"KINOMEscan® AURKC","propAbbrev":"bao:BAO_0002853","groupNest":["http://rdf.pistoia.com/bae#PA_000041"],"propLabel":"assay title","groupLabel":["General Information"]},{"propURI":"http://www.bioassayontology.org/bao#BAO_0002846","valueLabel":"https://www.discoverx.com/kinase-data-sheets/aurkc","propAbbrev":"bao:BAO_0002846","groupNest":["http://rdf.pistoia.com/bae#PA_000041"],"propLabel":"assay protocol / source document","groupLabel":["General Information"]},{"propURI":"http://rdf.pistoia.com/bae#PA_000002","valueLabel":"molcon2mc@gmail.com","propAbbrev":"http://rdf.pistoia.com/bae#PA_000002","groupNest":["http://rdf.pistoia.com/bae#PA_000041"],"propLabel":"curated by (e-mail)","groupLabel":["General Information"]},{"propURI":"http://www.bioassayontology.org/bao#BAO_0002083","valueLabel":"2022-10-18","propAbbrev":"bao:BAO_0002083","groupNest":["http://rdf.pistoia.com/bae#PA_000041"],"propLabel":"curation date","groupLabel":["General Information"]},{"propURI":"http://rdf.pistoia.com/bae#PA_000022","valueLabel":"10","propAbbrev":"http://rdf.pistoia.com/bae#PA_000022","groupNest":["http://rdf.pistoia.com/bae#PA_000042"],"propLabel":"perturbagen min concentration","groupLabel":["Assay Method"]}],"pubchemXRef":[],"curationTime":1666812916053,"curatorID":"google:116472989631108409155","curatorName":"","curatorEmail":"molcon2mc@gmail.com","history":[{"curationTime":1666094355051,"curatorID":"google:116472989631108409155","curatorName":"","curatorEmail":"molcon2mc@gmail.com","annotsAdded":[{"propURI":"http://www.bioassayontology.org/bao#BAO_0000079","propLabel":"neutral control","propAbbrev":"bao:BAO_0000079","valueURI":"http://www.bioassayexpress.org/bae#0000164","valueLabel":"DMSO","valueAbbrev":"bae:0000164","valueDescr":"","groupNest":["http://rdf.pistoia.com/bae#PA_000046"],"groupLabel":["Controls"],"valueHier":["http://www.bioassayontology.org/bao#BAO_0000079"],"labelHier":["negative control"]},{"propURI":"http://rdf.pistoia.com/bae#PA_000004","propLabel":"curation status","propAbbrev":"http://rdf.pistoia.com/bae#PA_000004","valueURI":"http://www.bioassayexpress.org/bae#0000153","valueLabel":"Curated","valueAbbrev":"bae:0000153","valueDescr":"Initial curation by user","groupNest":["http://rdf.pistoia.com/bae#PA_000041"],"groupLabel":["General Information"],"valueHier":["http://rdf.pistoia.com/bae#PA_000032","http://rdf.pistoia.com/bae#PA_000005"],"labelHier":["bha curation status","curation status"]},{"propURI":"http://www.bioassayontology.org/bao#BAO_0002857","propLabel":"signal direction","propAbbrev":"bao:BAO_0002857","valueURI":"http://www.bioassayontology.org/bao#BAO_0080025","valueLabel":"signal decrease","valueAbbrev":"bao:BAO_0080025","valueDescr":"","groupNest":["http://rdf.pistoia.com/bae#PA_000043"],"groupLabel":["Detection Details"],"valueHier":["http://www.bioassayontology.org/bao#BAO_0000519"],"labelHier":["signal direction"]},{"propURI":"http://www.bioassayontology.org/bao#BAO_0000196","propLabel":"assay mode of action","propAbbrev":"bao:BAO_0000196","valueURI":"http://www.bioassayontology.org/bao#BAO_0000441","valueLabel":"competitive binding","valueAbbrev":"bao:BAO_0000441","valueDescr":"An assay based on the competition between a labeled and an unlabeled ligand in the reaction with a receptor binding agent (e.g. antibody, receptor, transport protein).","groupNest":["http://rdf.pistoia.com/bae#PA_000042"],"groupLabel":["Assay Method"],"valueHier":["http://www.bioassayontology.org/bao#BAO_0000476","http://www.bioassayontology.org/bao#BAO_0000074"],"labelHier":["ligand binding mode of action","mode of action"]},{"propURI":"http://rdf.pistoia.com/bae#PA_000033","propLabel":"target protein name","propAbbrev":"http://rdf.pistoia.com/bae#PA_000033","valueURI":"http://purl.obolibrary.org/obo/PR_Q9UQB9","valueLabel":"aurora kinase C (human)","valueAbbrev":"obo:PR_Q9UQB9","valueDescr":"An aurora kinase C that is encoded in the genome of human.","groupNest":["http://rdf.pistoia.com/bae#PA_000044"],"groupLabel":["Target Information"],"altLabels":["hAURKC","aurora/IPL1/Eg2 protein 2 (human)","serine/threonine-protein kinase aurora-C (human)","aurora 3 (human)","aurora/IPL1-related kinase 3 (human)","aurora-related kinase 3 (human)","ARK-3 (human)"],"valueHier":["http://purl.obolibrary.org/obo/PR_000029067","http://purl.obolibrary.org/obo/PR_000036194","http://purl.obolibrary.org/obo/PR_000000001"],"labelHier":["Homo sapiens protein","eukaryotic protein","protein"]},{"propURI":"http://rdf.pistoia.com/bae#PA_000008","propLabel":"detection agent","propAbbrev":"http://rdf.pistoia.com/bae#PA_000008","valueURI":"http://www.bioassayexpress.org/bae#0000278","valueLabel":"DNA tag","valueAbbrev":"bae:0000278","valueDescr":"BAO_0002760","groupNest":["http://rdf.pistoia.com/bae#PA_000042"],"groupLabel":["Assay Method"],"valueHier":["http://www.bioassayontology.org/bao#BAO_0000269","http://www.bioassayontology.org/bao#BAO_0000011","http://www.bioassayontology.org/bao#BAO_0003043"],"labelHier":["DNA","nucleic acid","molecular entity"]},{"propURI":"http://www.bioassayontology.org/bao#BAO_0000185","propLabel":"perturbagen type","propAbbrev":"bao:BAO_0000185","valueURI":"http://www.bioassayontology.org/bao#BAO_0000176","valueLabel":"small molecule","valueAbbrev":"bao:BAO_0000176","valueDescr":"Small molecule is an organic compound with a low molecular weight (<800 Da) which is used to screen against a biological target, e.g. protein, nucleic acid, cell or organism  to test its ability to bind it and bring about a change in activity. It is either isolated from a natural source or is synthesized.","groupNest":["http://rdf.pistoia.com/bae#PA_000042"],"groupLabel":["Assay Method"],"valueHier":["http://www.bioassayontology.org/bao#BAO_0000076","http://www.bioassayontology.org/bao#BAO_0003120"],"labelHier":["screened entity","assay screened entity component"]},{"propURI":"http://www.bioassayontology.org/bao#BAO_0000208","propLabel":"endpoint","propAbbrev":"bao:BAO_0000208","valueURI":"http://www.bioassayontology.org/bao#BAO_0000034","valueLabel":"Kd","valueAbbrev":"bao:BAO_0000034","valueDescr":"Kd \u2013 is the equilibrium dissociation constant for a drug.  It describes the affinity between a ligand (L) (such as a drug) and a protein (P). Ligand-protein affinities are influenced by non-covalent intermolecular interactions between the two molecules such as hydrogen bonding, electrostatic interactions, hydrophobic and Van der Waals forces. \nKd = ([P] [L]) / [PL]\nThe dissociation constant has molar units (M), which corresponds to the concentration of ligand [L] at which the binding site on a particular protein is half occupied, i.e. the concentration of ligand, at which the concentration of protein with ligand bound [PL], equals the concentration of protein with no ligand bound [P]. The smaller the dissociation constant, the more tightly bound the ligand is, or the higher the affinity between ligand and protein. http://www.graphpad.com/curvefit/law_of_mass_action.htm\n        ","groupNest":["http://rdf.pistoia.com/bae#PA_000042"],"groupLabel":["Assay Method"],"valueHier":["http://www.bioassayontology.org/bao#BAO_0000587","http://www.bioassayontology.org/bao#BAO_0000016","http://www.bioassayontology.org/bao#BAO_0000179"],"labelHier":["binding constant","protein substrate and ligand constant","endpoint"]},{"propURI":"http://www.bioassayontology.org/bao#BAO_0095009","propLabel":"assay design method","propAbbrev":"bao:BAO_0095009","valueURI":"http://www.bioassayontology.org/bao#BAO_0003030","valueLabel":"kinase active-site binding method","valueAbbrev":"bao:BAO_0003030","valueDescr":"","groupNest":["http://rdf.pistoia.com/bae#PA_000042"],"groupLabel":["Assay Method"],"valueHier":["http://www.bioassayontology.org/bao#BAO_0003032","http://www.bioassayontology.org/bao#BAO_0002202"],"labelHier":["kinase competitive binding method","assay design method"]},{"propURI":"http://www.bioassayontology.org/bao#BAO_0000196","propLabel":"assay mode of action","propAbbrev":"bao:BAO_0000196","valueURI":"http://www.bioassayontology.org/bao#BAO_0000091","valueLabel":"inhibition","valueAbbrev":"bao:BAO_0000091","valueDescr":"Reduction of a predefined stimulus. Unit of Measure is always % when normalized to the dynamic range of the assay.","groupNest":["http://rdf.pistoia.com/bae#PA_000042"],"groupLabel":["Assay Method"],"valueHier":["http://www.bioassayontology.org/bao#BAO_0000084","http://www.bioassayontology.org/bao#BAO_0000074"],"labelHier":["ligand function mode of action","mode of action"]},{"propURI":"http://www.bioassayontology.org/bao#BAX_0000011","propLabel":"NCBI gene identity","propAbbrev":"bao:BAX_0000011","valueURI":"http://www.bioassayontology.org/geneid#6795","valueLabel":"AURKC: aurora kinase C","valueAbbrev":"geneid:6795","valueDescr":"","groupNest":["http://rdf.pistoia.com/bae#PA_000044"],"groupLabel":["Target Information"],"altLabels":["AIE2 , AIK3 , ARK3 , AurC , HEL-S-90 , SPGF5 , STK13 , aurora-C"],"externalURLs":["https://www.ncbi.nlm.nih.gov/gene/6795"],"valueHier":["http://www.bioassayontology.org/geneid#Homo_sapiens","http://www.bioassayontology.org/geneid#Mammalia","http://www.bioassayontology.org/geneid#Root"],"labelHier":["Homo sapiens","Mammalia","Faux GeneID"]},{"propURI":"http://www.bioassayontology.org/bao#BAO_0002852","propLabel":"assay source","propAbbrev":"bao:BAO_0002852","valueURI":"http://www.bioassayontology.org/bao#BAO_0000893","valueLabel":"DiscoveRx","valueAbbrev":"bao:BAO_0000893","valueDescr":"","groupNest":["http://rdf.pistoia.com/bae#PA_000041"],"groupLabel":["General Information"],"valueHier":["http://www.bioassayontology.org/bao#BAO_0002091","http://www.bioassayontology.org/bao#BAO_0002934"],"labelHier":["commercial company","organization"]},{"propURI":"http://www.bioassayontology.org/bao#BAO_0000205","propLabel":"assay format","propAbbrev":"bao:BAO_0000205","valueURI":"http://www.bioassayontology.org/bao#BAO_0000357","valueLabel":"single protein format","valueAbbrev":"bao:BAO_0000357","valueDescr":"one protein sequence","groupNest":["http://rdf.pistoia.com/bae#PA_000042"],"groupLabel":["Assay Method"],"valueHier":["http://www.bioassayontology.org/bao#BAO_0000224","http://www.bioassayontology.org/bao#BAO_0000217","http://www.bioassayontology.org/bao#BAO_0000019"],"labelHier":["protein format","biochemical format","assay format"]},{"propURI":"http://www.bioassayontology.org/bao#BAX_0000012","propLabel":"NCBI  protein identity","propAbbrev":"bao:BAX_0000012","valueURI":"http://www.bioassayontology.org/protein#27805738","valueLabel":"Aurora kinase C","valueAbbrev":"protein:27805738","valueDescr":"Protein: Aurora kinase C, Organism: Homo sapiens","groupNest":["http://rdf.pistoia.com/bae#PA_000044"],"groupLabel":["Target Information"],"externalURLs":["https://www.ncbi.nlm.nih.gov/protein/27805738"],"valueHier":["http://www.bioassayontology.org/taxon#9606","http://www.bioassayontology.org/taxon#9605","http://www.bioassayontology.org/taxon#314295","http://www.bioassayontology.org/taxon#9526","http://www.bioassayontology.org/taxon#9443","http://www.bioassayontology.org/taxon#314146","http://www.bioassayontology.org/taxon#40674","http://www.bioassayontology.org/taxon#32524","http://www.bioassayontology.org/taxon#8287","http://www.bioassayontology.org/taxon#117570","http://www.bioassayontology.org/taxon#7711","http://www.bioassayontology.org/taxon#33511","http://www.bioassayontology.org/taxon#33213","http://www.bioassayontology.org/taxon#33208","http://www.bioassayontology.org/taxon#33154","http://www.bioassayontology.org/taxon#2759","http://www.bioassayontology.org/taxon#131567","http://www.bioassayontology.org/taxon#Root"],"labelHier":["Homo sapiens","Homo","Hominoidea / Hominidae / Homininae","Catarrhini","Primates / Haplorrhini / Simiiformes","Euarchontoglires","Mammalia / Theria / Eutheria / Boreoeutheria","Amniota","Sarcopterygii / Dipnotetrapodomorpha / Tetrapoda","Teleostomi / Euteleostomi","Chordata / Craniata / Vertebrata / Gnathostomata","Deuterostomia","Bilateria","Metazoa / Eumetazoa","Opisthokonta","Eukaryota","cellular organisms","Faux ProteinID"]},{"propURI":"http://rdf.pistoia.com/bae#PA_000026","propLabel":"perturbagen min concentration units","propAbbrev":"http://rdf.pistoia.com/bae#PA_000026","valueURI":"http://purl.obolibrary.org/obo/UO_0000064","valueLabel":"micromolar","valueAbbrev":"obo:UO_0000064","valueDescr":"A unit of molarity which is equal to one millionth of a molar or 10^[-6] M.","groupNest":["http://rdf.pistoia.com/bae#PA_000042"],"groupLabel":["Assay Method"],"valueHier":["http://purl.obolibrary.org/obo/UO_0000061","http://purl.obolibrary.org/obo/UO_0000051","http://purl.obolibrary.org/obo/UO_0000000"],"labelHier":["unit of molarity","concentration unit","unit"]},{"propURI":"http://www.bioassayontology.org/bao#BAO_0000209","propLabel":"measure group","propAbbrev":"bao:BAO_0000209","valueURI":"http://www.bioassayexpress.org/bae#0000308","valueLabel":"KINOMEscan","valueAbbrev":"bae:0000308","valueDescr":"","groupNest":["http://rdf.pistoia.com/bae#PA_000042"],"groupLabel":["Assay Method"],"valueHier":["http://www.bioassayexpress.org/bae#0000307","http://www.bioassayexpress.org/bae#0000157","http://www.bioassayontology.org/bao#BAO_0000040"],"labelHier":["Eurofins (DiscoverX)","assay screening panel","measure group"]},{"propURI":"http://www.bioassayontology.org/bao#BAO_0002921","propLabel":"target organism","propAbbrev":"bao:BAO_0002921","valueURI":"http://purl.obolibrary.org/obo/NCBITaxon_9606","valueLabel":"Homo sapiens","valueAbbrev":"obo:NCBITaxon_9606","valueDescr":"","groupNest":["http://rdf.pistoia.com/bae#PA_000044"],"groupLabel":["Target Information"],"altLabels":["Homo spiens","Homo sapience","Homo sapien","human","Homo spaiens","Homo sapians","man","Humo sapiens","Home sapiens","Homo sapiense","Homo sampiens","Homo sapeins","Homo sapines","Homo sapian","Homo sapients"],"valueHier":["http://www.bioassayontology.org/bao#BAO_0000362","http://www.bioassayontology.org/bao#BAO_0000510","http://www.bioassayontology.org/bao#BAO_0000659","http://www.bioassayontology.org/bao#BAO_0000509","http://www.bioassayontology.org/bao#BAO_0000658","http://www.bioassayontology.org/bao#BAO_0000551"],"labelHier":["mammalian","vertebrate","metazoa","eukaryote","cellular organisms","organism"]},{"propURI":"http://www.bioassayontology.org/bao#BAO_0000211","propLabel":"target type","propAbbrev":"bao:BAO_0000211","valueURI":"http://www.drugtargetontology.org/dto/DTO_03300102","valueLabel":"Protein kinase","valueAbbrev":"dto:DTO_03300102","valueDescr":"","groupNest":["http://rdf.pistoia.com/bae#PA_000044"],"groupLabel":["Target Information"],"valueHier":["http://www.drugtargetontology.org/dto/DTO_03300101","http://www.drugtargetontology.org/dto/DTO_00100000"],"labelHier":["Kinase","Protein"]},{"propURI":"http://rdf.pistoia.com/bae#PA_000023","propLabel":"curation project","propAbbrev":"http://rdf.pistoia.com/bae#PA_000023","valueURI":"http://www.bioassayexpress.org/bae#0000386","valueLabel":"DataFAIRy Bioassay Phase 1","valueAbbrev":"bae:0000386","valueDescr":"First Pistoia Alliance DataFAIRYy curation project following pilot phase.","groupNest":["http://rdf.pistoia.com/bae#PA_000041"],"groupLabel":["General Information"],"valueHier":["http://www.bioassayexpress.org/bae#0000385","http://rdf.pistoia.com/bae#PA_000027"],"labelHier":["DataFAIRy Curation Project","curation project"]},{"propURI":"http://www.bioassayontology.org/bao#BAO_0002854","propLabel":"bioassay type","propAbbrev":"bao:BAO_0002854","valueURI":"http://www.bioassayontology.org/bao#BAO_0000041","valueLabel":"binding type","valueAbbrev":"bao:BAO_0000041","valueDescr":"Binding assays are performed to understand the interaction between two molecules, e.g. perturbagen-protein, protein-protein, protein-DNA, etc.","groupNest":["http://rdf.pistoia.com/bae#PA_000042"],"groupLabel":["Assay Method"],"valueHier":["http://www.bioassayontology.org/bao#BAO_0000008"],"labelHier":["bioassay type"]},{"propURI":"http://www.bioassayontology.org/bao#BAO_0002855","propLabel":"bioassay","propAbbrev":"bao:BAO_0002855","valueURI":"http://www.bioassayontology.org/bao#BAO_0000110","valueLabel":"protein-small molecule interaction assay","valueAbbrev":"bao:BAO_0000110","valueDescr":"It is an interaction between a protein (e.g., receptor, transcription factor) and small molecule (e.g., hormone, organic compound with a low molecular weight (<800 Da)).","groupNest":["http://rdf.pistoia.com/bae#PA_000042"],"groupLabel":["Assay Method"],"valueHier":["http://www.bioassayontology.org/bao#BAO_0002989","http://www.bioassayontology.org/bao#BAO_0000015"],"labelHier":["binding assay","bioassay"]},{"propURI":"http://www.bioassayontology.org/bao#BAO_0002663","propLabel":"assay kit","propAbbrev":"bao:BAO_0002663","valueURI":"http://www.bioassayontology.org/bao#BAO_0003109","valueLabel":"KINOMEscan kit","valueAbbrev":"bao:BAO_0003109","valueDescr":"","groupNest":["http://rdf.pistoia.com/bae#PA_000042"],"groupLabel":["Assay Method"],"valueHier":["http://www.bioassayontology.org/bao#BAO_0000248"],"labelHier":["assay kit"]},{"propURI":"http://www.bioassayontology.org/bao#BAO_0002855","propLabel":"bioassay","propAbbrev":"bao:BAO_0002855","valueURI":"http://www.bioassayontology.org/bao#BAO_0003011","valueLabel":"KINOMEScan assay","valueAbbrev":"bao:BAO_0003011","valueDescr":"","groupNest":["http://rdf.pistoia.com/bae#PA_000042"],"groupLabel":["Assay Method"],"valueHier":["http://www.bioassayontology.org/bao#BAO_0002989","http://www.bioassayontology.org/bao#BAO_0000015"],"labelHier":["binding assay","bioassay"]}],"annotsRemoved":[],"labelsAdded":[{"propURI":"http://www.bioassayontology.org/bao#BAO_0002846","valueLabel":"https://www.discoverx.com/kinase-data-sheets/aurkc","propAbbrev":"bao:BAO_0002846","groupNest":["http://rdf.pistoia.com/bae#PA_000041"],"propLabel":"assay protocol / source document","groupLabel":["General Information"]},{"propURI":"http://rdf.pistoia.com/bae#PA_000022","valueLabel":"10","propAbbrev":"http://rdf.pistoia.com/bae#PA_000022","groupNest":["http://rdf.pistoia.com/bae#PA_000042"],"propLabel":"perturbagen min concentration","groupLabel":["Assay Method"]},{"propURI":"http://rdf.pistoia.com/bae#PA_000002","valueLabel":"molcon2mc@gmail.com","propAbbrev":"http://rdf.pistoia.com/bae#PA_000002","groupNest":["http://rdf.pistoia.com/bae#PA_000041"],"propLabel":"curated by (e-mail)","groupLabel":["General Information"]},{"propURI":"http://www.bioassayontology.org/bao#BAO_0002083","valueLabel":"2022-10-18","propAbbrev":"bao:BAO_0002083","groupNest":["http://rdf.pistoia.com/bae#PA_000041"],"propLabel":"curation date","groupLabel":["General Information"]},{"propURI":"http://www.bioassayontology.org/bao#BAO_0000207","valueLabel":"Quantitative PCR","propAbbrev":"bao:BAO_0000207","groupNest":["http://rdf.pistoia.com/bae#PA_000043"],"propLabel":"physical detection method","groupLabel":["Detection Details"]},{"propURI":"http://www.bioassayontology.org/bao#BAO_0002853","valueLabel":"KINOMEscan® AURKC","propAbbrev":"bao:BAO_0002853","groupNest":["http://rdf.pistoia.com/bae#PA_000041"],"propLabel":"assay title","groupLabel":["General Information"]}],"labelsRemoved":[]},{"curationTime":1666812916053,"curatorID":"google:116472989631108409155","curatorName":"","curatorEmail":"molcon2mc@gmail.com","annotsAdded":[{"propURI":"http://www.bioassayontology.org/bao#BAO_0000207","propLabel":"physical detection method","propAbbrev":"bao:BAO_0000207","valueURI":"http://www.bioassayexpress.org/bae#0000387","valueLabel":"quantitative PCR","valueAbbrev":"bae:0000387","valueDescr":"","groupNest":["http://rdf.pistoia.com/bae#PA_000043"],"groupLabel":["Detection Details"],"valueHier":["http://www.bioassayontology.org/bao#BAO_0000035"],"labelHier":["physical detection method"]}],"annotsRemoved":[{"propURI":"http://www.bioassayontology.org/bao#BAO_0000196","propLabel":"assay mode of action","propAbbrev":"bao:BAO_0000196","valueURI":"http://www.bioassayontology.org/bao#BAO_0000091","valueLabel":"inhibition","valueAbbrev":"bao:BAO_0000091","valueDescr":"Reduction of a predefined stimulus. Unit of Measure is always % when normalized to the dynamic range of the assay.","groupNest":["http://rdf.pistoia.com/bae#PA_000042"],"groupLabel":["Assay Method"],"valueHier":["http://www.bioassayontology.org/bao#BAO_0000084","http://www.bioassayontology.org/bao#BAO_0000074"],"labelHier":["ligand function mode of action","mode of action"]}],"labelsAdded":[],"labelsRemoved":[{"propURI":"http://www.bioassayontology.org/bao#BAO_0000207","valueLabel":"Quantitative PCR","propAbbrev":"bao:BAO_0000207","groupNest":["http://rdf.pistoia.com/bae#PA_000043"],"propLabel":"physical detection method","groupLabel":["Detection Details"]}]}],"holdingIDList":[]}