{"assayID":9452,"uniqueID":"pubchemAID:1782690","text":"Cytotoxicity in African green monkey Vero cells assessed as reduction in cell viability measured after 5 days by resazurin dye based assay\n\nTitle: Phenoxazine nucleoside derivatives with a multiple activity against RNA and DNA viruses.\n\nAbstract: Emerging and re-emerging viruses periodically cause outbreaks and epidemics all over the world, eventually leading to global events such as the current pandemic of the novel SARS-CoV-2 coronavirus infection COVID-19. Therefore, an urgent need for novel antivirals is crystal clear. Here we present the synthesis and evaluation of an antiviral activity of phenoxazine-based nucleoside analogs divided into three groups: (1) 8-alkoxy-substituted, (2) acyclic, and (3) carbocyclic. The antiviral activity was assessed against a structurally and phylogenetically diverse panel of RNA and DNA viruses from 25 species. Four compounds (11a-c, 12c) inhibited 4 DNA/RNA viruses with EC50 ≤ 20 μM. Toxicity of the compounds for the cell lines used for virus cultivation was negligible in most cases. In addition, previously reported and newly synthesized phenoxazine derivatives were evaluated against SARS-CoV-2, and some of them showed promising inhibition of reproduction with EC50 values in low micromolar range, although accompanied by commensurate cytotoxicity.","schemaURI":"http://www.bioassayontology.org/pistoia#","annotations":[{"propURI":"http://www.bioassayontology.org/bao#BAO_0002852","propLabel":"assay source","propAbbrev":"bao:BAO_0002852","valueURI":"http://www.bioassayontology.org/bao#BAO_0000614","valueLabel":"ChEMBL","valueAbbrev":"bao:BAO_0000614","valueDescr":"It is a public database that contains structure","groupNest":["http://rdf.pistoia.com/bae#PA_000041"],"groupLabel":["General Information"],"valueHier":["http://www.bioassayontology.org/bao#BAO_0000612"],"labelHier":["assay repository"]},{"propURI":"http://rdf.pistoia.com/bae#PA_000004","propLabel":"curation status","propAbbrev":"http://rdf.pistoia.com/bae#PA_000004","valueURI":"http://www.bioassayexpress.org/bae#0000153","valueLabel":"Curated","valueAbbrev":"bae:0000153","valueDescr":"Initial curation by user","groupNest":["http://rdf.pistoia.com/bae#PA_000041"],"groupLabel":["General Information"],"valueHier":["http://rdf.pistoia.com/bae#PA_000032","http://rdf.pistoia.com/bae#PA_000005"],"labelHier":["bha curation status","curation status"]},{"propURI":"http://rdf.pistoia.com/bae#PA_000023","propLabel":"curation project","propAbbrev":"http://rdf.pistoia.com/bae#PA_000023","valueURI":"http://www.bioassayexpress.org/bae#0000386","valueLabel":"DataFAIRy Bioassay Phase 1","valueAbbrev":"bae:0000386","valueDescr":"First Pistoia Alliance DataFAIRYy curation project following pilot phase.","groupNest":["http://rdf.pistoia.com/bae#PA_000041"],"groupLabel":["General Information"],"valueHier":["http://www.bioassayexpress.org/bae#0000385","http://rdf.pistoia.com/bae#PA_000027"],"labelHier":["DataFAIRy Curation Project","curation project"]},{"propURI":"http://www.bioassayontology.org/bao#BAO_0002854","propLabel":"bioassay type","propAbbrev":"bao:BAO_0002854","valueURI":"http://www.bioassayexpress.org/bae#0000552","valueLabel":"Toxicity","valueAbbrev":"bae:0000552","valueDescr":"","groupNest":["http://rdf.pistoia.com/bae#PA_000042"],"groupLabel":["Assay Method"],"valueHier":["http://www.bioassayontology.org/bao#BAO_0000009","http://www.bioassayontology.org/bao#BAO_0000008"],"labelHier":["ADMET","bioassay type"]},{"propURI":"http://www.bioassayontology.org/bao#BAO_0002855","propLabel":"bioassay","propAbbrev":"bao:BAO_0002855","valueURI":"http://www.bioassayexpress.org/bae#0000786","valueLabel":"resazurin reduction assay","valueAbbrev":"bae:0000786","valueDescr":"For spectrophotometric measurement of metabolic activity of living cells. Absorbance of converted dye is measured at a wavelength of 600 nm. Bioreduction of the dye reduces the amount of its oxidized form (blue) and concomitantly increases the fluorescent intermediate (red).","groupNest":["http://rdf.pistoia.com/bae#PA_000042"],"groupLabel":["Assay Method"],"valueHier":["http://www.bioassayontology.org/bao#BAO_0003009","http://www.bioassayontology.org/bao#BAO_0000015"],"labelHier":["cell viability assay","bioassay"]},{"propURI":"http://www.bioassayontology.org/bao#BAO_0000205","propLabel":"assay format","propAbbrev":"bao:BAO_0000205","valueURI":"http://www.bioassayontology.org/bao#BAO_0000219","valueLabel":"cell based format","valueAbbrev":"bao:BAO_0000219","valueDescr":"Involves the use of living cells of eukaryotic origin, derived from a multicellular organism, and is a heterogeneous assay type. Typically, this refers to permanent (immortal) cell lines, or primary cells, or some form of stem cells. This is distinct from a single-celled organism-based format (classically bacteria or yeast).","groupNest":["http://rdf.pistoia.com/bae#PA_000042"],"groupLabel":["Assay Method"],"valueHier":["http://www.bioassayontology.org/bao#BAO_0000019"],"labelHier":["assay format"]},{"propURI":"http://www.bioassayontology.org/bao#BAO_0002800","propLabel":"assay cell line","propAbbrev":"bao:BAO_0002800","valueURI":"http://purl.obolibrary.org/obo/CLO_0009524","valueLabel":"Vero cell","valueAbbrev":"obo:CLO_0009524","valueDescr":"The Vero cell line was initiated from the kidney of a normal adult African green monkey on March 27, 1962, by Y. Yasumura and Y. Kawakita at the Chiba University in Chiba, Japan.","groupNest":["http://rdf.pistoia.com/bae#PA_000042"],"groupLabel":["Assay Method"],"altLabels":["Vero"],"valueHier":["http://purl.obolibrary.org/obo/CLO_0000019","http://purl.obolibrary.org/obo/CLO_0000001"],"labelHier":["immortal cell line cell","cell line cell"]},{"propURI":"http://www.bioassayontology.org/bao#BAO_0002922","propLabel":"assay medium","propAbbrev":"bao:BAO_0002922","valueURI":"http://www.bioassayontology.org/bat#Unknown","valueLabel":"unknown","valueAbbrev":"bat:Unknown","valueDescr":"There should be a term assigned to this property but the value was not specified in the source information.","groupNest":["http://rdf.pistoia.com/bae#PA_000042"],"groupLabel":["Assay Method"],"valueHier":[],"labelHier":[]},{"propURI":"http://www.bioassayontology.org/bao#BAO_0095009","propLabel":"assay design method","propAbbrev":"bao:BAO_0095009","valueURI":"http://www.bioassayexpress.org/bae#0000374","valueLabel":"cellular metabolic activity determination","valueAbbrev":"bae:0000374","valueDescr":"measure of cellular metabolic activity as an indicator of cell viability, proliferation and cytotoxicity","groupNest":["http://rdf.pistoia.com/bae#PA_000042"],"groupLabel":["Assay Method"],"valueHier":["http://www.bioassayontology.org/bao#BAO_0000127","http://www.bioassayontology.org/bao#BAO_0002202"],"labelHier":["viability measurement method","assay design method"]},{"propURI":"http://www.bioassayontology.org/bao#BAO_0000185","propLabel":"perturbagen type","propAbbrev":"bao:BAO_0000185","valueURI":"http://www.bioassayontology.org/bao#BAO_0000176","valueLabel":"small molecule","valueAbbrev":"bao:BAO_0000176","valueDescr":"Small molecule is an organic compound with a low molecular weight (<800 Da) which is used to screen against a biological target, e.g. protein, nucleic acid, cell or organism  to test its ability to bind it and bring about a change in activity. It is either isolated from a natural source or is synthesized.","groupNest":["http://rdf.pistoia.com/bae#PA_000042"],"groupLabel":["Assay Method"],"valueHier":["http://www.bioassayontology.org/bao#BAO_0000076","http://www.bioassayontology.org/bao#BAO_0003120"],"labelHier":["screened entity","assay screened entity component"]},{"propURI":"http://www.bioassayontology.org/bao#BAO_0002668","propLabel":"incubation time unit","propAbbrev":"bao:BAO_0002668","valueURI":"http://purl.obolibrary.org/obo/UO_0000033","valueLabel":"day","valueAbbrev":"obo:UO_0000033","valueDescr":"A time unit which is equal to 24 hours.","groupNest":["http://rdf.pistoia.com/bae#PA_000042"],"groupLabel":["Assay Method"],"valueHier":["http://purl.obolibrary.org/obo/UO_0000003"],"labelHier":["time unit"]},{"propURI":"http://www.bioassayontology.org/bao#BAO_0000196","propLabel":"assay mode of action","propAbbrev":"bao:BAO_0000196","valueURI":"http://www.bioassayontology.org/bao#BAO_0000090","valueLabel":"cytotoxicity","valueAbbrev":"bao:BAO_0000090","valueDescr":"It is the toxic or cell-death inducing property of a perturbagen. Known cytotoxic agents mediate cell death commonly by necrosis, apoptosis, or autophagy. Cytotoxicity can be detected by measuring various aspects of the death process: e.g. membrane permeability, ATP concentration, DNA fragmentation, etc.","groupNest":["http://rdf.pistoia.com/bae#PA_000042"],"groupLabel":["Assay Method"],"valueHier":["http://www.bioassayontology.org/bao#BAO_0080004","http://www.bioassayontology.org/bao#BAO_0000074"],"labelHier":["phenotypic mode of action","mode of action"]},{"propURI":"http://rdf.pistoia.com/bae#PA_000008","propLabel":"detection agent","propAbbrev":"http://rdf.pistoia.com/bae#PA_000008","valueURI":"http://www.bioassayexpress.org/bae#0000248","valueLabel":"resazurin","valueAbbrev":"bae:0000248","valueDescr":"","groupNest":["http://rdf.pistoia.com/bae#PA_000042"],"groupLabel":["Assay Method"],"valueHier":["http://www.bioassayontology.org/bao#BAO_0003043"],"labelHier":["molecular entity"]},{"propURI":"http://www.bioassayontology.org/bao#BAO_0000208","propLabel":"endpoint","propAbbrev":"bao:BAO_0000208","valueURI":"http://www.bioassayontology.org/bao#BAO_0000187","valueLabel":"CC50","valueAbbrev":"bao:BAO_0000187","valueDescr":"The effective concentration of a cytotoxic compound, which produces 50% of the maximum possible cell death for that compound.  Although the cytotoxic compound induces cell death, we define CC50 as subclass of IC50, because critical cellular processes are inhibited and CC50 is often used as a more specific description of IC50 for cell toxicity assays.\nCompound cytotoxicity is an important parameter to measure when developing potential human therapeutics. Cytotoxicity can be determined for example as a measure of radioisotope (3H thymidine or 51Cr) release, lactate dehydrogenase release from damaged cells, tetrazolium salt and alamar blue reduction, fluorescent dyes that selectively stain live or dead cells,  or decrease in ATP content. ATP levels are detected using a luminescence based assay kit such as CellTiter-Glo (Promega). ATP values higher than controls (untreated cells) indicate proliferation and cultures with ATP concentrations lower than controls indicate cytotoxicity.\n","groupNest":["http://rdf.pistoia.com/bae#PA_000042"],"groupLabel":["Assay Method"],"valueHier":["http://www.bioassayontology.org/bao#BAO_0002162","http://www.bioassayontology.org/bao#BAO_0000180","http://www.bioassayontology.org/bao#BAO_0000179"],"labelHier":["concentration response endpoint","concentration endpoint","endpoint"]},{"propURI":"http://www.bioassayontology.org/bao#BAO_0000208","propLabel":"endpoint","propAbbrev":"bao:BAO_0000208","valueURI":"http://www.bioassayontology.org/bao#BAO_0080024","valueLabel":"binary endpoint","valueAbbrev":"bao:BAO_0080024","valueDescr":"Any result reported as a simple binary assessment, such as 'active/ inactive', 'true/ false', etc.","groupNest":["http://rdf.pistoia.com/bae#PA_000042"],"groupLabel":["Assay Method"],"valueHier":["http://www.bioassayontology.org/bao#BAO_0000179"],"labelHier":["endpoint"]},{"propURI":"http://rdf.pistoia.com/bae#PA_000052","propLabel":"assay screening campaign stage","propAbbrev":"http://rdf.pistoia.com/bae#PA_000052","valueURI":"http://www.bioassayontology.org/bao#BAO_0000030","valueLabel":"confirmatory assay","valueAbbrev":"bao:BAO_0000030","valueDescr":"Assay performed to confirm activity of compounds identified in the primary screen.  It can be performed as replicate measurements at a single screening concentration or as concentration-response assay.","groupNest":["http://rdf.pistoia.com/bae#PA_000042"],"groupLabel":["Assay Method"],"valueHier":["http://www.bioassayontology.org/bao#BAO_0000029"],"labelHier":["assay screening campaign stage"]},{"propURI":"http://rdf.pistoia.com/bae#PA_000052","propLabel":"assay screening campaign stage","propAbbrev":"http://rdf.pistoia.com/bae#PA_000052","valueURI":"http://www.bioassayontology.org/bao#BAO_0000623","valueLabel":"compound toxicity assay","valueAbbrev":"bao:BAO_0000623","valueDescr":"This assay is performed to identify compounds that have an ability to kill the cells (cytotoxic).","groupNest":["http://rdf.pistoia.com/bae#PA_000042"],"groupLabel":["Assay Method"],"valueHier":["http://www.bioassayontology.org/bao#BAO_0000803","http://www.bioassayontology.org/bao#BAO_0000032","http://www.bioassayontology.org/bao#BAO_0000029"],"labelHier":["counter screening assay","secondary assay","assay screening campaign stage"]},{"propURI":"http://www.bioassayontology.org/bao#BAO_0000207","propLabel":"physical detection method","propAbbrev":"bao:BAO_0000207","valueURI":"http://www.bioassayontology.org/bao#BAO_0000046","valueLabel":"fluorescence method","valueAbbrev":"bao:BAO_0000046","valueDescr":"Detection techniques that use the principles of fluorescence, whereby incident light excites a fluorophore which then emits light at lower energy (higher wavelength). The emitted light is typically from the visible portion of the UV-Visible spectrum.","groupNest":["http://rdf.pistoia.com/bae#PA_000043"],"groupLabel":["Detection Details"],"valueHier":["http://www.bioassayontology.org/bao#BAO_0000035"],"labelHier":["physical detection method"]},{"propURI":"http://www.bioassayontology.org/bao#BAO_0002865","propLabel":"detection instrument","propAbbrev":"bao:BAO_0002865","valueURI":"http://www.bioassayontology.org/bat#Unknown","valueLabel":"unknown","valueAbbrev":"bat:Unknown","valueDescr":"There should be a term assigned to this property but the value was not specified in the source information.","groupNest":["http://rdf.pistoia.com/bae#PA_000043"],"groupLabel":["Detection Details"],"valueHier":[],"labelHier":[]},{"propURI":"http://www.bioassayontology.org/bao#BAO_0002918","propLabel":"emission wavelength","propAbbrev":"bao:BAO_0002918","valueURI":"http://www.bioassayontology.org/bat#Unknown","valueLabel":"unknown","valueAbbrev":"bat:Unknown","valueDescr":"There should be a term assigned to this property but the value was not specified in the source information.","groupNest":["http://rdf.pistoia.com/bae#PA_000043"],"groupLabel":["Detection Details"],"valueHier":[],"labelHier":[]},{"propURI":"http://www.bioassayontology.org/bao#BAO_0002919","propLabel":"excitation wavelength","propAbbrev":"bao:BAO_0002919","valueURI":"http://www.bioassayontology.org/bat#Unknown","valueLabel":"unknown","valueAbbrev":"bat:Unknown","valueDescr":"There should be a term assigned to this property but the value was not specified in the source information.","groupNest":["http://rdf.pistoia.com/bae#PA_000043"],"groupLabel":["Detection Details"],"valueHier":[],"labelHier":[]},{"propURI":"http://www.bioassayontology.org/bao#BAO_0002857","propLabel":"signal direction","propAbbrev":"bao:BAO_0002857","valueURI":"http://www.bioassayontology.org/bao#BAO_0080025","valueLabel":"signal decrease","valueAbbrev":"bao:BAO_0080025","valueDescr":"","groupNest":["http://rdf.pistoia.com/bae#PA_000043"],"groupLabel":["Detection Details"],"valueHier":["http://www.bioassayontology.org/bao#BAO_0000519"],"labelHier":["signal direction"]},{"propURI":"http://www.bioassayontology.org/bao#BAO_0000211","propLabel":"target type","propAbbrev":"bao:BAO_0000211","valueURI":"http://purl.obolibrary.org/obo/CLO_0000031","valueLabel":"cell line","valueAbbrev":"obo:CLO_0000031","valueDescr":"A cultured cell population that represents a genetically stable and homogenous population of cultured cells that shares a common propagation history (i.e. has been successively passaged together in culture). ","groupNest":["http://rdf.pistoia.com/bae#PA_000044"],"groupLabel":["Target Information"],"altLabels":["细胞系"],"valueHier":["http://www.bioassayontology.org/bao#BAO_0003114"],"labelHier":["assay biology component"]},{"propURI":"http://www.bioassayontology.org/bao#BAO_0002921","propLabel":"target organism","propAbbrev":"bao:BAO_0002921","valueURI":"http://www.bioassayontology.org/bao#BAO_0002639","valueLabel":"Chlorocebus aethiops","valueAbbrev":"bao:BAO_0002639","valueDescr":"","groupNest":["http://rdf.pistoia.com/bae#PA_000044"],"groupLabel":["Target Information"],"valueHier":["http://www.bioassayontology.org/bao#BAO_0000362","http://www.bioassayontology.org/bao#BAO_0000510","http://www.bioassayontology.org/bao#BAO_0000659","http://www.bioassayontology.org/bao#BAO_0000509","http://www.bioassayontology.org/bao#BAO_0000658","http://www.bioassayontology.org/bao#BAO_0000551"],"labelHier":["mammalian","vertebrate","metazoa","eukaryote","cellular organisms","organism"]},{"propURI":"http://rdf.pistoia.com/bae#PA_000001","valueLabel":"1.1","propAbbrev":"http://rdf.pistoia.com/bae#PA_000001","groupNest":["http://rdf.pistoia.com/bae#PA_000041"],"propLabel":"assay protocol version","groupLabel":["General Information"]},{"propURI":"http://www.bioassayontology.org/bao#BAO_0002825","valueLabel":"2022-08-30","propAbbrev":"bao:BAO_0002825","groupNest":["http://rdf.pistoia.com/bae#PA_000041"],"propLabel":"assay deposition date","groupLabel":["General Information"]},{"propURI":"http://rdf.pistoia.com/bae#PA_000002","valueLabel":"molcon1mc@gmail.com","propAbbrev":"http://rdf.pistoia.com/bae#PA_000002","groupNest":["http://rdf.pistoia.com/bae#PA_000041"],"propLabel":"curated by (e-mail)","groupLabel":["General Information"]},{"propURI":"http://www.bioassayontology.org/bao#BAO_0002083","valueLabel":"2022-11-11","propAbbrev":"bao:BAO_0002083","groupNest":["http://rdf.pistoia.com/bae#PA_000041"],"propLabel":"curation date","groupLabel":["General Information"]},{"propURI":"http://www.bioassayontology.org/bao#BAO_0002853","valueLabel":"Cytotoxicity in African green monkey Vero cells assessed as reduction in cell viability measured after 5 days by resazurin dye based assay","propAbbrev":"bao:BAO_0002853","groupNest":["http://rdf.pistoia.com/bae#PA_000041"],"propLabel":"assay title","groupLabel":["General Information"]},{"propURI":"http://www.bioassayontology.org/bao#BAO_0001095","valueLabel":"CHEMBL4842458","propAbbrev":"bao:BAO_0001095","groupNest":["http://rdf.pistoia.com/bae#PA_000041"],"propLabel":"external assay ID","groupLabel":["General Information"]},{"propURI":"http://www.bioassayontology.org/bao#BAO_0002846","valueLabel":"https://pubchem.ncbi.nlm.nih.gov/bioassay/1782690","propAbbrev":"bao:BAO_0002846","groupNest":["http://rdf.pistoia.com/bae#PA_000041"],"propLabel":"assay protocol / source document","groupLabel":["General Information"]},{"propURI":"http://www.bioassayontology.org/bao#BAO_0002846","valueLabel":"https://pubmed.ncbi.nlm.nih.gov/33894564/","propAbbrev":"bao:BAO_0002846","groupNest":["http://rdf.pistoia.com/bae#PA_000041"],"propLabel":"assay protocol / source document","groupLabel":["General Information"]},{"propURI":"http://www.bioassayontology.org/bao#BAO_0002837","valueLabel":"5","propAbbrev":"bao:BAO_0002837","groupNest":["http://rdf.pistoia.com/bae#PA_000042"],"propLabel":"incubation time","groupLabel":["Assay Method"]}],"pubchemXRef":[],"curationTime":1672325479458,"curatorID":"google:116472989631108409155","curatorName":"","curatorEmail":"molcon2mc@gmail.com","history":[{"curationTime":1668175148550,"curatorID":"google:110844873201058095427","curatorName":"","curatorEmail":"molcon1mc@gmail.com","uniqueIDPatch":"@@ -1,18 +0,0 @@\n-pubchemAID:1783031\n","annotsAdded":[{"propURI":"http://rdf.pistoia.com/bae#PA_000004","propLabel":"curation status","propAbbrev":"http://rdf.pistoia.com/bae#PA_000004","valueURI":"http://www.bioassayexpress.org/bae#0000153","valueLabel":"Curated","valueAbbrev":"bae:0000153","valueDescr":"Initial curation by user","groupNest":["http://rdf.pistoia.com/bae#PA_000041"],"groupLabel":["General Information"],"valueHier":["http://rdf.pistoia.com/bae#PA_000032","http://rdf.pistoia.com/bae#PA_000005"],"labelHier":["bha curation status","curation status"]},{"propURI":"http://rdf.pistoia.com/bae#PA_000025","propLabel":"perturbagen max concentration units","propAbbrev":"http://rdf.pistoia.com/bae#PA_000025","valueURI":"http://purl.obolibrary.org/obo/UO_0000064","valueLabel":"micromolar","valueAbbrev":"obo:UO_0000064","valueDescr":"A unit of molarity which is equal to one millionth of a molar or 10^[-6] M.","groupNest":["http://rdf.pistoia.com/bae#PA_000042"],"groupLabel":["Assay Method"],"valueHier":["http://purl.obolibrary.org/obo/UO_0000061","http://purl.obolibrary.org/obo/UO_0000051","http://purl.obolibrary.org/obo/UO_0000000"],"labelHier":["unit of molarity","concentration unit","unit"]},{"propURI":"http://www.bioassayontology.org/bao#BAO_0000185","propLabel":"perturbagen type","propAbbrev":"bao:BAO_0000185","valueURI":"http://www.bioassayontology.org/bao#BAO_0000176","valueLabel":"small molecule","valueAbbrev":"bao:BAO_0000176","valueDescr":"Small molecule is an organic compound with a low molecular weight (<800 Da) which is used to screen against a biological target, e.g. protein, nucleic acid, cell or organism  to test its ability to bind it and bring about a change in activity. It is either isolated from a natural source or is synthesized.","groupNest":["http://rdf.pistoia.com/bae#PA_000042"],"groupLabel":["Assay Method"],"valueHier":["http://www.bioassayontology.org/bao#BAO_0000076","http://www.bioassayontology.org/bao#BAO_0003120"],"labelHier":["screened entity","assay screened entity component"]},{"propURI":"http://rdf.pistoia.com/bae#PA_000033","propLabel":"target protein name","propAbbrev":"http://rdf.pistoia.com/bae#PA_000033","valueURI":"http://purl.obolibrary.org/obo/PR_Q14432","valueLabel":"cGMP-inhibited 3',5'-cyclic phosphodiesterase A (human)","valueAbbrev":"obo:PR_Q14432","valueDescr":"A cGMP-inhibited 3',5'-cyclic phosphodiesterase A that is encoded in the genome of human.","groupNest":["http://rdf.pistoia.com/bae#PA_000044"],"groupLabel":["Target Information"],"altLabels":["CGI-PDE A (human)","hPDE3A","cyclic GMP-inhibited phosphodiesterase A (human)"],"valueHier":["http://purl.obolibrary.org/obo/PR_000012470","http://purl.obolibrary.org/obo/PR_000000001"],"labelHier":["cGMP-inhibited 3',5'-cyclic phosphodiesterase A","protein"]},{"propURI":"http://www.bioassayontology.org/bao#BAO_0002852","propLabel":"assay source","propAbbrev":"bao:BAO_0002852","valueURI":"http://www.bioassayontology.org/bao#BAO_0000614","valueLabel":"ChEMBL","valueAbbrev":"bao:BAO_0000614","valueDescr":"It is a public database that contains structure","groupNest":["http://rdf.pistoia.com/bae#PA_000041"],"groupLabel":["General Information"],"valueHier":["http://www.bioassayontology.org/bao#BAO_0000612"],"labelHier":["assay repository"]},{"propURI":"http://www.bioassayontology.org/bao#BAO_0000208","propLabel":"endpoint","propAbbrev":"bao:BAO_0000208","valueURI":"http://www.bioassayontology.org/bao#BAO_0000201","valueLabel":"percent inhibition","valueAbbrev":"bao:BAO_0000201","valueDescr":"Percent decrease of a measureable response as a consequence of compound treatment.  Unit of Measure is always % when normalized to the dynamic range of the assay. Percent inhibition is expressed relative to a positive control (which results in total inhibition).","groupNest":["http://rdf.pistoia.com/bae#PA_000042"],"groupLabel":["Assay Method"],"valueHier":["http://www.bioassayontology.org/bao#BAO_0000082","http://www.bioassayontology.org/bao#BAO_0000181","http://www.bioassayontology.org/bao#BAO_0000179"],"labelHier":["percent response","response endpoint","endpoint"]},{"propURI":"http://www.bioassayontology.org/bao#BAO_0000196","propLabel":"assay mode of action","propAbbrev":"bao:BAO_0000196","valueURI":"http://www.bioassayontology.org/bao#BAO_0000091","valueLabel":"inhibition","valueAbbrev":"bao:BAO_0000091","valueDescr":"Reduction of a predefined stimulus. Unit of Measure is always % when normalized to the dynamic range of the assay.","groupNest":["http://rdf.pistoia.com/bae#PA_000042"],"groupLabel":["Assay Method"],"valueHier":["http://www.bioassayontology.org/bao#BAO_0000084","http://www.bioassayontology.org/bao#BAO_0000074"],"labelHier":["ligand function mode of action","mode of action"]},{"propURI":"http://www.bioassayontology.org/bao#BAO_0002855","propLabel":"bioassay","propAbbrev":"bao:BAO_0002855","valueURI":"http://www.bioassayontology.org/bao#BAO_0002994","valueLabel":"enzyme activity assay","valueAbbrev":"bao:BAO_0002994","valueDescr":"It is used to measure the effect of a perturbagen on the enzyme activity, which can be measured either directly or coupled to a secondary signal. ","groupNest":["http://rdf.pistoia.com/bae#PA_000042"],"groupLabel":["Assay Method"],"valueHier":["http://www.bioassayontology.org/bao#BAO_0000015"],"labelHier":["bioassay"]},{"propURI":"http://www.bioassayontology.org/bao#BAO_0000205","propLabel":"assay format","propAbbrev":"bao:BAO_0000205","valueURI":"http://www.bioassayontology.org/bao#BAO_0000357","valueLabel":"single protein format","valueAbbrev":"bao:BAO_0000357","valueDescr":"one protein sequence","groupNest":["http://rdf.pistoia.com/bae#PA_000042"],"groupLabel":["Assay Method"],"valueHier":["http://www.bioassayontology.org/bao#BAO_0000224","http://www.bioassayontology.org/bao#BAO_0000217","http://www.bioassayontology.org/bao#BAO_0000019"],"labelHier":["protein format","biochemical format","assay format"]},{"propURI":"http://www.bioassayontology.org/bao#BAX_0000012","propLabel":"NCBI  protein identity","propAbbrev":"bao:BAX_0000012","valueURI":"http://www.bioassayontology.org/protein#47117888","valueLabel":"cGMP-inhibited 3',5'-cyclic phosphodiesterase A","valueAbbrev":"protein:47117888","valueDescr":"Protein: cGMP-inhibited 3',5'-cyclic phosphodiesterase A, Organism: Homo sapiens","groupNest":["http://rdf.pistoia.com/bae#PA_000044"],"groupLabel":["Target Information"],"externalURLs":["https://www.ncbi.nlm.nih.gov/protein/47117888"],"valueHier":["http://www.bioassayontology.org/taxon#9606","http://www.bioassayontology.org/taxon#9605","http://www.bioassayontology.org/taxon#314295","http://www.bioassayontology.org/taxon#9526","http://www.bioassayontology.org/taxon#9443","http://www.bioassayontology.org/taxon#314146","http://www.bioassayontology.org/taxon#40674","http://www.bioassayontology.org/taxon#32524","http://www.bioassayontology.org/taxon#8287","http://www.bioassayontology.org/taxon#117570","http://www.bioassayontology.org/taxon#7711","http://www.bioassayontology.org/taxon#33511","http://www.bioassayontology.org/taxon#33213","http://www.bioassayontology.org/taxon#33208","http://www.bioassayontology.org/taxon#33154","http://www.bioassayontology.org/taxon#2759","http://www.bioassayontology.org/taxon#131567","http://www.bioassayontology.org/taxon#Root"],"labelHier":["Homo sapiens","Homo","Hominoidea / Hominidae / Homininae","Catarrhini","Primates / Haplorrhini / Simiiformes","Euarchontoglires","Mammalia / Theria / Eutheria / Boreoeutheria","Amniota","Sarcopterygii / Dipnotetrapodomorpha / Tetrapoda","Teleostomi / Euteleostomi","Chordata / Craniata / Vertebrata / Gnathostomata","Deuterostomia","Bilateria","Metazoa / Eumetazoa","Opisthokonta","Eukaryota","cellular organisms","Faux ProteinID"]},{"propURI":"http://www.bioassayontology.org/bao#BAO_0095009","propLabel":"assay design method","propAbbrev":"bao:BAO_0095009","valueURI":"http://www.bioassayontology.org/bao#BAO_0000124","valueLabel":"enzyme activity measurement method","valueAbbrev":"bao:BAO_0000124","valueDescr":"It describes the different methods by which an enzyme activity can be measured and the ways it is expressed. This can be measured either directly or coupled to a secondary signal.","groupNest":["http://rdf.pistoia.com/bae#PA_000042"],"groupLabel":["Assay Method"],"valueHier":["http://www.bioassayontology.org/bao#BAO_0002202"],"labelHier":["assay design method"]},{"propURI":"http://www.bioassayontology.org/bao#BAX_0000011","propLabel":"NCBI gene identity","propAbbrev":"bao:BAX_0000011","valueURI":"http://www.bioassayontology.org/geneid#5139","valueLabel":"PDE3A: phosphodiesterase 3A","valueAbbrev":"geneid:5139","valueDescr":"","groupNest":["http://rdf.pistoia.com/bae#PA_000044"],"groupLabel":["Target Information"],"altLabels":["CGI-PDE , CGI-PDE A , CGI-PDE-A , HTNB"],"externalURLs":["https://www.ncbi.nlm.nih.gov/gene/5139"],"valueHier":["http://www.bioassayontology.org/geneid#Homo_sapiens","http://www.bioassayontology.org/geneid#Mammalia","http://www.bioassayontology.org/geneid#Root"],"labelHier":["Homo sapiens","Mammalia","Faux GeneID"]},{"propURI":"http://www.bioassayontology.org/bao#BAO_0002854","propLabel":"bioassay type","propAbbrev":"bao:BAO_0002854","valueURI":"http://www.bioassayontology.org/bao#BAO_0000010","valueLabel":"functional","valueAbbrev":"bao:BAO_0000010","valueDescr":"An assay where the measured signal corresponds to a complex response such as cell survival, proliferation, localization of a protein, nuclear translocation etc. The molecular target is not assumed.","groupNest":["http://rdf.pistoia.com/bae#PA_000042"],"groupLabel":["Assay Method"],"valueHier":["http://www.bioassayontology.org/bao#BAO_0000008"],"labelHier":["bioassay type"]},{"propURI":"http://www.bioassayontology.org/bao#BAO_0002921","propLabel":"target organism","propAbbrev":"bao:BAO_0002921","valueURI":"http://purl.obolibrary.org/obo/NCBITaxon_9606","valueLabel":"Homo sapiens","valueAbbrev":"obo:NCBITaxon_9606","valueDescr":"","groupNest":["http://rdf.pistoia.com/bae#PA_000044"],"groupLabel":["Target Information"],"altLabels":["Homo spiens","Homo sapience","Homo sapien","human","Homo spaiens","Homo sapians","man","Humo sapiens","Home sapiens","Homo sapiense","Homo sampiens","Homo sapeins","Homo sapines","Homo sapian","Homo sapients"],"valueHier":["http://www.bioassayontology.org/bao#BAO_0000362","http://www.bioassayontology.org/bao#BAO_0000510","http://www.bioassayontology.org/bao#BAO_0000659","http://www.bioassayontology.org/bao#BAO_0000509","http://www.bioassayontology.org/bao#BAO_0000658","http://www.bioassayontology.org/bao#BAO_0000551"],"labelHier":["mammalian","vertebrate","metazoa","eukaryote","cellular organisms","organism"]},{"propURI":"http://rdf.pistoia.com/bae#PA_000023","propLabel":"curation project","propAbbrev":"http://rdf.pistoia.com/bae#PA_000023","valueURI":"http://www.bioassayexpress.org/bae#0000386","valueLabel":"DataFAIRy Bioassay Phase 1","valueAbbrev":"bae:0000386","valueDescr":"First Pistoia Alliance DataFAIRYy curation project following pilot phase.","groupNest":["http://rdf.pistoia.com/bae#PA_000041"],"groupLabel":["General Information"],"valueHier":["http://www.bioassayexpress.org/bae#0000385","http://rdf.pistoia.com/bae#PA_000027"],"labelHier":["DataFAIRy Curation Project","curation project"]},{"propURI":"http://www.bioassayontology.org/bao#BAO_0002863","propLabel":"concentration throughput","propAbbrev":"bao:BAO_0002863","valueURI":"http://www.bioassayontology.org/bao#BAO_0000536","valueLabel":"single concentration","valueAbbrev":"bao:BAO_0000536","valueDescr":"Multiple measurements (typically three) are preformed at a single concentration. This is often used as a mode of confirmatory screening following a primary screen.","groupNest":["http://rdf.pistoia.com/bae#PA_000042"],"groupLabel":["Assay Method"],"valueHier":["http://www.bioassayontology.org/bao#BAO_0002177"],"labelHier":["concentration throughput"]}],"annotsRemoved":[],"labelsAdded":[{"propURI":"http://www.bioassayontology.org/bao#BAO_0000211","valueLabel":"phosphodiesterase","propAbbrev":"bao:BAO_0000211","groupNest":["http://rdf.pistoia.com/bae#PA_000044"],"propLabel":"target type","groupLabel":["Target Information"]},{"propURI":"http://rdf.pistoia.com/bae#PA_000002","valueLabel":"molcon1mc@gmail.com","propAbbrev":"http://rdf.pistoia.com/bae#PA_000002","groupNest":["http://rdf.pistoia.com/bae#PA_000041"],"propLabel":"curated by (e-mail)","groupLabel":["General Information"]},{"propURI":"http://www.bioassayontology.org/bao#BAO_0000539","valueLabel":"AID 1783024","propAbbrev":"bao:BAO_0000539","groupNest":["http://rdf.pistoia.com/bae#PA_000041"],"propLabel":"related assays","groupLabel":["General Information"]},{"propURI":"http://www.bioassayontology.org/bao#BAO_0000539","valueLabel":"AID 1783023","propAbbrev":"bao:BAO_0000539","groupNest":["http://rdf.pistoia.com/bae#PA_000041"],"propLabel":"related assays","groupLabel":["General Information"]},{"propURI":"http://www.bioassayontology.org/bao#BAO_0000539","valueLabel":"AID 1783026","propAbbrev":"bao:BAO_0000539","groupNest":["http://rdf.pistoia.com/bae#PA_000041"],"propLabel":"related assays","groupLabel":["General Information"]},{"propURI":"http://www.bioassayontology.org/bao#BAO_0000539","valueLabel":"AID 1783025","propAbbrev":"bao:BAO_0000539","groupNest":["http://rdf.pistoia.com/bae#PA_000041"],"propLabel":"related assays","groupLabel":["General Information"]},{"propURI":"http://www.bioassayontology.org/bao#BAO_0000539","valueLabel":"AID 1783028","propAbbrev":"bao:BAO_0000539","groupNest":["http://rdf.pistoia.com/bae#PA_000041"],"propLabel":"related assays","groupLabel":["General Information"]},{"propURI":"http://www.bioassayontology.org/bao#BAO_0002853","valueLabel":"Inhibition of PDE3A (unknown origin) at 10 uM relative to control","propAbbrev":"bao:BAO_0002853","groupNest":["http://rdf.pistoia.com/bae#PA_000041"],"propLabel":"assay title","groupLabel":["General Information"]},{"propURI":"http://www.bioassayontology.org/bao#BAO_0000539","valueLabel":"AID 1783027","propAbbrev":"bao:BAO_0000539","groupNest":["http://rdf.pistoia.com/bae#PA_000041"],"propLabel":"related assays","groupLabel":["General Information"]},{"propURI":"http://www.bioassayontology.org/bao#BAO_0000539","valueLabel":"AID 1783029","propAbbrev":"bao:BAO_0000539","groupNest":["http://rdf.pistoia.com/bae#PA_000041"],"propLabel":"related assays","groupLabel":["General Information"]},{"propURI":"http://www.bioassayontology.org/bao#BAO_0000539","valueLabel":"AID 1783040","propAbbrev":"bao:BAO_0000539","groupNest":["http://rdf.pistoia.com/bae#PA_000041"],"propLabel":"related assays","groupLabel":["General Information"]},{"propURI":"http://www.bioassayontology.org/bao#BAO_0001095","valueLabel":"PMID: 33992926","propAbbrev":"bao:BAO_0001095","groupNest":["http://rdf.pistoia.com/bae#PA_000041"],"propLabel":"external assay ID","groupLabel":["General Information"]},{"propURI":"http://www.bioassayontology.org/bao#BAO_0000539","valueLabel":"AID 1783042","propAbbrev":"bao:BAO_0000539","groupNest":["http://rdf.pistoia.com/bae#PA_000041"],"propLabel":"related assays","groupLabel":["General Information"]},{"propURI":"http://www.bioassayontology.org/bao#BAO_0000539","valueLabel":"AID 1783041","propAbbrev":"bao:BAO_0000539","groupNest":["http://rdf.pistoia.com/bae#PA_000041"],"propLabel":"related assays","groupLabel":["General Information"]},{"propURI":"http://www.bioassayontology.org/bao#BAO_0000539","valueLabel":"AID 1783043","propAbbrev":"bao:BAO_0000539","groupNest":["http://rdf.pistoia.com/bae#PA_000041"],"propLabel":"related assays","groupLabel":["General Information"]},{"propURI":"http://www.bioassayontology.org/bao#BAO_0002846","valueLabel":"https://www.ebi.ac.uk/chembl/assay_report_card/CHEMBL4842799/","propAbbrev":"bao:BAO_0002846","groupNest":["http://rdf.pistoia.com/bae#PA_000041"],"propLabel":"assay protocol / source document","groupLabel":["General Information"]},{"propURI":"http://www.bioassayontology.org/bao#BAO_0001095","valueLabel":"CHEMBL4842799","propAbbrev":"bao:BAO_0001095","groupNest":["http://rdf.pistoia.com/bae#PA_000041"],"propLabel":"external assay ID","groupLabel":["General Information"]},{"propURI":"http://www.bioassayontology.org/bao#BAO_0002825","valueLabel":"2022-08-30","propAbbrev":"bao:BAO_0002825","groupNest":["http://rdf.pistoia.com/bae#PA_000041"],"propLabel":"assay deposition date","groupLabel":["General Information"]},{"propURI":"http://www.bioassayontology.org/bao#BAO_0000539","valueLabel":"AID 1783035","propAbbrev":"bao:BAO_0000539","groupNest":["http://rdf.pistoia.com/bae#PA_000041"],"propLabel":"related assays","groupLabel":["General Information"]},{"propURI":"http://www.bioassayontology.org/bao#BAO_0000539","valueLabel":"AID 1783034","propAbbrev":"bao:BAO_0000539","groupNest":["http://rdf.pistoia.com/bae#PA_000041"],"propLabel":"related assays","groupLabel":["General Information"]},{"propURI":"http://www.bioassayontology.org/bao#BAO_0000539","valueLabel":"AID 1783037","propAbbrev":"bao:BAO_0000539","groupNest":["http://rdf.pistoia.com/bae#PA_000041"],"propLabel":"related assays","groupLabel":["General Information"]},{"propURI":"http://www.bioassayontology.org/bao#BAO_0000539","valueLabel":"AID 1783036","propAbbrev":"bao:BAO_0000539","groupNest":["http://rdf.pistoia.com/bae#PA_000041"],"propLabel":"related assays","groupLabel":["General Information"]},{"propURI":"http://rdf.pistoia.com/bae#PA_000024","valueLabel":"10","propAbbrev":"http://rdf.pistoia.com/bae#PA_000024","groupNest":["http://rdf.pistoia.com/bae#PA_000042"],"propLabel":"perturbagen max concentration","groupLabel":["Assay Method"]},{"propURI":"http://www.bioassayontology.org/bao#BAO_0000539","valueLabel":"AID 1783039","propAbbrev":"bao:BAO_0000539","groupNest":["http://rdf.pistoia.com/bae#PA_000041"],"propLabel":"related assays","groupLabel":["General Information"]},{"propURI":"http://www.bioassayontology.org/bao#BAO_0000539","valueLabel":"AID 1783038","propAbbrev":"bao:BAO_0000539","groupNest":["http://rdf.pistoia.com/bae#PA_000041"],"propLabel":"related assays","groupLabel":["General Information"]},{"propURI":"http://www.bioassayontology.org/bao#BAO_0002846","valueLabel":"https://pubmed.ncbi.nlm.nih.gov/33992926/","propAbbrev":"bao:BAO_0002846","groupNest":["http://rdf.pistoia.com/bae#PA_000041"],"propLabel":"assay protocol / source document","groupLabel":["General Information"]},{"propURI":"http://www.bioassayontology.org/bao#BAO_0000539","valueLabel":"AID 1783030","propAbbrev":"bao:BAO_0000539","groupNest":["http://rdf.pistoia.com/bae#PA_000041"],"propLabel":"related assays","groupLabel":["General Information"]},{"propURI":"http://www.bioassayontology.org/bao#BAO_0002083","valueLabel":"2022-11-11","propAbbrev":"bao:BAO_0002083","groupNest":["http://rdf.pistoia.com/bae#PA_000041"],"propLabel":"curation date","groupLabel":["General Information"]},{"propURI":"http://www.bioassayontology.org/bao#BAO_0000539","valueLabel":"AID 1783033","propAbbrev":"bao:BAO_0000539","groupNest":["http://rdf.pistoia.com/bae#PA_000041"],"propLabel":"related assays","groupLabel":["General Information"]},{"propURI":"http://rdf.pistoia.com/bae#PA_000001","valueLabel":"1.1","propAbbrev":"http://rdf.pistoia.com/bae#PA_000001","groupNest":["http://rdf.pistoia.com/bae#PA_000041"],"propLabel":"assay protocol version","groupLabel":["General Information"]},{"propURI":"http://www.bioassayontology.org/bao#BAO_0000539","valueLabel":"AID 1783032","propAbbrev":"bao:BAO_0000539","groupNest":["http://rdf.pistoia.com/bae#PA_000041"],"propLabel":"related assays","groupLabel":["General Information"]},{"propURI":"http://www.bioassayontology.org/bao#BAO_0002846","valueLabel":"https://pubchem.ncbi.nlm.nih.gov/bioassay/1783031","propAbbrev":"bao:BAO_0002846","groupNest":["http://rdf.pistoia.com/bae#PA_000041"],"propLabel":"assay protocol / source document","groupLabel":["General Information"]},{"propURI":"http://www.bioassayontology.org/bao#BAO_0001095","valueLabel":"AID 1783031","propAbbrev":"bao:BAO_0001095","groupNest":["http://rdf.pistoia.com/bae#PA_000041"],"propLabel":"external assay ID","groupLabel":["General Information"]}],"labelsRemoved":[]},{"curationTime":1671904025995,"curatorID":"google:110844873201058095427","curatorName":"","curatorEmail":"molcon1mc@gmail.com","textPatch":"@@ -1,2146 +0,0 @@\n-Inhibition of PDE3A (unknown origin) at 10 uM relative to control%0A%0ATitle: PdCl2-catalyzed synthesis of a new class of isocoumarin derivatives containing aminosulfonyl / aminocarboxamide moiety: First identification of a isocoumarin based PDE4 inhibitor.%0A%0AAbstract: While anti-inflammatory properties of isocoumarins are known their PDE4 inhibitory potential was not explored previously. In our effort the non-PDE4 inhibitor isocoumarins were transformed into the promising inhibitors via introducing an aminosulfonyl/aminocarboxamide moiety to the C-3 benzene ring attached to the isocoumarin framework. This new class of isocoumarins were synthesized via a PdCl2-catalyzed construction of the 4-allyl substituted 3-aryl isocoumarin ring starting from the appropriate 2-alkynyl benzamide derivative. Several compounds showed good inhibition of PDE4B in vitro and the SAR indicated superiority of aminosulfonamide moiety over aminocarboxamide in terms of PDE4B inhibition. Two compounds 3q and 3u with PDE4B IC50 = 0.43 %C2%B1 0.11 and 0.54 %C2%B1 0.19 %CE%BCM and %E2%89%A5 2-fold selectivity over PDE4D emerged as initial hits. The participation of aminosulfonamide moiety in PDE4B inhibition and the reason for selectivity though moderate shown by 3q and 3u was revealed by the in silico docking studies. In view of potential usefulness of moderately selective PDE4B inhibitors the compound 3u (that showed PDE4 selectivity over other PDEs) was further evaluated in adjuvant induced arthritic rats. At an intraperitoneal dose of 30 mg/kg the compound showed a significant reduction in paw swelling (in a dose dependent manner), inflammation and pannus formation (in the knee joints) as well as pro-inflammatory gene expression/mRNA levels and increase in body weight. Moreover, besides its TNF-%CE%B1 inhibition and no significant toxicity in an MTT assay the compound did not show any adverse effects in a thorough toxicity studies e.g. teratogenicity, hepatotoxicity, cardiotoxicity and apoptosis in zebrafish. Thus, the isocoumarin 3u emerged as a new, safe and moderately selective PDE4B inhibitor could be useful for inflammatory diseases possibly including COVID-19.\n","annotsAdded":[{"propURI":"http://www.bioassayontology.org/bao#BAO_0000211","propLabel":"target type","propAbbrev":"bao:BAO_0000211","valueURI":"http://www.bioassayexpress.org/bae#0000594","valueLabel":"phosphodiesterase","valueAbbrev":"bae:0000594","valueDescr":"","groupNest":["http://rdf.pistoia.com/bae#PA_000044"],"groupLabel":["Target Information"],"valueHier":["http://www.bioassayontology.org/bao#BAO_0000279","http://www.bioassayontology.org/bao#BAO_0000175","http://www.bioassayontology.org/bao#BAO_0003111","http://www.bioassayontology.org/bao#BAO_0003114"],"labelHier":["enzyme","protein","biological macromolecule","assay biology component"]},{"propURI":"http://www.bioassayontology.org/bao#BAO_0002800","propLabel":"assay cell line","propAbbrev":"bao:BAO_0002800","valueURI":"http://www.bioassayontology.org/bat#NotApplicable","valueLabel":"not applicable","valueAbbrev":"bat:NotApplicable","valueDescr":"This property does not apply to this assay.","groupNest":["http://rdf.pistoia.com/bae#PA_000042"],"groupLabel":["Assay Method"],"valueHier":[],"labelHier":[]},{"propURI":"http://www.bioassayontology.org/bao#BAO_0002855","propLabel":"bioassay","propAbbrev":"bao:BAO_0002855","valueURI":"http://www.bioassayexpress.org/bae#0000595","valueLabel":"Esterase activity assay","valueAbbrev":"bae:0000595","valueDescr":"","groupNest":["http://rdf.pistoia.com/bae#PA_000042"],"groupLabel":["Assay Method"],"valueHier":["http://www.bioassayontology.org/bao#BAO_0002994","http://www.bioassayontology.org/bao#BAO_0000015"],"labelHier":["enzyme activity assay","bioassay"]},{"propURI":"http://www.bioassayontology.org/bao#BAO_0000207","propLabel":"physical detection method","propAbbrev":"bao:BAO_0000207","valueURI":"http://www.bioassayontology.org/bat#Unknown","valueLabel":"unknown","valueAbbrev":"bat:Unknown","valueDescr":"There should be a term assigned to this property but the value was not specified in the source information.","groupNest":["http://rdf.pistoia.com/bae#PA_000043"],"groupLabel":["Detection Details"],"valueHier":[],"labelHier":[]},{"propURI":"http://rdf.pistoia.com/bae#PA_000026","propLabel":"perturbagen min concentration units","propAbbrev":"http://rdf.pistoia.com/bae#PA_000026","valueURI":"http://purl.obolibrary.org/obo/UO_0000064","valueLabel":"micromolar","valueAbbrev":"obo:UO_0000064","valueDescr":"A unit of molarity which is equal to one millionth of a molar or 10^[-6] M.","groupNest":["http://rdf.pistoia.com/bae#PA_000042"],"groupLabel":["Assay Method"],"valueHier":["http://purl.obolibrary.org/obo/UO_0000061","http://purl.obolibrary.org/obo/UO_0000051","http://purl.obolibrary.org/obo/UO_0000000"],"labelHier":["unit of molarity","concentration unit","unit"]}],"annotsRemoved":[{"propURI":"http://www.bioassayontology.org/bao#BAO_0002855","propLabel":"bioassay","propAbbrev":"bao:BAO_0002855","valueURI":"http://www.bioassayontology.org/bao#BAO_0002994","valueLabel":"enzyme activity assay","valueAbbrev":"bao:BAO_0002994","valueDescr":"It is used to measure the effect of a perturbagen on the enzyme activity, which can be measured either directly or coupled to a secondary signal. ","groupNest":["http://rdf.pistoia.com/bae#PA_000042"],"groupLabel":["Assay Method"],"valueHier":["http://www.bioassayontology.org/bao#BAO_0000015"],"labelHier":["bioassay"]}],"labelsAdded":[{"propURI":"http://rdf.pistoia.com/bae#PA_000022","valueLabel":"10","propAbbrev":"http://rdf.pistoia.com/bae#PA_000022","groupNest":["http://rdf.pistoia.com/bae#PA_000042"],"propLabel":"perturbagen min concentration","groupLabel":["Assay Method"]}],"labelsRemoved":[{"propURI":"http://www.bioassayontology.org/bao#BAO_0000211","valueLabel":"phosphodiesterase","propAbbrev":"bao:BAO_0000211","groupNest":["http://rdf.pistoia.com/bae#PA_000044"],"propLabel":"target type","groupLabel":["Target Information"]}]},{"curationTime":1671904085312,"curatorID":"google:110844873201058095427","curatorName":"","curatorEmail":"molcon1mc@gmail.com","annotsAdded":[{"propURI":"http://www.bioassayontology.org/bao#BAO_0000207","propLabel":"physical detection method","propAbbrev":"bao:BAO_0000207","valueURI":"http://www.bioassayontology.org/bat#Missing","valueLabel":"missing","valueAbbrev":"bat:Missing","valueDescr":"The information is missing from the source data, presumed to be a communication error.","groupNest":["http://rdf.pistoia.com/bae#PA_000043"],"groupLabel":["Detection Details"],"valueHier":[],"labelHier":[]}],"annotsRemoved":[{"propURI":"http://www.bioassayontology.org/bao#BAO_0000207","propLabel":"physical detection method","propAbbrev":"bao:BAO_0000207","valueURI":"http://www.bioassayontology.org/bat#Unknown","valueLabel":"unknown","valueAbbrev":"bat:Unknown","valueDescr":"There should be a term assigned to this property but the value was not specified in the source information.","groupNest":["http://rdf.pistoia.com/bae#PA_000043"],"groupLabel":["Detection Details"],"valueHier":[],"labelHier":[]}],"labelsAdded":[],"labelsRemoved":[]},{"curationTime":1672325011408,"curatorID":"google:116472989631108409155","curatorName":"","curatorEmail":"molcon2mc@gmail.com","uniqueIDPatch":"@@ -11,8 +11,8 @@\n :178\n-2690\n+3031\n","textPatch":"@@ -1,173 +1,133 @@\n-Cytotoxicity in African green monkey Vero cells assessed as reduction in cell viability measured after 5 days by resazurin dye based assay%0A%0ATitle: Phenoxazine nucleoside\n+Inhibition of PDE3A (unknown origin) at 10 uM relative to control%0A%0ATitle: PdCl2-catalyzed synthesis of a new class of isocoumarin\n  der\n@@ -139,1126 +139,2008 @@\n ves \n-with a multiple activity against RNA and DNA viruses.%0A%0AAbstract: Emerging and re-emerging viruses periodically cause outbreaks and epidemics all over the world, eventually leading to global events such as the current pandemic of the novel SARS-CoV-2 coronavirus infection COVID-19. Therefore, an urgent need for novel antivirals is crystal clear. Here we present the synthesis and evaluation of an antiviral activity of phenoxazine-based nucleoside analogs div\n+containing aminosulfonyl / aminocarboxamide moiety: First identification of a isocoumarin based PDE4 inhibitor.%0A%0AAbstract: While anti-inflammatory properties of isocoumarins are known their PDE4 inhibitory potential was not explored previously. In our effort the non-PDE4 inhibitor isocoumarins were transformed into the promising inhibitors via introducing an aminosulfonyl/aminocarboxamide moiety to the C-3 benzene ring attached to the isocoumarin framework. This new class of isocoumarins were synthesized via a PdCl2-catalyzed construction of the 4-allyl substituted 3-aryl isocoumarin ring starting from the appropriate 2-alkynyl benzamide derivative. Several compounds showed good inhibition of PDE4B in vitro and the SAR indicated superiority of aminosulfonamide moiety over aminocarboxam\n ide\n-d\n  in\n-to three groups: (1) 8-alkoxy-substituted, (2) acyclic, and (3) carbocyclic. The antiviral activity was assess\n+ terms of PDE4B inhibition. Two compounds 3q and 3u with PDE4B IC50 = 0.43 %C2%B1 0.11 and 0.54 %C2%B1 0.19 %CE%BCM and %E2%89%A5 2-fold selectivity over PDE4D emerg\n ed a\n-gainst a structurally and phylogenetically diverse panel of RNA and DNA viruses from 25 species. Four compounds (11a-c, 12c) inhibited 4 DNA/RNA viruses with EC50 %E2%89%A4 20 %CE%BCM. Toxicity of the compounds for the cell lines used for virus cultivation was negligible in most cases. In addition, previously reported and newly synthesized phenoxazine derivatives were evaluated against SARS-CoV-2, and some of them showed promising inhibition of reproduction with EC50 values in low micromolar range, although accompanied by commensurate cytotoxicity\n+s initial hits. The participation of aminosulfonamide moiety in PDE4B inhibition and the reason for selectivity though moderate shown by 3q and 3u was revealed by the in silico docking studies. In view of potential usefulness of moderately selective PDE4B inhibitors the compound 3u (that showed PDE4 selectivity over other PDEs) was further evaluated in adjuvant induced arthritic rats. At an intraperitoneal dose of 30 mg/kg the compound showed a significant reduction in paw swelling (in a dose dependent manner), inflammation and pannus formation (in the knee joints) as well as pro-inflammatory gene expression/mRNA levels and increase in body weight. Moreover, besides its TNF-%CE%B1 inhibition and no significant toxicity in an MTT assay the compound did not show any adverse effects in a thorough toxicity studies e.g. teratogenicity, hepatotoxicity, cardiotoxicity and apoptosis in zebrafish. Thus, the isocoumarin 3u emerged as a new, safe and moderately selective PDE4B inhibitor could be useful for inflammatory diseases possibly including COVID-19\n .\n","annotsAdded":[],"annotsRemoved":[{"propURI":"http://www.bioassayontology.org/bao#BAO_0000211","propLabel":"target type","propAbbrev":"bao:BAO_0000211","valueURI":"http://www.bioassayexpress.org/bae#0000594","valueLabel":"phosphodiesterase","valueAbbrev":"bae:0000594","valueDescr":"","groupNest":["http://rdf.pistoia.com/bae#PA_000044"],"groupLabel":["Target Information"],"valueHier":["http://www.bioassayontology.org/bao#BAO_0000279","http://www.bioassayontology.org/bao#BAO_0000175","http://www.bioassayontology.org/bao#BAO_0003111","http://www.bioassayontology.org/bao#BAO_0003114"],"labelHier":["enzyme","protein","biological macromolecule","assay biology component"]},{"propURI":"http://rdf.pistoia.com/bae#PA_000025","propLabel":"perturbagen max concentration units","propAbbrev":"http://rdf.pistoia.com/bae#PA_000025","valueURI":"http://purl.obolibrary.org/obo/UO_0000064","valueLabel":"micromolar","valueAbbrev":"obo:UO_0000064","valueDescr":"A unit of molarity which is equal to one millionth of a molar or 10^[-6] M.","groupNest":["http://rdf.pistoia.com/bae#PA_000042"],"groupLabel":["Assay Method"],"valueHier":["http://purl.obolibrary.org/obo/UO_0000061","http://purl.obolibrary.org/obo/UO_0000051","http://purl.obolibrary.org/obo/UO_0000000"],"labelHier":["unit of molarity","concentration unit","unit"]},{"propURI":"http://www.bioassayontology.org/bao#BAO_0000185","propLabel":"perturbagen type","propAbbrev":"bao:BAO_0000185","valueURI":"http://www.bioassayontology.org/bao#BAO_0000176","valueLabel":"small molecule","valueAbbrev":"bao:BAO_0000176","valueDescr":"Small molecule is an organic compound with a low molecular weight (<800 Da) which is used to screen against a biological target, e.g. protein, nucleic acid, cell or organism  to test its ability to bind it and bring about a change in activity. It is either isolated from a natural source or is synthesized.","groupNest":["http://rdf.pistoia.com/bae#PA_000042"],"groupLabel":["Assay Method"],"valueHier":["http://www.bioassayontology.org/bao#BAO_0000076","http://www.bioassayontology.org/bao#BAO_0003120"],"labelHier":["screened entity","assay screened entity component"]},{"propURI":"http://rdf.pistoia.com/bae#PA_000033","propLabel":"target protein name","propAbbrev":"http://rdf.pistoia.com/bae#PA_000033","valueURI":"http://purl.obolibrary.org/obo/PR_Q14432","valueLabel":"cGMP-inhibited 3',5'-cyclic phosphodiesterase A (human)","valueAbbrev":"obo:PR_Q14432","valueDescr":"A cGMP-inhibited 3',5'-cyclic phosphodiesterase A that is encoded in the genome of human.","groupNest":["http://rdf.pistoia.com/bae#PA_000044"],"groupLabel":["Target Information"],"altLabels":["CGI-PDE A (human)","hPDE3A","cyclic GMP-inhibited phosphodiesterase A (human)"],"valueHier":["http://purl.obolibrary.org/obo/PR_000012470","http://purl.obolibrary.org/obo/PR_000000001"],"labelHier":["cGMP-inhibited 3',5'-cyclic phosphodiesterase A","protein"]},{"propURI":"http://www.bioassayontology.org/bao#BAO_0000208","propLabel":"endpoint","propAbbrev":"bao:BAO_0000208","valueURI":"http://www.bioassayontology.org/bao#BAO_0000201","valueLabel":"percent inhibition","valueAbbrev":"bao:BAO_0000201","valueDescr":"Percent decrease of a measureable response as a consequence of compound treatment.  Unit of Measure is always % when normalized to the dynamic range of the assay. Percent inhibition is expressed relative to a positive control (which results in total inhibition).","groupNest":["http://rdf.pistoia.com/bae#PA_000042"],"groupLabel":["Assay Method"],"valueHier":["http://www.bioassayontology.org/bao#BAO_0000082","http://www.bioassayontology.org/bao#BAO_0000181","http://www.bioassayontology.org/bao#BAO_0000179"],"labelHier":["percent response","response endpoint","endpoint"]},{"propURI":"http://www.bioassayontology.org/bao#BAO_0000196","propLabel":"assay mode of action","propAbbrev":"bao:BAO_0000196","valueURI":"http://www.bioassayontology.org/bao#BAO_0000091","valueLabel":"inhibition","valueAbbrev":"bao:BAO_0000091","valueDescr":"Reduction of a predefined stimulus. Unit of Measure is always % when normalized to the dynamic range of the assay.","groupNest":["http://rdf.pistoia.com/bae#PA_000042"],"groupLabel":["Assay Method"],"valueHier":["http://www.bioassayontology.org/bao#BAO_0000084","http://www.bioassayontology.org/bao#BAO_0000074"],"labelHier":["ligand function mode of action","mode of action"]},{"propURI":"http://www.bioassayontology.org/bao#BAO_0000207","propLabel":"physical detection method","propAbbrev":"bao:BAO_0000207","valueURI":"http://www.bioassayontology.org/bat#Missing","valueLabel":"missing","valueAbbrev":"bat:Missing","valueDescr":"The information is missing from the source data, presumed to be a communication error.","groupNest":["http://rdf.pistoia.com/bae#PA_000043"],"groupLabel":["Detection Details"],"valueHier":[],"labelHier":[]},{"propURI":"http://www.bioassayontology.org/bao#BAO_0000205","propLabel":"assay format","propAbbrev":"bao:BAO_0000205","valueURI":"http://www.bioassayontology.org/bao#BAO_0000357","valueLabel":"single protein format","valueAbbrev":"bao:BAO_0000357","valueDescr":"one protein sequence","groupNest":["http://rdf.pistoia.com/bae#PA_000042"],"groupLabel":["Assay Method"],"valueHier":["http://www.bioassayontology.org/bao#BAO_0000224","http://www.bioassayontology.org/bao#BAO_0000217","http://www.bioassayontology.org/bao#BAO_0000019"],"labelHier":["protein format","biochemical format","assay format"]},{"propURI":"http://www.bioassayontology.org/bao#BAX_0000012","propLabel":"NCBI  protein identity","propAbbrev":"bao:BAX_0000012","valueURI":"http://www.bioassayontology.org/protein#47117888","valueLabel":"cGMP-inhibited 3',5'-cyclic phosphodiesterase A","valueAbbrev":"protein:47117888","valueDescr":"Protein: cGMP-inhibited 3',5'-cyclic phosphodiesterase A, Organism: Homo sapiens","groupNest":["http://rdf.pistoia.com/bae#PA_000044"],"groupLabel":["Target Information"],"externalURLs":["https://www.ncbi.nlm.nih.gov/protein/47117888"],"valueHier":["http://www.bioassayontology.org/taxon#9606","http://www.bioassayontology.org/taxon#9605","http://www.bioassayontology.org/taxon#314295","http://www.bioassayontology.org/taxon#9526","http://www.bioassayontology.org/taxon#9443","http://www.bioassayontology.org/taxon#314146","http://www.bioassayontology.org/taxon#40674","http://www.bioassayontology.org/taxon#32524","http://www.bioassayontology.org/taxon#8287","http://www.bioassayontology.org/taxon#117570","http://www.bioassayontology.org/taxon#7711","http://www.bioassayontology.org/taxon#33511","http://www.bioassayontology.org/taxon#33213","http://www.bioassayontology.org/taxon#33208","http://www.bioassayontology.org/taxon#33154","http://www.bioassayontology.org/taxon#2759","http://www.bioassayontology.org/taxon#131567","http://www.bioassayontology.org/taxon#Root"],"labelHier":["Homo sapiens","Homo","Hominoidea / Hominidae / Homininae","Catarrhini","Primates / Haplorrhini / Simiiformes","Euarchontoglires","Mammalia / Theria / Eutheria / Boreoeutheria","Amniota","Sarcopterygii / Dipnotetrapodomorpha / Tetrapoda","Teleostomi / Euteleostomi","Chordata / Craniata / Vertebrata / Gnathostomata","Deuterostomia","Bilateria","Metazoa / Eumetazoa","Opisthokonta","Eukaryota","cellular organisms","Faux ProteinID"]},{"propURI":"http://www.bioassayontology.org/bao#BAO_0002855","propLabel":"bioassay","propAbbrev":"bao:BAO_0002855","valueURI":"http://www.bioassayexpress.org/bae#0000595","valueLabel":"Esterase activity assay","valueAbbrev":"bae:0000595","valueDescr":"","groupNest":["http://rdf.pistoia.com/bae#PA_000042"],"groupLabel":["Assay Method"],"valueHier":["http://www.bioassayontology.org/bao#BAO_0002994","http://www.bioassayontology.org/bao#BAO_0000015"],"labelHier":["enzyme activity assay","bioassay"]},{"propURI":"http://www.bioassayontology.org/bao#BAO_0095009","propLabel":"assay design method","propAbbrev":"bao:BAO_0095009","valueURI":"http://www.bioassayontology.org/bao#BAO_0000124","valueLabel":"enzyme activity measurement method","valueAbbrev":"bao:BAO_0000124","valueDescr":"It describes the different methods by which an enzyme activity can be measured and the ways it is expressed. This can be measured either directly or coupled to a secondary signal.","groupNest":["http://rdf.pistoia.com/bae#PA_000042"],"groupLabel":["Assay Method"],"valueHier":["http://www.bioassayontology.org/bao#BAO_0002202"],"labelHier":["assay design method"]},{"propURI":"http://rdf.pistoia.com/bae#PA_000026","propLabel":"perturbagen min concentration units","propAbbrev":"http://rdf.pistoia.com/bae#PA_000026","valueURI":"http://purl.obolibrary.org/obo/UO_0000064","valueLabel":"micromolar","valueAbbrev":"obo:UO_0000064","valueDescr":"A unit of molarity which is equal to one millionth of a molar or 10^[-6] M.","groupNest":["http://rdf.pistoia.com/bae#PA_000042"],"groupLabel":["Assay Method"],"valueHier":["http://purl.obolibrary.org/obo/UO_0000061","http://purl.obolibrary.org/obo/UO_0000051","http://purl.obolibrary.org/obo/UO_0000000"],"labelHier":["unit of molarity","concentration unit","unit"]},{"propURI":"http://www.bioassayontology.org/bao#BAX_0000011","propLabel":"NCBI gene identity","propAbbrev":"bao:BAX_0000011","valueURI":"http://www.bioassayontology.org/geneid#5139","valueLabel":"PDE3A: phosphodiesterase 3A","valueAbbrev":"geneid:5139","valueDescr":"","groupNest":["http://rdf.pistoia.com/bae#PA_000044"],"groupLabel":["Target Information"],"altLabels":["CGI-PDE , CGI-PDE A , CGI-PDE-A , HTNB"],"externalURLs":["https://www.ncbi.nlm.nih.gov/gene/5139"],"valueHier":["http://www.bioassayontology.org/geneid#Homo_sapiens","http://www.bioassayontology.org/geneid#Mammalia","http://www.bioassayontology.org/geneid#Root"],"labelHier":["Homo sapiens","Mammalia","Faux GeneID"]},{"propURI":"http://www.bioassayontology.org/bao#BAO_0002854","propLabel":"bioassay type","propAbbrev":"bao:BAO_0002854","valueURI":"http://www.bioassayontology.org/bao#BAO_0000010","valueLabel":"functional","valueAbbrev":"bao:BAO_0000010","valueDescr":"An assay where the measured signal corresponds to a complex response such as cell survival, proliferation, localization of a protein, nuclear translocation etc. The molecular target is not assumed.","groupNest":["http://rdf.pistoia.com/bae#PA_000042"],"groupLabel":["Assay Method"],"valueHier":["http://www.bioassayontology.org/bao#BAO_0000008"],"labelHier":["bioassay type"]},{"propURI":"http://www.bioassayontology.org/bao#BAO_0002921","propLabel":"target organism","propAbbrev":"bao:BAO_0002921","valueURI":"http://purl.obolibrary.org/obo/NCBITaxon_9606","valueLabel":"Homo sapiens","valueAbbrev":"obo:NCBITaxon_9606","valueDescr":"","groupNest":["http://rdf.pistoia.com/bae#PA_000044"],"groupLabel":["Target Information"],"altLabels":["Homo spiens","Homo sapience","Homo sapien","human","Homo spaiens","Homo sapians","man","Humo sapiens","Home sapiens","Homo sapiense","Homo sampiens","Homo sapeins","Homo sapines","Homo sapian","Homo sapients"],"valueHier":["http://www.bioassayontology.org/bao#BAO_0000362","http://www.bioassayontology.org/bao#BAO_0000510","http://www.bioassayontology.org/bao#BAO_0000659","http://www.bioassayontology.org/bao#BAO_0000509","http://www.bioassayontology.org/bao#BAO_0000658","http://www.bioassayontology.org/bao#BAO_0000551"],"labelHier":["mammalian","vertebrate","metazoa","eukaryote","cellular organisms","organism"]},{"propURI":"http://www.bioassayontology.org/bao#BAO_0002863","propLabel":"concentration throughput","propAbbrev":"bao:BAO_0002863","valueURI":"http://www.bioassayontology.org/bao#BAO_0000536","valueLabel":"single concentration","valueAbbrev":"bao:BAO_0000536","valueDescr":"Multiple measurements (typically three) are preformed at a single concentration. This is often used as a mode of confirmatory screening following a primary screen.","groupNest":["http://rdf.pistoia.com/bae#PA_000042"],"groupLabel":["Assay Method"],"valueHier":["http://www.bioassayontology.org/bao#BAO_0002177"],"labelHier":["concentration throughput"]}],"labelsAdded":[{"propURI":"http://www.bioassayontology.org/bao#BAO_0002853","valueLabel":"Cytotoxicity in African green monkey Vero cells assessed as reduction in cell viability measured after 5 days by resazurin dye based assay","propAbbrev":"bao:BAO_0002853","groupNest":["http://rdf.pistoia.com/bae#PA_000041"],"propLabel":"assay title","groupLabel":["General Information"]}],"labelsRemoved":[{"propURI":"http://www.bioassayontology.org/bao#BAO_0000539","valueLabel":"AID 1783024","propAbbrev":"bao:BAO_0000539","groupNest":["http://rdf.pistoia.com/bae#PA_000041"],"propLabel":"related assays","groupLabel":["General Information"]},{"propURI":"http://www.bioassayontology.org/bao#BAO_0000539","valueLabel":"AID 1783023","propAbbrev":"bao:BAO_0000539","groupNest":["http://rdf.pistoia.com/bae#PA_000041"],"propLabel":"related assays","groupLabel":["General Information"]},{"propURI":"http://www.bioassayontology.org/bao#BAO_0000539","valueLabel":"AID 1783026","propAbbrev":"bao:BAO_0000539","groupNest":["http://rdf.pistoia.com/bae#PA_000041"],"propLabel":"related assays","groupLabel":["General Information"]},{"propURI":"http://www.bioassayontology.org/bao#BAO_0000539","valueLabel":"AID 1783025","propAbbrev":"bao:BAO_0000539","groupNest":["http://rdf.pistoia.com/bae#PA_000041"],"propLabel":"related assays","groupLabel":["General Information"]},{"propURI":"http://www.bioassayontology.org/bao#BAO_0000539","valueLabel":"AID 1783028","propAbbrev":"bao:BAO_0000539","groupNest":["http://rdf.pistoia.com/bae#PA_000041"],"propLabel":"related assays","groupLabel":["General Information"]},{"propURI":"http://www.bioassayontology.org/bao#BAO_0002853","valueLabel":"Inhibition of PDE3A (unknown origin) at 10 uM relative to control","propAbbrev":"bao:BAO_0002853","groupNest":["http://rdf.pistoia.com/bae#PA_000041"],"propLabel":"assay title","groupLabel":["General Information"]},{"propURI":"http://www.bioassayontology.org/bao#BAO_0000539","valueLabel":"AID 1783027","propAbbrev":"bao:BAO_0000539","groupNest":["http://rdf.pistoia.com/bae#PA_000041"],"propLabel":"related assays","groupLabel":["General Information"]},{"propURI":"http://www.bioassayontology.org/bao#BAO_0000539","valueLabel":"AID 1783029","propAbbrev":"bao:BAO_0000539","groupNest":["http://rdf.pistoia.com/bae#PA_000041"],"propLabel":"related assays","groupLabel":["General Information"]},{"propURI":"http://www.bioassayontology.org/bao#BAO_0000539","valueLabel":"AID 1783040","propAbbrev":"bao:BAO_0000539","groupNest":["http://rdf.pistoia.com/bae#PA_000041"],"propLabel":"related assays","groupLabel":["General Information"]},{"propURI":"http://www.bioassayontology.org/bao#BAO_0001095","valueLabel":"PMID: 33992926","propAbbrev":"bao:BAO_0001095","groupNest":["http://rdf.pistoia.com/bae#PA_000041"],"propLabel":"external assay ID","groupLabel":["General Information"]},{"propURI":"http://www.bioassayontology.org/bao#BAO_0000539","valueLabel":"AID 1783042","propAbbrev":"bao:BAO_0000539","groupNest":["http://rdf.pistoia.com/bae#PA_000041"],"propLabel":"related assays","groupLabel":["General Information"]},{"propURI":"http://www.bioassayontology.org/bao#BAO_0000539","valueLabel":"AID 1783041","propAbbrev":"bao:BAO_0000539","groupNest":["http://rdf.pistoia.com/bae#PA_000041"],"propLabel":"related assays","groupLabel":["General Information"]},{"propURI":"http://www.bioassayontology.org/bao#BAO_0000539","valueLabel":"AID 1783043","propAbbrev":"bao:BAO_0000539","groupNest":["http://rdf.pistoia.com/bae#PA_000041"],"propLabel":"related assays","groupLabel":["General Information"]},{"propURI":"http://www.bioassayontology.org/bao#BAO_0002846","valueLabel":"https://www.ebi.ac.uk/chembl/assay_report_card/CHEMBL4842799/","propAbbrev":"bao:BAO_0002846","groupNest":["http://rdf.pistoia.com/bae#PA_000041"],"propLabel":"assay protocol / source document","groupLabel":["General Information"]},{"propURI":"http://www.bioassayontology.org/bao#BAO_0001095","valueLabel":"CHEMBL4842799","propAbbrev":"bao:BAO_0001095","groupNest":["http://rdf.pistoia.com/bae#PA_000041"],"propLabel":"external assay ID","groupLabel":["General Information"]},{"propURI":"http://www.bioassayontology.org/bao#BAO_0000539","valueLabel":"AID 1783035","propAbbrev":"bao:BAO_0000539","groupNest":["http://rdf.pistoia.com/bae#PA_000041"],"propLabel":"related assays","groupLabel":["General Information"]},{"propURI":"http://www.bioassayontology.org/bao#BAO_0000539","valueLabel":"AID 1783034","propAbbrev":"bao:BAO_0000539","groupNest":["http://rdf.pistoia.com/bae#PA_000041"],"propLabel":"related assays","groupLabel":["General Information"]},{"propURI":"http://www.bioassayontology.org/bao#BAO_0000539","valueLabel":"AID 1783037","propAbbrev":"bao:BAO_0000539","groupNest":["http://rdf.pistoia.com/bae#PA_000041"],"propLabel":"related assays","groupLabel":["General Information"]},{"propURI":"http://www.bioassayontology.org/bao#BAO_0000539","valueLabel":"AID 1783036","propAbbrev":"bao:BAO_0000539","groupNest":["http://rdf.pistoia.com/bae#PA_000041"],"propLabel":"related assays","groupLabel":["General Information"]},{"propURI":"http://rdf.pistoia.com/bae#PA_000024","valueLabel":"10","propAbbrev":"http://rdf.pistoia.com/bae#PA_000024","groupNest":["http://rdf.pistoia.com/bae#PA_000042"],"propLabel":"perturbagen max concentration","groupLabel":["Assay Method"]},{"propURI":"http://www.bioassayontology.org/bao#BAO_0000539","valueLabel":"AID 1783039","propAbbrev":"bao:BAO_0000539","groupNest":["http://rdf.pistoia.com/bae#PA_000041"],"propLabel":"related assays","groupLabel":["General Information"]},{"propURI":"http://www.bioassayontology.org/bao#BAO_0000539","valueLabel":"AID 1783038","propAbbrev":"bao:BAO_0000539","groupNest":["http://rdf.pistoia.com/bae#PA_000041"],"propLabel":"related assays","groupLabel":["General Information"]},{"propURI":"http://www.bioassayontology.org/bao#BAO_0002846","valueLabel":"https://pubmed.ncbi.nlm.nih.gov/33992926/","propAbbrev":"bao:BAO_0002846","groupNest":["http://rdf.pistoia.com/bae#PA_000041"],"propLabel":"assay protocol / source document","groupLabel":["General Information"]},{"propURI":"http://www.bioassayontology.org/bao#BAO_0000539","valueLabel":"AID 1783030","propAbbrev":"bao:BAO_0000539","groupNest":["http://rdf.pistoia.com/bae#PA_000041"],"propLabel":"related assays","groupLabel":["General Information"]},{"propURI":"http://www.bioassayontology.org/bao#BAO_0000539","valueLabel":"AID 1783033","propAbbrev":"bao:BAO_0000539","groupNest":["http://rdf.pistoia.com/bae#PA_000041"],"propLabel":"related assays","groupLabel":["General Information"]},{"propURI":"http://www.bioassayontology.org/bao#BAO_0000539","valueLabel":"AID 1783032","propAbbrev":"bao:BAO_0000539","groupNest":["http://rdf.pistoia.com/bae#PA_000041"],"propLabel":"related assays","groupLabel":["General Information"]},{"propURI":"http://www.bioassayontology.org/bao#BAO_0002846","valueLabel":"https://pubchem.ncbi.nlm.nih.gov/bioassay/1783031","propAbbrev":"bao:BAO_0002846","groupNest":["http://rdf.pistoia.com/bae#PA_000041"],"propLabel":"assay protocol / source document","groupLabel":["General Information"]},{"propURI":"http://www.bioassayontology.org/bao#BAO_0001095","valueLabel":"AID 1783031","propAbbrev":"bao:BAO_0001095","groupNest":["http://rdf.pistoia.com/bae#PA_000041"],"propLabel":"external assay ID","groupLabel":["General Information"]}]},{"curationTime":1672325479458,"curatorID":"google:116472989631108409155","curatorName":"","curatorEmail":"molcon2mc@gmail.com","annotsAdded":[{"propURI":"http://www.bioassayontology.org/bao#BAO_0095009","propLabel":"assay design method","propAbbrev":"bao:BAO_0095009","valueURI":"http://www.bioassayexpress.org/bae#0000374","valueLabel":"cellular metabolic activity determination","valueAbbrev":"bae:0000374","valueDescr":"measure of cellular metabolic activity as an indicator of cell viability, proliferation and cytotoxicity","groupNest":["http://rdf.pistoia.com/bae#PA_000042"],"groupLabel":["Assay Method"],"valueHier":["http://www.bioassayontology.org/bao#BAO_0000127","http://www.bioassayontology.org/bao#BAO_0002202"],"labelHier":["viability measurement method","assay design method"]},{"propURI":"http://www.bioassayontology.org/bao#BAO_0002918","propLabel":"emission wavelength","propAbbrev":"bao:BAO_0002918","valueURI":"http://www.bioassayontology.org/bat#Unknown","valueLabel":"unknown","valueAbbrev":"bat:Unknown","valueDescr":"There should be a term assigned to this property but the value was not specified in the source information.","groupNest":["http://rdf.pistoia.com/bae#PA_000043"],"groupLabel":["Detection Details"],"valueHier":[],"labelHier":[]},{"propURI":"http://www.bioassayontology.org/bao#BAO_0000211","propLabel":"target type","propAbbrev":"bao:BAO_0000211","valueURI":"http://purl.obolibrary.org/obo/CLO_0000031","valueLabel":"cell line","valueAbbrev":"obo:CLO_0000031","valueDescr":"A cultured cell population that represents a genetically stable and homogenous population of cultured cells that shares a common propagation history (i.e. has been successively passaged together in culture). ","groupNest":["http://rdf.pistoia.com/bae#PA_000044"],"groupLabel":["Target Information"],"altLabels":["细胞系"],"valueHier":["http://www.bioassayontology.org/bao#BAO_0003114"],"labelHier":["assay biology component"]},{"propURI":"http://rdf.pistoia.com/bae#PA_000008","propLabel":"detection agent","propAbbrev":"http://rdf.pistoia.com/bae#PA_000008","valueURI":"http://www.bioassayexpress.org/bae#0000248","valueLabel":"resazurin","valueAbbrev":"bae:0000248","valueDescr":"","groupNest":["http://rdf.pistoia.com/bae#PA_000042"],"groupLabel":["Assay Method"],"valueHier":["http://www.bioassayontology.org/bao#BAO_0003043"],"labelHier":["molecular entity"]},{"propURI":"http://www.bioassayontology.org/bao#BAO_0002857","propLabel":"signal direction","propAbbrev":"bao:BAO_0002857","valueURI":"http://www.bioassayontology.org/bao#BAO_0080025","valueLabel":"signal decrease","valueAbbrev":"bao:BAO_0080025","valueDescr":"","groupNest":["http://rdf.pistoia.com/bae#PA_000043"],"groupLabel":["Detection Details"],"valueHier":["http://www.bioassayontology.org/bao#BAO_0000519"],"labelHier":["signal direction"]},{"propURI":"http://www.bioassayontology.org/bao#BAO_0002854","propLabel":"bioassay type","propAbbrev":"bao:BAO_0002854","valueURI":"http://www.bioassayexpress.org/bae#0000552","valueLabel":"Toxicity","valueAbbrev":"bae:0000552","valueDescr":"","groupNest":["http://rdf.pistoia.com/bae#PA_000042"],"groupLabel":["Assay Method"],"valueHier":["http://www.bioassayontology.org/bao#BAO_0000009","http://www.bioassayontology.org/bao#BAO_0000008"],"labelHier":["ADMET","bioassay type"]},{"propURI":"http://www.bioassayontology.org/bao#BAO_0000185","propLabel":"perturbagen type","propAbbrev":"bao:BAO_0000185","valueURI":"http://www.bioassayontology.org/bao#BAO_0000176","valueLabel":"small molecule","valueAbbrev":"bao:BAO_0000176","valueDescr":"Small molecule is an organic compound with a low molecular weight (<800 Da) which is used to screen against a biological target, e.g. protein, nucleic acid, cell or organism  to test its ability to bind it and bring about a change in activity. It is either isolated from a natural source or is synthesized.","groupNest":["http://rdf.pistoia.com/bae#PA_000042"],"groupLabel":["Assay Method"],"valueHier":["http://www.bioassayontology.org/bao#BAO_0000076","http://www.bioassayontology.org/bao#BAO_0003120"],"labelHier":["screened entity","assay screened entity component"]},{"propURI":"http://www.bioassayontology.org/bao#BAO_0000208","propLabel":"endpoint","propAbbrev":"bao:BAO_0000208","valueURI":"http://www.bioassayontology.org/bao#BAO_0000187","valueLabel":"CC50","valueAbbrev":"bao:BAO_0000187","valueDescr":"The effective concentration of a cytotoxic compound, which produces 50% of the maximum possible cell death for that compound.  Although the cytotoxic compound induces cell death, we define CC50 as subclass of IC50, because critical cellular processes are inhibited and CC50 is often used as a more specific description of IC50 for cell toxicity assays.\nCompound cytotoxicity is an important parameter to measure when developing potential human therapeutics. Cytotoxicity can be determined for example as a measure of radioisotope (3H thymidine or 51Cr) release, lactate dehydrogenase release from damaged cells, tetrazolium salt and alamar blue reduction, fluorescent dyes that selectively stain live or dead cells,  or decrease in ATP content. ATP levels are detected using a luminescence based assay kit such as CellTiter-Glo (Promega). ATP values higher than controls (untreated cells) indicate proliferation and cultures with ATP concentrations lower than controls indicate cytotoxicity.\n","groupNest":["http://rdf.pistoia.com/bae#PA_000042"],"groupLabel":["Assay Method"],"valueHier":["http://www.bioassayontology.org/bao#BAO_0002162","http://www.bioassayontology.org/bao#BAO_0000180","http://www.bioassayontology.org/bao#BAO_0000179"],"labelHier":["concentration response endpoint","concentration endpoint","endpoint"]},{"propURI":"http://www.bioassayontology.org/bao#BAO_0000196","propLabel":"assay mode of action","propAbbrev":"bao:BAO_0000196","valueURI":"http://www.bioassayontology.org/bao#BAO_0000090","valueLabel":"cytotoxicity","valueAbbrev":"bao:BAO_0000090","valueDescr":"It is the toxic or cell-death inducing property of a perturbagen. Known cytotoxic agents mediate cell death commonly by necrosis, apoptosis, or autophagy. Cytotoxicity can be detected by measuring various aspects of the death process: e.g. membrane permeability, ATP concentration, DNA fragmentation, etc.","groupNest":["http://rdf.pistoia.com/bae#PA_000042"],"groupLabel":["Assay Method"],"valueHier":["http://www.bioassayontology.org/bao#BAO_0080004","http://www.bioassayontology.org/bao#BAO_0000074"],"labelHier":["phenotypic mode of action","mode of action"]},{"propURI":"http://www.bioassayontology.org/bao#BAO_0002919","propLabel":"excitation wavelength","propAbbrev":"bao:BAO_0002919","valueURI":"http://www.bioassayontology.org/bat#Unknown","valueLabel":"unknown","valueAbbrev":"bat:Unknown","valueDescr":"There should be a term assigned to this property but the value was not specified in the source information.","groupNest":["http://rdf.pistoia.com/bae#PA_000043"],"groupLabel":["Detection Details"],"valueHier":[],"labelHier":[]},{"propURI":"http://www.bioassayontology.org/bao#BAO_0002800","propLabel":"assay cell line","propAbbrev":"bao:BAO_0002800","valueURI":"http://purl.obolibrary.org/obo/CLO_0009524","valueLabel":"Vero cell","valueAbbrev":"obo:CLO_0009524","valueDescr":"The Vero cell line was initiated from the kidney of a normal adult African green monkey on March 27, 1962, by Y. Yasumura and Y. Kawakita at the Chiba University in Chiba, Japan.","groupNest":["http://rdf.pistoia.com/bae#PA_000042"],"groupLabel":["Assay Method"],"altLabels":["Vero"],"valueHier":["http://purl.obolibrary.org/obo/CLO_0000019","http://purl.obolibrary.org/obo/CLO_0000001"],"labelHier":["immortal cell line cell","cell line cell"]},{"propURI":"http://rdf.pistoia.com/bae#PA_000052","propLabel":"assay screening campaign stage","propAbbrev":"http://rdf.pistoia.com/bae#PA_000052","valueURI":"http://www.bioassayontology.org/bao#BAO_0000030","valueLabel":"confirmatory assay","valueAbbrev":"bao:BAO_0000030","valueDescr":"Assay performed to confirm activity of compounds identified in the primary screen.  It can be performed as replicate measurements at a single screening concentration or as concentration-response assay.","groupNest":["http://rdf.pistoia.com/bae#PA_000042"],"groupLabel":["Assay Method"],"valueHier":["http://www.bioassayontology.org/bao#BAO_0000029"],"labelHier":["assay screening campaign stage"]},{"propURI":"http://www.bioassayontology.org/bao#BAO_0002855","propLabel":"bioassay","propAbbrev":"bao:BAO_0002855","valueURI":"http://www.bioassayexpress.org/bae#0000786","valueLabel":"resazurin reduction assay","valueAbbrev":"bae:0000786","valueDescr":"For spectrophotometric measurement of metabolic activity of living cells. Absorbance of converted dye is measured at a wavelength of 600 nm. Bioreduction of the dye reduces the amount of its oxidized form (blue) and concomitantly increases the fluorescent intermediate (red).","groupNest":["http://rdf.pistoia.com/bae#PA_000042"],"groupLabel":["Assay Method"],"valueHier":["http://www.bioassayontology.org/bao#BAO_0003009","http://www.bioassayontology.org/bao#BAO_0000015"],"labelHier":["cell viability assay","bioassay"]},{"propURI":"http://www.bioassayontology.org/bao#BAO_0002921","propLabel":"target organism","propAbbrev":"bao:BAO_0002921","valueURI":"http://www.bioassayontology.org/bao#BAO_0002639","valueLabel":"Chlorocebus aethiops","valueAbbrev":"bao:BAO_0002639","valueDescr":"","groupNest":["http://rdf.pistoia.com/bae#PA_000044"],"groupLabel":["Target Information"],"valueHier":["http://www.bioassayontology.org/bao#BAO_0000362","http://www.bioassayontology.org/bao#BAO_0000510","http://www.bioassayontology.org/bao#BAO_0000659","http://www.bioassayontology.org/bao#BAO_0000509","http://www.bioassayontology.org/bao#BAO_0000658","http://www.bioassayontology.org/bao#BAO_0000551"],"labelHier":["mammalian","vertebrate","metazoa","eukaryote","cellular organisms","organism"]},{"propURI":"http://www.bioassayontology.org/bao#BAO_0002922","propLabel":"assay medium","propAbbrev":"bao:BAO_0002922","valueURI":"http://www.bioassayontology.org/bat#Unknown","valueLabel":"unknown","valueAbbrev":"bat:Unknown","valueDescr":"There should be a term assigned to this property but the value was not specified in the source information.","groupNest":["http://rdf.pistoia.com/bae#PA_000042"],"groupLabel":["Assay Method"],"valueHier":[],"labelHier":[]},{"propURI":"http://www.bioassayontology.org/bao#BAO_0002865","propLabel":"detection instrument","propAbbrev":"bao:BAO_0002865","valueURI":"http://www.bioassayontology.org/bat#Unknown","valueLabel":"unknown","valueAbbrev":"bat:Unknown","valueDescr":"There should be a term assigned to this property but the value was not specified in the source information.","groupNest":["http://rdf.pistoia.com/bae#PA_000043"],"groupLabel":["Detection Details"],"valueHier":[],"labelHier":[]},{"propURI":"http://www.bioassayontology.org/bao#BAO_0000205","propLabel":"assay format","propAbbrev":"bao:BAO_0000205","valueURI":"http://www.bioassayontology.org/bao#BAO_0000219","valueLabel":"cell based format","valueAbbrev":"bao:BAO_0000219","valueDescr":"Involves the use of living cells of eukaryotic origin, derived from a multicellular organism, and is a heterogeneous assay type. Typically, this refers to permanent (immortal) cell lines, or primary cells, or some form of stem cells. This is distinct from a single-celled organism-based format (classically bacteria or yeast).","groupNest":["http://rdf.pistoia.com/bae#PA_000042"],"groupLabel":["Assay Method"],"valueHier":["http://www.bioassayontology.org/bao#BAO_0000019"],"labelHier":["assay format"]},{"propURI":"http://www.bioassayontology.org/bao#BAO_0000208","propLabel":"endpoint","propAbbrev":"bao:BAO_0000208","valueURI":"http://www.bioassayontology.org/bao#BAO_0080024","valueLabel":"binary endpoint","valueAbbrev":"bao:BAO_0080024","valueDescr":"Any result reported as a simple binary assessment, such as 'active/ inactive', 'true/ false', etc.","groupNest":["http://rdf.pistoia.com/bae#PA_000042"],"groupLabel":["Assay Method"],"valueHier":["http://www.bioassayontology.org/bao#BAO_0000179"],"labelHier":["endpoint"]},{"propURI":"http://rdf.pistoia.com/bae#PA_000052","propLabel":"assay screening campaign stage","propAbbrev":"http://rdf.pistoia.com/bae#PA_000052","valueURI":"http://www.bioassayontology.org/bao#BAO_0000623","valueLabel":"compound toxicity assay","valueAbbrev":"bao:BAO_0000623","valueDescr":"This assay is performed to identify compounds that have an ability to kill the cells (cytotoxic).","groupNest":["http://rdf.pistoia.com/bae#PA_000042"],"groupLabel":["Assay Method"],"valueHier":["http://www.bioassayontology.org/bao#BAO_0000803","http://www.bioassayontology.org/bao#BAO_0000032","http://www.bioassayontology.org/bao#BAO_0000029"],"labelHier":["counter screening assay","secondary assay","assay screening campaign stage"]},{"propURI":"http://www.bioassayontology.org/bao#BAO_0002668","propLabel":"incubation time unit","propAbbrev":"bao:BAO_0002668","valueURI":"http://purl.obolibrary.org/obo/UO_0000033","valueLabel":"day","valueAbbrev":"obo:UO_0000033","valueDescr":"A time unit which is equal to 24 hours.","groupNest":["http://rdf.pistoia.com/bae#PA_000042"],"groupLabel":["Assay Method"],"valueHier":["http://purl.obolibrary.org/obo/UO_0000003"],"labelHier":["time unit"]},{"propURI":"http://www.bioassayontology.org/bao#BAO_0000207","propLabel":"physical detection method","propAbbrev":"bao:BAO_0000207","valueURI":"http://www.bioassayontology.org/bao#BAO_0000046","valueLabel":"fluorescence method","valueAbbrev":"bao:BAO_0000046","valueDescr":"Detection techniques that use the principles of fluorescence, whereby incident light excites a fluorophore which then emits light at lower energy (higher wavelength). The emitted light is typically from the visible portion of the UV-Visible spectrum.","groupNest":["http://rdf.pistoia.com/bae#PA_000043"],"groupLabel":["Detection Details"],"valueHier":["http://www.bioassayontology.org/bao#BAO_0000035"],"labelHier":["physical detection method"]}],"annotsRemoved":[{"propURI":"http://www.bioassayontology.org/bao#BAO_0002800","propLabel":"assay cell line","propAbbrev":"bao:BAO_0002800","valueURI":"http://www.bioassayontology.org/bat#NotApplicable","valueLabel":"not applicable","valueAbbrev":"bat:NotApplicable","valueDescr":"This property does not apply to this assay.","groupNest":["http://rdf.pistoia.com/bae#PA_000042"],"groupLabel":["Assay Method"],"valueHier":[],"labelHier":[]}],"labelsAdded":[{"propURI":"http://www.bioassayontology.org/bao#BAO_0001095","valueLabel":"CHEMBL4842458","propAbbrev":"bao:BAO_0001095","groupNest":["http://rdf.pistoia.com/bae#PA_000041"],"propLabel":"external assay ID","groupLabel":["General Information"]},{"propURI":"http://www.bioassayontology.org/bao#BAO_0002837","valueLabel":"5","propAbbrev":"bao:BAO_0002837","groupNest":["http://rdf.pistoia.com/bae#PA_000042"],"propLabel":"incubation time","groupLabel":["Assay Method"]},{"propURI":"http://www.bioassayontology.org/bao#BAO_0002846","valueLabel":"https://pubchem.ncbi.nlm.nih.gov/bioassay/1782690","propAbbrev":"bao:BAO_0002846","groupNest":["http://rdf.pistoia.com/bae#PA_000041"],"propLabel":"assay protocol / source document","groupLabel":["General Information"]},{"propURI":"http://www.bioassayontology.org/bao#BAO_0002846","valueLabel":"https://pubmed.ncbi.nlm.nih.gov/33894564/","propAbbrev":"bao:BAO_0002846","groupNest":["http://rdf.pistoia.com/bae#PA_000041"],"propLabel":"assay protocol / source document","groupLabel":["General Information"]}],"labelsRemoved":[{"propURI":"http://rdf.pistoia.com/bae#PA_000022","valueLabel":"10","propAbbrev":"http://rdf.pistoia.com/bae#PA_000022","groupNest":["http://rdf.pistoia.com/bae#PA_000042"],"propLabel":"perturbagen min concentration","groupLabel":["Assay Method"]}]}],"holdingIDList":[]}