{"assayID":9371,"uniqueID":"pubchemAID:302590","text":"Title: Synthesis, potency, and in vivo profiles of quinoline containing histamine H3 receptor inverse agonists.\n\nAbstract: A new structural series of histamine H3 receptor antagonist was developed. The new compounds are based on a quinoline core, appended with a required basic aminoethyl moiety, and with potency- and property-modulating heterocyclic substituents. The analogs have nanomolar and subnanomolar potency for the rat and human H3R in various in vitro assays, including radioligand competition binding as well as functional tests of H3 receptor-mediated calcium mobilization and GTPgammaS binding. The compounds possessed favorable drug-like properties, such as good PK, CNS penetration, and moderate protein binding across species. Several compounds were found to be efficacious in animal behavioral models of cognition and attention. Further studies on the pharmaceutic properties of this series of quinolines discovered a potential problem with photochemical instability, an issue which contributed to the discontinuation of this series from further development.","schemaURI":"http://www.bioassayontology.org/pistoia#","annotations":[{"propURI":"http://www.bioassayontology.org/bao#BAO_0002852","propLabel":"assay source","propAbbrev":"bao:BAO_0002852","valueURI":"http://www.bioassayontology.org/bao#BAO_0000614","valueLabel":"ChEMBL","valueAbbrev":"bao:BAO_0000614","valueDescr":"It is a public database that contains structure","groupNest":["http://rdf.pistoia.com/bae#PA_000041"],"groupLabel":["General Information"],"valueHier":["http://www.bioassayontology.org/bao#BAO_0000612"],"labelHier":["assay repository"]},{"propURI":"http://rdf.pistoia.com/bae#PA_000004","propLabel":"curation status","propAbbrev":"http://rdf.pistoia.com/bae#PA_000004","valueURI":"http://www.bioassayexpress.org/bae#0000153","valueLabel":"Curated","valueAbbrev":"bae:0000153","valueDescr":"Initial curation by user","groupNest":["http://rdf.pistoia.com/bae#PA_000041"],"groupLabel":["General Information"],"valueHier":["http://rdf.pistoia.com/bae#PA_000032","http://rdf.pistoia.com/bae#PA_000005"],"labelHier":["bha curation status","curation status"]},{"propURI":"http://rdf.pistoia.com/bae#PA_000023","propLabel":"curation project","propAbbrev":"http://rdf.pistoia.com/bae#PA_000023","valueURI":"http://www.bioassayexpress.org/bae#0000386","valueLabel":"DataFAIRy Bioassay Phase 1","valueAbbrev":"bae:0000386","valueDescr":"First Pistoia Alliance DataFAIRYy curation project following pilot phase.","groupNest":["http://rdf.pistoia.com/bae#PA_000041"],"groupLabel":["General Information"],"valueHier":["http://www.bioassayexpress.org/bae#0000385","http://rdf.pistoia.com/bae#PA_000027"],"labelHier":["DataFAIRy Curation Project","curation project"]},{"propURI":"http://www.bioassayontology.org/bao#BAO_0002854","propLabel":"bioassay type","propAbbrev":"bao:BAO_0002854","valueURI":"http://www.bioassayontology.org/bao#BAO_0000009","valueLabel":"ADMET","valueAbbrev":"bao:BAO_0000009","valueDescr":"ADMET stands for absorption, distribution, metabolism, excretion and toxicity. Admet assays are performed for verifying the bio-availability,  toxicity, metabolic stability, and drug-drug interaction potential of drugs: They quantify absorption of drugs in the intestine which is dependent on their solubility; distribution which ascertains their binding to plasma proteins, central nervous system penetration; metabolism where the in vivo clearance is monitored; and finally, toxicity in terms of inhibition of liver cytochrome p450 enzymes or hERG which could cause drug-drug interactions and cardiac arrhythmias, respectively.","groupNest":["http://rdf.pistoia.com/bae#PA_000042"],"groupLabel":["Assay Method"],"valueHier":["http://www.bioassayontology.org/bao#BAO_0000008"],"labelHier":["bioassay type"]},{"propURI":"http://www.bioassayontology.org/bao#BAO_0002855","propLabel":"bioassay","propAbbrev":"bao:BAO_0002855","valueURI":"http://www.bioassayontology.org/bat#Ambiguous","valueLabel":"ambiguous","valueAbbrev":"bat:Ambiguous","valueDescr":"The source information is ambiguous: there are multiple indeterminate possibilities.","groupNest":["http://rdf.pistoia.com/bae#PA_000042"],"groupLabel":["Assay Method"],"valueHier":[],"labelHier":[]},{"propURI":"http://www.bioassayontology.org/bao#BAO_0000205","propLabel":"assay format","propAbbrev":"bao:BAO_0000205","valueURI":"http://www.bioassayontology.org/bao#BAO_0000219","valueLabel":"cell based format","valueAbbrev":"bao:BAO_0000219","valueDescr":"Involves the use of living cells of eukaryotic origin, derived from a multicellular organism, and is a heterogeneous assay type. Typically, this refers to permanent (immortal) cell lines, or primary cells, or some form of stem cells. This is distinct from a single-celled organism-based format (classically bacteria or yeast).","groupNest":["http://rdf.pistoia.com/bae#PA_000042"],"groupLabel":["Assay Method"],"valueHier":["http://www.bioassayontology.org/bao#BAO_0000019"],"labelHier":["assay format"]},{"propURI":"http://www.bioassayontology.org/bao#BAO_0002922","propLabel":"assay medium","propAbbrev":"bao:BAO_0002922","valueURI":"http://www.bioassayontology.org/bat#Unknown","valueLabel":"unknown","valueAbbrev":"bat:Unknown","valueDescr":"There should be a term assigned to this property but the value was not specified in the source information.","groupNest":["http://rdf.pistoia.com/bae#PA_000042"],"groupLabel":["Assay Method"],"valueHier":[],"labelHier":[]},{"propURI":"http://www.bioassayontology.org/bao#BAO_0095009","propLabel":"assay design method","propAbbrev":"bao:BAO_0095009","valueURI":"http://www.bioassayontology.org/bat#Unknown","valueLabel":"unknown","valueAbbrev":"bat:Unknown","valueDescr":"There should be a term assigned to this property but the value was not specified in the source information.","groupNest":["http://rdf.pistoia.com/bae#PA_000042"],"groupLabel":["Assay Method"],"valueHier":[],"labelHier":[]},{"propURI":"http://www.bioassayontology.org/bao#BAO_0002863","propLabel":"concentration throughput","propAbbrev":"bao:BAO_0002863","valueURI":"http://www.bioassayontology.org/bao#BAO_0000536","valueLabel":"single concentration","valueAbbrev":"bao:BAO_0000536","valueDescr":"Multiple measurements (typically three) are preformed at a single concentration. This is often used as a mode of confirmatory screening following a primary screen.","groupNest":["http://rdf.pistoia.com/bae#PA_000042"],"groupLabel":["Assay Method"],"valueHier":["http://www.bioassayontology.org/bao#BAO_0002177"],"labelHier":["concentration throughput"]},{"propURI":"http://www.bioassayontology.org/bao#BAO_0000185","propLabel":"perturbagen type","propAbbrev":"bao:BAO_0000185","valueURI":"http://www.bioassayontology.org/bao#BAO_0000176","valueLabel":"small molecule","valueAbbrev":"bao:BAO_0000176","valueDescr":"Small molecule is an organic compound with a low molecular weight (<800 Da) which is used to screen against a biological target, e.g. protein, nucleic acid, cell or organism  to test its ability to bind it and bring about a change in activity. It is either isolated from a natural source or is synthesized.","groupNest":["http://rdf.pistoia.com/bae#PA_000042"],"groupLabel":["Assay Method"],"valueHier":["http://www.bioassayontology.org/bao#BAO_0000076","http://www.bioassayontology.org/bao#BAO_0003120"],"labelHier":["screened entity","assay screened entity component"]},{"propURI":"http://rdf.pistoia.com/bae#PA_000025","propLabel":"perturbagen max concentration units","propAbbrev":"http://rdf.pistoia.com/bae#PA_000025","valueURI":"http://purl.obolibrary.org/obo/UO_0000064","valueLabel":"micromolar","valueAbbrev":"obo:UO_0000064","valueDescr":"A unit of molarity which is equal to one millionth of a molar or 10^[-6] M.","groupNest":["http://rdf.pistoia.com/bae#PA_000042"],"groupLabel":["Assay Method"],"valueHier":["http://purl.obolibrary.org/obo/UO_0000061","http://purl.obolibrary.org/obo/UO_0000051","http://purl.obolibrary.org/obo/UO_0000000"],"labelHier":["unit of molarity","concentration unit","unit"]},{"propURI":"http://rdf.pistoia.com/bae#PA_000026","propLabel":"perturbagen min concentration units","propAbbrev":"http://rdf.pistoia.com/bae#PA_000026","valueURI":"http://purl.obolibrary.org/obo/UO_0000064","valueLabel":"micromolar","valueAbbrev":"obo:UO_0000064","valueDescr":"A unit of molarity which is equal to one millionth of a molar or 10^[-6] M.","groupNest":["http://rdf.pistoia.com/bae#PA_000042"],"groupLabel":["Assay Method"],"valueHier":["http://purl.obolibrary.org/obo/UO_0000061","http://purl.obolibrary.org/obo/UO_0000051","http://purl.obolibrary.org/obo/UO_0000000"],"labelHier":["unit of molarity","concentration unit","unit"]},{"propURI":"http://www.bioassayontology.org/bao#BAO_0000196","propLabel":"assay mode of action","propAbbrev":"bao:BAO_0000196","valueURI":"http://www.bioassayontology.org/bao#BAO_0080004","valueLabel":"phenotypic mode of action","valueAbbrev":"bao:BAO_0080004","valueDescr":"","groupNest":["http://rdf.pistoia.com/bae#PA_000042"],"groupLabel":["Assay Method"],"valueHier":["http://www.bioassayontology.org/bao#BAO_0000074"],"labelHier":["mode of action"]},{"propURI":"http://www.bioassayontology.org/bao#BAO_0000208","propLabel":"endpoint","propAbbrev":"bao:BAO_0000208","valueURI":"http://www.bioassayontology.org/bao#BAO_0080024","valueLabel":"binary endpoint","valueAbbrev":"bao:BAO_0080024","valueDescr":"Any result reported as a simple binary assessment, such as 'active/ inactive', 'true/ false', etc.","groupNest":["http://rdf.pistoia.com/bae#PA_000042"],"groupLabel":["Assay Method"],"valueHier":["http://www.bioassayontology.org/bao#BAO_0000179"],"labelHier":["endpoint"]},{"propURI":"http://www.bioassayontology.org/bao#BAO_0000207","propLabel":"physical detection method","propAbbrev":"bao:BAO_0000207","valueURI":"http://www.bioassayontology.org/bat#Unknown","valueLabel":"unknown","valueAbbrev":"bat:Unknown","valueDescr":"There should be a term assigned to this property but the value was not specified in the source information.","groupNest":["http://rdf.pistoia.com/bae#PA_000043"],"groupLabel":["Detection Details"],"valueHier":[],"labelHier":[]},{"propURI":"http://www.bioassayontology.org/bao#BAO_0002921","propLabel":"target organism","propAbbrev":"bao:BAO_0002921","valueURI":"http://purl.obolibrary.org/obo/NCBITaxon_10116","valueLabel":"Rattus norvegicus","valueAbbrev":"obo:NCBITaxon_10116","valueDescr":"","groupNest":["http://rdf.pistoia.com/bae#PA_000044"],"groupLabel":["Target Information"],"altLabels":["Rattus rattiscus","Rattus norwegicus","rat","Norway rat","Gunn rats","Rattus norvegicus8","brown rat","rats","Rattus sp. strain Wistar"],"valueHier":["http://www.bioassayontology.org/bao#BAO_0000362","http://www.bioassayontology.org/bao#BAO_0000510","http://www.bioassayontology.org/bao#BAO_0000659","http://www.bioassayontology.org/bao#BAO_0000509","http://www.bioassayontology.org/bao#BAO_0000658","http://www.bioassayontology.org/bao#BAO_0000551"],"labelHier":["mammalian","vertebrate","metazoa","eukaryote","cellular organisms","organism"]},{"propURI":"http://www.bioassayontology.org/bao#BAO_0000211","propLabel":"target type","propAbbrev":"bao:BAO_0000211","valueURI":"http://purl.obolibrary.org/obo/GO_1903726","valueLabel":"negative regulation of phospholipid metabolic process","valueAbbrev":"obo:GO_1903726","valueDescr":"Any process that stops, prevents or reduces the frequency, rate or extent of phospholipid metabolic process.","groupNest":["http://rdf.pistoia.com/bae#PA_000044"],"groupLabel":["Target Information"],"valueHier":["http://purl.obolibrary.org/obo/GO_0045936","http://purl.obolibrary.org/obo/GO_0010563","http://purl.obolibrary.org/obo/GO_0031324","http://purl.obolibrary.org/obo/GO_0009892","http://purl.obolibrary.org/obo/GO_0048519","http://purl.obolibrary.org/obo/GO_0050789","http://purl.obolibrary.org/obo/GO_0065007","http://purl.obolibrary.org/obo/GO_0008150","http://www.bioassayontology.org/bao#BAO_0003114"],"labelHier":["negative regulation of phosphate metabolic process","negative regulation of phosphorus metabolic process","negative regulation of cellular metabolic process","negative regulation of metabolic process","negative regulation of biological process","regulation of biological process","biological regulation","biological process","assay biology component"]},{"propURI":"http://rdf.pistoia.com/bae#PA_000017","propLabel":"inhibitor/stimulator concentration units","propAbbrev":"http://rdf.pistoia.com/bae#PA_000017","valueURI":"http://purl.obolibrary.org/obo/UO_0000064","valueLabel":"micromolar","valueAbbrev":"obo:UO_0000064","valueDescr":"A unit of molarity which is equal to one millionth of a molar or 10^[-6] M.","groupNest":["http://rdf.pistoia.com/bae#PA_000046"],"groupLabel":["Controls"],"valueHier":["http://purl.obolibrary.org/obo/UO_0000061","http://purl.obolibrary.org/obo/UO_0000051","http://purl.obolibrary.org/obo/UO_0000000"],"labelHier":["unit of molarity","concentration unit","unit"]},{"propURI":"http://www.bioassayontology.org/bao#BAO_0002800","propLabel":"assay cell line","propAbbrev":"bao:BAO_0002800","valueURI":"http://www.bioassayontology.org/bat#RequiresTerm","valueLabel":"requires term","valueAbbrev":"bat:RequiresTerm","valueDescr":"An appropriate term could not be found in the underlying ontologies: it may be necessary to create a new one.","groupNest":["http://rdf.pistoia.com/bae#PA_000042"],"groupLabel":["Assay Method"],"valueHier":[],"labelHier":[]},{"propURI":"http://www.bioassayontology.org/bao#BAO_0002853","valueLabel":"In vitro phospholipidosis index at 88 uM compared to amiodarone at 5 uM in hepatocytes","propAbbrev":"bao:BAO_0002853","groupNest":["http://rdf.pistoia.com/bae#PA_000041"],"propLabel":"assay title","groupLabel":["General Information"]},{"propURI":"http://www.bioassayontology.org/bao#BAO_0001095","valueLabel":"AID 302590","propAbbrev":"bao:BAO_0001095","groupNest":["http://rdf.pistoia.com/bae#PA_000041"],"propLabel":"external assay ID","groupLabel":["General Information"]},{"propURI":"http://www.bioassayontology.org/bao#BAO_0001095","valueLabel":"PMID: 17918921","propAbbrev":"bao:BAO_0001095","groupNest":["http://rdf.pistoia.com/bae#PA_000041"],"propLabel":"external assay ID","groupLabel":["General Information"]},{"propURI":"http://www.bioassayontology.org/bao#BAO_0001095","valueLabel":"CHEMBL900899","propAbbrev":"bao:BAO_0001095","groupNest":["http://rdf.pistoia.com/bae#PA_000041"],"propLabel":"external assay ID","groupLabel":["General Information"]},{"propURI":"http://www.bioassayontology.org/bao#BAO_0002825","valueLabel":"2010-05-25","propAbbrev":"bao:BAO_0002825","groupNest":["http://rdf.pistoia.com/bae#PA_000041"],"propLabel":"assay deposition date","groupLabel":["General Information"]},{"propURI":"http://rdf.pistoia.com/bae#PA_000001","valueLabel":"5.1","propAbbrev":"http://rdf.pistoia.com/bae#PA_000001","groupNest":["http://rdf.pistoia.com/bae#PA_000041"],"propLabel":"assay protocol version","groupLabel":["General Information"]},{"propURI":"http://www.bioassayontology.org/bao#BAO_0002846","valueLabel":"https://pubchem.ncbi.nlm.nih.gov/bioassay/302590","propAbbrev":"bao:BAO_0002846","groupNest":["http://rdf.pistoia.com/bae#PA_000041"],"propLabel":"assay protocol / source document","groupLabel":["General Information"]},{"propURI":"http://rdf.pistoia.com/bae#PA_000002","valueLabel":"molcon1mc@gmail.com","propAbbrev":"http://rdf.pistoia.com/bae#PA_000002","groupNest":["http://rdf.pistoia.com/bae#PA_000041"],"propLabel":"curated by (e-mail)","groupLabel":["General Information"]},{"propURI":"http://www.bioassayontology.org/bao#BAO_0002083","valueLabel":"2022-12-14","propAbbrev":"bao:BAO_0002083","groupNest":["http://rdf.pistoia.com/bae#PA_000041"],"propLabel":"curation date","groupLabel":["General Information"]},{"propURI":"http://rdf.pistoia.com/bae#PA_000048","valueLabel":"phospholipidosis","propAbbrev":"http://rdf.pistoia.com/bae#PA_000048","groupNest":["http://rdf.pistoia.com/bae#PA_000047"],"propLabel":"group ID","groupLabel":["Assay Group"]},{"propURI":"http://rdf.pistoia.com/bae#PA_000024","valueLabel":"88","propAbbrev":"http://rdf.pistoia.com/bae#PA_000024","groupNest":["http://rdf.pistoia.com/bae#PA_000042"],"propLabel":"perturbagen max concentration","groupLabel":["Assay Method"]},{"propURI":"http://rdf.pistoia.com/bae#PA_000022","valueLabel":"88","propAbbrev":"http://rdf.pistoia.com/bae#PA_000022","groupNest":["http://rdf.pistoia.com/bae#PA_000042"],"propLabel":"perturbagen min concentration","groupLabel":["Assay Method"]},{"propURI":"http://www.bioassayontology.org/bao#BAO_0000080","valueLabel":"Amiodarone","propAbbrev":"bao:BAO_0000080","groupNest":["http://rdf.pistoia.com/bae#PA_000046"],"propLabel":"inhibitor/stimulator control","groupLabel":["Controls"]},{"propURI":"http://rdf.pistoia.com/bae#PA_000016","valueLabel":"5","propAbbrev":"http://rdf.pistoia.com/bae#PA_000016","groupNest":["http://rdf.pistoia.com/bae#PA_000046"],"propLabel":"inhibitor/stimulator concentration","groupLabel":["Controls"]},{"propURI":"http://www.bioassayontology.org/bao#BAO_0002800","valueLabel":"Hepatocyte [Rattus norvegicus]","propAbbrev":"bao:BAO_0002800","groupNest":["http://rdf.pistoia.com/bae#PA_000042"],"propLabel":"assay cell line","groupLabel":["Assay Method"]},{"propURI":"http://www.bioassayontology.org/bao#BAO_0002846","valueLabel":"https://pubmed.ncbi.nlm.nih.gov/17918921/","propAbbrev":"bao:BAO_0002846","groupNest":["http://rdf.pistoia.com/bae#PA_000041"],"propLabel":"assay protocol / source document","groupLabel":["General Information"]},{"propURI":"http://www.bioassayontology.org/bao#BAO_0002846","valueLabel":"https://www.ebi.ac.uk/chembl/assay_report_card/CHEMBL900899/","propAbbrev":"bao:BAO_0002846","groupNest":["http://rdf.pistoia.com/bae#PA_000041"],"propLabel":"assay protocol / source document","groupLabel":["General Information"]}],"pubchemXRef":[],"curationTime":1673336567125,"curatorID":"google:110844873201058095427","curatorName":"","curatorEmail":"molcon1mc@gmail.com","history":[{"curationTime":1671030872263,"curatorID":"google:110844873201058095427","curatorName":"","curatorEmail":"molcon1mc@gmail.com","uniqueIDPatch":"@@ -1,17 +0,0 @@\n-pubchemAID:302590\n","annotsAdded":[{"propURI":"http://www.bioassayontology.org/bao#BAO_0000196","propLabel":"assay mode of action","propAbbrev":"bao:BAO_0000196","valueURI":"http://www.bioassayontology.org/bao#BAO_0080004","valueLabel":"phenotypic mode of action","valueAbbrev":"bao:BAO_0080004","valueDescr":"","groupNest":["http://rdf.pistoia.com/bae#PA_000042"],"groupLabel":["Assay Method"],"valueHier":["http://www.bioassayontology.org/bao#BAO_0000074"],"labelHier":["mode of action"]},{"propURI":"http://rdf.pistoia.com/bae#PA_000004","propLabel":"curation status","propAbbrev":"http://rdf.pistoia.com/bae#PA_000004","valueURI":"http://www.bioassayexpress.org/bae#0000153","valueLabel":"Curated","valueAbbrev":"bae:0000153","valueDescr":"Initial curation by user","groupNest":["http://rdf.pistoia.com/bae#PA_000041"],"groupLabel":["General Information"],"valueHier":["http://rdf.pistoia.com/bae#PA_000032","http://rdf.pistoia.com/bae#PA_000005"],"labelHier":["bha curation status","curation status"]},{"propURI":"http://www.bioassayontology.org/bao#BAO_0002921","propLabel":"target organism","propAbbrev":"bao:BAO_0002921","valueURI":"http://purl.obolibrary.org/obo/NCBITaxon_10116","valueLabel":"Rattus norvegicus","valueAbbrev":"obo:NCBITaxon_10116","valueDescr":"","groupNest":["http://rdf.pistoia.com/bae#PA_000044"],"groupLabel":["Target Information"],"altLabels":["Rattus rattiscus","Rattus norwegicus","rat","Norway rat","Gunn rats","Rattus norvegicus8","brown rat","rats","Rattus sp. strain Wistar"],"valueHier":["http://www.bioassayontology.org/bao#BAO_0000362","http://www.bioassayontology.org/bao#BAO_0000510","http://www.bioassayontology.org/bao#BAO_0000659","http://www.bioassayontology.org/bao#BAO_0000509","http://www.bioassayontology.org/bao#BAO_0000658","http://www.bioassayontology.org/bao#BAO_0000551"],"labelHier":["mammalian","vertebrate","metazoa","eukaryote","cellular organisms","organism"]},{"propURI":"http://rdf.pistoia.com/bae#PA_000019","propLabel":"neutral  concentration units","propAbbrev":"http://rdf.pistoia.com/bae#PA_000019","valueURI":"http://purl.obolibrary.org/obo/UO_0000064","valueLabel":"micromolar","valueAbbrev":"obo:UO_0000064","valueDescr":"A unit of molarity which is equal to one millionth of a molar or 10^[-6] M.","groupNest":["http://rdf.pistoia.com/bae#PA_000046"],"groupLabel":["Controls"],"valueHier":["http://purl.obolibrary.org/obo/UO_0000061","http://purl.obolibrary.org/obo/UO_0000051","http://purl.obolibrary.org/obo/UO_0000000"],"labelHier":["unit of molarity","concentration unit","unit"]},{"propURI":"http://rdf.pistoia.com/bae#PA_000025","propLabel":"perturbagen max concentration units","propAbbrev":"http://rdf.pistoia.com/bae#PA_000025","valueURI":"http://purl.obolibrary.org/obo/UO_0000064","valueLabel":"micromolar","valueAbbrev":"obo:UO_0000064","valueDescr":"A unit of molarity which is equal to one millionth of a molar or 10^[-6] M.","groupNest":["http://rdf.pistoia.com/bae#PA_000042"],"groupLabel":["Assay Method"],"valueHier":["http://purl.obolibrary.org/obo/UO_0000061","http://purl.obolibrary.org/obo/UO_0000051","http://purl.obolibrary.org/obo/UO_0000000"],"labelHier":["unit of molarity","concentration unit","unit"]},{"propURI":"http://www.bioassayontology.org/bao#BAO_0000211","propLabel":"target type","propAbbrev":"bao:BAO_0000211","valueURI":"http://purl.obolibrary.org/obo/GO_1903726","valueLabel":"negative regulation of phospholipid metabolic process","valueAbbrev":"obo:GO_1903726","valueDescr":"Any process that stops, prevents or reduces the frequency, rate or extent of phospholipid metabolic process.","groupNest":["http://rdf.pistoia.com/bae#PA_000044"],"groupLabel":["Target Information"],"valueHier":["http://purl.obolibrary.org/obo/GO_0045936","http://purl.obolibrary.org/obo/GO_0010563","http://purl.obolibrary.org/obo/GO_0031324","http://purl.obolibrary.org/obo/GO_0009892","http://purl.obolibrary.org/obo/GO_0048519","http://purl.obolibrary.org/obo/GO_0050789","http://purl.obolibrary.org/obo/GO_0065007","http://purl.obolibrary.org/obo/GO_0008150","http://www.bioassayontology.org/bao#BAO_0003114"],"labelHier":["negative regulation of phosphate metabolic process","negative regulation of phosphorus metabolic process","negative regulation of cellular metabolic process","negative regulation of metabolic process","negative regulation of biological process","regulation of biological process","biological regulation","biological process","assay biology component"]},{"propURI":"http://www.bioassayontology.org/bao#BAO_0000185","propLabel":"perturbagen type","propAbbrev":"bao:BAO_0000185","valueURI":"http://www.bioassayontology.org/bao#BAO_0000176","valueLabel":"small molecule","valueAbbrev":"bao:BAO_0000176","valueDescr":"Small molecule is an organic compound with a low molecular weight (<800 Da) which is used to screen against a biological target, e.g. protein, nucleic acid, cell or organism  to test its ability to bind it and bring about a change in activity. It is either isolated from a natural source or is synthesized.","groupNest":["http://rdf.pistoia.com/bae#PA_000042"],"groupLabel":["Assay Method"],"valueHier":["http://www.bioassayontology.org/bao#BAO_0000076","http://www.bioassayontology.org/bao#BAO_0003120"],"labelHier":["screened entity","assay screened entity component"]},{"propURI":"http://www.bioassayontology.org/bao#BAO_0002852","propLabel":"assay source","propAbbrev":"bao:BAO_0002852","valueURI":"http://www.bioassayontology.org/bao#BAO_0000614","valueLabel":"ChEMBL","valueAbbrev":"bao:BAO_0000614","valueDescr":"It is a public database that contains structure","groupNest":["http://rdf.pistoia.com/bae#PA_000041"],"groupLabel":["General Information"],"valueHier":["http://www.bioassayontology.org/bao#BAO_0000612"],"labelHier":["assay repository"]},{"propURI":"http://www.bioassayontology.org/bao#BAO_0095009","propLabel":"assay design method","propAbbrev":"bao:BAO_0095009","valueURI":"http://www.bioassayontology.org/bat#Unknown","valueLabel":"unknown","valueAbbrev":"bat:Unknown","valueDescr":"There should be a term assigned to this property but the value was not specified in the source information.","groupNest":["http://rdf.pistoia.com/bae#PA_000042"],"groupLabel":["Assay Method"],"valueHier":[],"labelHier":[]},{"propURI":"http://www.bioassayontology.org/bao#BAO_0002854","propLabel":"bioassay type","propAbbrev":"bao:BAO_0002854","valueURI":"http://www.bioassayontology.org/bao#BAO_0000009","valueLabel":"ADMET","valueAbbrev":"bao:BAO_0000009","valueDescr":"ADMET stands for absorption, distribution, metabolism, excretion and toxicity. Admet assays are performed for verifying the bio-availability,  toxicity, metabolic stability, and drug-drug interaction potential of drugs: They quantify absorption of drugs in the intestine which is dependent on their solubility; distribution which ascertains their binding to plasma proteins, central nervous system penetration; metabolism where the in vivo clearance is monitored; and finally, toxicity in terms of inhibition of liver cytochrome p450 enzymes or hERG which could cause drug-drug interactions and cardiac arrhythmias, respectively.","groupNest":["http://rdf.pistoia.com/bae#PA_000042"],"groupLabel":["Assay Method"],"valueHier":["http://www.bioassayontology.org/bao#BAO_0000008"],"labelHier":["bioassay type"]},{"propURI":"http://www.bioassayontology.org/bao#BAO_0002922","propLabel":"assay medium","propAbbrev":"bao:BAO_0002922","valueURI":"http://www.bioassayontology.org/bat#Unknown","valueLabel":"unknown","valueAbbrev":"bat:Unknown","valueDescr":"There should be a term assigned to this property but the value was not specified in the source information.","groupNest":["http://rdf.pistoia.com/bae#PA_000042"],"groupLabel":["Assay Method"],"valueHier":[],"labelHier":[]},{"propURI":"http://www.bioassayontology.org/bao#BAO_0002855","propLabel":"bioassay","propAbbrev":"bao:BAO_0002855","valueURI":"http://www.bioassayontology.org/bat#Ambiguous","valueLabel":"ambiguous","valueAbbrev":"bat:Ambiguous","valueDescr":"The source information is ambiguous: there are multiple indeterminate possibilities.","groupNest":["http://rdf.pistoia.com/bae#PA_000042"],"groupLabel":["Assay Method"],"valueHier":[],"labelHier":[]},{"propURI":"http://www.bioassayontology.org/bao#BAO_0000207","propLabel":"physical detection method","propAbbrev":"bao:BAO_0000207","valueURI":"http://www.bioassayontology.org/bat#Unknown","valueLabel":"unknown","valueAbbrev":"bat:Unknown","valueDescr":"There should be a term assigned to this property but the value was not specified in the source information.","groupNest":["http://rdf.pistoia.com/bae#PA_000043"],"groupLabel":["Detection Details"],"valueHier":[],"labelHier":[]},{"propURI":"http://www.bioassayontology.org/bao#BAO_0000205","propLabel":"assay format","propAbbrev":"bao:BAO_0000205","valueURI":"http://www.bioassayontology.org/bao#BAO_0000219","valueLabel":"cell based format","valueAbbrev":"bao:BAO_0000219","valueDescr":"Involves the use of living cells of eukaryotic origin, derived from a multicellular organism, and is a heterogeneous assay type. Typically, this refers to permanent (immortal) cell lines, or primary cells, or some form of stem cells. This is distinct from a single-celled organism-based format (classically bacteria or yeast).","groupNest":["http://rdf.pistoia.com/bae#PA_000042"],"groupLabel":["Assay Method"],"valueHier":["http://www.bioassayontology.org/bao#BAO_0000019"],"labelHier":["assay format"]},{"propURI":"http://www.bioassayontology.org/bao#BAO_0002800","propLabel":"assay cell line","propAbbrev":"bao:BAO_0002800","valueURI":"http://purl.obolibrary.org/obo/BTO_0000575","valueLabel":"hepatocyte","valueAbbrev":"obo:BTO_0000575","valueDescr":"The major cell type of the liver. They are arranged in folded sheets facing blood-filled spaces called sinusoids. Hepatocytes are responsible for the synthesis, degradation, and storage of a wide range of substances. They are the site of synthesis of all the plasma proteins, except for antibody, and are the site of storage of glycogen.","groupNest":["http://rdf.pistoia.com/bae#PA_000042"],"groupLabel":["Assay Method"],"valueHier":["http://dto.org/DTO/DTO_000"],"labelHier":["BRENDA tissues and cell lines"]},{"propURI":"http://rdf.pistoia.com/bae#PA_000026","propLabel":"perturbagen min concentration units","propAbbrev":"http://rdf.pistoia.com/bae#PA_000026","valueURI":"http://purl.obolibrary.org/obo/UO_0000064","valueLabel":"micromolar","valueAbbrev":"obo:UO_0000064","valueDescr":"A unit of molarity which is equal to one millionth of a molar or 10^[-6] M.","groupNest":["http://rdf.pistoia.com/bae#PA_000042"],"groupLabel":["Assay Method"],"valueHier":["http://purl.obolibrary.org/obo/UO_0000061","http://purl.obolibrary.org/obo/UO_0000051","http://purl.obolibrary.org/obo/UO_0000000"],"labelHier":["unit of molarity","concentration unit","unit"]},{"propURI":"http://www.bioassayontology.org/bao#BAO_0000208","propLabel":"endpoint","propAbbrev":"bao:BAO_0000208","valueURI":"http://www.bioassayontology.org/bao#BAO_0080024","valueLabel":"binary endpoint","valueAbbrev":"bao:BAO_0080024","valueDescr":"Any result reported as a simple binary assessment, such as 'active/ inactive', 'true/ false', etc.","groupNest":["http://rdf.pistoia.com/bae#PA_000042"],"groupLabel":["Assay Method"],"valueHier":["http://www.bioassayontology.org/bao#BAO_0000179"],"labelHier":["endpoint"]},{"propURI":"http://rdf.pistoia.com/bae#PA_000023","propLabel":"curation project","propAbbrev":"http://rdf.pistoia.com/bae#PA_000023","valueURI":"http://www.bioassayexpress.org/bae#0000386","valueLabel":"DataFAIRy Bioassay Phase 1","valueAbbrev":"bae:0000386","valueDescr":"First Pistoia Alliance DataFAIRYy curation project following pilot phase.","groupNest":["http://rdf.pistoia.com/bae#PA_000041"],"groupLabel":["General Information"],"valueHier":["http://www.bioassayexpress.org/bae#0000385","http://rdf.pistoia.com/bae#PA_000027"],"labelHier":["DataFAIRy Curation Project","curation project"]},{"propURI":"http://www.bioassayontology.org/bao#BAO_0002863","propLabel":"concentration throughput","propAbbrev":"bao:BAO_0002863","valueURI":"http://www.bioassayontology.org/bao#BAO_0000536","valueLabel":"single concentration","valueAbbrev":"bao:BAO_0000536","valueDescr":"Multiple measurements (typically three) are preformed at a single concentration. This is often used as a mode of confirmatory screening following a primary screen.","groupNest":["http://rdf.pistoia.com/bae#PA_000042"],"groupLabel":["Assay Method"],"valueHier":["http://www.bioassayontology.org/bao#BAO_0002177"],"labelHier":["concentration throughput"]}],"annotsRemoved":[],"labelsAdded":[{"propURI":"http://www.bioassayontology.org/bao#BAO_0001095","valueLabel":"PMID: 17918921","propAbbrev":"bao:BAO_0001095","groupNest":["http://rdf.pistoia.com/bae#PA_000041"],"propLabel":"external assay ID","groupLabel":["General Information"]},{"propURI":"http://www.bioassayontology.org/bao#BAO_0001095","valueLabel":"AID 302590","propAbbrev":"bao:BAO_0001095","groupNest":["http://rdf.pistoia.com/bae#PA_000041"],"propLabel":"external assay ID","groupLabel":["General Information"]},{"propURI":"http://rdf.pistoia.com/bae#PA_000002","valueLabel":"molcon1mc@gmail.com","propAbbrev":"http://rdf.pistoia.com/bae#PA_000002","groupNest":["http://rdf.pistoia.com/bae#PA_000041"],"propLabel":"curated by (e-mail)","groupLabel":["General Information"]},{"propURI":"http://www.bioassayontology.org/bao#BAO_0002825","valueLabel":"2010-05-25","propAbbrev":"bao:BAO_0002825","groupNest":["http://rdf.pistoia.com/bae#PA_000041"],"propLabel":"assay deposition date","groupLabel":["General Information"]},{"propURI":"http://www.bioassayontology.org/bao#BAO_0002846","valueLabel":"https://pubchem.ncbi.nlm.nih.gov/bioassay/302590","propAbbrev":"bao:BAO_0002846","groupNest":["http://rdf.pistoia.com/bae#PA_000041"],"propLabel":"assay protocol / source document","groupLabel":["General Information"]},{"propURI":"http://rdf.pistoia.com/bae#PA_000018","valueLabel":"5","propAbbrev":"http://rdf.pistoia.com/bae#PA_000018","groupNest":["http://rdf.pistoia.com/bae#PA_000046"],"propLabel":"neutral concentration","groupLabel":["Controls"]},{"propURI":"http://www.bioassayontology.org/bao#BAO_0002853","valueLabel":"In vitro phospholipidosis index at 88 uM compared to amiodarone at 5 uM in hepatocytes","propAbbrev":"bao:BAO_0002853","groupNest":["http://rdf.pistoia.com/bae#PA_000041"],"propLabel":"assay title","groupLabel":["General Information"]},{"propURI":"http://rdf.pistoia.com/bae#PA_000024","valueLabel":"88","propAbbrev":"http://rdf.pistoia.com/bae#PA_000024","groupNest":["http://rdf.pistoia.com/bae#PA_000042"],"propLabel":"perturbagen max concentration","groupLabel":["Assay Method"]},{"propURI":"http://www.bioassayontology.org/bao#BAO_0000079","valueLabel":"Amiodarone","propAbbrev":"bao:BAO_0000079","groupNest":["http://rdf.pistoia.com/bae#PA_000046"],"propLabel":"neutral control","groupLabel":["Controls"]},{"propURI":"http://rdf.pistoia.com/bae#PA_000001","valueLabel":"5.1","propAbbrev":"http://rdf.pistoia.com/bae#PA_000001","groupNest":["http://rdf.pistoia.com/bae#PA_000041"],"propLabel":"assay protocol version","groupLabel":["General Information"]},{"propURI":"http://www.bioassayontology.org/bao#BAO_0001095","valueLabel":"CHEMBL900899","propAbbrev":"bao:BAO_0001095","groupNest":["http://rdf.pistoia.com/bae#PA_000041"],"propLabel":"external assay ID","groupLabel":["General Information"]},{"propURI":"http://www.bioassayontology.org/bao#BAO_0002083","valueLabel":"2022-12-14","propAbbrev":"bao:BAO_0002083","groupNest":["http://rdf.pistoia.com/bae#PA_000041"],"propLabel":"curation date","groupLabel":["General Information"]},{"propURI":"http://rdf.pistoia.com/bae#PA_000048","valueLabel":"phospholipidosis","propAbbrev":"http://rdf.pistoia.com/bae#PA_000048","groupNest":["http://rdf.pistoia.com/bae#PA_000047"],"propLabel":"group ID","groupLabel":["Assay Group"]},{"propURI":"http://rdf.pistoia.com/bae#PA_000022","valueLabel":"88","propAbbrev":"http://rdf.pistoia.com/bae#PA_000022","groupNest":["http://rdf.pistoia.com/bae#PA_000042"],"propLabel":"perturbagen min concentration","groupLabel":["Assay Method"]}],"labelsRemoved":[]},{"curationTime":1671171056367,"curatorID":"google:110844873201058095427","curatorName":"","curatorEmail":"molcon1mc@gmail.com","annotsAdded":[{"propURI":"http://rdf.pistoia.com/bae#PA_000017","propLabel":"inhibitor/stimulator concentration units","propAbbrev":"http://rdf.pistoia.com/bae#PA_000017","valueURI":"http://purl.obolibrary.org/obo/UO_0000064","valueLabel":"micromolar","valueAbbrev":"obo:UO_0000064","valueDescr":"A unit of molarity which is equal to one millionth of a molar or 10^[-6] M.","groupNest":["http://rdf.pistoia.com/bae#PA_000046"],"groupLabel":["Controls"],"valueHier":["http://purl.obolibrary.org/obo/UO_0000061","http://purl.obolibrary.org/obo/UO_0000051","http://purl.obolibrary.org/obo/UO_0000000"],"labelHier":["unit of molarity","concentration unit","unit"]}],"annotsRemoved":[{"propURI":"http://rdf.pistoia.com/bae#PA_000019","propLabel":"neutral  concentration units","propAbbrev":"http://rdf.pistoia.com/bae#PA_000019","valueURI":"http://purl.obolibrary.org/obo/UO_0000064","valueLabel":"micromolar","valueAbbrev":"obo:UO_0000064","valueDescr":"A unit of molarity which is equal to one millionth of a molar or 10^[-6] M.","groupNest":["http://rdf.pistoia.com/bae#PA_000046"],"groupLabel":["Controls"],"valueHier":["http://purl.obolibrary.org/obo/UO_0000061","http://purl.obolibrary.org/obo/UO_0000051","http://purl.obolibrary.org/obo/UO_0000000"],"labelHier":["unit of molarity","concentration unit","unit"]}],"labelsAdded":[{"propURI":"http://rdf.pistoia.com/bae#PA_000016","valueLabel":"5","propAbbrev":"http://rdf.pistoia.com/bae#PA_000016","groupNest":["http://rdf.pistoia.com/bae#PA_000046"],"propLabel":"inhibitor/stimulator concentration","groupLabel":["Controls"]},{"propURI":"http://www.bioassayontology.org/bao#BAO_0000080","valueLabel":"Amiodarone","propAbbrev":"bao:BAO_0000080","groupNest":["http://rdf.pistoia.com/bae#PA_000046"],"propLabel":"inhibitor/stimulator control","groupLabel":["Controls"]}],"labelsRemoved":[{"propURI":"http://rdf.pistoia.com/bae#PA_000018","valueLabel":"5","propAbbrev":"http://rdf.pistoia.com/bae#PA_000018","groupNest":["http://rdf.pistoia.com/bae#PA_000046"],"propLabel":"neutral concentration","groupLabel":["Controls"]},{"propURI":"http://www.bioassayontology.org/bao#BAO_0000079","valueLabel":"Amiodarone","propAbbrev":"bao:BAO_0000079","groupNest":["http://rdf.pistoia.com/bae#PA_000046"],"propLabel":"neutral control","groupLabel":["Controls"]}]},{"curationTime":1672831756096,"curatorID":"google:110844873201058095427","curatorName":"","curatorEmail":"molcon1mc@gmail.com","annotsAdded":[{"propURI":"http://www.bioassayontology.org/bao#BAO_0002800","propLabel":"assay cell line","propAbbrev":"bao:BAO_0002800","valueURI":"http://www.bioassayontology.org/bat#RequiresTerm","valueLabel":"requires term","valueAbbrev":"bat:RequiresTerm","valueDescr":"An appropriate term could not be found in the underlying ontologies: it may be necessary to create a new one.","groupNest":["http://rdf.pistoia.com/bae#PA_000042"],"groupLabel":["Assay Method"],"valueHier":[],"labelHier":[]}],"annotsRemoved":[{"propURI":"http://www.bioassayontology.org/bao#BAO_0002800","propLabel":"assay cell line","propAbbrev":"bao:BAO_0002800","valueURI":"http://purl.obolibrary.org/obo/BTO_0000575","valueLabel":"hepatocyte","valueAbbrev":"obo:BTO_0000575","valueDescr":"The major cell type of the liver. They are arranged in folded sheets facing blood-filled spaces called sinusoids. Hepatocytes are responsible for the synthesis, degradation, and storage of a wide range of substances. They are the site of synthesis of all the plasma proteins, except for antibody, and are the site of storage of glycogen.","groupNest":["http://rdf.pistoia.com/bae#PA_000042"],"groupLabel":["Assay Method"],"valueHier":["http://dto.org/DTO/DTO_000"],"labelHier":["BRENDA tissues and cell lines"]}],"labelsAdded":[{"propURI":"http://www.bioassayontology.org/bao#BAO_0002800","valueLabel":"Hepatocyte [Rattus norvegicus]","propAbbrev":"bao:BAO_0002800","groupNest":["http://rdf.pistoia.com/bae#PA_000042"],"propLabel":"assay cell line","groupLabel":["Assay Method"]}],"labelsRemoved":[]},{"curationTime":1672910202907,"curatorID":"google:110844873201058095427","curatorName":"","curatorEmail":"molcon1mc@gmail.com","annotsAdded":[],"annotsRemoved":[],"labelsAdded":[{"propURI":"http://www.bioassayontology.org/bao#BAO_0002846","valueLabel":"https://pubmed.ncbi.nlm.nih.gov/17918921/","propAbbrev":"bao:BAO_0002846","groupNest":["http://rdf.pistoia.com/bae#PA_000041"],"propLabel":"assay protocol / source document","groupLabel":["General Information"]},{"propURI":"http://www.bioassayontology.org/bao#BAO_0002846","valueLabel":"https://www.ebi.ac.uk/chembl/assay_report_card/CHEMBL900899/","propAbbrev":"bao:BAO_0002846","groupNest":["http://rdf.pistoia.com/bae#PA_000041"],"propLabel":"assay protocol / source document","groupLabel":["General Information"]}],"labelsRemoved":[]},{"curationTime":1673336567125,"curatorID":"google:110844873201058095427","curatorName":"","curatorEmail":"molcon1mc@gmail.com","textPatch":"@@ -1,1077 +0,0 @@\n-Title: Synthesis, potency, and in vivo profiles of quinoline containing histamine H3 receptor inverse agonists.%0A%0AAbstract: A new structural series of histamine H3 receptor antagonist was developed. The new compounds are based on a quinoline core, appended with a required basic aminoethyl moiety, and with potency- and property-modulating heterocyclic substituents. The analogs have nanomolar and subnanomolar potency for the rat and human H3R in various in vitro assays, including radioligand competition binding as well as functional tests of H3 receptor-mediated calcium mobilization and GTPgammaS binding. The compounds possessed favorable drug-like properties, such as good PK, CNS penetration, and moderate protein binding across species. Several compounds were found to be efficacious in animal behavioral models of cognition and attention. Further studies on the pharmaceutic properties of this series of quinolines discovered a potential problem with photochemical instability, an issue which contributed to the discontinuation of this series from further development.\n","annotsAdded":[],"annotsRemoved":[],"labelsAdded":[],"labelsRemoved":[]}],"holdingIDList":[]}