{"assayID":4770,"uniqueID":"pubchemAID:602357","text":"FLuc inhibitory activity for the follow-up compounds in a biochemical assay with Km concentrations of substrate\n\nNCGC Assay Overview:  \n\nFirefly (Photinus pyralis) luciferase is one of the most commonly used transcriptional reporters. It is considered one of the more dynamically responsive reporters - that is, responsive to changes in reporter transcription - as it requires no post-translational modifications and is enzymatically active directly after protein synthesis (Wood, 1998). With no endogenous expression in mammalian cells and without the requirement of external excitation, it offers very little background signal, thus generally providing excellent signal to background for most assays.\n\nPrevious profiling work to determine the prevalence of compounds that affect FLuc enzymatic activity (PubChem AID 411) identified that ~3% of the MLSMR library (then at ~72K) inhibited FLuc. The MLSMR library was again profiled at a later date (when the library contained significantly more compounds - ~350K) for FLuc activity in a biochemical assay using purified FLuc in the presence of KM concentrations of substrates (D-LH2 and ATP), in an effort to identify compounds in the library that may act as competitive inhibitors. Of the compounds identified in this profile that inhibited FLuc, 151 compounds were selected for further analysis, in an effort to better understand their mode of inhibiting FLuc.  The assay described here confirms the FLuc inhibitory activity of the 151 compounds. \n\nNCGC Assay Protocol Summary:\n\nReagents: 50mM Tris acetate, pH 7.5; 10mM Mg acetate; 10uM D-luciferin (Sigma #L9504); 10uM ATP; 0.01% Tween-20; 0.05% BSA; 10nM P. pyralis luciferase (Sigma #L9506)\nControl compounds used were two known firefly luciferase inhibitors (3-(5-(3-chlorophenyl)-1,2,4-oxadiazol-3-yl)benzoic acid and 5-(2-fluorophenyl)-3-phenyl-1,2,4-oxadiazole), and DMSO.\n\nThree microliters containing firefly luciferase substrates in buffer (final concentrations: 50mM Tris acetate, pH 7.5, 10mM Mg acetate, 0.01% Tween-20, 0.05% BSA, 10uM D-luciferin, and 10uM ATP) are dispensed into each well of a Greiner white, solid-bottom 1536-well format plate using a flying reagent dispenser (FRD). These assay plates were then treated with 23nL of compound or DMSO using a Kalypsys pin tool, which allows for delivery of a 12-point intraplate titration of each compound to the assay plate (quantitative HTS), with a final compound concentrations ranging from approximately ~60uM to 0.3nM. One microliter of firefly luciferase in 500mM Tris-acetate buffer was then delivered by FRD to each well for a final enzyme concentration of 10nM. Luciferase activity was then measured using a ViewLux CCD imager (PerkinElmer), with an average exposure time of 2-30 seconds (2X binning, medium/high gain).","schemaURI":"http://www.bioassayontology.org/bas#","annotations":[{"propURI":"http://www.bioassayontology.org/bao#BAO_0002855","propLabel":"bioassay","propAbbrev":"bao:BAO_0002855","valueURI":"http://www.bioassayontology.org/bao#BAO_0002735","valueLabel":"luciferase enzyme activity assay","valueAbbrev":"bao:BAO_0002735","valueDescr":"","groupNest":[],"groupLabel":[],"valueHier":["http://www.bioassayontology.org/bao#BAO_0002792","http://www.bioassayontology.org/bao#BAO_0002994","http://www.bioassayontology.org/bao#BAO_0000015"],"labelHier":["oxidoreductase activity assay","enzyme activity assay","bioassay"]},{"propURI":"http://www.bioassayontology.org/bao#BAO_0002854","propLabel":"bioassay type","propAbbrev":"bao:BAO_0002854","valueURI":"http://www.bioassayontology.org/bao#BAO_0000010","valueLabel":"functional","valueAbbrev":"bao:BAO_0000010","valueDescr":"An assay where the measured signal corresponds to a complex response such as cell survival, proliferation, localization of a protein, nuclear translocation etc. The molecular target is not assumed.","groupNest":[],"groupLabel":[],"valueHier":["http://www.bioassayontology.org/bao#BAO_0000008"],"labelHier":["bioassay type"]},{"propURI":"http://www.bioassayontology.org/bao#BAO_0002867","propLabel":"assay footprint","propAbbrev":"bao:BAO_0002867","valueURI":"http://www.bioassayontology.org/bao#BAO_0000516","valueLabel":"1536 well plate","valueAbbrev":"bao:BAO_0000516","valueDescr":"This microplate contains 1536 wells. It is highly miniaturized to accommodate more wells on one plate which reduces the plate handling time and allows working with very small volumes (few microliters) that reduces the cost of an assay.","groupNest":[],"groupLabel":[],"valueHier":["http://www.bioassayontology.org/bao#BAO_0000508","http://www.bioassayontology.org/bao#BAO_0000512"],"labelHier":["microplate","assay footprint"]},{"propURI":"http://www.bioassayontology.org/bao#BAO_0002874","propLabel":"units","propAbbrev":"bao:BAO_0002874","valueURI":"http://purl.obolibrary.org/obo/UO_0000064","valueLabel":"micromolar","valueAbbrev":"obo:UO_0000064","valueDescr":"A unit of molarity which is equal to one millionth of a molar or 10^[-6] M.","groupNest":["http://www.bioassayontology.org/bao#BAX_0000017"],"groupLabel":["measurement"],"valueHier":["http://purl.obolibrary.org/obo/UO_0000061","http://purl.obolibrary.org/obo/UO_0000051","http://purl.obolibrary.org/obo/UO_0000000"],"labelHier":["unit of molarity","concentration unit","unit"]},{"propURI":"http://www.bioassayontology.org/bao#BAO_0002921","propLabel":"organism","propAbbrev":"bao:BAO_0002921","valueURI":"http://purl.obolibrary.org/obo/NCBITaxon_7054","valueLabel":"Photinus pyralis","valueAbbrev":"obo:NCBITaxon_7054","valueDescr":"","groupNest":[],"groupLabel":[],"altLabels":["common eastern firefly","North American firefly"],"valueHier":["http://www.bioassayontology.org/bao#BAO_0000511","http://www.bioassayontology.org/bao#BAO_0000659","http://www.bioassayontology.org/bao#BAO_0000509","http://www.bioassayontology.org/bao#BAO_0000658","http://www.bioassayontology.org/bao#BAO_0000551"],"labelHier":["invertebrate","metazoa","eukaryote","cellular organisms","organism"]},{"propURI":"http://www.bioassayontology.org/bao#BAO_0000185","propLabel":"perturbagen type","propAbbrev":"bao:BAO_0000185","valueURI":"http://www.bioassayontology.org/bao#BAO_0000733","valueLabel":"MLSMR library","valueAbbrev":"bao:BAO_0000733","valueDescr":"","groupNest":[],"groupLabel":[],"valueHier":["http://www.bioassayontology.org/bao#BAO_0000648","http://www.bioassayontology.org/bao#BAO_0000661","http://www.bioassayontology.org/bao#BAO_0003120"],"labelHier":["compound library","perturbagen library","assay screened entity component"]},{"propURI":"http://www.bioassayontology.org/bao#BAO_0000196","propLabel":"assay mode of action","propAbbrev":"bao:BAO_0000196","valueURI":"http://www.bioassayontology.org/bao#BAO_0000091","valueLabel":"inhibition","valueAbbrev":"bao:BAO_0000091","valueDescr":"Reduction of a predefined stimulus. Unit of Measure is always % when normalized to the dynamic range of the assay.","groupNest":[],"groupLabel":[],"valueHier":["http://www.bioassayontology.org/bao#BAO_0000084","http://www.bioassayontology.org/bao#BAO_0000074"],"labelHier":["ligand function mode of action","mode of action"]},{"propURI":"http://www.bioassayontology.org/bao#BAO_0002800","propLabel":"assay cell line","propAbbrev":"bao:BAO_0002800","valueURI":"http://www.bioassayontology.org/bat#NotApplicable","valueLabel":"not applicable","valueAbbrev":"bat:NotApplicable","valueDescr":"This property does not apply to this assay.","groupNest":[],"groupLabel":[],"valueHier":[],"labelHier":[]},{"propURI":"http://www.bioassayontology.org/bao#BAO_0000211","propLabel":"target","propAbbrev":"bao:BAO_0000211","valueURI":"http://www.bioassayontology.org/bao#BAO_0003047","valueLabel":"luciferase gene","valueAbbrev":"bao:BAO_0003047","valueDescr":"","groupNest":[],"groupLabel":[],"valueHier":["http://www.bioassayontology.org/bao#BAO_0000582","http://www.bioassayontology.org/bao#BAO_0003111"],"labelHier":["gene","biological macromolecule"]},{"propURI":"http://www.bioassayontology.org/bao#BAO_0000211","propLabel":"target","propAbbrev":"bao:BAO_0000211","valueURI":"http://www.bioassayontology.org/bat#SeeGeneID","valueLabel":"see Gene ID","valueAbbrev":"bat:SeeGeneID","valueDescr":"The target is present in the Gene ID section, but needs to be mapped to a formal ontology.","groupNest":[],"groupLabel":[],"valueHier":["http://www.bioassayontology.org/bat#SeeAlso"],"labelHier":["see also"]},{"propURI":"http://www.bioassayontology.org/bao#BAO_0002848","propLabel":"applies to disease","propAbbrev":"bao:BAO_0002848","valueURI":"http://www.bioassayontology.org/bat#NotApplicable","valueLabel":"not applicable","valueAbbrev":"bat:NotApplicable","valueDescr":"This property does not apply to this assay.","groupNest":[],"groupLabel":[],"valueHier":[],"labelHier":[]},{"propURI":"http://www.bioassayontology.org/bao#BAO_0002009","propLabel":"biological process","propAbbrev":"bao:BAO_0002009","valueURI":"http://www.bioassayontology.org/bat#NotApplicable","valueLabel":"not applicable","valueAbbrev":"bat:NotApplicable","valueDescr":"This property does not apply to this assay.","groupNest":[],"groupLabel":[],"valueHier":[],"labelHier":[]},{"propURI":"http://www.bioassayontology.org/bao#BAO_0000207","propLabel":"physical detection method","propAbbrev":"bao:BAO_0000207","valueURI":"http://www.bioassayontology.org/bao#BAO_0000050","valueLabel":"bioluminescence","valueAbbrev":"bao:BAO_0000050","valueDescr":"Bioluminescence refers to the production and emission of light by a living organism. Bioluminescence is a naturally occurring form of chemiluminescence whereby energy is released by a chemical reaction in the form of light emission. The chemical reaction can occur either inside or outside the cell, and can be detected using a plate reader or a charge-coupled device (CCD) camera.","groupNest":[],"groupLabel":[],"valueHier":["http://www.bioassayontology.org/bao#BAO_0000045","http://www.bioassayontology.org/bao#BAO_0000035"],"labelHier":["luminescence method","physical detection method"]},{"propURI":"http://www.bioassayontology.org/bao#BAO_0000210","propLabel":"screening campaign stage","propAbbrev":"bao:BAO_0000210","valueURI":"http://www.bioassayontology.org/bao#BAO_0000030","valueLabel":"confirmatory assay","valueAbbrev":"bao:BAO_0000030","valueDescr":"Assay performed to confirm activity of compounds identified in the primary screen.  It can be performed as replicate measurements at a single screening concentration or as concentration-response assay.","groupNest":[],"groupLabel":[],"valueHier":["http://www.bioassayontology.org/bao#BAO_0000029"],"labelHier":["assay screening campaign stage"]},{"propURI":"http://www.bioassayontology.org/bao#BAX_0000012","propLabel":"protein identity","propAbbrev":"bao:BAX_0000012","valueURI":"http://www.bioassayontology.org/protein#160794","valueLabel":"Luciferase [Photinus pyralis]","valueAbbrev":"protein:160794","valueDescr":"Protein: Luciferase [Photinus pyralis], Organism: Photinus pyralis","groupNest":[],"groupLabel":[],"externalURLs":["https://www.ncbi.nlm.nih.gov/protein/160794"],"valueHier":["http://www.bioassayontology.org/taxon#7054","http://www.bioassayontology.org/taxon#433514","http://www.bioassayontology.org/taxon#41087","http://www.bioassayontology.org/taxon#7041","http://www.bioassayontology.org/taxon#33392","http://www.bioassayontology.org/taxon#197563","http://www.bioassayontology.org/taxon#88770","http://www.bioassayontology.org/taxon#1206794","http://www.bioassayontology.org/taxon#33317","http://www.bioassayontology.org/taxon#33213","http://www.bioassayontology.org/taxon#33208","http://www.bioassayontology.org/taxon#33154","http://www.bioassayontology.org/taxon#2759","http://www.bioassayontology.org/taxon#131567","http://www.bioassayontology.org/taxon#Root"],"labelHier":["Photinus pyralis","Lampyrinae / Photinus","Elateriformia / Elateroidea / Lampyridae","Coleoptera / Polyphaga","Holometabola","Mandibulata / Pancrustacea / Hexapoda / Insecta / Dicondylia / Pterygota / Neoptera","Panarthropoda / Arthropoda","Ecdysozoa","Protostomia","Bilateria","Metazoa / Eumetazoa","Opisthokonta","Eukaryota","cellular organisms","Faux ProteinID"]},{"propURI":"http://www.bioassayontology.org/bao#BAO_0002865","propLabel":"detection instrument","propAbbrev":"bao:BAO_0002865","valueURI":"http://www.bioassayontology.org/bao#BAO_0001046","valueLabel":"ViewLux CCD Imager","valueAbbrev":"bao:BAO_0001046","valueDescr":"","groupNest":[],"groupLabel":[],"valueHier":["http://www.bioassayontology.org/bao#BAO_0000697"],"labelHier":["detection instrument"]},{"propURI":"http://www.bioassayontology.org/bao#BAO_0002663","propLabel":"assay kit","propAbbrev":"bao:BAO_0002663","valueURI":"http://www.bioassayontology.org/bat#NotApplicable","valueLabel":"not applicable","valueAbbrev":"bat:NotApplicable","valueDescr":"This property does not apply to this assay.","groupNest":[],"groupLabel":[],"valueHier":[],"labelHier":[]},{"propURI":"http://www.bioassayontology.org/bao#BAO_0095009","propLabel":"assay design method","propAbbrev":"bao:BAO_0095009","valueURI":"http://www.bioassayontology.org/bao#BAO_0002734","valueLabel":"luciferase enzyme activity measurement method","valueAbbrev":"bao:BAO_0002734","valueDescr":"","groupNest":[],"groupLabel":[],"valueHier":["http://www.bioassayontology.org/bao#BAO_0000139","http://www.bioassayontology.org/bao#BAO_0000124","http://www.bioassayontology.org/bao#BAO_0002202"],"labelHier":["direct enzyme activity measurement method","enzyme activity measurement method","assay design method"]},{"propURI":"http://www.bioassayontology.org/bao#BAO_0000205","propLabel":"assay format","propAbbrev":"bao:BAO_0000205","valueURI":"http://www.bioassayontology.org/bao#BAO_0000357","valueLabel":"single protein format","valueAbbrev":"bao:BAO_0000357","valueDescr":"one protein sequence","groupNest":[],"groupLabel":[],"valueHier":["http://www.bioassayontology.org/bao#BAO_0000224","http://www.bioassayontology.org/bao#BAO_0000217","http://www.bioassayontology.org/bao#BAO_0000019"],"labelHier":["protein format","biochemical format","assay format"]},{"propURI":"http://www.bioassayontology.org/bao#BAO_0000208","propLabel":"result","propAbbrev":"bao:BAO_0000208","valueURI":"http://www.bioassayontology.org/bao#BAO_0000186","valueLabel":"AC50","valueAbbrev":"bao:BAO_0000186","valueDescr":"The effective concentration of a perturbagen, which produces 50% of the maximal possible response, which could mean either activation (EC50) or inhibition (IC50) for that perturbagen.","groupNest":[],"groupLabel":[],"altLabels":["Potency"],"valueHier":["http://www.bioassayontology.org/bao#BAO_0002162","http://www.bioassayontology.org/bao#BAO_0000180","http://www.bioassayontology.org/bao#BAO_0000179"],"labelHier":["concentration response endpoint","concentration endpoint","endpoint"]},{"propURI":"http://www.bioassayontology.org/bao#BAX_0000016","propLabel":"operator","propAbbrev":"bao:BAX_0000016","valueURI":"http://purl.obolibrary.org/obo/GENEPIO_0001003","valueLabel":"less than or equal (≤)","valueAbbrev":"obo:GENEPIO_0001003","valueDescr":"","groupNest":["http://www.bioassayontology.org/bao#BAX_0000017"],"groupLabel":["measurement"],"valueHier":["http://purl.obolibrary.org/obo/GENEPIO_0001001"],"labelHier":["threshold comparisons"]},{"propURI":"http://www.bioassayontology.org/bao#BAO_0002852","propLabel":"assay sources","propAbbrev":"bao:BAO_0002852","valueURI":"http://www.bioassayexpress.org/sources#SRC_0000015","valueLabel":"NCATS Chemical Genomics Center (NCGC)","valueAbbrev":"src:SRC_0000015","valueDescr":"The NCATS Chemical Genomics Center (NCGC), formerly known as the NIH Chemical Genomics Center, was created in 2008 as a comprehensive screening center in the Molecular Libraries Probe Production Centers Network, part of the NIH Common Fund's Molecular Libraries Program. The NCGC's goal is to uncover new small molecule therapeutics and advance the process of therapeutic development through a model of collaborative research.","groupNest":[],"groupLabel":[],"externalURLs":["https://ncats.nih.gov/ncgc"],"valueHier":["http://www.bioassayexpress.org/sources#pubchem_sources","http://www.bioassayontology.org/bao#BAO_0002934"],"labelHier":["PubChem Sources","organization"]},{"propURI":"http://www.bioassayontology.org/bao#BAX_0000015","valueLabel":"Potency","propAbbrev":"bao:BAX_0000015","groupNest":["http://www.bioassayontology.org/bao#BAX_0000017"],"propLabel":"field","groupLabel":["measurement"]},{"propURI":"http://www.bioassayontology.org/bao#BAO_0002916","valueLabel":"36.5881","propAbbrev":"bao:BAO_0002916","groupNest":["http://www.bioassayontology.org/bao#BAX_0000017"],"propLabel":"threshold","groupLabel":["measurement"]},{"propURI":"http://www.bioassayontology.org/bao#BAO_0002853","valueLabel":"FLuc inhibitory activity for the follow-up compounds in a biochemical assay with Km concentrations of substrate","propAbbrev":"bao:BAO_0002853","groupNest":[],"propLabel":"assay title","groupLabel":[]}],"pubchemXRef":[{"type":"dburl","id":"http://www.ncgc.nih.gov","comment":""},{"type":"protein_gi","id":"160794","comment":"Luciferase [Photinus pyralis]"}],"curationTime":1492468131142,"curatorID":"admin","history":[{"curationTime":1482272249554,"curatorID":"orcid:0000-0003-2629-5583","annotsAdded":[{"propURI":"http://www.bioassayontology.org/bao#BAX_0000003","propAbbrev":"bao:BAX_0000003","valueURI":"http://www.bioassayontology.org/bao#BAO_0002734","valueLabel":"luciferase enzyme activity measurement method","valueAbbrev":"bao:BAO_0002734","valueDescr":"","valueHier":[],"labelHier":[],"outOfSchema":true},{"propURI":"http://www.bioassayontology.org/bao#BAX_0000006","propAbbrev":"bao:BAX_0000006","valueURI":"http://www.bioassayontology.org/bao#BAO_0000186","valueLabel":"AC50","valueAbbrev":"bao:BAO_0000186","valueDescr":"The effective concentration of a perturbagen, which produces 50% of the maximal possible response, which could mean either activation (EC50) or inhibition (IC50) for that perturbagen.","valueHier":[],"labelHier":[],"outOfSchema":true},{"propURI":"http://www.bioassayontology.org/bao#BAO_0000205","propLabel":"assay format","propAbbrev":"bao:BAO_0000205","valueURI":"http://www.bioassayontology.org/bao#BAO_0000357","valueLabel":"single protein format","valueAbbrev":"bao:BAO_0000357","valueDescr":"one protein sequence","valueHier":["http://www.bioassayontology.org/bao#BAO_0000224","http://www.bioassayontology.org/bao#BAO_0000217","http://www.bioassayontology.org/bao#BAO_0000019"],"labelHier":["protein format","biochemical format","assay format"]}],"annotsRemoved":[{"propURI":"http://www.bioassayontology.org/bao#BAX_0000003","propAbbrev":"bao:BAX_0000003","valueURI":"http://www.bioassayontology.org/bao#BAO_0000139","valueLabel":"direct enzyme activity measurement method","valueAbbrev":"bao:BAO_0000139","valueDescr":"An enzyme is a protein that acts as a catalyst for specific biochemical reaction, converting specific substrates into chemically distinct products. Enzyme activity assays quantify the kinetics of the product formation or substrate depletion in the reaction, which result in fluorescence, luminescence or colorimetric outputs.","valueHier":[],"labelHier":[],"outOfSchema":true},{"propURI":"http://www.bioassayontology.org/bao#BAO_0000205","propLabel":"assay format","propAbbrev":"bao:BAO_0000205","valueURI":"http://www.bioassayontology.org/bao#BAO_0000217","valueLabel":"biochemical format","valueAbbrev":"bao:BAO_0000217","valueDescr":"It is an in vitro format used to measure the activity of a biological macromolecule, either a purified protein or a nucleic acid. It is most often a homogeneous assay type, but can be heterogeneous if a solid phase such as beads is used to immobilize the macromolecule.","valueHier":["http://www.bioassayontology.org/bao#BAO_0000019"],"labelHier":["assay format"]},{"propURI":"http://www.bioassayontology.org/bao#BAX_0000006","propAbbrev":"bao:BAX_0000006","valueURI":"http://www.bioassayontology.org/bat#RequiresTerm","valueLabel":"requires term","valueAbbrev":"bat:RequiresTerm","valueDescr":"An appropriate term could not be found in the underlying ontologies: it may be necessary to create a new one.","valueHier":[],"labelHier":[]},{"propURI":"http://www.bioassayontology.org/bao#BAX_0000003","propAbbrev":"bao:BAX_0000003","valueURI":"http://www.bioassayontology.org/bao#BAO_0002079","valueLabel":"ATP quantitation using luciferase","valueAbbrev":"bao:BAO_0002079","valueDescr":"","valueHier":[],"labelHier":[],"outOfSchema":true},{"propURI":"http://www.bioassayontology.org/bao#BAO_0000205","propLabel":"assay format","propAbbrev":"bao:BAO_0000205","valueURI":"http://www.bioassayontology.org/bao#BAO_0000224","valueLabel":"protein format","valueAbbrev":"bao:BAO_0000224","valueDescr":"In this format, the perturbagen targets a protein to regulate its function.  ","valueHier":["http://www.bioassayontology.org/bao#BAO_0000217","http://www.bioassayontology.org/bao#BAO_0000019"],"labelHier":["biochemical format","assay format"]}],"labelsAdded":[{"propURI":"http://www.bioassayontology.org/bao#BAX_0000003","valueLabel":"luciferase enzyme activity measurement method","propAbbrev":"bao:BAX_0000003"},{"propURI":"http://www.bioassayontology.org/bao#BAX_0000006","valueLabel":"AC50","propAbbrev":"bao:BAX_0000006"},{"propURI":"http://www.bioassayontology.org/bao#BAO_0000205","valueLabel":"single protein format","propAbbrev":"bao:BAO_0000205","propLabel":"assay format"}],"labelsRemoved":[{"propURI":"http://www.bioassayontology.org/bao#BAX_0000003","valueLabel":"direct enzyme activity measurement method","propAbbrev":"bao:BAX_0000003"},{"propURI":"http://www.bioassayontology.org/bao#BAO_0000205","valueLabel":"biochemical format","propAbbrev":"bao:BAO_0000205","propLabel":"assay format"},{"propURI":"http://www.bioassayontology.org/bao#BAX_0000006","valueLabel":"requires term","propAbbrev":"bao:BAX_0000006"},{"propURI":"http://www.bioassayontology.org/bao#BAX_0000003","valueLabel":"ATP quantitation using luciferase","propAbbrev":"bao:BAX_0000003"},{"propURI":"http://www.bioassayontology.org/bao#BAO_0000205","valueLabel":"protein format","propAbbrev":"bao:BAO_0000205","propLabel":"assay format"}]},{"curationTime":1492468131142,"curatorID":"admin","annotsAdded":[{"propURI":"http://www.bioassayontology.org/bao#BAO_0002854","propLabel":"bioassay type","propAbbrev":"bao:BAO_0002854","valueURI":"http://www.bioassayontology.org/bao#BAO_0000010","valueLabel":"functional","valueAbbrev":"bao:BAO_0000010","valueDescr":"An assay where the measured signal corresponds to a complex response such as cell survival, proliferation, localization of a protein, nuclear translocation etc. The molecular target is not assumed.","valueHier":["http://www.bioassayontology.org/bao#BAO_0000008"],"labelHier":["bioassay type"]}],"annotsRemoved":[{"propURI":"http://www.bioassayontology.org/bao#BAX_0000002","propLabel":"has bioassay type","propAbbrev":"bao:BAX_0000002","valueURI":"http://www.bioassayontology.org/bao#BAO_0000010","valueLabel":"functional","valueAbbrev":"bao:BAO_0000010","valueDescr":"An assay where the measured signal corresponds to a complex response such as cell survival, proliferation, localization of a protein, nuclear translocation etc. The molecular target is not assumed.","valueHier":[],"labelHier":[],"outOfSchema":true}],"labelsAdded":[{"propURI":"http://www.bioassayontology.org/bao#BAO_0002854","valueLabel":"functional","propAbbrev":"bao:BAO_0002854","propLabel":"bioassay type"}],"labelsRemoved":[{"propURI":"http://www.bioassayontology.org/bao#BAX_0000002","valueLabel":"functional","propAbbrev":"bao:BAX_0000002","propLabel":"has bioassay type"}]},{"curationTime":1492468131142,"curatorID":"admin","annotsAdded":[{"propURI":"http://www.bioassayontology.org/bao#BAO_0002009","propLabel":"biological process","propAbbrev":"bao:BAO_0002009","valueURI":"http://www.bioassayontology.org/bat#NotApplicable","valueLabel":"not applicable","valueAbbrev":"bat:NotApplicable","valueDescr":"This property does not apply to this assay.","valueHier":[],"labelHier":[]}],"annotsRemoved":[{"propURI":"http://www.bioassayontology.org/bao#BAX_0000004","propAbbrev":"bao:BAX_0000004","valueURI":"http://www.bioassayontology.org/bat#NotApplicable","valueLabel":"not applicable","valueAbbrev":"bat:NotApplicable","valueDescr":"This property does not apply to this assay.","valueHier":[],"labelHier":[]}],"labelsAdded":[{"propURI":"http://www.bioassayontology.org/bao#BAO_0002009","valueLabel":"not applicable","propAbbrev":"bao:BAO_0002009","propLabel":"biological process"}],"labelsRemoved":[{"propURI":"http://www.bioassayontology.org/bao#BAX_0000004","valueLabel":"not applicable","propAbbrev":"bao:BAX_0000004"}]},{"curationTime":1492468131142,"curatorID":"admin","annotsAdded":[{"propURI":"http://www.bioassayontology.org/bao#BAO_0002848","propLabel":"applies to disease","propAbbrev":"bao:BAO_0002848","valueURI":"http://www.bioassayontology.org/bat#NotApplicable","valueLabel":"not applicable","valueAbbrev":"bat:NotApplicable","valueDescr":"This property does not apply to this assay.","valueHier":[],"labelHier":[]}],"annotsRemoved":[{"propURI":"http://www.bioassayontology.org/bao#BAX_0000010","propAbbrev":"bao:BAX_0000010","valueURI":"http://www.bioassayontology.org/bat#NotApplicable","valueLabel":"not applicable","valueAbbrev":"bat:NotApplicable","valueDescr":"This property does not apply to this assay.","valueHier":[],"labelHier":[]}],"labelsAdded":[{"propURI":"http://www.bioassayontology.org/bao#BAO_0002848","valueLabel":"not applicable","propAbbrev":"bao:BAO_0002848","propLabel":"applies to disease"}],"labelsRemoved":[{"propURI":"http://www.bioassayontology.org/bao#BAX_0000010","valueLabel":"not applicable","propAbbrev":"bao:BAX_0000010"}]},{"curationTime":1492468131142,"curatorID":"admin","annotsAdded":[{"propURI":"http://www.bioassayontology.org/bao#BAO_0000208","propLabel":"result","propAbbrev":"bao:BAO_0000208","valueURI":"http://www.bioassayontology.org/bao#BAO_0000186","valueLabel":"AC50","valueAbbrev":"bao:BAO_0000186","valueDescr":"The effective concentration of a perturbagen, which produces 50% of the maximal possible response, which could mean either activation (EC50) or inhibition (IC50) for that perturbagen.","altLabels":["Potency"],"valueHier":["http://www.bioassayontology.org/bao#BAO_0002162","http://www.bioassayontology.org/bao#BAO_0000180","http://www.bioassayontology.org/bao#BAO_0000179"],"labelHier":["concentration response endpoint","concentration endpoint","endpoint"]}],"annotsRemoved":[{"propURI":"http://www.bioassayontology.org/bao#BAX_0000006","propAbbrev":"bao:BAX_0000006","valueURI":"http://www.bioassayontology.org/bao#BAO_0000186","valueLabel":"AC50","valueAbbrev":"bao:BAO_0000186","valueDescr":"The effective concentration of a perturbagen, which produces 50% of the maximal possible response, which could mean either activation (EC50) or inhibition (IC50) for that perturbagen.","valueHier":[],"labelHier":[],"outOfSchema":true}],"labelsAdded":[{"propURI":"http://www.bioassayontology.org/bao#BAO_0000208","valueLabel":"AC50","propAbbrev":"bao:BAO_0000208","propLabel":"result"}],"labelsRemoved":[{"propURI":"http://www.bioassayontology.org/bao#BAX_0000006","valueLabel":"AC50","propAbbrev":"bao:BAX_0000006"}]},{"curationTime":1492468131142,"curatorID":"admin","annotsAdded":[{"propURI":"http://www.bioassayontology.org/bao#BAO_0002874","propLabel":"units","propAbbrev":"bao:BAO_0002874","valueURI":"http://purl.org/obo/owl/UO#UO_0000064","valueLabel":"micromolar","valueAbbrev":"uo:UO_0000064","valueDescr":"","valueHier":[],"labelHier":[],"outOfSchema":true}],"annotsRemoved":[{"propURI":"http://www.bioassayontology.org/bao#BAX_0000007","propAbbrev":"bao:BAX_0000007","valueURI":"http://purl.org/obo/owl/UO#UO_0000064","valueLabel":"micromolar","valueAbbrev":"uo:UO_0000064","valueDescr":"","valueHier":[],"labelHier":[],"outOfSchema":true}],"labelsAdded":[{"propURI":"http://www.bioassayontology.org/bao#BAO_0002874","valueLabel":"micromolar","propAbbrev":"bao:BAO_0002874","propLabel":"units"}],"labelsRemoved":[{"propURI":"http://www.bioassayontology.org/bao#BAX_0000007","valueLabel":"micromolar","propAbbrev":"bao:BAX_0000007"}]},{"curationTime":1492468131142,"curatorID":"admin","annotsAdded":[{"propURI":"http://www.bioassayontology.org/bao#BAO_0095009","propLabel":"assay design method","propAbbrev":"bao:BAO_0095009","valueURI":"http://www.bioassayontology.org/bao#BAO_0002734","valueLabel":"luciferase enzyme activity measurement method","valueAbbrev":"bao:BAO_0002734","valueDescr":"","valueHier":["http://www.bioassayontology.org/bao#BAO_0000139","http://www.bioassayontology.org/bao#BAO_0000124","http://www.bioassayontology.org/bao#BAO_0002202"],"labelHier":["direct enzyme activity measurement method","enzyme activity measurement method","assay design method"]}],"annotsRemoved":[{"propURI":"http://www.bioassayontology.org/bao#BAX_0000003","propAbbrev":"bao:BAX_0000003","valueURI":"http://www.bioassayontology.org/bao#BAO_0002734","valueLabel":"luciferase enzyme activity measurement method","valueAbbrev":"bao:BAO_0002734","valueDescr":"","valueHier":[],"labelHier":[],"outOfSchema":true}],"labelsAdded":[{"propURI":"http://www.bioassayontology.org/bao#BAO_0095009","valueLabel":"luciferase enzyme activity measurement method","propAbbrev":"bao:BAO_0095009","propLabel":"assay design method"}],"labelsRemoved":[{"propURI":"http://www.bioassayontology.org/bao#BAX_0000003","valueLabel":"luciferase enzyme activity measurement method","propAbbrev":"bao:BAX_0000003"}]},{"curationTime":1492468131142,"curatorID":"admin","annotsAdded":[{"propURI":"http://www.bioassayontology.org/bao#BAO_0000211","propLabel":"target","propAbbrev":"bao:BAO_0000211","valueURI":"http://www.bioassayontology.org/bat#SeeGeneID","valueLabel":"see Gene ID","valueAbbrev":"bat:SeeGeneID","valueDescr":"The target is present in the Gene ID section, but needs to be mapped to a formal ontology.","valueHier":["http://www.bioassayontology.org/bat#SeeAlso"],"labelHier":["see also"]},{"propURI":"http://www.bioassayontology.org/bao#BAO_0000211","propLabel":"target","propAbbrev":"bao:BAO_0000211","valueURI":"http://www.bioassayontology.org/bao#BAO_0003047","valueLabel":"luciferase gene","valueAbbrev":"bao:BAO_0003047","valueDescr":"","valueHier":["http://www.bioassayontology.org/bao#BAO_0000582","http://www.bioassayontology.org/bao#BAO_0003111"],"labelHier":["gene","biological macromolecule"]}],"annotsRemoved":[{"propURI":"http://www.bioassayontology.org/bao#BAX_0000005","propAbbrev":"bao:BAX_0000005","valueURI":"http://www.bioassayontology.org/bat#SeeGeneID","valueLabel":"see Gene ID","valueAbbrev":"bat:SeeGeneID","valueDescr":"The target is present in the Gene ID section, but needs to be mapped to a formal ontology.","valueHier":[],"labelHier":[],"outOfSchema":true},{"propURI":"http://www.bioassayontology.org/bao#BAX_0000005","propAbbrev":"bao:BAX_0000005","valueURI":"http://www.bioassayontology.org/bao#BAO_0003047","valueLabel":"luciferase gene","valueAbbrev":"bao:BAO_0003047","valueDescr":"","valueHier":[],"labelHier":[],"outOfSchema":true}],"labelsAdded":[{"propURI":"http://www.bioassayontology.org/bao#BAO_0000211","valueLabel":"see Gene ID","propAbbrev":"bao:BAO_0000211","propLabel":"target"},{"propURI":"http://www.bioassayontology.org/bao#BAO_0000211","valueLabel":"luciferase gene","propAbbrev":"bao:BAO_0000211","propLabel":"target"}],"labelsRemoved":[{"propURI":"http://www.bioassayontology.org/bao#BAX_0000005","valueLabel":"see Gene ID","propAbbrev":"bao:BAX_0000005"},{"propURI":"http://www.bioassayontology.org/bao#BAX_0000005","valueLabel":"luciferase gene","propAbbrev":"bao:BAX_0000005"}]},{"curationTime":1492468131142,"curatorID":"admin","annotsAdded":[{"propURI":"http://www.bioassayontology.org/bao#BAO_0002855","propLabel":"bioassay","propAbbrev":"bao:BAO_0002855","valueURI":"http://www.bioassayontology.org/bao#BAO_0002735","valueLabel":"luciferase enzyme activity assay","valueAbbrev":"bao:BAO_0002735","valueDescr":"","valueHier":["http://www.bioassayontology.org/bao#BAO_0002792","http://www.bioassayontology.org/bao#BAO_0002994","http://www.bioassayontology.org/bao#BAO_0000015"],"labelHier":["oxidoreductase activity assay","enzyme activity assay","bioassay"]}],"annotsRemoved":[{"propURI":"http://www.bioassayontology.org/bao#BAX_0000002","propLabel":"has bioassay type","propAbbrev":"bao:BAX_0000002","valueURI":"http://www.bioassayontology.org/bao#BAO_0002735","valueLabel":"luciferase enzyme activity assay","valueAbbrev":"bao:BAO_0002735","valueDescr":"","valueHier":[],"labelHier":[],"outOfSchema":true}],"labelsAdded":[{"propURI":"http://www.bioassayontology.org/bao#BAO_0002855","valueLabel":"luciferase enzyme activity assay","propAbbrev":"bao:BAO_0002855","propLabel":"bioassay"}],"labelsRemoved":[{"propURI":"http://www.bioassayontology.org/bao#BAX_0000002","valueLabel":"luciferase enzyme activity assay","propAbbrev":"bao:BAX_0000002","propLabel":"has bioassay type"}]},{"curationTime":1492468131142,"curatorID":"admin","annotsAdded":[{"propURI":"http://www.bioassayontology.org/bao#BAO_0002874","propLabel":"units","propAbbrev":"bao:BAO_0002874","valueURI":"http://purl.obolibrary.org/obo/UO_0000064","valueLabel":"micromolar","valueAbbrev":"obo:UO_0000064","valueDescr":"A unit of molarity which is equal to one millionth of a molar or 10^[-6] M.","valueHier":["http://purl.obolibrary.org/obo/UO_0000061","http://purl.obolibrary.org/obo/UO_0000051","http://purl.obolibrary.org/obo/UO_0000000"],"labelHier":["unit of molarity","concentration unit","unit"]}],"annotsRemoved":[{"propURI":"http://www.bioassayontology.org/bao#BAO_0002874","propLabel":"units","propAbbrev":"bao:BAO_0002874","valueURI":"http://purl.org/obo/owl/UO#UO_0000064","valueLabel":"micromolar","valueAbbrev":"uo:UO_0000064","valueDescr":"","valueHier":[],"labelHier":[],"outOfSchema":true}],"labelsAdded":[{"propURI":"http://www.bioassayontology.org/bao#BAO_0002874","valueLabel":"micromolar","propAbbrev":"bao:BAO_0002874","propLabel":"units"}],"labelsRemoved":[{"propURI":"http://www.bioassayontology.org/bao#BAO_0002874","valueLabel":"micromolar","propAbbrev":"bao:BAO_0002874","propLabel":"units"}]},{"curationTime":1492468131142,"curatorID":"admin","annotsAdded":[{"propURI":"http://www.bioassayontology.org/bao#BAX_0000016","propLabel":"operator","propAbbrev":"bao:BAX_0000016","valueURI":"http://purl.obolibrary.org/obo/GENEPIO_0001003","valueLabel":"less than or equal (≤)","valueAbbrev":"obo:GENEPIO_0001003","valueDescr":"","groupNest":["http://www.bioassayontology.org/bao#BAX_0000017"],"groupLabel":["measurement"],"valueHier":["http://purl.obolibrary.org/obo/GENEPIO_0001001"],"labelHier":["threshold comparisons"]}],"annotsRemoved":[],"labelsAdded":[{"propURI":"http://www.bioassayontology.org/bao#BAX_0000016","valueLabel":"less than or equal (≤)","propAbbrev":"bao:BAX_0000016","groupNest":["http://www.bioassayontology.org/bao#BAX_0000017"],"propLabel":"operator","groupLabel":["measurement"]}],"labelsRemoved":[]}],"holdingIDList":[]}