{"assayID":4390,"uniqueID":"pubchemAID:588713","text":"A Plaque Reduction Assay to evaluate New Inhibitors of Respiratory Syncytial Virus (RSV) (4)\n\nPossible artifacts in this assay include, but are not limited to, compounds that precipitate.\n\nScoring:  Compounds showing more than 10 fold reduction in the progeny titer (<-1 log virus titer change), and were defined as Active. Scoring for this assay was based on the decreasing in virus titer relative to the untreated, infected control.\n\nCell Culture: HEp-2 cells (ATCC CCL-23, American Tissue Culture Type) were maintained as adherent cell lines in Optimem 1 with 2 mM L-glutamine and 10% fetal bovine serum (FBS) at 37 degrees Celsius in a humidified 5% CO2  atmosphere.  Cells were passaged as needed and harvested from flasks using 0.05% trypsin-EDTA. \n\nAssay Media - Preparation of Complete DMEM/F12: 50 mL Pen/Strep/Glutamine (Gibco, Cat. No. 10378) was added to four liters of room temperature DMEM/F12 (Sigma, Cat. No. D6434) and the pH adjusted to 7.5 using 1N NaOH.  The medium was sterile filtered through a 0.2 um filter and 10 mL of HI-FBS was added per 500 mL of media.\n\nCompound Preparation: For plaque assays, compounds or carrier control (DMSO) were diluted in complete DMEM/F12 and 2 mL per well was dispensed to 6-well assay plates (final plate well concentration was 25 micro-molar and final DMSO concentration 0.5%).\n\nAvicel Overlay Prep 2X DMEM/F12, 2% Avicel, Pene/Strep, FBS.\n\nControl Drug:  The positive control drug for this assay, ribavirin [1] (No. 196066, MP Biomedicals, Solon, OH) was solubilized in DMSO.  It was diluted and added to the assay plates as described for test compounds.  Final concentration for ribavirin was 35 micro-molar.  All wells contained 0.5% DMSO.\n\nPreparation of  HEp-2 cells: Cells were harvested and resuspended to 500,000 cells per mL in For six well plates the cells were suspended in C-Optimem 1 (10% FBS) at 500K/mL and incubated overnight. \n\nAssay Set up: HEp-2 cells were seeded in 6 well tissue culture plates at 1,000,000 cells per well in 2 mL Complete Optimem1 and incubated 24 hours at 37 degrees Celsius, 5% CO2.  The media was aspirated from the wells, 0.5 mL RSV Long strain (MOI of 0.1) diluted using C-DMEM/F12 was added and the plates incubated at 37 degrees C, 5% CO2, rotating every 20 min. to facilitate infection. After 2 hours, the virus supernatant was aspirated and each well was washed with 3 mL of 1X PBS. Compounds were diluted in Complete DMEM/F12 media to give a final concentration of 25 micro-molar, added to assay plates and incubated at 37 degrees C, 5% CO2 and 90% relative humidity. After 48 hours, the supernatant (RSV/compound/media ; 1.6 mL) was removed, flash frozen on dry ice, and stored at -80 degrees C.\n\nHEp-2 cells in Complete Optimem1were seeded in 24 well tissue culture plates at 400,000 cells per well in 0.5 mL and incubated 24 hours at 37 degrees Celsius, 5% CO2.  The supernatant (RSV/compound/media) was removed from -80 degrees C and thawed on ice. The supernatants were serially diluted in Complete DMEM/F12 media (1E-00 to 1E-04). The media was aspirated from the 24 well plates, 0.2 mL of each supernatant dilution was added to each well and the plates incubated at 37 degrees C, 5% CO2, rotating every 20 min. to facilitate infection. After 2 hours, 1X PBS was added to each well to wash and aspirated followed by the addition of  0.5 mL 1% Avicel per well. The assay plates were incubated for six days at 37 degrees C, 5% CO2 and 90% relative humidity. \n\nEndpoint Read: Following the six day incubation period, the Avicel overlay was aspirated, washed with 0.5mL of PBS, and added 0.5mL of 4% Paraformaldehyde per well.  The assay plates were incubated at 4 degrees C for 24 hours.  The paraformaldehyde was aspirated, each well washed with 1mL deionized water, and stained with 1mL of 0.05% neutral red with periodic shaking for 10 minutes at room temperature  The neutral red was aspirated and the plates were briefly inverted without lids on paper towels for drying.\n\nData Analysis: PFUs were calculated in a manner analogous to the Reed & Muench method of TCID50 determination.","schemaURI":"http://www.bioassayontology.org/bas#","annotations":[{"propURI":"http://www.bioassayontology.org/bao#BAO_0002848","propLabel":"applies to disease","propAbbrev":"bao:BAO_0002848","valueURI":"http://purl.obolibrary.org/obo/DOID_934","valueLabel":"viral infectious disease","valueAbbrev":"obo:DOID_934","valueDescr":"A disease by infectious agent that results in infection, has material basis in Viruses.","groupNest":[],"groupLabel":[],"valueHier":["http://purl.obolibrary.org/obo/DOID_0050117","http://purl.obolibrary.org/obo/DOID_4"],"labelHier":["disease by infectious agent","Disease"]},{"propURI":"http://www.bioassayontology.org/bao#BAO_0002848","propLabel":"applies to disease","propAbbrev":"bao:BAO_0002848","valueURI":"http://purl.obolibrary.org/obo/DOID_6132","valueLabel":"bronchitis","valueAbbrev":"obo:DOID_6132","valueDescr":"A bronchial disease that is an inflammation of the bronchial tubes. It is caused by bacteria and viruses. The disease has_symptom cough with mucus, has_symptom shortness of breath, has_symptom low fever and has_symptom chest tightness.","groupNest":[],"groupLabel":[],"valueHier":["http://purl.obolibrary.org/obo/DOID_2320","http://purl.obolibrary.org/obo/DOID_850","http://purl.obolibrary.org/obo/DOID_0050161","http://purl.obolibrary.org/obo/DOID_1579","http://purl.obolibrary.org/obo/DOID_7","http://purl.obolibrary.org/obo/DOID_4"],"labelHier":["obstructive lung disease","lung disease","lower respiratory tract disease","respiratory system disease","disease of anatomical entity","Disease"]},{"propURI":"http://www.bioassayontology.org/bao#BAO_0002848","propLabel":"applies to disease","propAbbrev":"bao:BAO_0002848","valueURI":"http://purl.obolibrary.org/obo/DOID_10533","valueLabel":"viral pneumonia","valueAbbrev":"obo:DOID_10533","valueDescr":"A pneumonia described as an inflammatory illness of the lung commonly caused by viruses such as influenza virus, parainfluenza, adenovirus, rhinovirus, herpes simplex virus, respiratory syncytial virus, hantavirus, and cytomegalovirus.","groupNest":[],"groupLabel":[],"valueHier":["http://purl.obolibrary.org/obo/DOID_552","http://purl.obolibrary.org/obo/DOID_850","http://purl.obolibrary.org/obo/DOID_0050161","http://purl.obolibrary.org/obo/DOID_1579","http://purl.obolibrary.org/obo/DOID_7","http://purl.obolibrary.org/obo/DOID_4"],"labelHier":["pneumonia","lung disease","lower respiratory tract disease","respiratory system disease","disease of anatomical entity","Disease"]},{"propURI":"http://www.bioassayontology.org/bao#BAO_0002800","propLabel":"assay cell line","propAbbrev":"bao:BAO_0002800","valueURI":"http://purl.obolibrary.org/obo/CLO_0003706","valueLabel":"Hep-2 cell","valueAbbrev":"obo:CLO_0003706","valueDescr":"Human Caucasian larynx carcinoma cell line with HeLa Characteristics.","groupNest":[],"groupLabel":[],"valueHier":["http://purl.obolibrary.org/obo/CLO_0000654","http://purl.obolibrary.org/obo/CLO_0000292","http://purl.obolibrary.org/obo/CLO_0000019","http://purl.obolibrary.org/obo/CLO_0000001"],"labelHier":["immortal human larynx-derived cell line cell","immortal larynx-derived cell line cell","immortal cell line cell","cell line cell"]},{"propURI":"http://www.bioassayontology.org/bao#BAO_0002854","propLabel":"bioassay type","propAbbrev":"bao:BAO_0002854","valueURI":"http://www.bioassayontology.org/bao#BAO_0000010","valueLabel":"functional","valueAbbrev":"bao:BAO_0000010","valueDescr":"An assay where the measured signal corresponds to a complex response such as cell survival, proliferation, localization of a protein, nuclear translocation etc. The molecular target is not assumed.","groupNest":[],"groupLabel":[],"valueHier":["http://www.bioassayontology.org/bao#BAO_0000008"],"labelHier":["bioassay type"]},{"propURI":"http://www.bioassayontology.org/bao#BAO_0000205","propLabel":"assay format","propAbbrev":"bao:BAO_0000205","valueURI":"http://www.bioassayontology.org/bao#BAO_0000219","valueLabel":"cell based format","valueAbbrev":"bao:BAO_0000219","valueDescr":"Involves the use of living cells of eukaryotic origin, derived from a multicellular organism, and is a heterogeneous assay type. Typically, this refers to permanent (immortal) cell lines, or primary cells, or some form of stem cells. This is distinct from a single-celled organism-based format (classically bacteria or yeast).","groupNest":[],"groupLabel":[],"valueHier":["http://www.bioassayontology.org/bao#BAO_0000019"],"labelHier":["assay format"]},{"propURI":"http://www.bioassayontology.org/bao#BAO_0002009","propLabel":"biological process","propAbbrev":"bao:BAO_0002009","valueURI":"http://purl.obolibrary.org/obo/GO_0016032","valueLabel":"viral process","valueAbbrev":"obo:GO_0016032","valueDescr":"A multi-organism process in which a virus is a participant. The other participant is the host. Includes infection of a host cell, replication of the viral genome, and assembly of progeny virus particles. In some cases the viral genetic material may integrate into the host genome and only subsequently, under particular circumstances, 'complete' its life cycle.","groupNest":[],"groupLabel":[],"valueHier":["http://purl.obolibrary.org/obo/GO_0044403","http://purl.obolibrary.org/obo/GO_0044419","http://purl.obolibrary.org/obo/GO_0051704","http://purl.obolibrary.org/obo/GO_0008150","http://www.bioassayontology.org/bao#BAO_0003114"],"labelHier":["symbiosis, encompassing mutualism through parasitism","interspecies interaction between organisms","multi-organism process","biological process","assay biology component"]},{"propURI":"http://www.bioassayontology.org/bao#BAO_0000211","propLabel":"target","propAbbrev":"bao:BAO_0000211","valueURI":"http://www.bioassayontology.org/bat#Unknown","valueLabel":"unknown","valueAbbrev":"bat:Unknown","valueDescr":"There should be a term assigned to this property but the value was not specified in the source information.","groupNest":[],"groupLabel":[],"valueHier":[],"labelHier":[]},{"propURI":"http://www.bioassayontology.org/bao#BAO_0000185","propLabel":"perturbagen type","propAbbrev":"bao:BAO_0000185","valueURI":"http://www.bioassayontology.org/bao#BAO_0000733","valueLabel":"MLSMR library","valueAbbrev":"bao:BAO_0000733","valueDescr":"","groupNest":[],"groupLabel":[],"valueHier":["http://www.bioassayontology.org/bao#BAO_0000648","http://www.bioassayontology.org/bao#BAO_0000661","http://www.bioassayontology.org/bao#BAO_0003120"],"labelHier":["compound library","perturbagen library","assay screened entity component"]},{"propURI":"http://www.bioassayontology.org/bao#BAO_0002855","propLabel":"bioassay","propAbbrev":"bao:BAO_0002855","valueURI":"http://www.bioassayontology.org/bao#BAO_0003009","valueLabel":"cell viability assay","valueAbbrev":"bao:BAO_0003009","valueDescr":"This assay type measures the cellular state of living or dying by measuring an indicator of life or death. Cell life indicators include ATP content, cell number, dehydrogenase activity, DNA content, esterase activity, mitochondrial membrane potential, membrane integrity, and protease activity. Cell death indicators include caspase activity, chromatin condensation, and phospholipid redistribution.","groupNest":[],"groupLabel":[],"valueHier":["http://www.bioassayontology.org/bao#BAO_0000015"],"labelHier":["bioassay"]},{"propURI":"http://www.bioassayontology.org/bao#BAO_0000196","propLabel":"assay mode of action","propAbbrev":"bao:BAO_0000196","valueURI":"http://www.bioassayontology.org/bao#BAO_0000090","valueLabel":"cytotoxicity","valueAbbrev":"bao:BAO_0000090","valueDescr":"It is the toxic or cell-death inducing property of a perturbagen. Known cytotoxic agents mediate cell death commonly by necrosis, apoptosis, or autophagy. Cytotoxicity can be detected by measuring various aspects of the death process: e.g. membrane permeability, ATP concentration, DNA fragmentation, etc.","groupNest":[],"groupLabel":[],"valueHier":["http://www.bioassayontology.org/bao#BAO_0080004","http://www.bioassayontology.org/bao#BAO_0000074"],"labelHier":["phenotypic mode of action","mode of action"]},{"propURI":"http://www.bioassayontology.org/bao#BAO_0002009","propLabel":"biological process","propAbbrev":"bao:BAO_0002009","valueURI":"http://purl.obolibrary.org/obo/GO_0031640","valueLabel":"killing of cells of other organism","valueAbbrev":"obo:GO_0031640","valueDescr":"Any process in an organism that results in the killing of cells of another organism, including in some cases the death of the other organism. Killing here refers to the induction of death in one cell by another cell, not cell-autonomous death due to internal or other environmental conditions.","groupNest":[],"groupLabel":[],"valueHier":["http://purl.obolibrary.org/obo/GO_0001906","http://purl.obolibrary.org/obo/GO_0008150","http://www.bioassayontology.org/bao#BAO_0003114"],"labelHier":["cell killing","biological process","assay biology component"]},{"propURI":"http://www.bioassayontology.org/bao#BAO_0000210","propLabel":"screening campaign stage","propAbbrev":"bao:BAO_0000210","valueURI":"http://www.bioassayontology.org/bao#BAO_0000467","valueLabel":"alternate assay format","valueAbbrev":"bao:BAO_0000467","valueDescr":"This assay is performed using a different assay format with respect to the primary or confirmatory assay.","groupNest":[],"groupLabel":[],"valueHier":["http://www.bioassayontology.org/bao#BAO_0000806","http://www.bioassayontology.org/bao#BAO_0000032","http://www.bioassayontology.org/bao#BAO_0000029"],"labelHier":["alternate confirmatory assay","secondary assay","assay screening campaign stage"]},{"propURI":"http://www.bioassayontology.org/bao#BAO_0002663","propLabel":"assay kit","propAbbrev":"bao:BAO_0002663","valueURI":"http://www.bioassayontology.org/bat#NotApplicable","valueLabel":"not applicable","valueAbbrev":"bat:NotApplicable","valueDescr":"This property does not apply to this assay.","groupNest":[],"groupLabel":[],"valueHier":[],"labelHier":[]},{"propURI":"http://www.bioassayontology.org/bao#BAO_0002865","propLabel":"detection instrument","propAbbrev":"bao:BAO_0002865","valueURI":"http://www.bioassayontology.org/bat#Unknown","valueLabel":"unknown","valueAbbrev":"bat:Unknown","valueDescr":"There should be a term assigned to this property but the value was not specified in the source information.","groupNest":[],"groupLabel":[],"valueHier":[],"labelHier":[]},{"propURI":"http://www.bioassayontology.org/bao#BAO_0002867","propLabel":"assay footprint","propAbbrev":"bao:BAO_0002867","valueURI":"http://www.bioassayontology.org/bao#BAO_0000576","valueLabel":"24 well plate","valueAbbrev":"bao:BAO_0000576","valueDescr":"This microplate contains 24 wells. It is suitable for a low throughput assay.","groupNest":[],"groupLabel":[],"valueHier":["http://www.bioassayontology.org/bao#BAO_0000508","http://www.bioassayontology.org/bao#BAO_0000512"],"labelHier":["microplate","assay footprint"]},{"propURI":"http://www.bioassayontology.org/bao#BAO_0002921","propLabel":"organism","propAbbrev":"bao:BAO_0002921","valueURI":"http://purl.obolibrary.org/obo/NCBITaxon_11250","valueLabel":"Human orthopneumovirus","valueAbbrev":"obo:NCBITaxon_11250","valueDescr":"","groupNest":[],"groupLabel":[],"altLabels":["human RSV","Human respiratory syncytial virus"],"valueHier":["http://www.bioassayontology.org/bao#BAO_0000232","http://www.bioassayontology.org/bao#BAO_0000551"],"labelHier":["virus","organism"]},{"propURI":"http://www.bioassayontology.org/bao#BAO_0002848","propLabel":"applies to disease","propAbbrev":"bao:BAO_0002848","valueURI":"http://purl.obolibrary.org/obo/DOID_1273","valueLabel":"respiratory syncytial virus infectious disease","valueAbbrev":"obo:DOID_1273","valueDescr":"A viral infectious disease that results_in infection located_in upper respiratory tract or located_in lower respiratory tract, has_material_basis_in Human respiratory syncytial virus, which is transmitted_by droplet spread of nasal secretions from an infected person while coughing or sneezing, or transmitted_by contaminated fomites. The infection has_symptom runny nose, has_symptom fever, has_symptom cough, has_symptom wheezing, and has_symptom respiratory distress.","groupNest":[],"groupLabel":[],"valueHier":["http://purl.obolibrary.org/obo/DOID_934","http://purl.obolibrary.org/obo/DOID_0050117","http://purl.obolibrary.org/obo/DOID_4"],"labelHier":["viral infectious disease","disease by infectious agent","Disease"]},{"propURI":"http://www.bioassayontology.org/bao#BAO_0095009","propLabel":"assay design method","propAbbrev":"bao:BAO_0095009","valueURI":"http://www.bioassayontology.org/bao#BAO_0000167","valueLabel":"membrane permeability assessment","valueAbbrev":"bao:BAO_0000167","valueDescr":"Live cells with intact membranes have the ability to exclude dyes that easily penetrate dead or damaged cells. Examples of the dyes include propidium iodide, 7-amino actinomycin D, and trypan blue. Cells stained with the former two can be quantified by flow cytometry, while the latter is by manual counting using hemocytometer.   ","groupNest":[],"groupLabel":[],"valueHier":["http://www.bioassayontology.org/bao#BAO_0000127","http://www.bioassayontology.org/bao#BAO_0002202"],"labelHier":["viability measurement method","assay design method"]},{"propURI":"http://www.bioassayontology.org/bao#BAO_0000207","propLabel":"physical detection method","propAbbrev":"bao:BAO_0000207","valueURI":"http://www.bioassayontology.org/bao#BAO_0000070","valueLabel":"absorbance","valueAbbrev":"bao:BAO_0000070","valueDescr":"The absorbance of a beam of collimated monochromatic radiation in a homogeneous isotropic medium is proportional to the absorption path length and to the concentration of the absorbing species. Absorbance is a logarithmic measure of the amount of light (at a specific wavelength) that is absorbed when passing through a sample.  A= -log10(I/I0), where A is absorbance, I is the intensity of incident light and I0 is the intensity of light transmitted after passing through the sample.","groupNest":[],"groupLabel":[],"valueHier":["http://www.bioassayontology.org/bao#BAO_0000049","http://www.bioassayontology.org/bao#BAO_0000035"],"labelHier":["spectrophotometry method","physical detection method"]},{"propURI":"http://www.bioassayontology.org/bao#BAO_0002874","propLabel":"units","propAbbrev":"bao:BAO_0002874","valueURI":"http://www.bioassayontology.org/bao#BAO_0080022","valueLabel":"log change","valueAbbrev":"bao:BAO_0080022","valueDescr":"","groupNest":["http://www.bioassayontology.org/bao#BAX_0000017"],"groupLabel":["measurement"],"valueHier":["http://www.bioassayontology.org/bao#BAO_0190001"],"labelHier":["ratio"]},{"propURI":"http://www.bioassayontology.org/bao#BAO_0000208","propLabel":"result","propAbbrev":"bao:BAO_0000208","valueURI":"http://www.bioassayontology.org/bao#BAO_0000181","valueLabel":"response endpoint","valueAbbrev":"bao:BAO_0000181","valueDescr":"Reporting the extent / magnitude of the perturbation (induced by the perturbagen) such as percent inhibition. Response-type endpoints would typically be obtained from a single concentration perturbagen measurement.","groupNest":[],"groupLabel":[],"valueHier":["http://www.bioassayontology.org/bao#BAO_0000179"],"labelHier":["endpoint"]},{"propURI":"http://www.bioassayontology.org/bao#BAO_0002852","propLabel":"assay sources","propAbbrev":"bao:BAO_0002852","valueURI":"http://www.bioassayexpress.org/sources#SRC_0000023","valueLabel":"Southern Research Institute, Specialized Biocontainment Screening Center","valueAbbrev":"src:SRC_0000023","valueDescr":"Southern Research Institute, Specialized Biocontainment Screening Center.","groupNest":[],"groupLabel":[],"externalURLs":["http://www.southernresearch.org"],"valueHier":["http://www.bioassayexpress.org/sources#pubchem_sources","http://www.bioassayontology.org/bao#BAO_0002934"],"labelHier":["PubChem Sources","organization"]},{"propURI":"http://www.bioassayontology.org/bao#BAO_0000539","valueLabel":"pubchemAID:2391","propAbbrev":"bao:BAO_0000539","groupNest":[],"propLabel":"related assays","groupLabel":[]},{"propURI":"http://www.bioassayontology.org/bao#BAO_0000539","valueLabel":"pubchemAID:2410","propAbbrev":"bao:BAO_0000539","groupNest":[],"propLabel":"related assays","groupLabel":[]},{"propURI":"http://www.bioassayontology.org/bao#BAO_0000539","valueLabel":"pubchemAID:449732","propAbbrev":"bao:BAO_0000539","groupNest":[],"propLabel":"related assays","groupLabel":[]},{"propURI":"http://www.bioassayontology.org/bao#BAO_0000539","valueLabel":"pubchemAID:488972","propAbbrev":"bao:BAO_0000539","groupNest":[],"propLabel":"related assays","groupLabel":[]},{"propURI":"http://www.bioassayontology.org/bao#BAO_0000539","valueLabel":"pubchemAID:488976","propAbbrev":"bao:BAO_0000539","groupNest":[],"propLabel":"related assays","groupLabel":[]},{"propURI":"http://www.bioassayontology.org/bao#BAO_0000539","valueLabel":"pubchemAID:2440","propAbbrev":"bao:BAO_0000539","groupNest":[],"propLabel":"related assays","groupLabel":[]},{"propURI":"http://www.bioassayontology.org/bao#BAO_0000539","valueLabel":"pubchemAID:492966","propAbbrev":"bao:BAO_0000539","groupNest":[],"propLabel":"related assays","groupLabel":[]},{"propURI":"http://www.bioassayontology.org/bao#BAO_0000539","valueLabel":"pubchemAID:492968","propAbbrev":"bao:BAO_0000539","groupNest":[],"propLabel":"related assays","groupLabel":[]},{"propURI":"http://www.bioassayontology.org/bao#BAO_0000539","valueLabel":"pubchemAID:493016","propAbbrev":"bao:BAO_0000539","groupNest":[],"propLabel":"related assays","groupLabel":[]},{"propURI":"http://www.bioassayontology.org/bao#BAO_0000539","valueLabel":"pubchemAID:493015","propAbbrev":"bao:BAO_0000539","groupNest":[],"propLabel":"related assays","groupLabel":[]},{"propURI":"http://www.bioassayontology.org/bao#BAO_0000539","valueLabel":"pubchemAID:493088","propAbbrev":"bao:BAO_0000539","groupNest":[],"propLabel":"related assays","groupLabel":[]},{"propURI":"http://www.bioassayontology.org/bao#BAO_0000539","valueLabel":"pubchemAID:493090","propAbbrev":"bao:BAO_0000539","groupNest":[],"propLabel":"related assays","groupLabel":[]},{"propURI":"http://www.bioassayontology.org/bao#BAO_0000539","valueLabel":"pubchemAID:504526","propAbbrev":"bao:BAO_0000539","groupNest":[],"propLabel":"related assays","groupLabel":[]},{"propURI":"http://www.bioassayontology.org/bao#BAO_0000539","valueLabel":"pubchemAID:504509","propAbbrev":"bao:BAO_0000539","groupNest":[],"propLabel":"related assays","groupLabel":[]},{"propURI":"http://www.bioassayontology.org/bao#BAO_0000539","valueLabel":"pubchemAID:504655","propAbbrev":"bao:BAO_0000539","groupNest":[],"propLabel":"related assays","groupLabel":[]},{"propURI":"http://www.bioassayontology.org/bao#BAO_0000539","valueLabel":"pubchemAID:504674","propAbbrev":"bao:BAO_0000539","groupNest":[],"propLabel":"related assays","groupLabel":[]},{"propURI":"http://www.bioassayontology.org/bao#BAO_0000539","valueLabel":"pubchemAID:504820","propAbbrev":"bao:BAO_0000539","groupNest":[],"propLabel":"related assays","groupLabel":[]},{"propURI":"http://www.bioassayontology.org/bao#BAO_0000539","valueLabel":"pubchemAID:504818","propAbbrev":"bao:BAO_0000539","groupNest":[],"propLabel":"related assays","groupLabel":[]},{"propURI":"http://www.bioassayontology.org/bao#BAO_0000539","valueLabel":"pubchemAID:504823","propAbbrev":"bao:BAO_0000539","groupNest":[],"propLabel":"related assays","groupLabel":[]},{"propURI":"http://www.bioassayontology.org/bao#BAO_0000539","valueLabel":"pubchemAID:504826","propAbbrev":"bao:BAO_0000539","groupNest":[],"propLabel":"related assays","groupLabel":[]},{"propURI":"http://www.bioassayontology.org/bao#BAO_0000539","valueLabel":"pubchemAID:504827","propAbbrev":"bao:BAO_0000539","groupNest":[],"propLabel":"related assays","groupLabel":[]},{"propURI":"http://www.bioassayontology.org/bao#BAO_0000539","valueLabel":"pubchemAID:504825","propAbbrev":"bao:BAO_0000539","groupNest":[],"propLabel":"related assays","groupLabel":[]},{"propURI":"http://www.bioassayontology.org/bao#BAO_0000539","valueLabel":"pubchemAID:540264","propAbbrev":"bao:BAO_0000539","groupNest":[],"propLabel":"related assays","groupLabel":[]},{"propURI":"http://www.bioassayontology.org/bao#BAO_0000539","valueLabel":"pubchemAID:504266","propAbbrev":"bao:BAO_0000539","groupNest":[],"propLabel":"related assays","groupLabel":[]},{"propURI":"http://www.bioassayontology.org/bao#BAO_0002853","valueLabel":"A Plaque Reduction Assay to evaluate New Inhibitors of Respiratory Syncytial Virus (RSV) (4)","propAbbrev":"bao:BAO_0002853","groupNest":[],"propLabel":"assay title","groupLabel":[]}],"pubchemXRef":[{"type":"aid","id":"2391","comment":"Primary and confirmatory screen."},{"type":"aid","id":"2410","comment":"Cytotoxicity of primary screen hits."},{"type":"aid","id":"449732","comment":"TCID50 on selected compounds."},{"type":"aid","id":"488972","comment":"Confirmatory screen (2) on purified and synthesized compounds."},{"type":"aid","id":"488976","comment":"Cytotoxicity screen (2) on purified and synthesized compounds."},{"type":"aid","id":"2440","comment":"Summary AID."},{"type":"aid","id":"492966","comment":"Confirmatory screen (3) on purified and synthesized compounds."},{"type":"aid","id":"492968","comment":"Cytotoxicity screen (3) on purified and synthesized compounds."},{"type":"aid","id":"493016","comment":"Confirmatory screen (4) on purified and synthesized compounds."},{"type":"aid","id":"493015","comment":"Cytotoxicity screen (4) on purified and synthesized compounds."},{"type":"aid","id":"493088","comment":"Confirmatory screen (5) on purified and synthesized compounds."},{"type":"aid","id":"493090","comment":"Cytotoxicity screen (5) on purified and synthesized compounds."},{"type":"aid","id":"504526","comment":"Confirmatory screen (6) on purified and synthesized compounds."},{"type":"aid","id":"504509","comment":"Cytotoxicity screen (6) on purified and synthesized compounds."},{"type":"aid","id":"504655","comment":"Confirmatory screen (7) on purified and synthesized compounds."},{"type":"aid","id":"504674","comment":"Cytotoxicity screen (7) on purified and synthesized compounds."},{"type":"aid","id":"504820","comment":"Confirmatory screen (8) on purified and synthesized compounds."},{"type":"aid","id":"504818","comment":"Cytotoxicity screen (8) on purified and synthesized compounds."},{"type":"aid","id":"504823","comment":"Confirmatory screen (9) on purified and synthesized compounds."},{"type":"aid","id":"504826","comment":"Cytotoxicity screen (9) on purified and synthesized compounds."},{"type":"aid","id":"504827","comment":"Confirmatory screen (10) on purified and synthesized compounds."},{"type":"aid","id":"504825","comment":"Cytotoxicity screen (10) on purified and synthesized compounds."},{"type":"aid","id":"540264","comment":"Confirmatory screen (11) on purified and synthesized compounds."},{"type":"aid","id":"504266","comment":"Cytotoxicity screen (11) on purified and synthesized compounds."},{"type":"taxonomy","id":"12814","comment":""}],"curationTime":1492468131177,"curatorID":"admin","history":[{"curationTime":1482345972111,"curatorID":"orcid:0000-0003-2629-5583","annotsAdded":[{"propURI":"http://www.bioassayontology.org/bao#BAX_0000010","propAbbrev":"bao:BAX_0000010","valueURI":"http://purl.obolibrary.org/obo/DOID_1273","valueLabel":"respiratory syncytial virus infectious disease","valueAbbrev":"obo:DOID_1273","valueDescr":"A viral infectious disease that results_in infection located_in upper respiratory tract or located_in lower respiratory tract, has_material_basis_in Human respiratory syncytial virus, which is transmitted_by droplet spread of nasal secretions from an infected person while coughing or sneezing, or transmitted_by contaminated fomites. The infection has_symptom runny nose, has_symptom fever, has_symptom cough, has_symptom wheezing, and has_symptom respiratory distress.","valueHier":[],"labelHier":[],"outOfSchema":true},{"propURI":"http://www.bioassayontology.org/bao#BAO_0000207","propLabel":"physical detection method","propAbbrev":"bao:BAO_0000207","valueURI":"http://www.bioassayontology.org/bao#BAO_0000070","valueLabel":"absorbance","valueAbbrev":"bao:BAO_0000070","valueDescr":"The absorbance of a beam of collimated monochromatic radiation in a homogeneous isotropic medium is proportional to the absorption path length and to the concentration of the absorbing species. Absorbance is a logarithmic measure of the amount of light (at a specific wavelength) that is absorbed when passing through a sample.  A= -log10(I/I0), where A is absorbance, I is the intensity of incident light and I0 is the intensity of light transmitted after passing through the sample.","valueHier":["http://www.bioassayontology.org/bao#BAO_0000049","http://www.bioassayontology.org/bao#BAO_0000035"],"labelHier":["spectrophotometry method","physical detection method"]},{"propURI":"http://www.bioassayontology.org/bao#BAO_0002921","propLabel":"organism","propAbbrev":"bao:BAO_0002921","valueURI":"http://purl.obolibrary.org/obo/NCBITaxon_11250","valueLabel":"Human orthopneumovirus","valueAbbrev":"obo:NCBITaxon_11250","valueDescr":"","altLabels":["human RSV","Human respiratory syncytial virus"],"valueHier":["http://www.bioassayontology.org/bao#BAO_0000232","http://www.bioassayontology.org/bao#BAO_0000551"],"labelHier":["virus","organism"]},{"propURI":"http://www.bioassayontology.org/bao#BAX_0000003","propAbbrev":"bao:BAX_0000003","valueURI":"http://www.bioassayontology.org/bao#BAO_0000167","valueLabel":"membrane permeability assessment","valueAbbrev":"bao:BAO_0000167","valueDescr":"Live cells with intact membranes have the ability to exclude dyes that easily penetrate dead or damaged cells. Examples of the dyes include propidium iodide, 7-amino actinomycin D, and trypan blue. Cells stained with the former two can be quantified by flow cytometry, while the latter is by manual counting using hemocytometer.   ","valueHier":[],"labelHier":[],"outOfSchema":true}],"annotsRemoved":[{"propURI":"http://www.bioassayontology.org/bao#BAX_0000003","propAbbrev":"bao:BAX_0000003","valueURI":"http://www.bioassayontology.org/bat#RequiresTerm","valueLabel":"requires term","valueAbbrev":"bat:RequiresTerm","valueDescr":"An appropriate term could not be found in the underlying ontologies: it may be necessary to create a new one.","valueHier":[],"labelHier":[]},{"propURI":"http://www.bioassayontology.org/bao#BAX_0000003","propAbbrev":"bao:BAX_0000003","valueURI":"http://www.bioassayontology.org/bao#BAO_0000127","valueLabel":"viability measurement method","valueAbbrev":"bao:BAO_0000127","valueDescr":"Compound cytotoxicity is an important parameter to measure when developing potential human therapeutics. Cytotoxicity is determined as a measure of radioisotope (3H thymidine or 51Cr) release, lactate dehydrogenase release from damaged cells, tetrazolium salt and alamar blue reduction, fluorescent dyes that selectively stain live or dead cells, and decrease in ATP content. The viability reporter technologies measure cell life or death by quantitating ATP content, caspase activity, membrane potential, and so on.","valueHier":[],"labelHier":[],"outOfSchema":true},{"propURI":"http://www.bioassayontology.org/bao#BAO_0002867","propLabel":"assay footprint","propAbbrev":"bao:BAO_0002867","valueURI":"http://www.bioassayontology.org/bat#RequiresTerm","valueLabel":"requires term","valueAbbrev":"bat:RequiresTerm","valueDescr":"An appropriate term could not be found in the underlying ontologies: it may be necessary to create a new one.","valueHier":[],"labelHier":[]},{"propURI":"http://www.bioassayontology.org/bao#BAO_0000207","propLabel":"physical detection method","propAbbrev":"bao:BAO_0000207","valueURI":"http://www.bioassayontology.org/bat#Unknown","valueLabel":"unknown","valueAbbrev":"bat:Unknown","valueDescr":"There should be a term assigned to this property but the value was not specified in the source information.","valueHier":[],"labelHier":[]},{"propURI":"http://www.bioassayontology.org/bao#BAO_0002867","propLabel":"assay footprint","propAbbrev":"bao:BAO_0002867","valueURI":"http://www.bioassayontology.org/bao#BAO_0000508","valueLabel":"microplate","valueAbbrev":"bao:BAO_0000508","valueDescr":"The assay is performed in a microplate, which can either be 96 well, 384 well, or 1536 well plates.","altLabels":["microwell plate","microtiter plate"],"valueHier":["http://www.bioassayontology.org/bao#BAO_0000512"],"labelHier":["assay footprint"]},{"propURI":"http://www.bioassayontology.org/bao#BAX_0000010","propAbbrev":"bao:BAX_0000010","valueURI":"http://www.bioassayontology.org/bat#RequiresTerm","valueLabel":"requires term","valueAbbrev":"bat:RequiresTerm","valueDescr":"An appropriate term could not be found in the underlying ontologies: it may be necessary to create a new one.","valueHier":[],"labelHier":[]},{"propURI":"http://www.bioassayontology.org/bao#BAO_0002921","propLabel":"organism","propAbbrev":"bao:BAO_0002921","valueURI":"http://www.bioassayontology.org/bat#RequiresTerm","valueLabel":"requires term","valueAbbrev":"bat:RequiresTerm","valueDescr":"An appropriate term could not be found in the underlying ontologies: it may be necessary to create a new one.","valueHier":[],"labelHier":[]}],"labelsAdded":[{"propURI":"http://www.bioassayontology.org/bao#BAX_0000010","valueLabel":"respiratory syncytial virus infectious disease","propAbbrev":"bao:BAX_0000010"},{"propURI":"http://www.bioassayontology.org/bao#BAO_0000207","valueLabel":"absorbance","propAbbrev":"bao:BAO_0000207","propLabel":"physical detection method"},{"propURI":"http://www.bioassayontology.org/bao#BAO_0002921","valueLabel":"Human respiratory syncytial virus","propAbbrev":"bao:BAO_0002921","propLabel":"organism"},{"propURI":"http://www.bioassayontology.org/bao#BAX_0000003","valueLabel":"membrane permeability assessment","propAbbrev":"bao:BAX_0000003"}],"labelsRemoved":[{"propURI":"http://www.bioassayontology.org/bao#BAX_0000003","valueLabel":"requires term","propAbbrev":"bao:BAX_0000003"},{"propURI":"http://www.bioassayontology.org/bao#BAX_0000003","valueLabel":"viability measurement method","propAbbrev":"bao:BAX_0000003"},{"propURI":"http://www.bioassayontology.org/bao#BAO_0002867","valueLabel":"requires term","propAbbrev":"bao:BAO_0002867","propLabel":"assay footprint"},{"propURI":"http://www.bioassayontology.org/bao#BAO_0000207","valueLabel":"unknown","propAbbrev":"bao:BAO_0000207","propLabel":"physical detection method"},{"propURI":"http://www.bioassayontology.org/bao#BAO_0002867","valueLabel":"microplate","propAbbrev":"bao:BAO_0002867","propLabel":"assay footprint"},{"propURI":"http://www.bioassayontology.org/bao#BAX_0000010","valueLabel":"requires term","propAbbrev":"bao:BAX_0000010"},{"propURI":"http://www.bioassayontology.org/bao#BAO_0002921","valueLabel":"requires term","propAbbrev":"bao:BAO_0002921","propLabel":"organism"}]},{"curationTime":1482365096261,"curatorID":"orcid:0000-0003-2629-5583","annotsAdded":[{"propURI":"http://www.bioassayontology.org/bao#BAX_0000007","propAbbrev":"bao:BAX_0000007","valueURI":"http://www.bioassayontology.org/bao#BAO_0080022","valueLabel":"log change","valueAbbrev":"bao:BAO_0080022","valueDescr":"","valueHier":[],"labelHier":[],"outOfSchema":true},{"propURI":"http://www.bioassayontology.org/bao#BAX_0000006","propAbbrev":"bao:BAX_0000006","valueURI":"http://www.bioassayontology.org/bao#BAO_0000181","valueLabel":"response endpoint","valueAbbrev":"bao:BAO_0000181","valueDescr":"Reporting the extent / magnitude of the perturbation (induced by the perturbagen) such as percent inhibition. Response-type endpoints would typically be obtained from a single concentration perturbagen measurement.","valueHier":[],"labelHier":[],"outOfSchema":true}],"annotsRemoved":[{"propURI":"http://www.bioassayontology.org/bao#BAX_0000006","propAbbrev":"bao:BAX_0000006","valueURI":"http://www.bioassayontology.org/bao#BAO_0000583","valueLabel":"raw activity","valueAbbrev":"bao:BAO_0000583","valueDescr":"Raw or qualitative data are reported as endpoints in an assay, e.g., luminescence counts, fluorescence intensity, etc.","valueHier":[],"labelHier":[],"outOfSchema":true},{"propURI":"http://www.bioassayontology.org/bao#BAX_0000007","propAbbrev":"bao:BAX_0000007","valueURI":"http://purl.org/obo/owl/UO#UO_0000064","valueLabel":"micromolar","valueAbbrev":"uo:UO_0000064","valueDescr":"","valueHier":[],"labelHier":[],"outOfSchema":true}],"labelsAdded":[{"propURI":"http://www.bioassayontology.org/bao#BAX_0000007","valueLabel":"log change","propAbbrev":"bao:BAX_0000007"},{"propURI":"http://www.bioassayontology.org/bao#BAX_0000006","valueLabel":"response endpoint","propAbbrev":"bao:BAX_0000006"}],"labelsRemoved":[{"propURI":"http://www.bioassayontology.org/bao#BAX_0000006","valueLabel":"raw activity","propAbbrev":"bao:BAX_0000006"},{"propURI":"http://www.bioassayontology.org/bao#BAX_0000007","valueLabel":"micromolar","propAbbrev":"bao:BAX_0000007"}]},{"curationTime":1492468131177,"curatorID":"admin","annotsAdded":[{"propURI":"http://www.bioassayontology.org/bao#BAO_0002854","propLabel":"bioassay type","propAbbrev":"bao:BAO_0002854","valueURI":"http://www.bioassayontology.org/bao#BAO_0000010","valueLabel":"functional","valueAbbrev":"bao:BAO_0000010","valueDescr":"An assay where the measured signal corresponds to a complex response such as cell survival, proliferation, localization of a protein, nuclear translocation etc. The molecular target is not assumed.","valueHier":["http://www.bioassayontology.org/bao#BAO_0000008"],"labelHier":["bioassay type"]}],"annotsRemoved":[{"propURI":"http://www.bioassayontology.org/bao#BAX_0000002","propLabel":"has bioassay type","propAbbrev":"bao:BAX_0000002","valueURI":"http://www.bioassayontology.org/bao#BAO_0000010","valueLabel":"functional","valueAbbrev":"bao:BAO_0000010","valueDescr":"An assay where the measured signal corresponds to a complex response such as cell survival, proliferation, localization of a protein, nuclear translocation etc. The molecular target is not assumed.","valueHier":[],"labelHier":[],"outOfSchema":true}],"labelsAdded":[{"propURI":"http://www.bioassayontology.org/bao#BAO_0002854","valueLabel":"functional","propAbbrev":"bao:BAO_0002854","propLabel":"bioassay type"}],"labelsRemoved":[{"propURI":"http://www.bioassayontology.org/bao#BAX_0000002","valueLabel":"functional","propAbbrev":"bao:BAX_0000002","propLabel":"has bioassay type"}]},{"curationTime":1492468131177,"curatorID":"admin","annotsAdded":[{"propURI":"http://www.bioassayontology.org/bao#BAO_0002009","propLabel":"biological process","propAbbrev":"bao:BAO_0002009","valueURI":"http://purl.obolibrary.org/obo/GO_0031640","valueLabel":"killing of cells of other organism","valueAbbrev":"obo:GO_0031640","valueDescr":"Any process in an organism that results in the killing of cells of another organism, including in some cases the death of the other organism. Killing here refers to the induction of death in one cell by another cell, not cell-autonomous death due to internal or other environmental conditions.","valueHier":["http://purl.obolibrary.org/obo/GO_0001906","http://purl.obolibrary.org/obo/GO_0008150","http://www.bioassayontology.org/bao#BAO_0003114"],"labelHier":["cell killing","biological process","assay biology component"]},{"propURI":"http://www.bioassayontology.org/bao#BAO_0002009","propLabel":"biological process","propAbbrev":"bao:BAO_0002009","valueURI":"http://purl.obolibrary.org/obo/GO_0016032","valueLabel":"viral process","valueAbbrev":"obo:GO_0016032","valueDescr":"A multi-organism process in which a virus is a participant. The other participant is the host. Includes infection of a host cell, replication of the viral genome, and assembly of progeny virus particles. In some cases the viral genetic material may integrate into the host genome and only subsequently, under particular circumstances, 'complete' its life cycle.","valueHier":["http://purl.obolibrary.org/obo/GO_0044403","http://purl.obolibrary.org/obo/GO_0044419","http://purl.obolibrary.org/obo/GO_0051704","http://purl.obolibrary.org/obo/GO_0008150","http://www.bioassayontology.org/bao#BAO_0003114"],"labelHier":["symbiosis, encompassing mutualism through parasitism","interspecies interaction between organisms","multi-organism process","biological process","assay biology component"]}],"annotsRemoved":[{"propURI":"http://www.bioassayontology.org/bao#BAX_0000004","propAbbrev":"bao:BAX_0000004","valueURI":"http://purl.obolibrary.org/obo/GO_0031640","valueLabel":"killing of cells of other organism","valueAbbrev":"obo:GO_0031640","valueDescr":"Any process in an organism that results in the killing of cells of another organism, including in some cases the death of the other organism. Killing here refers to the induction of death in one cell by another cell, not cell-autonomous death due to internal or other environmental conditions.","valueHier":[],"labelHier":[],"outOfSchema":true},{"propURI":"http://www.bioassayontology.org/bao#BAX_0000004","propAbbrev":"bao:BAX_0000004","valueURI":"http://purl.obolibrary.org/obo/GO_0016032","valueLabel":"viral process","valueAbbrev":"obo:GO_0016032","valueDescr":"A multi-organism process in which a virus is a participant. The other participant is the host. Includes infection of a host cell, replication of the viral genome, and assembly of progeny virus particles. In some cases the viral genetic material may integrate into the host genome and only subsequently, under particular circumstances, 'complete' its life cycle.","valueHier":[],"labelHier":[],"outOfSchema":true}],"labelsAdded":[{"propURI":"http://www.bioassayontology.org/bao#BAO_0002009","valueLabel":"killing of cells of other organism","propAbbrev":"bao:BAO_0002009","propLabel":"biological process"},{"propURI":"http://www.bioassayontology.org/bao#BAO_0002009","valueLabel":"viral process","propAbbrev":"bao:BAO_0002009","propLabel":"biological process"}],"labelsRemoved":[{"propURI":"http://www.bioassayontology.org/bao#BAX_0000004","valueLabel":"killing of cells of other organism","propAbbrev":"bao:BAX_0000004"},{"propURI":"http://www.bioassayontology.org/bao#BAX_0000004","valueLabel":"viral process","propAbbrev":"bao:BAX_0000004"}]},{"curationTime":1492468131177,"curatorID":"admin","annotsAdded":[{"propURI":"http://www.bioassayontology.org/bao#BAO_0002848","propLabel":"applies to disease","propAbbrev":"bao:BAO_0002848","valueURI":"http://purl.obolibrary.org/obo/DOID_6132","valueLabel":"bronchitis","valueAbbrev":"obo:DOID_6132","valueDescr":"A bronchial disease that is an inflammation of the bronchial tubes. It is caused by bacteria and viruses. The disease has_symptom cough with mucus, has_symptom shortness of breath, has_symptom low fever and has_symptom chest tightness.","valueHier":["http://purl.obolibrary.org/obo/DOID_2320","http://purl.obolibrary.org/obo/DOID_850","http://purl.obolibrary.org/obo/DOID_0050161","http://purl.obolibrary.org/obo/DOID_1579","http://purl.obolibrary.org/obo/DOID_7","http://purl.obolibrary.org/obo/DOID_4"],"labelHier":["obstructive lung disease","lung disease","lower respiratory tract disease","respiratory system disease","disease of anatomical entity","Disease"]},{"propURI":"http://www.bioassayontology.org/bao#BAO_0002848","propLabel":"applies to disease","propAbbrev":"bao:BAO_0002848","valueURI":"http://purl.obolibrary.org/obo/DOID_1273","valueLabel":"respiratory syncytial virus infectious disease","valueAbbrev":"obo:DOID_1273","valueDescr":"A viral infectious disease that results_in infection located_in upper respiratory tract or located_in lower respiratory tract, has_material_basis_in Human respiratory syncytial virus, which is transmitted_by droplet spread of nasal secretions from an infected person while coughing or sneezing, or transmitted_by contaminated fomites. The infection has_symptom runny nose, has_symptom fever, has_symptom cough, has_symptom wheezing, and has_symptom respiratory distress.","valueHier":["http://purl.obolibrary.org/obo/DOID_934","http://purl.obolibrary.org/obo/DOID_0050117","http://purl.obolibrary.org/obo/DOID_4"],"labelHier":["viral infectious disease","disease by infectious agent","Disease"]},{"propURI":"http://www.bioassayontology.org/bao#BAO_0002848","propLabel":"applies to disease","propAbbrev":"bao:BAO_0002848","valueURI":"http://purl.obolibrary.org/obo/DOID_10533","valueLabel":"viral pneumonia","valueAbbrev":"obo:DOID_10533","valueDescr":"A pneumonia described as an inflammatory illness of the lung commonly caused by viruses such as influenza virus, parainfluenza, adenovirus, rhinovirus, herpes simplex virus, respiratory syncytial virus, hantavirus, and cytomegalovirus.","valueHier":["http://purl.obolibrary.org/obo/DOID_552","http://purl.obolibrary.org/obo/DOID_850","http://purl.obolibrary.org/obo/DOID_0050161","http://purl.obolibrary.org/obo/DOID_1579","http://purl.obolibrary.org/obo/DOID_7","http://purl.obolibrary.org/obo/DOID_4"],"labelHier":["pneumonia","lung disease","lower respiratory tract disease","respiratory system disease","disease of anatomical entity","Disease"]},{"propURI":"http://www.bioassayontology.org/bao#BAO_0002848","propLabel":"applies to disease","propAbbrev":"bao:BAO_0002848","valueURI":"http://purl.obolibrary.org/obo/DOID_934","valueLabel":"viral infectious disease","valueAbbrev":"obo:DOID_934","valueDescr":"A disease by infectious agent that results in infection, has material basis in Viruses.","valueHier":["http://purl.obolibrary.org/obo/DOID_0050117","http://purl.obolibrary.org/obo/DOID_4"],"labelHier":["disease by infectious agent","Disease"]}],"annotsRemoved":[{"propURI":"http://www.bioassayontology.org/bao#BAX_0000010","propAbbrev":"bao:BAX_0000010","valueURI":"http://purl.obolibrary.org/obo/DOID_934","valueLabel":"viral infectious disease","valueAbbrev":"obo:DOID_934","valueDescr":"A disease by infectious agent that results in infection, has material basis in Viruses.","valueHier":[],"labelHier":[],"outOfSchema":true},{"propURI":"http://www.bioassayontology.org/bao#BAX_0000010","propAbbrev":"bao:BAX_0000010","valueURI":"http://purl.obolibrary.org/obo/DOID_6132","valueLabel":"bronchitis","valueAbbrev":"obo:DOID_6132","valueDescr":"A bronchial disease that is an inflammation of the bronchial tubes. It is caused by bacteria and viruses. The disease has_symptom cough with mucus, has_symptom shortness of breath, has_symptom low fever and has_symptom chest tightness.","valueHier":[],"labelHier":[],"outOfSchema":true},{"propURI":"http://www.bioassayontology.org/bao#BAX_0000010","propAbbrev":"bao:BAX_0000010","valueURI":"http://purl.obolibrary.org/obo/DOID_1273","valueLabel":"respiratory syncytial virus infectious disease","valueAbbrev":"obo:DOID_1273","valueDescr":"A viral infectious disease that results_in infection located_in upper respiratory tract or located_in lower respiratory tract, has_material_basis_in Human respiratory syncytial virus, which is transmitted_by droplet spread of nasal secretions from an infected person while coughing or sneezing, or transmitted_by contaminated fomites. The infection has_symptom runny nose, has_symptom fever, has_symptom cough, has_symptom wheezing, and has_symptom respiratory distress.","valueHier":[],"labelHier":[],"outOfSchema":true},{"propURI":"http://www.bioassayontology.org/bao#BAX_0000010","propAbbrev":"bao:BAX_0000010","valueURI":"http://purl.obolibrary.org/obo/DOID_10533","valueLabel":"viral pneumonia","valueAbbrev":"obo:DOID_10533","valueDescr":"A pneumonia described as an inflammatory illness of the lung commonly caused by viruses such as influenza virus, parainfluenza, adenovirus, rhinovirus, herpes simplex virus, respiratory syncytial virus, hantavirus, and cytomegalovirus.","valueHier":[],"labelHier":[],"outOfSchema":true}],"labelsAdded":[{"propURI":"http://www.bioassayontology.org/bao#BAO_0002848","valueLabel":"bronchitis","propAbbrev":"bao:BAO_0002848","propLabel":"applies to disease"},{"propURI":"http://www.bioassayontology.org/bao#BAO_0002848","valueLabel":"respiratory syncytial virus infectious disease","propAbbrev":"bao:BAO_0002848","propLabel":"applies to disease"},{"propURI":"http://www.bioassayontology.org/bao#BAO_0002848","valueLabel":"viral pneumonia","propAbbrev":"bao:BAO_0002848","propLabel":"applies to disease"},{"propURI":"http://www.bioassayontology.org/bao#BAO_0002848","valueLabel":"viral infectious disease","propAbbrev":"bao:BAO_0002848","propLabel":"applies to disease"}],"labelsRemoved":[{"propURI":"http://www.bioassayontology.org/bao#BAX_0000010","valueLabel":"viral infectious disease","propAbbrev":"bao:BAX_0000010"},{"propURI":"http://www.bioassayontology.org/bao#BAX_0000010","valueLabel":"bronchitis","propAbbrev":"bao:BAX_0000010"},{"propURI":"http://www.bioassayontology.org/bao#BAX_0000010","valueLabel":"respiratory syncytial virus infectious disease","propAbbrev":"bao:BAX_0000010"},{"propURI":"http://www.bioassayontology.org/bao#BAX_0000010","valueLabel":"viral pneumonia","propAbbrev":"bao:BAX_0000010"}]},{"curationTime":1492468131177,"curatorID":"admin","annotsAdded":[{"propURI":"http://www.bioassayontology.org/bao#BAO_0000208","propLabel":"result","propAbbrev":"bao:BAO_0000208","valueURI":"http://www.bioassayontology.org/bao#BAO_0000181","valueLabel":"response endpoint","valueAbbrev":"bao:BAO_0000181","valueDescr":"Reporting the extent / magnitude of the perturbation (induced by the perturbagen) such as percent inhibition. Response-type endpoints would typically be obtained from a single concentration perturbagen measurement.","valueHier":["http://www.bioassayontology.org/bao#BAO_0000179"],"labelHier":["endpoint"]}],"annotsRemoved":[{"propURI":"http://www.bioassayontology.org/bao#BAX_0000006","propAbbrev":"bao:BAX_0000006","valueURI":"http://www.bioassayontology.org/bao#BAO_0000181","valueLabel":"response endpoint","valueAbbrev":"bao:BAO_0000181","valueDescr":"Reporting the extent / magnitude of the perturbation (induced by the perturbagen) such as percent inhibition. Response-type endpoints would typically be obtained from a single concentration perturbagen measurement.","valueHier":[],"labelHier":[],"outOfSchema":true}],"labelsAdded":[{"propURI":"http://www.bioassayontology.org/bao#BAO_0000208","valueLabel":"response endpoint","propAbbrev":"bao:BAO_0000208","propLabel":"result"}],"labelsRemoved":[{"propURI":"http://www.bioassayontology.org/bao#BAX_0000006","valueLabel":"response endpoint","propAbbrev":"bao:BAX_0000006"}]},{"curationTime":1492468131177,"curatorID":"admin","annotsAdded":[{"propURI":"http://www.bioassayontology.org/bao#BAO_0002874","propLabel":"units","propAbbrev":"bao:BAO_0002874","valueURI":"http://www.bioassayontology.org/bao#BAO_0080022","valueLabel":"log change","valueAbbrev":"bao:BAO_0080022","valueDescr":"","valueHier":["http://www.bioassayontology.org/bao#BAO_0190001"],"labelHier":["ratio"]}],"annotsRemoved":[{"propURI":"http://www.bioassayontology.org/bao#BAX_0000007","propAbbrev":"bao:BAX_0000007","valueURI":"http://www.bioassayontology.org/bao#BAO_0080022","valueLabel":"log change","valueAbbrev":"bao:BAO_0080022","valueDescr":"","valueHier":[],"labelHier":[],"outOfSchema":true}],"labelsAdded":[{"propURI":"http://www.bioassayontology.org/bao#BAO_0002874","valueLabel":"log change","propAbbrev":"bao:BAO_0002874","propLabel":"units"}],"labelsRemoved":[{"propURI":"http://www.bioassayontology.org/bao#BAX_0000007","valueLabel":"log change","propAbbrev":"bao:BAX_0000007"}]},{"curationTime":1492468131177,"curatorID":"admin","annotsAdded":[{"propURI":"http://www.bioassayontology.org/bao#BAO_0095009","propLabel":"assay design method","propAbbrev":"bao:BAO_0095009","valueURI":"http://www.bioassayontology.org/bao#BAO_0000167","valueLabel":"membrane permeability assessment","valueAbbrev":"bao:BAO_0000167","valueDescr":"Live cells with intact membranes have the ability to exclude dyes that easily penetrate dead or damaged cells. Examples of the dyes include propidium iodide, 7-amino actinomycin D, and trypan blue. Cells stained with the former two can be quantified by flow cytometry, while the latter is by manual counting using hemocytometer.   ","valueHier":["http://www.bioassayontology.org/bao#BAO_0000127","http://www.bioassayontology.org/bao#BAO_0002202"],"labelHier":["viability measurement method","assay design method"]}],"annotsRemoved":[{"propURI":"http://www.bioassayontology.org/bao#BAX_0000003","propAbbrev":"bao:BAX_0000003","valueURI":"http://www.bioassayontology.org/bao#BAO_0000167","valueLabel":"membrane permeability assessment","valueAbbrev":"bao:BAO_0000167","valueDescr":"Live cells with intact membranes have the ability to exclude dyes that easily penetrate dead or damaged cells. Examples of the dyes include propidium iodide, 7-amino actinomycin D, and trypan blue. Cells stained with the former two can be quantified by flow cytometry, while the latter is by manual counting using hemocytometer.   ","valueHier":[],"labelHier":[],"outOfSchema":true}],"labelsAdded":[{"propURI":"http://www.bioassayontology.org/bao#BAO_0095009","valueLabel":"membrane permeability assessment","propAbbrev":"bao:BAO_0095009","propLabel":"assay design method"}],"labelsRemoved":[{"propURI":"http://www.bioassayontology.org/bao#BAX_0000003","valueLabel":"membrane permeability assessment","propAbbrev":"bao:BAX_0000003"}]},{"curationTime":1492468131177,"curatorID":"admin","annotsAdded":[{"propURI":"http://www.bioassayontology.org/bao#BAO_0000211","propLabel":"target","propAbbrev":"bao:BAO_0000211","valueURI":"http://www.bioassayontology.org/bat#Unknown","valueLabel":"unknown","valueAbbrev":"bat:Unknown","valueDescr":"There should be a term assigned to this property but the value was not specified in the source information.","valueHier":[],"labelHier":[]}],"annotsRemoved":[{"propURI":"http://www.bioassayontology.org/bao#BAX_0000005","propAbbrev":"bao:BAX_0000005","valueURI":"http://www.bioassayontology.org/bat#Unknown","valueLabel":"unknown","valueAbbrev":"bat:Unknown","valueDescr":"There should be a term assigned to this property but the value was not specified in the source information.","valueHier":[],"labelHier":[]}],"labelsAdded":[{"propURI":"http://www.bioassayontology.org/bao#BAO_0000211","valueLabel":"unknown","propAbbrev":"bao:BAO_0000211","propLabel":"target"}],"labelsRemoved":[{"propURI":"http://www.bioassayontology.org/bao#BAX_0000005","valueLabel":"unknown","propAbbrev":"bao:BAX_0000005"}]},{"curationTime":1492468131177,"curatorID":"admin","annotsAdded":[{"propURI":"http://www.bioassayontology.org/bao#BAO_0002855","propLabel":"bioassay","propAbbrev":"bao:BAO_0002855","valueURI":"http://www.bioassayontology.org/bao#BAO_0003009","valueLabel":"cell viability assay","valueAbbrev":"bao:BAO_0003009","valueDescr":"This assay type measures the cellular state of living or dying by measuring an indicator of life or death. Cell life indicators include ATP content, cell number, dehydrogenase activity, DNA content, esterase activity, mitochondrial membrane potential, membrane integrity, and protease activity. Cell death indicators include caspase activity, chromatin condensation, and phospholipid redistribution.","valueHier":["http://www.bioassayontology.org/bao#BAO_0000015"],"labelHier":["bioassay"]}],"annotsRemoved":[{"propURI":"http://www.bioassayontology.org/bao#BAX_0000002","propLabel":"has bioassay type","propAbbrev":"bao:BAX_0000002","valueURI":"http://www.bioassayontology.org/bao#BAO_0003009","valueLabel":"cell viability assay","valueAbbrev":"bao:BAO_0003009","valueDescr":"This assay type measures the cellular state of living or dying by measuring an indicator of life or death. Cell life indicators include ATP content, cell number, dehydrogenase activity, DNA content, esterase activity, mitochondrial membrane potential, membrane integrity, and protease activity. Cell death indicators include caspase activity, chromatin condensation, and phospholipid redistribution.","valueHier":[],"labelHier":[],"outOfSchema":true}],"labelsAdded":[{"propURI":"http://www.bioassayontology.org/bao#BAO_0002855","valueLabel":"cell viability assay","propAbbrev":"bao:BAO_0002855","propLabel":"bioassay"}],"labelsRemoved":[{"propURI":"http://www.bioassayontology.org/bao#BAX_0000002","valueLabel":"cell viability assay","propAbbrev":"bao:BAX_0000002","propLabel":"has bioassay type"}]}],"holdingIDList":[]}