{"assayID":4724,"uniqueID":"pubchemAID:602311","text":"Late stage assay provider results from the probe development effort to identify inhibitors of diacylglycerol lipase, beta (DAGLb): fluorescence-based biochemical gel-based competitive Activity-Based Protein Profiling (ABPP) inhibition of serine hydrolases in mouse brain membrane in vitro set 1\n\nDescription:\n\nEndocannabinoids (ECs) represent a unique group of lipids that function as chemical messengers in the nervous system. To date, the two principle ECs identified in mammals are N-arachidonoyl-ethanolamine (anandamide) and 2-arachidonoyl-glycerol (2-AG). They have been implicated in various physiological and pathological functions including appetite, pain, sensation, memory, and addiction (1). Unlike traditional neurotransmitters, which are stored in vesicles, ECs are synthesized and released on demand, and then rapidly degraded to terminate signaling. Thus, the metabolic pathways that govern EC turnover are critical in determining the magnitude and duration of neuronal signaling events (2). Endocannabinoid biosynthesis, in contrast to degradation, is poorly understood. Recently, two serine hydrolases, DAGL-a and -B, were cloned and found to selectively cleave sn-1 acyl chains from diacylglycerols (DAG) to generate 2-AG in vitro (3). Their function in the nervous system was validated in vivo by the generation of DAGL-a and -B knock-out mice (4, 5). However, it is still unclear to what extent DAGL-a/B catalytic activity contributes to 2-AG-mediated signaling. The development of potent and selective inhibitors would offer a means to perturb DAGL-a/B activity in a selective, reversible, and temporally-controlled manner. Given the non-selective nature of current DAGL-a/B inhibitors (6), specific chemical probes would serve as invaluable tools to delineate DAGL-a/B function in 2-AG signaling networks of the brain.\n\nAssay Overview:\n\nThe purpose of this assay is to assess test compound inhibition of serine hydrolases (SHs) in a complex proteome using a gel-based competitive activity-based proteomic profiling (ABPP) assay. In this assay, a complex proteome is incubated with test compound followed by reaction with a fluorescently-labeled serine hydrolase-specific activity-based probe, fluorophosphonate-rhodamine (FP-Rh). The reaction products are separated by SDS-PAGE and visualized in-gel using a flatbed fluorescence scanner. The percentage activity remaining is determined by measuring the integrated optical density (IOD) of the bands. As designed, test compounds that act as SH inhibitors will prevent enzyme-probe interactions, thereby decreasing the proportion of bound fluorescent probe, giving lower fluorescence intensity in the band in the gel.\n\nProtocol Summary:\n\nMouse brain membrane proteome (25 uL of 1 mg/mL in Dulbecco's PBS [DPBS]) was treated with test compound (0.5 uL of a 50x stock in DMSO; 10 uM final concentration) or DMSO (0.5 uL) for 30 minutes at 37 C. The activity-based probe FP-Rh (0.5 uL of a 50x stock in DMSO; 1 uM final concentration) was added, and the reaction was incubated for 30 minutes at 37 C, quenched with an equal volume of 2x SDS-PAGE loading buffer (reducing), separated by SDS-PAGE, and visualized by in-gel fluorescent scanning. The percentage activity remaining for each SH was determined by measuring the integrated optical density of the individual protein bands relative to the DMSO-only (no compound) control. SHs with at least 50% inhibition by one or more compounds (abhydrolase domain containing 6 [ABHD6], acylpeptide hydrolase [APEH], fatty acid amide hydrolase [FAAH], arylacetamide deacetylase-like 1[KIAA1363], abhydrolase domain containing 12 [ABHD12], monoglyceride lipase [MAGL], lysophospholipase 1 [LYPLA1], and lysophospholipase 2 [LYPLA2]) are reported.\n\nList of Reagents:\n\nMouse brain membrane proteome (provided by Assay Provider)\nFP-Rh (provided by Assay Provider)\nDPBS (Cellgro 20-031-CV)","schemaURI":"http://www.bioassayontology.org/bas#","annotations":[{"propURI":"http://www.bioassayontology.org/bao#BAO_0000205","propLabel":"assay format","propAbbrev":"bao:BAO_0000205","valueURI":"http://www.bioassayontology.org/bao#BAO_0000217","valueLabel":"biochemical format","valueAbbrev":"bao:BAO_0000217","valueDescr":"It is an in vitro format used to measure the activity of a biological macromolecule, either a purified protein or a nucleic acid. It is most often a homogeneous assay type, but can be heterogeneous if a solid phase such as beads is used to immobilize the macromolecule.","groupNest":[],"groupLabel":[],"valueHier":["http://www.bioassayontology.org/bao#BAO_0000019"],"labelHier":["assay format"]},{"propURI":"http://www.bioassayontology.org/bao#BAO_0003107","propLabel":"GO terms","propAbbrev":"bao:BAO_0003107","valueURI":"http://purl.obolibrary.org/obo/GO_0005765","valueLabel":"lysosomal membrane","valueAbbrev":"obo:GO_0005765","valueDescr":"The lipid bilayer surrounding the lysosome and separating its contents from the cell cytoplasm.","groupNest":[],"groupLabel":[],"valueHier":["http://purl.obolibrary.org/obo/GO_0098852","http://purl.obolibrary.org/obo/GO_0005774","http://purl.obolibrary.org/obo/GO_0098588","http://purl.obolibrary.org/obo/GO_0031090","http://purl.obolibrary.org/obo/GO_0016020","http://purl.obolibrary.org/obo/GO_0005575","http://www.bioassayontology.org/bao#BAO_0003114"],"labelHier":["lytic vacuole membrane","vacuolar membrane","bounding membrane of organelle","organelle membrane","membrane","cellular component","assay biology component"]},{"propURI":"http://www.bioassayontology.org/bao#BAO_0003107","propLabel":"GO terms","propAbbrev":"bao:BAO_0003107","valueURI":"http://purl.obolibrary.org/obo/GO_0005886","valueLabel":"plasma membrane","valueAbbrev":"obo:GO_0005886","valueDescr":"The membrane surrounding a cell that separates the cell from its external environment. It consists of a phospholipid bilayer and associated proteins.","groupNest":[],"groupLabel":[],"valueHier":["http://purl.obolibrary.org/obo/GO_0044464","http://purl.obolibrary.org/obo/GO_0005575","http://www.bioassayontology.org/bao#BAO_0003114"],"labelHier":["cell part","cellular component","assay biology component"]},{"propURI":"http://www.bioassayontology.org/bao#BAO_0003107","propLabel":"GO terms","propAbbrev":"bao:BAO_0003107","valueURI":"http://purl.obolibrary.org/obo/GO_0007405","valueLabel":"neuroblast proliferation","valueAbbrev":"obo:GO_0007405","valueDescr":"The expansion of a neuroblast population by cell division. A neuroblast is any cell that will divide and give rise to a neuron.","groupNest":[],"groupLabel":[],"valueHier":["http://purl.obolibrary.org/obo/GO_0072089","http://purl.obolibrary.org/obo/GO_0008283","http://purl.obolibrary.org/obo/GO_0044699","http://purl.obolibrary.org/obo/GO_0008150","http://www.bioassayontology.org/bao#BAO_0003114"],"labelHier":["stem cell proliferation","cell population proliferation","single-organism process","biological process","assay biology component"]},{"propURI":"http://www.bioassayontology.org/bao#BAO_0003107","propLabel":"GO terms","propAbbrev":"bao:BAO_0003107","valueURI":"http://purl.obolibrary.org/obo/GO_0007596","valueLabel":"blood coagulation","valueAbbrev":"obo:GO_0007596","valueDescr":"The sequential process in which the multiple coagulation factors of the blood interact, ultimately resulting in the formation of an insoluble fibrin clot; it may be divided into three stages: stage 1, the formation of intrinsic and extrinsic prothrombin converting principle; stage 2, the formation of thrombin; stage 3, the formation of stable fibrin polymers.","groupNest":[],"groupLabel":[],"valueHier":["http://purl.obolibrary.org/obo/GO_0007599","http://purl.obolibrary.org/obo/GO_0050878","http://purl.obolibrary.org/obo/GO_0044707","http://purl.obolibrary.org/obo/GO_0032501","http://purl.obolibrary.org/obo/GO_0008150","http://www.bioassayontology.org/bao#BAO_0003114"],"labelHier":["hemostasis","regulation of body fluid levels","single-multicellular organism process","multicellular organismal process","biological process","assay biology component"]},{"propURI":"http://www.bioassayontology.org/bao#BAO_0003107","propLabel":"GO terms","propAbbrev":"bao:BAO_0003107","valueURI":"http://purl.obolibrary.org/obo/GO_0016021","valueLabel":"integral component of membrane","valueAbbrev":"obo:GO_0016021","valueDescr":"The component of a membrane consisting of the gene products and protein complexes having at least some part of their peptide sequence embedded in the hydrophobic region of the membrane.","groupNest":[],"groupLabel":[],"valueHier":["http://purl.obolibrary.org/obo/GO_0031224","http://purl.obolibrary.org/obo/GO_0044425","http://purl.obolibrary.org/obo/GO_0005575","http://www.bioassayontology.org/bao#BAO_0003114"],"labelHier":["intrinsic component of membrane","membrane part","cellular component","assay biology component"]},{"propURI":"http://www.bioassayontology.org/bao#BAO_0003107","propLabel":"GO terms","propAbbrev":"bao:BAO_0003107","valueURI":"http://purl.obolibrary.org/obo/GO_0016042","valueLabel":"lipid catabolic process","valueAbbrev":"obo:GO_0016042","valueDescr":"The chemical reactions and pathways resulting in the breakdown of lipids, compounds soluble in an organic solvent but not, or sparingly, in an aqueous solvent.","groupNest":[],"groupLabel":[],"valueHier":["http://purl.obolibrary.org/obo/GO_0044712","http://purl.obolibrary.org/obo/GO_0044710","http://purl.obolibrary.org/obo/GO_0008152","http://purl.obolibrary.org/obo/GO_0008150","http://www.bioassayontology.org/bao#BAO_0003114"],"labelHier":["single-organism catabolic process","single-organism metabolic process","metabolic process","biological process","assay biology component"]},{"propURI":"http://www.bioassayontology.org/bao#BAO_0003107","propLabel":"GO terms","propAbbrev":"bao:BAO_0003107","valueURI":"http://purl.obolibrary.org/obo/GO_0016787","valueLabel":"hydrolase activity","valueAbbrev":"obo:GO_0016787","valueDescr":"Catalysis of the hydrolysis of various bonds, e.g. C-O, C-N, C-C, phosphoric anhydride bonds, etc. Hydrolase is the systematic name for any enzyme of EC class 3.","groupNest":[],"groupLabel":[],"valueHier":["http://purl.obolibrary.org/obo/GO_0003824","http://purl.obolibrary.org/obo/GO_0003674","http://www.bioassayontology.org/bao#BAO_0003117","http://www.bioassayontology.org/bao#BAO_0003114"],"labelHier":["catalytic activity","molecular function","function","assay biology component"]},{"propURI":"http://www.bioassayontology.org/bao#BAO_0003107","propLabel":"GO terms","propAbbrev":"bao:BAO_0003107","valueURI":"http://purl.obolibrary.org/obo/GO_0019369","valueLabel":"arachidonic acid metabolic process","valueAbbrev":"obo:GO_0019369","valueDescr":"The chemical reactions and pathways involving arachidonic acid, a straight chain fatty acid with 20 carbon atoms and four double bonds per molecule. Arachidonic acid is the all-Z-(5,8,11,14)-isomer.","groupNest":[],"groupLabel":[],"valueHier":["http://purl.obolibrary.org/obo/GO_0001676","http://purl.obolibrary.org/obo/GO_0006631","http://purl.obolibrary.org/obo/GO_0032787","http://purl.obolibrary.org/obo/GO_0019752","http://purl.obolibrary.org/obo/GO_0043436","http://purl.obolibrary.org/obo/GO_0006082","http://purl.obolibrary.org/obo/GO_0044237","http://purl.obolibrary.org/obo/GO_0009987","http://purl.obolibrary.org/obo/GO_0008150","http://www.bioassayontology.org/bao#BAO_0003114"],"labelHier":["long-chain fatty acid metabolic process","fatty acid metabolic process","monocarboxylic acid metabolic process","carboxylic acid metabolic process","oxoacid metabolic process","organic acid metabolic process","cellular metabolic process","cellular process","biological process","assay biology component"]},{"propURI":"http://www.bioassayontology.org/bao#BAO_0003107","propLabel":"GO terms","propAbbrev":"bao:BAO_0003107","valueURI":"http://purl.obolibrary.org/obo/GO_0030168","valueLabel":"platelet activation","valueAbbrev":"obo:GO_0030168","valueDescr":"A series of progressive, overlapping events triggered by exposure of the platelets to subendothelial tissue. These events include shape change, adhesiveness, aggregation, and release reactions. When carried through to completion, these events lead to the formation of a stable hemostatic plug.","groupNest":[],"groupLabel":[],"valueHier":["http://purl.obolibrary.org/obo/GO_0001775","http://purl.obolibrary.org/obo/GO_0044763","http://purl.obolibrary.org/obo/GO_0009987","http://purl.obolibrary.org/obo/GO_0008150","http://www.bioassayontology.org/bao#BAO_0003114"],"labelHier":["cell activation","single-organism cellular process","cellular process","biological process","assay biology component"]},{"propURI":"http://www.bioassayontology.org/bao#BAO_0003107","propLabel":"GO terms","propAbbrev":"bao:BAO_0003107","valueURI":"http://purl.obolibrary.org/obo/GO_0042136","valueLabel":"neurotransmitter biosynthetic process","valueAbbrev":"obo:GO_0042136","valueDescr":"The chemical reactions and pathways resulting in the formation of any of a group of substances that are released on excitation from the axon terminal of a presynaptic neuron of the central or peripheral nervous system and travel across the synaptic cleft to either excite or inhibit the target cell.","groupNest":[],"groupLabel":[],"valueHier":["http://purl.obolibrary.org/obo/GO_0042133","http://purl.obolibrary.org/obo/GO_0001505","http://purl.obolibrary.org/obo/GO_0065008","http://purl.obolibrary.org/obo/GO_0065007","http://purl.obolibrary.org/obo/GO_0008150","http://www.bioassayontology.org/bao#BAO_0003114"],"labelHier":["neurotransmitter metabolic process","regulation of neurotransmitter levels","regulation of biological quality","biological regulation","biological process","assay biology component"]},{"propURI":"http://www.bioassayontology.org/bao#BAO_0003107","propLabel":"GO terms","propAbbrev":"bao:BAO_0003107","valueURI":"http://purl.obolibrary.org/obo/GO_0046872","valueLabel":"metal ion binding","valueAbbrev":"obo:GO_0046872","valueDescr":"Interacting selectively and non-covalently with any metal ion.","groupNest":[],"groupLabel":[],"valueHier":["http://purl.obolibrary.org/obo/GO_0043169","http://purl.obolibrary.org/obo/GO_0043167","http://purl.obolibrary.org/obo/GO_0005488","http://purl.obolibrary.org/obo/GO_0003674","http://www.bioassayontology.org/bao#BAO_0003117","http://www.bioassayontology.org/bao#BAO_0003114"],"labelHier":["cation binding","ion binding","binding","molecular function","function","assay biology component"]},{"propURI":"http://www.bioassayontology.org/bao#BAO_0002855","propLabel":"bioassay","propAbbrev":"bao:BAO_0002855","valueURI":"http://www.bioassayontology.org/bao#BAO_0002994","valueLabel":"enzyme activity assay","valueAbbrev":"bao:BAO_0002994","valueDescr":"It is used to measure the effect of a perturbagen on the enzyme activity, which can be measured either directly or coupled to a secondary signal. ","groupNest":[],"groupLabel":[],"valueHier":["http://www.bioassayontology.org/bao#BAO_0000015"],"labelHier":["bioassay"]},{"propURI":"http://www.bioassayontology.org/bao#BAO_0002855","propLabel":"bioassay","propAbbrev":"bao:BAO_0002855","valueURI":"http://www.bioassayontology.org/bao#BAO_0002790","valueLabel":"hydrolase activity assay","valueAbbrev":"bao:BAO_0002790","valueDescr":"","groupNest":[],"groupLabel":[],"valueHier":["http://www.bioassayontology.org/bao#BAO_0002994","http://www.bioassayontology.org/bao#BAO_0000015"],"labelHier":["enzyme activity assay","bioassay"]},{"propURI":"http://www.bioassayontology.org/bao#BAO_0002848","propLabel":"applies to disease","propAbbrev":"bao:BAO_0002848","valueURI":"http://purl.obolibrary.org/obo/DOID_863","valueLabel":"nervous system disease","valueAbbrev":"obo:DOID_863","valueDescr":"A disease of anatomical entity that is located_in the central nervous system or located_in the peripheral nervous system.","groupNest":[],"groupLabel":[],"valueHier":["http://purl.obolibrary.org/obo/DOID_7","http://purl.obolibrary.org/obo/DOID_4"],"labelHier":["disease of anatomical entity","Disease"]},{"propURI":"http://www.bioassayontology.org/bao#BAO_0000196","propLabel":"assay mode of action","propAbbrev":"bao:BAO_0000196","valueURI":"http://www.bioassayontology.org/bao#BAO_0000091","valueLabel":"inhibition","valueAbbrev":"bao:BAO_0000091","valueDescr":"Reduction of a predefined stimulus. Unit of Measure is always % when normalized to the dynamic range of the assay.","groupNest":[],"groupLabel":[],"valueHier":["http://www.bioassayontology.org/bao#BAO_0000084","http://www.bioassayontology.org/bao#BAO_0000074"],"labelHier":["ligand function mode of action","mode of action"]},{"propURI":"http://www.bioassayontology.org/bao#BAO_0002663","propLabel":"assay kit","propAbbrev":"bao:BAO_0002663","valueURI":"http://www.bioassayontology.org/bat#NotApplicable","valueLabel":"not applicable","valueAbbrev":"bat:NotApplicable","valueDescr":"This property does not apply to this assay.","groupNest":[],"groupLabel":[],"valueHier":[],"labelHier":[]},{"propURI":"http://www.bioassayontology.org/bao#BAO_0000207","propLabel":"physical detection method","propAbbrev":"bao:BAO_0000207","valueURI":"http://www.bioassayontology.org/bao#BAO_0000363","valueLabel":"fluorescence intensity","valueAbbrev":"bao:BAO_0000363","valueDescr":"Fluorescence intensity is the measure of fluorescence from a sample.","groupNest":[],"groupLabel":[],"valueHier":["http://www.bioassayontology.org/bao#BAO_0000046","http://www.bioassayontology.org/bao#BAO_0000035"],"labelHier":["fluorescence method","physical detection method"]},{"propURI":"http://www.bioassayontology.org/bao#BAO_0000185","propLabel":"perturbagen type","propAbbrev":"bao:BAO_0000185","valueURI":"http://www.bioassayontology.org/bao#BAO_0000733","valueLabel":"MLSMR library","valueAbbrev":"bao:BAO_0000733","valueDescr":"","groupNest":[],"groupLabel":[],"valueHier":["http://www.bioassayontology.org/bao#BAO_0000648","http://www.bioassayontology.org/bao#BAO_0000661","http://www.bioassayontology.org/bao#BAO_0003120"],"labelHier":["compound library","perturbagen library","assay screened entity component"]},{"propURI":"http://www.bioassayontology.org/bao#BAO_0002009","propLabel":"biological process","propAbbrev":"bao:BAO_0002009","valueURI":"http://purl.obolibrary.org/obo/GO_0051336","valueLabel":"regulation of hydrolase activity","valueAbbrev":"obo:GO_0051336","valueDescr":"Any process that modulates the frequency, rate or extent of hydrolase activity, the catalysis of the hydrolysis of various bonds, e.g. C-O, C-N, C-C, phosphoric anhydride bonds, etc. Hydrolase is the systematic name for any enzyme of EC class 3.","groupNest":[],"groupLabel":[],"valueHier":["http://purl.obolibrary.org/obo/GO_0050790","http://purl.obolibrary.org/obo/GO_0065009","http://purl.obolibrary.org/obo/GO_0065007","http://purl.obolibrary.org/obo/GO_0008150","http://www.bioassayontology.org/bao#BAO_0003114"],"labelHier":["regulation of catalytic activity","regulation of molecular function","biological regulation","biological process","assay biology component"]},{"propURI":"http://www.bioassayontology.org/bao#BAO_0002009","propLabel":"biological process","propAbbrev":"bao:BAO_0002009","valueURI":"http://purl.obolibrary.org/obo/GO_0060191","valueLabel":"regulation of lipase activity","valueAbbrev":"obo:GO_0060191","valueDescr":"Any process that modulates the frequency, rate or extent of lipase activity, the hydrolysis of a lipid or phospholipid.","groupNest":[],"groupLabel":[],"valueHier":["http://purl.obolibrary.org/obo/GO_0051336","http://purl.obolibrary.org/obo/GO_0050790","http://purl.obolibrary.org/obo/GO_0065009","http://purl.obolibrary.org/obo/GO_0065007","http://purl.obolibrary.org/obo/GO_0008150","http://www.bioassayontology.org/bao#BAO_0003114"],"labelHier":["regulation of hydrolase activity","regulation of catalytic activity","regulation of molecular function","biological regulation","biological process","assay biology component"]},{"propURI":"http://www.bioassayontology.org/bao#BAO_0002921","propLabel":"organism","propAbbrev":"bao:BAO_0002921","valueURI":"http://purl.obolibrary.org/obo/NCBITaxon_10090","valueLabel":"Mus musculus","valueAbbrev":"obo:NCBITaxon_10090","valueDescr":"","groupNest":[],"groupLabel":[],"altLabels":["mouse","mice C57BL/6xCBA/CaJ hybrid","house mouse","Mus muscaris"],"valueHier":["http://www.bioassayontology.org/bao#BAO_0000362","http://www.bioassayontology.org/bao#BAO_0000510","http://www.bioassayontology.org/bao#BAO_0000659","http://www.bioassayontology.org/bao#BAO_0000509","http://www.bioassayontology.org/bao#BAO_0000658","http://www.bioassayontology.org/bao#BAO_0000551"],"labelHier":["mammalian","vertebrate","metazoa","eukaryote","cellular organisms","organism"]},{"propURI":"http://www.bioassayontology.org/bao#BAO_0095009","propLabel":"assay design method","propAbbrev":"bao:BAO_0095009","valueURI":"http://www.bioassayontology.org/bao#BAO_0000124","valueLabel":"enzyme activity measurement method","valueAbbrev":"bao:BAO_0000124","valueDescr":"It describes the different methods by which an enzyme activity can be measured and the ways it is expressed. This can be measured either directly or coupled to a secondary signal.","groupNest":[],"groupLabel":[],"valueHier":["http://www.bioassayontology.org/bao#BAO_0002202"],"labelHier":["assay design method"]},{"propURI":"http://www.bioassayontology.org/bao#BAO_0000210","propLabel":"screening campaign stage","propAbbrev":"bao:BAO_0000210","valueURI":"http://www.bioassayontology.org/bao#BAO_0000032","valueLabel":"secondary assay","valueAbbrev":"bao:BAO_0000032","valueDescr":"Additional assays following the confirmatory stage to confirm the biological activity of chemical entities via a different type of assay or to eliminate certain active compounds based on their mechanism of action, toxicity or activity profile.  Secondary assays can also include selectivity and specificity assays.","groupNest":[],"groupLabel":[],"valueHier":["http://www.bioassayontology.org/bao#BAO_0000029"],"labelHier":["assay screening campaign stage"]},{"propURI":"http://www.bioassayontology.org/bao#BAO_0000211","propLabel":"target","propAbbrev":"bao:BAO_0000211","valueURI":"http://www.bioassayontology.org/bat#SeeGeneID","valueLabel":"see Gene ID","valueAbbrev":"bat:SeeGeneID","valueDescr":"The target is present in the Gene ID section, but needs to be mapped to a formal ontology.","groupNest":[],"groupLabel":[],"valueHier":["http://www.bioassayontology.org/bat#SeeAlso"],"labelHier":["see also"]},{"propURI":"http://www.bioassayontology.org/bao#BAO_0000208","propLabel":"result","propAbbrev":"bao:BAO_0000208","valueURI":"http://www.bioassayontology.org/bao#BAO_0000201","valueLabel":"percent inhibition","valueAbbrev":"bao:BAO_0000201","valueDescr":"Percent decrease of a measureable response as a consequence of compound treatment.  Unit of Measure is always % when normalized to the dynamic range of the assay. Percent inhibition is expressed relative to a positive control (which results in total inhibition).","groupNest":[],"groupLabel":[],"valueHier":["http://www.bioassayontology.org/bao#BAO_0000082","http://www.bioassayontology.org/bao#BAO_0000181","http://www.bioassayontology.org/bao#BAO_0000179"],"labelHier":["percent response","response endpoint","endpoint"]},{"propURI":"http://www.bioassayontology.org/bao#BAO_0000205","propLabel":"assay format","propAbbrev":"bao:BAO_0000205","valueURI":"http://www.bioassayontology.org/bao#BAO_0000249","valueLabel":"cell membrane format","valueAbbrev":"bao:BAO_0000249","valueDescr":"The thin outer covering of a cell consisting of lipid-bilayer embedded with proteins. It is semi-permeable and is also called \"plasma membrane\"","groupNest":[],"groupLabel":[],"valueHier":["http://www.bioassayontology.org/bao#BAO_0000220","http://www.bioassayontology.org/bao#BAO_0000366","http://www.bioassayontology.org/bao#BAO_0000019"],"labelHier":["subcellular format","cell-free format","assay format"]},{"propURI":"http://www.bioassayontology.org/bao#BAO_0002874","propLabel":"units","propAbbrev":"bao:BAO_0002874","valueURI":"http://purl.obolibrary.org/obo/UO_0000187","valueLabel":"percent","valueAbbrev":"obo:UO_0000187","valueDescr":"A dimensionless ratio unit which denotes numbers as fractions of 100.","groupNest":["http://www.bioassayontology.org/bao#BAX_0000017"],"groupLabel":["measurement"],"valueHier":["http://purl.obolibrary.org/obo/UO_0000190","http://purl.obolibrary.org/obo/UO_0000186","http://purl.obolibrary.org/obo/UO_0000000"],"labelHier":["ratio","dimensionless unit","unit"]},{"propURI":"http://www.bioassayontology.org/bao#BAO_0002800","propLabel":"assay cell line","propAbbrev":"bao:BAO_0002800","valueURI":"http://www.bioassayontology.org/bat#NotApplicable","valueLabel":"not applicable","valueAbbrev":"bat:NotApplicable","valueDescr":"This property does not apply to this assay.","groupNest":[],"groupLabel":[],"valueHier":[],"labelHier":[]},{"propURI":"http://www.bioassayontology.org/bao#BAO_0000210","propLabel":"screening campaign stage","propAbbrev":"bao:BAO_0000210","valueURI":"http://www.bioassayontology.org/bao#BAO_0000478","valueLabel":"selectivity assay","valueAbbrev":"bao:BAO_0000478","valueDescr":"Assay employed to elucidate the specificity of biologically active chemical entities towards one or more targets that are (closely) related to the (intended) primary target.","groupNest":[],"groupLabel":[],"altLabels":["specificity"],"valueHier":["http://www.bioassayontology.org/bao#BAO_0000032","http://www.bioassayontology.org/bao#BAO_0000029"],"labelHier":["secondary assay","assay screening campaign stage"]},{"propURI":"http://www.bioassayontology.org/bao#BAX_0000011","propLabel":"gene identity","propAbbrev":"bao:BAX_0000011","valueURI":"http://www.bioassayontology.org/geneid#66082","valueLabel":"Abhd6: abhydrolase domain containing 6","valueAbbrev":"geneid:66082","valueDescr":"","groupNest":[],"groupLabel":[],"altLabels":["0610041D24Rik , AA673485 , AV065425"],"externalURLs":["https://www.ncbi.nlm.nih.gov/gene/66082"],"valueHier":["http://www.bioassayontology.org/geneid#Mus_musculus","http://www.bioassayontology.org/geneid#Mammalia","http://www.bioassayontology.org/geneid#Root"],"labelHier":["Mus musculus","Mammalia","Faux GeneID"]},{"propURI":"http://www.bioassayontology.org/bao#BAX_0000011","propLabel":"gene identity","propAbbrev":"bao:BAX_0000011","valueURI":"http://www.bioassayontology.org/geneid#10434","valueLabel":"LYPLA1: lysophospholipase 1","valueAbbrev":"geneid:10434","valueDescr":"","groupNest":[],"groupLabel":[],"altLabels":["APT-1 , APT1 , LPL-I , LPL1 , hAPT1"],"externalURLs":["https://www.ncbi.nlm.nih.gov/gene/10434"],"valueHier":["http://www.bioassayontology.org/geneid#Homo_sapiens","http://www.bioassayontology.org/geneid#Mammalia","http://www.bioassayontology.org/geneid#Root"],"labelHier":["Homo sapiens","Mammalia","Faux GeneID"]},{"propURI":"http://www.bioassayontology.org/bao#BAX_0000011","propLabel":"gene identity","propAbbrev":"bao:BAX_0000011","valueURI":"http://www.bioassayontology.org/geneid#11313","valueLabel":"LYPLA2: lysophospholipase 2","valueAbbrev":"geneid:11313","valueDescr":"","groupNest":[],"groupLabel":[],"altLabels":["APT-2 , APT2 , DJ886K2.4"],"externalURLs":["https://www.ncbi.nlm.nih.gov/gene/11313"],"valueHier":["http://www.bioassayontology.org/geneid#Homo_sapiens","http://www.bioassayontology.org/geneid#Mammalia","http://www.bioassayontology.org/geneid#Root"],"labelHier":["Homo sapiens","Mammalia","Faux GeneID"]},{"propURI":"http://www.bioassayontology.org/bao#BAX_0000011","propLabel":"gene identity","propAbbrev":"bao:BAX_0000011","valueURI":"http://www.bioassayontology.org/geneid#231871","valueLabel":"Daglb: diacylglycerol lipase, beta","valueAbbrev":"geneid:231871","valueDescr":"","groupNest":[],"groupLabel":[],"altLabels":["E330036I19Rik"],"externalURLs":["https://www.ncbi.nlm.nih.gov/gene/231871"],"valueHier":["http://www.bioassayontology.org/geneid#Mus_musculus","http://www.bioassayontology.org/geneid#Mammalia","http://www.bioassayontology.org/geneid#Root"],"labelHier":["Mus musculus","Mammalia","Faux GeneID"]},{"propURI":"http://www.bioassayontology.org/bao#BAX_0000012","propLabel":"protein identity","propAbbrev":"bao:BAX_0000012","valueURI":"http://www.bioassayontology.org/protein#31559956","valueLabel":"sn1-specific diacylglycerol lipase beta [Mus musculus]","valueAbbrev":"protein:31559956","valueDescr":"Protein: sn1-specific diacylglycerol lipase beta [Mus musculus], Organism: Mus musculus","groupNest":[],"groupLabel":[],"externalURLs":["https://www.ncbi.nlm.nih.gov/protein/31559956"],"valueHier":["http://www.bioassayontology.org/taxon#10090","http://www.bioassayontology.org/taxon#10088","http://www.bioassayontology.org/taxon#39107","http://www.bioassayontology.org/taxon#10066","http://www.bioassayontology.org/taxon#1963758","http://www.bioassayontology.org/taxon#9989","http://www.bioassayontology.org/taxon#314147","http://www.bioassayontology.org/taxon#314146","http://www.bioassayontology.org/taxon#40674","http://www.bioassayontology.org/taxon#32524","http://www.bioassayontology.org/taxon#8287","http://www.bioassayontology.org/taxon#117570","http://www.bioassayontology.org/taxon#7711","http://www.bioassayontology.org/taxon#33511","http://www.bioassayontology.org/taxon#33213","http://www.bioassayontology.org/taxon#33208","http://www.bioassayontology.org/taxon#33154","http://www.bioassayontology.org/taxon#2759","http://www.bioassayontology.org/taxon#131567","http://www.bioassayontology.org/taxon#Root"],"labelHier":["Mus musculus","Mus / Mus","Murinae","Muridae","Myomorpha / Muroidea","Rodentia","Glires","Euarchontoglires","Mammalia / Theria / Eutheria / Boreoeutheria","Amniota","Sarcopterygii / Dipnotetrapodomorpha / Tetrapoda","Teleostomi / Euteleostomi","Chordata / Craniata / Vertebrata / Gnathostomata","Deuterostomia","Bilateria","Metazoa / Eumetazoa","Opisthokonta","Eukaryota","cellular organisms","Faux ProteinID"]},{"propURI":"http://www.bioassayontology.org/bao#BAO_0002867","propLabel":"assay footprint","propAbbrev":"bao:BAO_0002867","valueURI":"http://www.bioassayontology.org/bao#BAO_0010019","valueLabel":"PAGE","valueAbbrev":"bao:BAO_0010019","valueDescr":"Polyacrylamide gel electrophoresis (PAGE), describes a technique to separate biological macromolecules, usually proteins or nucleic acids, according to their electrophoretic mobility. Mobility is a function of the length, conformation and charge of the molecule.  Gels can be native or denaturing (urea for nucleic acids, SDS for proteins).  A low-throughput method.","groupNest":[],"groupLabel":[],"valueHier":["http://www.bioassayontology.org/bao#BAO_0010018","http://www.bioassayontology.org/bao#BAO_0000512"],"labelHier":["gel","assay footprint"]},{"propURI":"http://www.bioassayontology.org/bao#BAO_0002854","propLabel":"bioassay type","propAbbrev":"bao:BAO_0002854","valueURI":"http://www.bioassayontology.org/bao#BAO_0000010","valueLabel":"functional","valueAbbrev":"bao:BAO_0000010","valueDescr":"An assay where the measured signal corresponds to a complex response such as cell survival, proliferation, localization of a protein, nuclear translocation etc. The molecular target is not assumed.","groupNest":[],"groupLabel":[],"valueHier":["http://www.bioassayontology.org/bao#BAO_0000008"],"labelHier":["bioassay type"]},{"propURI":"http://www.bioassayontology.org/bao#BAO_0002865","propLabel":"detection instrument","propAbbrev":"bao:BAO_0002865","valueURI":"http://www.bioassayontology.org/bat#Missing","valueLabel":"missing","valueAbbrev":"bat:Missing","valueDescr":"The information is missing from the source data, presumed to be a communication error.","groupNest":[],"groupLabel":[],"valueHier":[],"labelHier":[]},{"propURI":"http://www.bioassayontology.org/bao#BAO_0002852","propLabel":"assay sources","propAbbrev":"bao:BAO_0002852","valueURI":"http://www.bioassayexpress.org/sources#SRC_0000026","valueLabel":"Molecular Screening Center (The Scripps Research Institute)","valueAbbrev":"src:SRC_0000026","valueDescr":"The Scripps Research Institute Molecular Screening Center.","groupNest":[],"groupLabel":[],"externalURLs":["http://mlpcn.florida.scripps.edu"],"valueHier":["http://www.bioassayexpress.org/sources#pubchem_sources","http://www.bioassayontology.org/bao#BAO_0002934"],"labelHier":["PubChem Sources","organization"]},{"propURI":"http://www.bioassayontology.org/bao#BAO_0000539","valueLabel":"pubchemAID:504411","propAbbrev":"bao:BAO_0000539","groupNest":[],"propLabel":"related assays","groupLabel":[]},{"propURI":"http://www.bioassayontology.org/bao#BAO_0000539","valueLabel":"pubchemAID:504420","propAbbrev":"bao:BAO_0000539","groupNest":[],"propLabel":"related assays","groupLabel":[]},{"propURI":"http://www.bioassayontology.org/bao#BAO_0002853","valueLabel":"Late stage assay provider results from the probe development effort to identify inhibitors of diacylglycerol lipase, beta (DAGLb): fluorescence-based biochemical gel-based competitive Activity-Based Protein Profiling (ABPP) inhibition of serine hydrolases in mouse brain membrane in vitro set 1","propAbbrev":"bao:BAO_0002853","groupNest":[],"propLabel":"assay title","groupLabel":[]}],"pubchemXRef":[{"type":"aid","id":"504411","comment":"Primary screen (DAGLB inhibitors in singlicate)"},{"type":"aid","id":"504420","comment":"Summary (DAGLB inhibitors)"},{"type":"protein_gi","id":"31559956","comment":"sn1-specific diacylglycerol lipase beta [Mus musculus]"},{"type":"gene","id":"231871","comment":"Daglb diacylglycerol lipase, beta"},{"type":"dburl","id":"http://mlpcn.florida.scripps.edu/","comment":""},{"type":"taxonomy","id":"10090","comment":""},{"type":"pmid","id":"18446159","comment":"Reference (1)"},{"type":"pmid","id":"18429637","comment":"Reference (2)"},{"type":"pmid","id":"20147530","comment":"Reference (4)"},{"type":"pmid","id":"20159446","comment":"Reference (5)"},{"type":"pmid","id":"18657971","comment":"Reference (6)"}],"curationTime":1492468127416,"curatorID":"admin","history":[{"curationTime":1481655437765,"curatorID":"orcid:0000-0003-2629-5583","annotsAdded":[{"propURI":"http://www.bioassayontology.org/bao#BAO_0002867","propLabel":"assay footprint","propAbbrev":"bao:BAO_0002867","valueURI":"http://www.bioassayontology.org/bao#BAO_0010019","valueLabel":"PAGE","valueAbbrev":"bao:BAO_0010019","valueDescr":"Polyacrylamide gel electrophoresis (PAGE), describes a technique to separate biological macromolecules, usually proteins or nucleic acids, according to their electrophoretic mobility. Mobility is a function of the length, conformation and charge of the molecule.  Gels can be native or denaturing (urea for nucleic acids, SDS for proteins).  A low-throughput method.","valueHier":["http://www.bioassayontology.org/bao#BAO_0010018","http://www.bioassayontology.org/bao#BAO_0000512"],"labelHier":["gel","assay footprint"]},{"propURI":"http://www.bioassayontology.org/bao#BAO_0002865","propLabel":"detection instrument","propAbbrev":"bao:BAO_0002865","valueURI":"http://www.bioassayontology.org/bat#Missing","valueLabel":"missing","valueAbbrev":"bat:Missing","valueDescr":"The information is missing from the source data, presumed to be a communication error.","valueHier":[],"labelHier":[]},{"propURI":"http://www.bioassayontology.org/bao#BAX_0000002","propLabel":"has bioassay type","propAbbrev":"bao:BAX_0000002","valueURI":"http://www.bioassayontology.org/bao#BAO_0000010","valueLabel":"functional","valueAbbrev":"bao:BAO_0000010","valueDescr":"An assay where the measured signal corresponds to a complex response such as cell survival, proliferation, localization of a protein, nuclear translocation etc. The molecular target is not assumed.","valueHier":[],"labelHier":[],"outOfSchema":true}],"annotsRemoved":[{"propURI":"http://www.bioassayontology.org/bao#BAO_0002867","propLabel":"assay footprint","propAbbrev":"bao:BAO_0002867","valueURI":"http://www.bioassayontology.org/bat#Missing","valueLabel":"missing","valueAbbrev":"bat:Missing","valueDescr":"The information is missing from the source data, presumed to be a communication error.","valueHier":[],"labelHier":[]},{"propURI":"http://www.bioassayontology.org/bao#BAO_0002865","propLabel":"detection instrument","propAbbrev":"bao:BAO_0002865","valueURI":"http://www.bioassayontology.org/bat#RequiresTerm","valueLabel":"requires term","valueAbbrev":"bat:RequiresTerm","valueDescr":"An appropriate term could not be found in the underlying ontologies: it may be necessary to create a new one.","valueHier":[],"labelHier":[]}],"labelsAdded":[{"propURI":"http://www.bioassayontology.org/bao#BAO_0002867","valueLabel":"PAGE","propAbbrev":"bao:BAO_0002867","propLabel":"assay footprint"},{"propURI":"http://www.bioassayontology.org/bao#BAO_0002865","valueLabel":"missing","propAbbrev":"bao:BAO_0002865","propLabel":"detection instrument"},{"propURI":"http://www.bioassayontology.org/bao#BAX_0000002","valueLabel":"functional","propAbbrev":"bao:BAX_0000002","propLabel":"has bioassay type"}],"labelsRemoved":[{"propURI":"http://www.bioassayontology.org/bao#BAO_0002867","valueLabel":"missing","propAbbrev":"bao:BAO_0002867","propLabel":"assay footprint"},{"propURI":"http://www.bioassayontology.org/bao#BAO_0002865","valueLabel":"requires term","propAbbrev":"bao:BAO_0002865","propLabel":"detection instrument"}]},{"curationTime":1482377971701,"curatorID":"admin","annotsAdded":[],"annotsRemoved":[{"propURI":"http://www.bioassayontology.org/bao#BAX_0000005","propAbbrev":"bao:BAX_0000005","valueURI":"http://purl.obolibrary.org/obo/GO_0016298","valueLabel":"lipase activity","valueAbbrev":"obo:GO_0016298","valueDescr":"Catalysis of the hydrolysis of a lipid or phospholipid.","valueHier":[],"labelHier":[],"outOfSchema":true}],"labelsAdded":[],"labelsRemoved":[{"propURI":"http://www.bioassayontology.org/bao#BAX_0000005","valueLabel":"lipase activity","propAbbrev":"bao:BAX_0000005"}]},{"curationTime":1492468127416,"curatorID":"admin","annotsAdded":[{"propURI":"http://www.bioassayontology.org/bao#BAO_0002854","propLabel":"bioassay type","propAbbrev":"bao:BAO_0002854","valueURI":"http://www.bioassayontology.org/bao#BAO_0000010","valueLabel":"functional","valueAbbrev":"bao:BAO_0000010","valueDescr":"An assay where the measured signal corresponds to a complex response such as cell survival, proliferation, localization of a protein, nuclear translocation etc. The molecular target is not assumed.","valueHier":["http://www.bioassayontology.org/bao#BAO_0000008"],"labelHier":["bioassay type"]}],"annotsRemoved":[{"propURI":"http://www.bioassayontology.org/bao#BAX_0000002","propLabel":"has bioassay type","propAbbrev":"bao:BAX_0000002","valueURI":"http://www.bioassayontology.org/bao#BAO_0000010","valueLabel":"functional","valueAbbrev":"bao:BAO_0000010","valueDescr":"An assay where the measured signal corresponds to a complex response such as cell survival, proliferation, localization of a protein, nuclear translocation etc. The molecular target is not assumed.","valueHier":[],"labelHier":[],"outOfSchema":true}],"labelsAdded":[{"propURI":"http://www.bioassayontology.org/bao#BAO_0002854","valueLabel":"functional","propAbbrev":"bao:BAO_0002854","propLabel":"bioassay type"}],"labelsRemoved":[{"propURI":"http://www.bioassayontology.org/bao#BAX_0000002","valueLabel":"functional","propAbbrev":"bao:BAX_0000002","propLabel":"has bioassay type"}]},{"curationTime":1492468127416,"curatorID":"admin","annotsAdded":[{"propURI":"http://www.bioassayontology.org/bao#BAO_0002009","propLabel":"biological process","propAbbrev":"bao:BAO_0002009","valueURI":"http://purl.obolibrary.org/obo/GO_0060191","valueLabel":"regulation of lipase activity","valueAbbrev":"obo:GO_0060191","valueDescr":"Any process that modulates the frequency, rate or extent of lipase activity, the hydrolysis of a lipid or phospholipid.","valueHier":["http://purl.obolibrary.org/obo/GO_0051336","http://purl.obolibrary.org/obo/GO_0050790","http://purl.obolibrary.org/obo/GO_0065009","http://purl.obolibrary.org/obo/GO_0065007","http://purl.obolibrary.org/obo/GO_0008150","http://www.bioassayontology.org/bao#BAO_0003114"],"labelHier":["regulation of hydrolase activity","regulation of catalytic activity","regulation of molecular function","biological regulation","biological process","assay biology component"]},{"propURI":"http://www.bioassayontology.org/bao#BAO_0002009","propLabel":"biological process","propAbbrev":"bao:BAO_0002009","valueURI":"http://purl.obolibrary.org/obo/GO_0051336","valueLabel":"regulation of hydrolase activity","valueAbbrev":"obo:GO_0051336","valueDescr":"Any process that modulates the frequency, rate or extent of hydrolase activity, the catalysis of the hydrolysis of various bonds, e.g. C-O, C-N, C-C, phosphoric anhydride bonds, etc. Hydrolase is the systematic name for any enzyme of EC class 3.","valueHier":["http://purl.obolibrary.org/obo/GO_0050790","http://purl.obolibrary.org/obo/GO_0065009","http://purl.obolibrary.org/obo/GO_0065007","http://purl.obolibrary.org/obo/GO_0008150","http://www.bioassayontology.org/bao#BAO_0003114"],"labelHier":["regulation of catalytic activity","regulation of molecular function","biological regulation","biological process","assay biology component"]}],"annotsRemoved":[{"propURI":"http://www.bioassayontology.org/bao#BAX_0000004","propAbbrev":"bao:BAX_0000004","valueURI":"http://purl.obolibrary.org/obo/GO_0051336","valueLabel":"regulation of hydrolase activity","valueAbbrev":"obo:GO_0051336","valueDescr":"Any process that modulates the frequency, rate or extent of hydrolase activity, the catalysis of the hydrolysis of various bonds, e.g. C-O, C-N, C-C, phosphoric anhydride bonds, etc. Hydrolase is the systematic name for any enzyme of EC class 3.","valueHier":[],"labelHier":[],"outOfSchema":true},{"propURI":"http://www.bioassayontology.org/bao#BAX_0000004","propAbbrev":"bao:BAX_0000004","valueURI":"http://purl.obolibrary.org/obo/GO_0060191","valueLabel":"regulation of lipase activity","valueAbbrev":"obo:GO_0060191","valueDescr":"Any process that modulates the frequency, rate or extent of lipase activity, the hydrolysis of a lipid or phospholipid.","valueHier":[],"labelHier":[],"outOfSchema":true}],"labelsAdded":[{"propURI":"http://www.bioassayontology.org/bao#BAO_0002009","valueLabel":"regulation of lipase activity","propAbbrev":"bao:BAO_0002009","propLabel":"biological process"},{"propURI":"http://www.bioassayontology.org/bao#BAO_0002009","valueLabel":"regulation of hydrolase activity","propAbbrev":"bao:BAO_0002009","propLabel":"biological process"}],"labelsRemoved":[{"propURI":"http://www.bioassayontology.org/bao#BAX_0000004","valueLabel":"regulation of hydrolase activity","propAbbrev":"bao:BAX_0000004"},{"propURI":"http://www.bioassayontology.org/bao#BAX_0000004","valueLabel":"regulation of lipase activity","propAbbrev":"bao:BAX_0000004"}]},{"curationTime":1492468127416,"curatorID":"admin","annotsAdded":[{"propURI":"http://www.bioassayontology.org/bao#BAO_0002848","propLabel":"applies to disease","propAbbrev":"bao:BAO_0002848","valueURI":"http://purl.obolibrary.org/obo/DOID_863","valueLabel":"nervous system disease","valueAbbrev":"obo:DOID_863","valueDescr":"A disease of anatomical entity that is located_in the central nervous system or located_in the peripheral nervous system.","valueHier":["http://purl.obolibrary.org/obo/DOID_7","http://purl.obolibrary.org/obo/DOID_4"],"labelHier":["disease of anatomical entity","Disease"]}],"annotsRemoved":[{"propURI":"http://www.bioassayontology.org/bao#BAX_0000010","propAbbrev":"bao:BAX_0000010","valueURI":"http://purl.obolibrary.org/obo/DOID_863","valueLabel":"nervous system disease","valueAbbrev":"obo:DOID_863","valueDescr":"A disease of anatomical entity that is located_in the central nervous system or located_in the peripheral nervous system.","valueHier":[],"labelHier":[],"outOfSchema":true}],"labelsAdded":[{"propURI":"http://www.bioassayontology.org/bao#BAO_0002848","valueLabel":"nervous system disease","propAbbrev":"bao:BAO_0002848","propLabel":"applies to disease"}],"labelsRemoved":[{"propURI":"http://www.bioassayontology.org/bao#BAX_0000010","valueLabel":"nervous system disease","propAbbrev":"bao:BAX_0000010"}]},{"curationTime":1492468127416,"curatorID":"admin","annotsAdded":[{"propURI":"http://www.bioassayontology.org/bao#BAO_0000208","propLabel":"result","propAbbrev":"bao:BAO_0000208","valueURI":"http://www.bioassayontology.org/bao#BAO_0000201","valueLabel":"percent inhibition","valueAbbrev":"bao:BAO_0000201","valueDescr":"Percent decrease of a measureable response as a consequence of compound treatment.  Unit of Measure is always % when normalized to the dynamic range of the assay. Percent inhibition is expressed relative to a positive control (which results in total inhibition).","valueHier":["http://www.bioassayontology.org/bao#BAO_0000082","http://www.bioassayontology.org/bao#BAO_0000181","http://www.bioassayontology.org/bao#BAO_0000179"],"labelHier":["percent response","response endpoint","endpoint"]}],"annotsRemoved":[{"propURI":"http://www.bioassayontology.org/bao#BAX_0000006","propAbbrev":"bao:BAX_0000006","valueURI":"http://www.bioassayontology.org/bao#BAO_0000201","valueLabel":"percent inhibition","valueAbbrev":"bao:BAO_0000201","valueDescr":"Percent decrease of a measureable response as a consequence of compound treatment.  Unit of Measure is always % when normalized to the dynamic range of the assay. Percent inhibition is expressed relative to a positive control (which results in total inhibition).","valueHier":[],"labelHier":[],"outOfSchema":true}],"labelsAdded":[{"propURI":"http://www.bioassayontology.org/bao#BAO_0000208","valueLabel":"percent inhibition","propAbbrev":"bao:BAO_0000208","propLabel":"result"}],"labelsRemoved":[{"propURI":"http://www.bioassayontology.org/bao#BAX_0000006","valueLabel":"percent inhibition","propAbbrev":"bao:BAX_0000006"}]},{"curationTime":1492468127416,"curatorID":"admin","annotsAdded":[{"propURI":"http://www.bioassayontology.org/bao#BAO_0002874","propLabel":"units","propAbbrev":"bao:BAO_0002874","valueURI":"http://purl.org/obo/owl/UO#UO_0000187","valueLabel":"percent","valueAbbrev":"uo:UO_0000187","valueDescr":"","valueHier":[],"labelHier":[],"outOfSchema":true}],"annotsRemoved":[{"propURI":"http://www.bioassayontology.org/bao#BAX_0000007","propAbbrev":"bao:BAX_0000007","valueURI":"http://purl.org/obo/owl/UO#UO_0000187","valueLabel":"percent","valueAbbrev":"uo:UO_0000187","valueDescr":"","valueHier":[],"labelHier":[],"outOfSchema":true}],"labelsAdded":[{"propURI":"http://www.bioassayontology.org/bao#BAO_0002874","valueLabel":"percent","propAbbrev":"bao:BAO_0002874","propLabel":"units"}],"labelsRemoved":[{"propURI":"http://www.bioassayontology.org/bao#BAX_0000007","valueLabel":"percent","propAbbrev":"bao:BAX_0000007"}]},{"curationTime":1492468127416,"curatorID":"admin","annotsAdded":[{"propURI":"http://www.bioassayontology.org/bao#BAO_0003107","propLabel":"GO terms","propAbbrev":"bao:BAO_0003107","valueURI":"http://purl.obolibrary.org/obo/GO_0046872","valueLabel":"metal ion binding","valueAbbrev":"obo:GO_0046872","valueDescr":"Interacting selectively and non-covalently with any metal ion.","valueHier":["http://purl.obolibrary.org/obo/GO_0043169","http://purl.obolibrary.org/obo/GO_0043167","http://purl.obolibrary.org/obo/GO_0005488","http://purl.obolibrary.org/obo/GO_0003674","http://www.bioassayontology.org/bao#BAO_0003117","http://www.bioassayontology.org/bao#BAO_0003114"],"labelHier":["cation binding","ion binding","binding","molecular function","function","assay biology component"]},{"propURI":"http://www.bioassayontology.org/bao#BAO_0003107","propLabel":"GO terms","propAbbrev":"bao:BAO_0003107","valueURI":"http://purl.obolibrary.org/obo/GO_0007405","valueLabel":"neuroblast proliferation","valueAbbrev":"obo:GO_0007405","valueDescr":"The expansion of a neuroblast population by cell division. A neuroblast is any cell that will divide and give rise to a neuron.","valueHier":["http://purl.obolibrary.org/obo/GO_0072089","http://purl.obolibrary.org/obo/GO_0008283","http://purl.obolibrary.org/obo/GO_0044699","http://purl.obolibrary.org/obo/GO_0008150","http://www.bioassayontology.org/bao#BAO_0003114"],"labelHier":["stem cell proliferation","cell population proliferation","single-organism process","biological process","assay biology component"]},{"propURI":"http://www.bioassayontology.org/bao#BAO_0003107","propLabel":"GO terms","propAbbrev":"bao:BAO_0003107","valueURI":"http://purl.obolibrary.org/obo/GO_0016042","valueLabel":"lipid catabolic process","valueAbbrev":"obo:GO_0016042","valueDescr":"The chemical reactions and pathways resulting in the breakdown of lipids, compounds soluble in an organic solvent but not, or sparingly, in an aqueous solvent.","valueHier":["http://purl.obolibrary.org/obo/GO_0044712","http://purl.obolibrary.org/obo/GO_0044710","http://purl.obolibrary.org/obo/GO_0008152","http://purl.obolibrary.org/obo/GO_0008150","http://www.bioassayontology.org/bao#BAO_0003114"],"labelHier":["single-organism catabolic process","single-organism metabolic process","metabolic process","biological process","assay biology component"]},{"propURI":"http://www.bioassayontology.org/bao#BAO_0003107","propLabel":"GO terms","propAbbrev":"bao:BAO_0003107","valueURI":"http://purl.obolibrary.org/obo/GO_0005765","valueLabel":"lysosomal membrane","valueAbbrev":"obo:GO_0005765","valueDescr":"The lipid bilayer surrounding the lysosome and separating its contents from the cell cytoplasm.","valueHier":["http://purl.obolibrary.org/obo/GO_0098852","http://purl.obolibrary.org/obo/GO_0005774","http://purl.obolibrary.org/obo/GO_0098588","http://purl.obolibrary.org/obo/GO_0031090","http://purl.obolibrary.org/obo/GO_0016020","http://purl.obolibrary.org/obo/GO_0005575","http://www.bioassayontology.org/bao#BAO_0003114"],"labelHier":["lytic vacuole membrane","vacuolar membrane","bounding membrane of organelle","organelle membrane","membrane","cellular component","assay biology component"]},{"propURI":"http://www.bioassayontology.org/bao#BAO_0003107","propLabel":"GO terms","propAbbrev":"bao:BAO_0003107","valueURI":"http://purl.obolibrary.org/obo/GO_0005886","valueLabel":"plasma membrane","valueAbbrev":"obo:GO_0005886","valueDescr":"The membrane surrounding a cell that separates the cell from its external environment. It consists of a phospholipid bilayer and associated proteins.","valueHier":["http://purl.obolibrary.org/obo/GO_0044464","http://purl.obolibrary.org/obo/GO_0005575","http://www.bioassayontology.org/bao#BAO_0003114"],"labelHier":["cell part","cellular component","assay biology component"]},{"propURI":"http://www.bioassayontology.org/bao#BAO_0003107","propLabel":"GO terms","propAbbrev":"bao:BAO_0003107","valueURI":"http://purl.obolibrary.org/obo/GO_0042136","valueLabel":"neurotransmitter biosynthetic process","valueAbbrev":"obo:GO_0042136","valueDescr":"The chemical reactions and pathways resulting in the formation of any of a group of substances that are released on excitation from the axon terminal of a presynaptic neuron of the central or peripheral nervous system and travel across the synaptic cleft to either excite or inhibit the target cell.","valueHier":["http://purl.obolibrary.org/obo/GO_0042133","http://purl.obolibrary.org/obo/GO_0001505","http://purl.obolibrary.org/obo/GO_0065008","http://purl.obolibrary.org/obo/GO_0065007","http://purl.obolibrary.org/obo/GO_0008150","http://www.bioassayontology.org/bao#BAO_0003114"],"labelHier":["neurotransmitter metabolic process","regulation of neurotransmitter levels","regulation of biological quality","biological regulation","biological process","assay biology component"]},{"propURI":"http://www.bioassayontology.org/bao#BAO_0003107","propLabel":"GO terms","propAbbrev":"bao:BAO_0003107","valueURI":"http://purl.obolibrary.org/obo/GO_0019369","valueLabel":"arachidonic acid metabolic process","valueAbbrev":"obo:GO_0019369","valueDescr":"The chemical reactions and pathways involving arachidonic acid, a straight chain fatty acid with 20 carbon atoms and four double bonds per molecule. Arachidonic acid is the all-Z-(5,8,11,14)-isomer.","valueHier":["http://purl.obolibrary.org/obo/GO_0001676","http://purl.obolibrary.org/obo/GO_0006631","http://purl.obolibrary.org/obo/GO_0032787","http://purl.obolibrary.org/obo/GO_0019752","http://purl.obolibrary.org/obo/GO_0043436","http://purl.obolibrary.org/obo/GO_0006082","http://purl.obolibrary.org/obo/GO_0044237","http://purl.obolibrary.org/obo/GO_0009987","http://purl.obolibrary.org/obo/GO_0008150","http://www.bioassayontology.org/bao#BAO_0003114"],"labelHier":["long-chain fatty acid metabolic process","fatty acid metabolic process","monocarboxylic acid metabolic process","carboxylic acid metabolic process","oxoacid metabolic process","organic acid metabolic process","cellular metabolic process","cellular process","biological process","assay biology component"]},{"propURI":"http://www.bioassayontology.org/bao#BAO_0003107","propLabel":"GO terms","propAbbrev":"bao:BAO_0003107","valueURI":"http://purl.obolibrary.org/obo/GO_0030168","valueLabel":"platelet activation","valueAbbrev":"obo:GO_0030168","valueDescr":"A series of progressive, overlapping events triggered by exposure of the platelets to subendothelial tissue. These events include shape change, adhesiveness, aggregation, and release reactions. When carried through to completion, these events lead to the formation of a stable hemostatic plug.","valueHier":["http://purl.obolibrary.org/obo/GO_0001775","http://purl.obolibrary.org/obo/GO_0044763","http://purl.obolibrary.org/obo/GO_0009987","http://purl.obolibrary.org/obo/GO_0008150","http://www.bioassayontology.org/bao#BAO_0003114"],"labelHier":["cell activation","single-organism cellular process","cellular process","biological process","assay biology component"]},{"propURI":"http://www.bioassayontology.org/bao#BAO_0003107","propLabel":"GO terms","propAbbrev":"bao:BAO_0003107","valueURI":"http://purl.obolibrary.org/obo/GO_0007596","valueLabel":"blood coagulation","valueAbbrev":"obo:GO_0007596","valueDescr":"The sequential process in which the multiple coagulation factors of the blood interact, ultimately resulting in the formation of an insoluble fibrin clot; it may be divided into three stages: stage 1, the formation of intrinsic and extrinsic prothrombin converting principle; stage 2, the formation of thrombin; stage 3, the formation of stable fibrin polymers.","valueHier":["http://purl.obolibrary.org/obo/GO_0007599","http://purl.obolibrary.org/obo/GO_0050878","http://purl.obolibrary.org/obo/GO_0044707","http://purl.obolibrary.org/obo/GO_0032501","http://purl.obolibrary.org/obo/GO_0008150","http://www.bioassayontology.org/bao#BAO_0003114"],"labelHier":["hemostasis","regulation of body fluid levels","single-multicellular organism process","multicellular organismal process","biological process","assay biology component"]},{"propURI":"http://www.bioassayontology.org/bao#BAO_0003107","propLabel":"GO terms","propAbbrev":"bao:BAO_0003107","valueURI":"http://purl.obolibrary.org/obo/GO_0016021","valueLabel":"integral component of membrane","valueAbbrev":"obo:GO_0016021","valueDescr":"The component of a membrane consisting of the gene products and protein complexes having at least some part of their peptide sequence embedded in the hydrophobic region of the membrane.","valueHier":["http://purl.obolibrary.org/obo/GO_0031224","http://purl.obolibrary.org/obo/GO_0044425","http://purl.obolibrary.org/obo/GO_0005575","http://www.bioassayontology.org/bao#BAO_0003114"],"labelHier":["intrinsic component of membrane","membrane part","cellular component","assay biology component"]},{"propURI":"http://www.bioassayontology.org/bao#BAO_0003107","propLabel":"GO terms","propAbbrev":"bao:BAO_0003107","valueURI":"http://purl.obolibrary.org/obo/GO_0016787","valueLabel":"hydrolase activity","valueAbbrev":"obo:GO_0016787","valueDescr":"Catalysis of the hydrolysis of various bonds, e.g. C-O, C-N, C-C, phosphoric anhydride bonds, etc. Hydrolase is the systematic name for any enzyme of EC class 3.","valueHier":["http://purl.obolibrary.org/obo/GO_0003824","http://purl.obolibrary.org/obo/GO_0003674","http://www.bioassayontology.org/bao#BAO_0003117","http://www.bioassayontology.org/bao#BAO_0003114"],"labelHier":["catalytic activity","molecular function","function","assay biology component"]}],"annotsRemoved":[{"propURI":"http://www.bioassayontology.org/bao#BAX_0000009","propAbbrev":"bao:BAX_0000009","valueURI":"http://purl.obolibrary.org/obo/GO_0007596","valueLabel":"blood coagulation","valueAbbrev":"obo:GO_0007596","valueDescr":"The sequential process in which the multiple coagulation factors of the blood interact, ultimately resulting in the formation of an insoluble fibrin clot; it may be divided into three stages: stage 1, the formation of intrinsic and extrinsic prothrombin converting principle; stage 2, the formation of thrombin; stage 3, the formation of stable fibrin polymers.","valueHier":[],"labelHier":[],"outOfSchema":true},{"propURI":"http://www.bioassayontology.org/bao#BAX_0000009","propAbbrev":"bao:BAX_0000009","valueURI":"http://purl.obolibrary.org/obo/GO_0019369","valueLabel":"arachidonic acid metabolic process","valueAbbrev":"obo:GO_0019369","valueDescr":"The chemical reactions and pathways involving arachidonic acid, a straight chain fatty acid with 20 carbon atoms and four double bonds per molecule. Arachidonic acid is the all-Z-(5,8,11,14)-isomer.","valueHier":[],"labelHier":[],"outOfSchema":true},{"propURI":"http://www.bioassayontology.org/bao#BAX_0000009","propAbbrev":"bao:BAX_0000009","valueURI":"http://purl.obolibrary.org/obo/GO_0030168","valueLabel":"platelet activation","valueAbbrev":"obo:GO_0030168","valueDescr":"A series of progressive, overlapping events triggered by exposure of the platelets to subendothelial tissue. These events include shape change, adhesiveness, aggregation, and release reactions. When carried through to completion, these events lead to the formation of a stable hemostatic plug.","valueHier":[],"labelHier":[],"outOfSchema":true},{"propURI":"http://www.bioassayontology.org/bao#BAX_0000009","propAbbrev":"bao:BAX_0000009","valueURI":"http://purl.obolibrary.org/obo/GO_0005765","valueLabel":"lysosomal membrane","valueAbbrev":"obo:GO_0005765","valueDescr":"The lipid bilayer surrounding the lysosome and separating its contents from the cell cytoplasm.","valueHier":[],"labelHier":[],"outOfSchema":true},{"propURI":"http://www.bioassayontology.org/bao#BAX_0000009","propAbbrev":"bao:BAX_0000009","valueURI":"http://purl.obolibrary.org/obo/GO_0005886","valueLabel":"plasma membrane","valueAbbrev":"obo:GO_0005886","valueDescr":"The membrane surrounding a cell that separates the cell from its external environment. It consists of a phospholipid bilayer and associated proteins.","valueHier":[],"labelHier":[],"outOfSchema":true},{"propURI":"http://www.bioassayontology.org/bao#BAX_0000009","propAbbrev":"bao:BAX_0000009","valueURI":"http://purl.obolibrary.org/obo/GO_0007405","valueLabel":"neuroblast proliferation","valueAbbrev":"obo:GO_0007405","valueDescr":"The expansion of a neuroblast population by cell division. A neuroblast is any cell that will divide and give rise to a neuron.","valueHier":[],"labelHier":[],"outOfSchema":true},{"propURI":"http://www.bioassayontology.org/bao#BAX_0000009","propAbbrev":"bao:BAX_0000009","valueURI":"http://purl.obolibrary.org/obo/GO_0042136","valueLabel":"neurotransmitter biosynthetic process","valueAbbrev":"obo:GO_0042136","valueDescr":"The chemical reactions and pathways resulting in the formation of any of a group of substances that are released on excitation from the axon terminal of a presynaptic neuron of the central or peripheral nervous system and travel across the synaptic cleft to either excite or inhibit the target cell.","valueHier":[],"labelHier":[],"outOfSchema":true},{"propURI":"http://www.bioassayontology.org/bao#BAX_0000009","propAbbrev":"bao:BAX_0000009","valueURI":"http://purl.obolibrary.org/obo/GO_0046872","valueLabel":"metal ion binding","valueAbbrev":"obo:GO_0046872","valueDescr":"Interacting selectively and non-covalently with any metal ion.","valueHier":[],"labelHier":[],"outOfSchema":true},{"propURI":"http://www.bioassayontology.org/bao#BAX_0000009","propAbbrev":"bao:BAX_0000009","valueURI":"http://purl.obolibrary.org/obo/GO_0016787","valueLabel":"hydrolase activity","valueAbbrev":"obo:GO_0016787","valueDescr":"Catalysis of the hydrolysis of various bonds, e.g. C-O, C-N, C-C, phosphoric anhydride bonds, etc. Hydrolase is the systematic name for any enzyme of EC class 3.","valueHier":[],"labelHier":[],"outOfSchema":true},{"propURI":"http://www.bioassayontology.org/bao#BAX_0000009","propAbbrev":"bao:BAX_0000009","valueURI":"http://purl.obolibrary.org/obo/GO_0016042","valueLabel":"lipid catabolic process","valueAbbrev":"obo:GO_0016042","valueDescr":"The chemical reactions and pathways resulting in the breakdown of lipids, compounds soluble in an organic solvent but not, or sparingly, in an aqueous solvent.","valueHier":[],"labelHier":[],"outOfSchema":true},{"propURI":"http://www.bioassayontology.org/bao#BAX_0000009","propAbbrev":"bao:BAX_0000009","valueURI":"http://purl.obolibrary.org/obo/GO_0016021","valueLabel":"integral component of membrane","valueAbbrev":"obo:GO_0016021","valueDescr":"The component of a membrane consisting of the gene products and protein complexes having at least some part of their peptide sequence embedded in the hydrophobic region of the membrane.","valueHier":[],"labelHier":[],"outOfSchema":true}],"labelsAdded":[{"propURI":"http://www.bioassayontology.org/bao#BAO_0003107","valueLabel":"metal ion binding","propAbbrev":"bao:BAO_0003107","propLabel":"GO terms"},{"propURI":"http://www.bioassayontology.org/bao#BAO_0003107","valueLabel":"neuroblast proliferation","propAbbrev":"bao:BAO_0003107","propLabel":"GO terms"},{"propURI":"http://www.bioassayontology.org/bao#BAO_0003107","valueLabel":"lipid catabolic process","propAbbrev":"bao:BAO_0003107","propLabel":"GO terms"},{"propURI":"http://www.bioassayontology.org/bao#BAO_0003107","valueLabel":"lysosomal membrane","propAbbrev":"bao:BAO_0003107","propLabel":"GO terms"},{"propURI":"http://www.bioassayontology.org/bao#BAO_0003107","valueLabel":"plasma membrane","propAbbrev":"bao:BAO_0003107","propLabel":"GO terms"},{"propURI":"http://www.bioassayontology.org/bao#BAO_0003107","valueLabel":"neurotransmitter biosynthetic process","propAbbrev":"bao:BAO_0003107","propLabel":"GO terms"},{"propURI":"http://www.bioassayontology.org/bao#BAO_0003107","valueLabel":"arachidonic acid metabolic process","propAbbrev":"bao:BAO_0003107","propLabel":"GO terms"},{"propURI":"http://www.bioassayontology.org/bao#BAO_0003107","valueLabel":"platelet activation","propAbbrev":"bao:BAO_0003107","propLabel":"GO terms"},{"propURI":"http://www.bioassayontology.org/bao#BAO_0003107","valueLabel":"blood coagulation","propAbbrev":"bao:BAO_0003107","propLabel":"GO terms"},{"propURI":"http://www.bioassayontology.org/bao#BAO_0003107","valueLabel":"integral component of membrane","propAbbrev":"bao:BAO_0003107","propLabel":"GO terms"},{"propURI":"http://www.bioassayontology.org/bao#BAO_0003107","valueLabel":"hydrolase activity","propAbbrev":"bao:BAO_0003107","propLabel":"GO terms"}],"labelsRemoved":[{"propURI":"http://www.bioassayontology.org/bao#BAX_0000009","valueLabel":"blood coagulation","propAbbrev":"bao:BAX_0000009"},{"propURI":"http://www.bioassayontology.org/bao#BAX_0000009","valueLabel":"arachidonic acid metabolic process","propAbbrev":"bao:BAX_0000009"},{"propURI":"http://www.bioassayontology.org/bao#BAX_0000009","valueLabel":"platelet activation","propAbbrev":"bao:BAX_0000009"},{"propURI":"http://www.bioassayontology.org/bao#BAX_0000009","valueLabel":"lysosomal membrane","propAbbrev":"bao:BAX_0000009"},{"propURI":"http://www.bioassayontology.org/bao#BAX_0000009","valueLabel":"plasma membrane","propAbbrev":"bao:BAX_0000009"},{"propURI":"http://www.bioassayontology.org/bao#BAX_0000009","valueLabel":"neuroblast proliferation","propAbbrev":"bao:BAX_0000009"},{"propURI":"http://www.bioassayontology.org/bao#BAX_0000009","valueLabel":"neurotransmitter biosynthetic process","propAbbrev":"bao:BAX_0000009"},{"propURI":"http://www.bioassayontology.org/bao#BAX_0000009","valueLabel":"metal ion binding","propAbbrev":"bao:BAX_0000009"},{"propURI":"http://www.bioassayontology.org/bao#BAX_0000009","valueLabel":"hydrolase activity","propAbbrev":"bao:BAX_0000009"},{"propURI":"http://www.bioassayontology.org/bao#BAX_0000009","valueLabel":"lipid catabolic process","propAbbrev":"bao:BAX_0000009"},{"propURI":"http://www.bioassayontology.org/bao#BAX_0000009","valueLabel":"integral component of membrane","propAbbrev":"bao:BAX_0000009"}]},{"curationTime":1492468127416,"curatorID":"admin","annotsAdded":[{"propURI":"http://www.bioassayontology.org/bao#BAO_0095009","propLabel":"assay design method","propAbbrev":"bao:BAO_0095009","valueURI":"http://www.bioassayontology.org/bao#BAO_0000124","valueLabel":"enzyme activity measurement method","valueAbbrev":"bao:BAO_0000124","valueDescr":"It describes the different methods by which an enzyme activity can be measured and the ways it is expressed. This can be measured either directly or coupled to a secondary signal.","valueHier":["http://www.bioassayontology.org/bao#BAO_0002202"],"labelHier":["assay design method"]}],"annotsRemoved":[{"propURI":"http://www.bioassayontology.org/bao#BAX_0000003","propAbbrev":"bao:BAX_0000003","valueURI":"http://www.bioassayontology.org/bao#BAO_0000124","valueLabel":"enzyme activity measurement method","valueAbbrev":"bao:BAO_0000124","valueDescr":"It describes the different methods by which an enzyme activity can be measured and the ways it is expressed. This can be measured either directly or coupled to a secondary signal.","valueHier":[],"labelHier":[],"outOfSchema":true}],"labelsAdded":[{"propURI":"http://www.bioassayontology.org/bao#BAO_0095009","valueLabel":"enzyme activity measurement method","propAbbrev":"bao:BAO_0095009","propLabel":"assay design method"}],"labelsRemoved":[{"propURI":"http://www.bioassayontology.org/bao#BAX_0000003","valueLabel":"enzyme activity measurement method","propAbbrev":"bao:BAX_0000003"}]},{"curationTime":1492468127416,"curatorID":"admin","annotsAdded":[{"propURI":"http://www.bioassayontology.org/bao#BAO_0000211","propLabel":"target","propAbbrev":"bao:BAO_0000211","valueURI":"http://www.bioassayontology.org/bat#SeeGeneID","valueLabel":"see Gene ID","valueAbbrev":"bat:SeeGeneID","valueDescr":"The target is present in the Gene ID section, but needs to be mapped to a formal ontology.","valueHier":["http://www.bioassayontology.org/bat#SeeAlso"],"labelHier":["see also"]}],"annotsRemoved":[{"propURI":"http://www.bioassayontology.org/bao#BAX_0000005","propAbbrev":"bao:BAX_0000005","valueURI":"http://www.bioassayontology.org/bat#SeeGeneID","valueLabel":"see Gene ID","valueAbbrev":"bat:SeeGeneID","valueDescr":"The target is present in the Gene ID section, but needs to be mapped to a formal ontology.","valueHier":[],"labelHier":[],"outOfSchema":true}],"labelsAdded":[{"propURI":"http://www.bioassayontology.org/bao#BAO_0000211","valueLabel":"see Gene ID","propAbbrev":"bao:BAO_0000211","propLabel":"target"}],"labelsRemoved":[{"propURI":"http://www.bioassayontology.org/bao#BAX_0000005","valueLabel":"see Gene ID","propAbbrev":"bao:BAX_0000005"}]},{"curationTime":1492468127416,"curatorID":"admin","annotsAdded":[{"propURI":"http://www.bioassayontology.org/bao#BAO_0002855","propLabel":"bioassay","propAbbrev":"bao:BAO_0002855","valueURI":"http://www.bioassayontology.org/bao#BAO_0002994","valueLabel":"enzyme activity assay","valueAbbrev":"bao:BAO_0002994","valueDescr":"It is used to measure the effect of a perturbagen on the enzyme activity, which can be measured either directly or coupled to a secondary signal. ","valueHier":["http://www.bioassayontology.org/bao#BAO_0000015"],"labelHier":["bioassay"]},{"propURI":"http://www.bioassayontology.org/bao#BAO_0002855","propLabel":"bioassay","propAbbrev":"bao:BAO_0002855","valueURI":"http://www.bioassayontology.org/bao#BAO_0002790","valueLabel":"hydrolase activity assay","valueAbbrev":"bao:BAO_0002790","valueDescr":"","valueHier":["http://www.bioassayontology.org/bao#BAO_0002994","http://www.bioassayontology.org/bao#BAO_0000015"],"labelHier":["enzyme activity assay","bioassay"]}],"annotsRemoved":[{"propURI":"http://www.bioassayontology.org/bao#BAX_0000002","propLabel":"has bioassay type","propAbbrev":"bao:BAX_0000002","valueURI":"http://www.bioassayontology.org/bao#BAO_0002994","valueLabel":"enzyme activity assay","valueAbbrev":"bao:BAO_0002994","valueDescr":"It is used to measure the effect of a perturbagen on the enzyme activity, which can be measured either directly or coupled to a secondary signal. ","valueHier":[],"labelHier":[],"outOfSchema":true},{"propURI":"http://www.bioassayontology.org/bao#BAX_0000002","propLabel":"has bioassay type","propAbbrev":"bao:BAX_0000002","valueURI":"http://www.bioassayontology.org/bao#BAO_0002790","valueLabel":"hydrolase activity assay","valueAbbrev":"bao:BAO_0002790","valueDescr":"","valueHier":[],"labelHier":[],"outOfSchema":true}],"labelsAdded":[{"propURI":"http://www.bioassayontology.org/bao#BAO_0002855","valueLabel":"enzyme activity assay","propAbbrev":"bao:BAO_0002855","propLabel":"bioassay"},{"propURI":"http://www.bioassayontology.org/bao#BAO_0002855","valueLabel":"hydrolase activity assay","propAbbrev":"bao:BAO_0002855","propLabel":"bioassay"}],"labelsRemoved":[{"propURI":"http://www.bioassayontology.org/bao#BAX_0000002","valueLabel":"enzyme activity assay","propAbbrev":"bao:BAX_0000002","propLabel":"has bioassay type"},{"propURI":"http://www.bioassayontology.org/bao#BAX_0000002","valueLabel":"hydrolase activity assay","propAbbrev":"bao:BAX_0000002","propLabel":"has bioassay type"}]},{"curationTime":1492468127416,"curatorID":"admin","annotsAdded":[{"propURI":"http://www.bioassayontology.org/bao#BAO_0002874","propLabel":"units","propAbbrev":"bao:BAO_0002874","valueURI":"http://purl.obolibrary.org/obo/UO_0000187","valueLabel":"percent","valueAbbrev":"obo:UO_0000187","valueDescr":"A dimensionless ratio unit which denotes numbers as fractions of 100.","valueHier":["http://purl.obolibrary.org/obo/UO_0000190","http://purl.obolibrary.org/obo/UO_0000186","http://purl.obolibrary.org/obo/UO_0000000"],"labelHier":["ratio","dimensionless unit","unit"]}],"annotsRemoved":[{"propURI":"http://www.bioassayontology.org/bao#BAO_0002874","propLabel":"units","propAbbrev":"bao:BAO_0002874","valueURI":"http://purl.org/obo/owl/UO#UO_0000187","valueLabel":"percent","valueAbbrev":"uo:UO_0000187","valueDescr":"","valueHier":[],"labelHier":[],"outOfSchema":true}],"labelsAdded":[{"propURI":"http://www.bioassayontology.org/bao#BAO_0002874","valueLabel":"percent","propAbbrev":"bao:BAO_0002874","propLabel":"units"}],"labelsRemoved":[{"propURI":"http://www.bioassayontology.org/bao#BAO_0002874","valueLabel":"percent","propAbbrev":"bao:BAO_0002874","propLabel":"units"}]}],"holdingIDList":[]}