{"assayID":680,"uniqueID":"pubchemAID:1210","text":"Estrogen Receptor (beta) binding:  Primary Screen\n\nTo identify small molecules that compete for binding with estrogen on ERbeta, a competitive binding approach using whole cells was employed to screen a small library of compounds selected by virtual screening and derived from the MLSMR as well as other in-house chemical libraries. This assay measures the ability of small molecules with unknown ERbeta binding affinity to compete with an Alexa633-conjugated estrogen derivative for binding to ERbeta in permeabilized whole cells expressing ERbeta-GFP [Revankar et al., 2005]. Assessment of the agonist or antagonist characteristics of molecules that bind ERbeta will be assessed using various secondary assays.\n\nThe assay is conducted in 384- well tissue culture plates with an assay volume of 20 microL. 2x10^6 Cos7 cells (ATCC CRL-1651) are seeded in 100mm tissue culture plates and transfected with ERbeta-GFP using Lipofectamine2000 (Invitrogen; per manufacturer's instructrions). Twenty-four hours following transfection, media is changed from DMEM supplemented with 10% FBS, Pen/Strep 2 milliM L-glutamine to serum-free, phenol-red free DMEM F-12 supplemented with Pen/Strep 2 milliM L-glutamine and cells are grown an additional 24 hours. Cells are harvested via mechanical scraping and resuspended at 1x10^7/milliL in serum-free, phenol-red free DMEM F-12. \n\nThe assay is conducted as follows. Column 1 contains cells with vehicle control, column 23 contains positive control (1 microM estrogen), and columns 2 and 24 contain untransfected cells. Columns 3-22 contain unknown compounds. Immediately prior to assay, compounds in DMSO are diluted 1:50 in ligand dilution buffer (10 milliM HEPES pH7.6, 0.1% BSA in dH20). Wells containing 9 microL of cells (approximately 90,000 cells) and 1 microL of compound are incubated 10 minutes at 37 degreesC. Following incubation, 10 microL of permeabilization buffer (5 milliM EGTA, 100 milliM NaCl, 1 milliM MgCl(2), 80mM PIPES [Piperazine-N-N-bis(2-ethane sulfonic acid]-KOH, in dH2O, pH 6.8) containing 20 nanoM E2-Alexa633 and 0.05% saponin is added to each well, mixed, and the plate is incubated 5 minutes in the dark at room temperature. Wells are then washed with 100 microL PBS containing 2% BSA, pelleted, and resuspended in 25 microL PBS +2% BSA. Individual wells are sampled using the HyperCyt high throughput flow cytometry system and a Cyan flow cytometer (Dako). Forward scatter, side scatter and GFP fluorescence (FL-1) are collected using a 488nM laser, while E2-Alexa633 fluorescence is collected using a 633nM laser (FL-8). \n\nPrimary screening was completed at 10 microM as well as 100 nanoM to identify a select number of relatively potent primary hits.\n\nCalculations:\n\nAcquired data were analyzed using IDLQuery software, developed by Bruce Edwards. IDLQuery identifies 384- discrete data sets, each corresponding to a single sample well. The cell population is identified based on forward and side scatter parameters and transfected cells are gated on for analysis on the basis of GFP expression. Each well is analyzed for E2-Alexa633 fluorescence on the basis of mean channel fluorescence. The vehicle control wells are pooled from each plate and defined as having 0% inhibition of specific E2-Alexa633 binding and the positive control (estrogen) wells are pooled from each plate and defined as inhibiting 100% of specific E2-Alexa633 binding. Sample wells are assigned a value based on their E2-Alexa633 fluorescence relative to control wells.\n\nCompounds were considered \"Active\" if they inhibited more than 70% of binding at 10 microM or 65% of binding at 100 nanoM. PUBCHEM_ACTIVITY_OUTCOME is indicated as 2 for \"Actives\" and 1 for \"Non-Actives.\"\n\nThe PUBCHEM_ACTIVITY_SCORE was based on the percent inhibition of specific E2-Alexa633 binding compared with activity cutoff (i.e., 70% for 10 microM and 65% for 100 nanoM). Compounds with percent inhibition below activity cutoff (i.e., Non-Active compounds) were given PUBCHEM_ACTIVITY_SCORE of 0. Following equation was used to calculate PUBCHEM_ACTIVITY_SCORE for Active compounds with percent inhibition above activity cutoff:\n\nPUBCHEM_ACTIVITY_SCORE = 100 * (1 - (100-%Inhibition)/Cutoff)\n\nwhere Cutoff was 70% for 10 microM and 65% for 100 nanoM and %Inhibition was the maximum %inhibition above the Cutoff between 10 microM and 100 nanoM experiments. The %Inhibition was calculated by:\n\n%Inhibition = 100 (1 - Sample MCF / Negative Control MCF)\n\nwhere Sample MCF was the Median Channel Fluorescence from sample well and Negative Control MCF was the average over assayed plate of Median Channel Fluorescence from the negative control wells (i.e., wells with DMSO vehicle only).\n\nKeywords: Estrogen receptor beta, flow cytometry, high throughput","schemaURI":"http://www.bioassayontology.org/bas#","annotations":[{"propURI":"http://www.bioassayontology.org/bao#BAO_0000205","propLabel":"assay format","propAbbrev":"bao:BAO_0000205","valueURI":"http://www.bioassayontology.org/bao#BAO_0000219","valueLabel":"cell based format","valueAbbrev":"bao:BAO_0000219","valueDescr":"Involves the use of living cells of eukaryotic origin, derived from a multicellular organism, and is a heterogeneous assay type. Typically, this refers to permanent (immortal) cell lines, or primary cells, or some form of stem cells. This is distinct from a single-celled organism-based format (classically bacteria or yeast).","groupNest":[],"groupLabel":[],"valueHier":["http://www.bioassayontology.org/bao#BAO_0000019"],"labelHier":["assay format"]},{"propURI":"http://www.bioassayontology.org/bao#BAO_0002867","propLabel":"assay footprint","propAbbrev":"bao:BAO_0002867","valueURI":"http://www.bioassayontology.org/bao#BAO_0000515","valueLabel":"384 well plate","valueAbbrev":"bao:BAO_0000515","valueDescr":"This microplate contains 384 wells. It is suitable for a HTS assay.","groupNest":[],"groupLabel":[],"valueHier":["http://www.bioassayontology.org/bao#BAO_0000508","http://www.bioassayontology.org/bao#BAO_0000512"],"labelHier":["microplate","assay footprint"]},{"propURI":"http://www.bioassayontology.org/bao#BAO_0002800","propLabel":"assay cell line","propAbbrev":"bao:BAO_0002800","valueURI":"http://www.bioassayontology.org/bao#BAO_0000732","valueLabel":"COS-7 cell","valueAbbrev":"bao:BAO_0000732","valueDescr":"African green monkey kidney derived from CV-1, a simian cell line (cercopithecus aethiops), by transformation with an origin-defective mutant of SV-40; cells were described to support the growth of SV-40 viruses.","groupNest":[],"groupLabel":[],"valueHier":["http://dto.org/DTO/DTO_000"],"labelHier":["BRENDA tissues and cell lines"]},{"propURI":"http://www.bioassayontology.org/bao#BAO_0000185","propLabel":"perturbagen type","propAbbrev":"bao:BAO_0000185","valueURI":"http://www.bioassayontology.org/bao#BAO_0000733","valueLabel":"MLSMR library","valueAbbrev":"bao:BAO_0000733","valueDescr":"","groupNest":[],"groupLabel":[],"valueHier":["http://www.bioassayontology.org/bao#BAO_0000648","http://www.bioassayontology.org/bao#BAO_0000661","http://www.bioassayontology.org/bao#BAO_0003120"],"labelHier":["compound library","perturbagen library","assay screened entity component"]},{"propURI":"http://www.bioassayontology.org/bao#BAO_0002865","propLabel":"detection instrument","propAbbrev":"bao:BAO_0002865","valueURI":"http://www.bioassayontology.org/bao#BAO_0000943","valueLabel":"HyperCyt High Throughput Flow Cytometry System","valueAbbrev":"bao:BAO_0000943","valueDescr":"","groupNest":[],"groupLabel":[],"valueHier":["http://www.bioassayontology.org/bao#BAO_0000697"],"labelHier":["detection instrument"]},{"propURI":"http://www.bioassayontology.org/bao#BAO_0002865","propLabel":"detection instrument","propAbbrev":"bao:BAO_0002865","valueURI":"http://www.bioassayontology.org/bao#BAO_0002722","valueLabel":"CyAn Flow Cytometer","valueAbbrev":"bao:BAO_0002722","valueDescr":"","groupNest":[],"groupLabel":[],"valueHier":["http://www.bioassayontology.org/bao#BAO_0000697"],"labelHier":["detection instrument"]},{"propURI":"http://www.bioassayontology.org/bao#BAO_0000208","propLabel":"result","propAbbrev":"bao:BAO_0000208","valueURI":"http://www.bioassayontology.org/bao#BAO_0000201","valueLabel":"percent inhibition","valueAbbrev":"bao:BAO_0000201","valueDescr":"Percent decrease of a measureable response as a consequence of compound treatment.  Unit of Measure is always % when normalized to the dynamic range of the assay. Percent inhibition is expressed relative to a positive control (which results in total inhibition).","groupNest":[],"groupLabel":[],"valueHier":["http://www.bioassayontology.org/bao#BAO_0000082","http://www.bioassayontology.org/bao#BAO_0000181","http://www.bioassayontology.org/bao#BAO_0000179"],"labelHier":["percent response","response endpoint","endpoint"]},{"propURI":"http://www.bioassayontology.org/bao#BAO_0002874","propLabel":"units","propAbbrev":"bao:BAO_0002874","valueURI":"http://purl.obolibrary.org/obo/UO_0000187","valueLabel":"percent","valueAbbrev":"obo:UO_0000187","valueDescr":"A dimensionless ratio unit which denotes numbers as fractions of 100.","groupNest":["http://www.bioassayontology.org/bao#BAX_0000017"],"groupLabel":["measurement"],"valueHier":["http://purl.obolibrary.org/obo/UO_0000190","http://purl.obolibrary.org/obo/UO_0000186","http://purl.obolibrary.org/obo/UO_0000000"],"labelHier":["ratio","dimensionless unit","unit"]},{"propURI":"http://www.bioassayontology.org/bao#BAO_0000196","propLabel":"assay mode of action","propAbbrev":"bao:BAO_0000196","valueURI":"http://www.bioassayontology.org/bao#BAO_0000441","valueLabel":"competitive binding","valueAbbrev":"bao:BAO_0000441","valueDescr":"An assay based on the competition between a labeled and an unlabeled ligand in the reaction with a receptor binding agent (e.g. antibody, receptor, transport protein).","groupNest":[],"groupLabel":[],"valueHier":["http://www.bioassayontology.org/bao#BAO_0000476","http://www.bioassayontology.org/bao#BAO_0000074"],"labelHier":["ligand binding mode of action","mode of action"]},{"propURI":"http://www.bioassayontology.org/bao#BAX_0000011","propLabel":"gene identity","propAbbrev":"bao:BAX_0000011","valueURI":"http://www.bioassayontology.org/geneid#2100","valueLabel":"ESR2: estrogen receptor 2","valueAbbrev":"geneid:2100","valueDescr":"","groupNest":[],"groupLabel":[],"altLabels":["ER-BETA , ESR-BETA , ESRB , ESTRB , Erb , NR3A2 , ODG8"],"externalURLs":["https://www.ncbi.nlm.nih.gov/gene/2100"],"valueHier":["http://www.bioassayontology.org/geneid#Homo_sapiens","http://www.bioassayontology.org/geneid#Mammalia","http://www.bioassayontology.org/geneid#Root"],"labelHier":["Homo sapiens","Mammalia","Faux GeneID"]},{"propURI":"http://www.bioassayontology.org/bao#BAX_0000012","propLabel":"protein identity","propAbbrev":"bao:BAX_0000012","valueURI":"http://www.bioassayontology.org/protein#6166154","valueLabel":"Estrogen receptor beta","valueAbbrev":"protein:6166154","valueDescr":"Protein: Estrogen receptor beta, Organism: Homo sapiens","groupNest":[],"groupLabel":[],"externalURLs":["https://www.ncbi.nlm.nih.gov/protein/6166154"],"valueHier":["http://www.bioassayontology.org/taxon#9606","http://www.bioassayontology.org/taxon#9605","http://www.bioassayontology.org/taxon#314295","http://www.bioassayontology.org/taxon#9526","http://www.bioassayontology.org/taxon#9443","http://www.bioassayontology.org/taxon#314146","http://www.bioassayontology.org/taxon#40674","http://www.bioassayontology.org/taxon#32524","http://www.bioassayontology.org/taxon#8287","http://www.bioassayontology.org/taxon#117570","http://www.bioassayontology.org/taxon#7711","http://www.bioassayontology.org/taxon#33511","http://www.bioassayontology.org/taxon#33213","http://www.bioassayontology.org/taxon#33208","http://www.bioassayontology.org/taxon#33154","http://www.bioassayontology.org/taxon#2759","http://www.bioassayontology.org/taxon#131567","http://www.bioassayontology.org/taxon#Root"],"labelHier":["Homo sapiens","Homo","Hominoidea / Hominidae / Homininae","Catarrhini","Primates / Haplorrhini / Simiiformes","Euarchontoglires","Mammalia / Theria / Eutheria / Boreoeutheria","Amniota","Sarcopterygii / Dipnotetrapodomorpha / Tetrapoda","Teleostomi / Euteleostomi","Chordata / Craniata / Vertebrata / Gnathostomata","Deuterostomia","Bilateria","Metazoa / Eumetazoa","Opisthokonta","Eukaryota","cellular organisms","Faux ProteinID"]},{"propURI":"http://www.bioassayontology.org/bao#BAO_0002855","propLabel":"bioassay","propAbbrev":"bao:BAO_0002855","valueURI":"http://www.bioassayontology.org/bao#BAO_0000110","valueLabel":"protein-small molecule interaction assay","valueAbbrev":"bao:BAO_0000110","valueDescr":"It is an interaction between a protein (e.g., receptor, transcription factor) and small molecule (e.g., hormone, organic compound with a low molecular weight (<800 Da)).","groupNest":[],"groupLabel":[],"valueHier":["http://www.bioassayontology.org/bao#BAO_0002989","http://www.bioassayontology.org/bao#BAO_0000015"],"labelHier":["binding assay","bioassay"]},{"propURI":"http://www.bioassayontology.org/bao#BAO_0002854","propLabel":"bioassay type","propAbbrev":"bao:BAO_0002854","valueURI":"http://www.bioassayontology.org/bao#BAO_0000041","valueLabel":"binding type","valueAbbrev":"bao:BAO_0000041","valueDescr":"Binding assays are performed to understand the interaction between two molecules, e.g. perturbagen-protein, protein-protein, protein-DNA, etc.","groupNest":[],"groupLabel":[],"valueHier":["http://www.bioassayontology.org/bao#BAO_0000008"],"labelHier":["bioassay type"]},{"propURI":"http://www.bioassayontology.org/bao#BAO_0095009","propLabel":"assay design method","propAbbrev":"bao:BAO_0095009","valueURI":"http://www.bioassayontology.org/bao#BAO_0002755","valueLabel":"fluorescent ligand binding method","valueAbbrev":"bao:BAO_0002755","valueDescr":"","groupNest":[],"groupLabel":[],"valueHier":["http://www.bioassayontology.org/bao#BAO_0000123","http://www.bioassayontology.org/bao#BAO_0002202"],"labelHier":["binding assessment method","assay design method"]},{"propURI":"http://www.bioassayontology.org/bao#BAO_0002009","propLabel":"biological process","propAbbrev":"bao:BAO_0002009","valueURI":"http://purl.obolibrary.org/obo/GO_0033147","valueLabel":"negative regulation of intracellular estrogen receptor signaling pathway","valueAbbrev":"obo:GO_0033147","valueDescr":"Any process that stops, prevents, or reduces the frequency, rate or extent of the activity of an intracellular estrogen receptor signaling pathway.","groupNest":[],"groupLabel":[],"valueHier":["http://purl.obolibrary.org/obo/GO_0033144","http://purl.obolibrary.org/obo/GO_0009968","http://purl.obolibrary.org/obo/GO_0010648","http://purl.obolibrary.org/obo/GO_0048523","http://purl.obolibrary.org/obo/GO_0050794","http://purl.obolibrary.org/obo/GO_0050789","http://purl.obolibrary.org/obo/GO_0065007","http://purl.obolibrary.org/obo/GO_0008150","http://www.bioassayontology.org/bao#BAO_0003114"],"labelHier":["negative regulation of intracellular steroid hormone receptor signaling pathway","negative regulation of signal transduction","negative regulation of cell communication","negative regulation of cellular process","regulation of cellular process","regulation of biological process","biological regulation","biological process","assay biology component"]},{"propURI":"http://www.bioassayontology.org/bao#BAO_0000211","propLabel":"target","propAbbrev":"bao:BAO_0000211","valueURI":"http://www.drugtargetontology.org/dto/DTO_00117512","valueLabel":"Estrogen receptor beta","valueAbbrev":"dto:DTO_00117512","valueDescr":"","groupNest":[],"groupLabel":[],"valueHier":["http://www.drugtargetontology.org/dto/DTO_00117472","http://www.drugtargetontology.org/dto/DTO_00102000","http://www.drugtargetontology.org/dto/DTO_00100000"],"labelHier":["Estrogen receptors","Nuclear hormone receptor","Protein"]},{"propURI":"http://www.bioassayontology.org/bao#BAO_0002848","propLabel":"applies to disease","propAbbrev":"bao:BAO_0002848","valueURI":"http://purl.obolibrary.org/obo/DOID_184","valueLabel":"bone cancer","valueAbbrev":"obo:DOID_184","valueDescr":"A connective tissue cancer that is located_in bone and is characterized by uncontrolled cellular proliferation that destroys normal bone tissue.","groupNest":[],"groupLabel":[],"valueHier":["http://purl.obolibrary.org/obo/DOID_0080001","http://purl.obolibrary.org/obo/DOID_65","http://purl.obolibrary.org/obo/DOID_17","http://purl.obolibrary.org/obo/DOID_7","http://purl.obolibrary.org/obo/DOID_4"],"labelHier":["bone disease","connective tissue disease","musculoskeletal system disease","disease of anatomical entity","Disease"]},{"propURI":"http://www.bioassayontology.org/bao#BAO_0000210","propLabel":"screening campaign stage","propAbbrev":"bao:BAO_0000210","valueURI":"http://www.bioassayontology.org/bao#BAO_0000031","valueLabel":"primary assay","valueAbbrev":"bao:BAO_0000031","valueDescr":"The first assay performed in a in a screening campaign. The purpose of the primary assay is to identify hits, which are potentially biologically active chemical entities. Generally in this assay, the perturbagens are tested at a single concentration with only one measurement. It is followed by a confirmatory screen, which can be run at a single concentration with multiple replicates or as concentration-response assay.","groupNest":[],"groupLabel":[],"valueHier":["http://www.bioassayontology.org/bao#BAO_0000029"],"labelHier":["assay screening campaign stage"]},{"propURI":"http://www.bioassayontology.org/bao#BAO_0002663","propLabel":"assay kit","propAbbrev":"bao:BAO_0002663","valueURI":"http://www.bioassayontology.org/bat#NotApplicable","valueLabel":"not applicable","valueAbbrev":"bat:NotApplicable","valueDescr":"This property does not apply to this assay.","groupNest":[],"groupLabel":[],"valueHier":[],"labelHier":[]},{"propURI":"http://www.bioassayontology.org/bao#BAO_0000207","propLabel":"physical detection method","propAbbrev":"bao:BAO_0000207","valueURI":"http://www.bioassayontology.org/bao#BAO_0000005","valueLabel":"flow cytometry","valueAbbrev":"bao:BAO_0000005","valueDescr":"Flow cytometry uses the principles of light scattering and fluorescence from fluorochrome molecules to generate specific multi-parameter data from particles and cells in the size range of 0.5um to 40um diameter.\n","groupNest":[],"groupLabel":[],"altLabels":["Fluorescence-activated cell sorting","FACS"],"valueHier":["http://www.bioassayontology.org/bao#BAO_0000046","http://www.bioassayontology.org/bao#BAO_0000035"],"labelHier":["fluorescence method","physical detection method"]},{"propURI":"http://www.bioassayontology.org/bao#BAO_0002921","propLabel":"organism","propAbbrev":"bao:BAO_0002921","valueURI":"http://purl.obolibrary.org/obo/NCBITaxon_9606","valueLabel":"Homo sapiens","valueAbbrev":"obo:NCBITaxon_9606","valueDescr":"","groupNest":[],"groupLabel":[],"altLabels":["Homo spiens","Homo sapience","Homo sapien","human","Homo spaiens","Homo sapians","man","Humo sapiens","Home sapiens","Homo sapiense","Homo sampiens","Homo sapeins","Homo sapines","Homo sapian","Homo sapients"],"valueHier":["http://www.bioassayontology.org/bao#BAO_0000362","http://www.bioassayontology.org/bao#BAO_0000510","http://www.bioassayontology.org/bao#BAO_0000659","http://www.bioassayontology.org/bao#BAO_0000509","http://www.bioassayontology.org/bao#BAO_0000658","http://www.bioassayontology.org/bao#BAO_0000551"],"labelHier":["mammalian","vertebrate","metazoa","eukaryote","cellular organisms","organism"]},{"propURI":"http://www.bioassayontology.org/bao#BAO_0002852","propLabel":"assay sources","propAbbrev":"bao:BAO_0002852","valueURI":"http://www.bioassayexpress.org/sources#SRC_0000018","valueLabel":"New Mexico Molecular Libraries Screening Center (NMMLSC)","valueAbbrev":"src:SRC_0000018","valueDescr":"New Mexico Molecular Libraries Screening Center (NMMLSC).","groupNest":[],"groupLabel":[],"externalURLs":["http://nmmlsc.health.unm.edu"],"valueHier":["http://www.bioassayexpress.org/sources#pubchem_sources","http://www.bioassayontology.org/bao#BAO_0002934"],"labelHier":["PubChem Sources","organization"]},{"propURI":"http://www.bioassayontology.org/bao#BAO_0000211","propLabel":"target","propAbbrev":"bao:BAO_0000211","valueURI":"http://purl.obolibrary.org/obo/PR_Q92731","valueLabel":"estrogen receptor beta (human)","valueAbbrev":"obo:PR_Q92731","valueDescr":"An estrogen receptor beta that is encoded in the genome of human.","groupNest":[],"groupLabel":[],"altLabels":["ER-beta (human)","hESR2","nuclear receptor subfamily 3 group A member 2 (human)"],"valueHier":["http://purl.obolibrary.org/obo/PR_000007205","http://purl.obolibrary.org/obo/PR_000000001"],"labelHier":["estrogen receptor beta","protein"]},{"propURI":"http://www.bioassayontology.org/bao#BAO_0002853","valueLabel":"Estrogen Receptor (beta) binding:  Primary Screen","propAbbrev":"bao:BAO_0002853","groupNest":[],"propLabel":"assay title","groupLabel":[]}],"pubchemXRef":[{"type":"mim","id":"601663","comment":"ESTROGEN RECEPTOR 2; ESR"},{"type":"gene","id":"2100","comment":"ESR2 estrogen receptor 2(ER beta) [Homo sapiens]"},{"type":"taxonomy","id":"9606","comment":"Homo sapiens"},{"type":"mesh","id":"D047629","comment":"Estrogen Receptor beta"},{"type":"dburl","id":"http://nmmlsc.health.unm.edu","comment":""},{"type":"pmid","id":"15709962","comment":"Edwards, DP et al. 2005; Regulation of signal transduction pathways by estrogen and progesterone. Annual Rev Physiol."},{"type":"pmid","id":"11043579","comment":"Filardo, EJ et al. 2000; Estrogen-induced activation of Erk-1 and Erk-2 requires the G protein-coupled receptor homolog, GPR30, and occurs via trans-activation of the epidermal growth factor receptor through release of HB-EGF. Mol Endocrinol. "},{"type":"pmid","id":"12193550","comment":"Ahola, TM et al. 2002; G protein-coupled receptor 30 is critical for a progestin-induced growth inhibition in MCF-7 breast cancer cells. Endocrinology. "},{"type":"pmid","id":"18262661","comment":"Prossnitz, ER et al. 2008; GPR30: a novel therapeutic target in estrogen-related disease. Trends Pharmacol Sci. "},{"type":"pmid","id":"15705806","comment":"Revankar, CM et al. 2005; A transmembrane intracellular estrogen receptor mediates rapid cell signaling. Science. "},{"type":"pmid","id":"17037979","comment":"Lange, CA et al. 2007; Integration of rapid signaling events with steroid hormone receptor action in breast and prostate cancer. Annu Rev Physiol."},{"type":"protein_gi","id":"6166154","comment":"Estrogen receptor beta (ER-beta) (Nuclear receptor subfamily 3 group A member 2)."}],"curationTime":1584620517122,"curatorID":"google:108375455890260223170","curatorName":"","curatorEmail":"aclark.xyz@gmail.com","history":[{"curationTime":1492468130428,"curatorID":"admin","annotsAdded":[{"propURI":"http://www.bioassayontology.org/bao#BAO_0002854","propLabel":"bioassay type","propAbbrev":"bao:BAO_0002854","valueURI":"http://www.bioassayontology.org/bao#BAO_0000041","valueLabel":"binding type","valueAbbrev":"bao:BAO_0000041","valueDescr":"Binding assays are performed to understand the interaction between two molecules, e.g. perturbagen-protein, protein-protein, protein-DNA, etc.","valueHier":["http://www.bioassayontology.org/bao#BAO_0000008"],"labelHier":["bioassay type"]}],"annotsRemoved":[{"propURI":"http://www.bioassayontology.org/bao#BAX_0000002","propLabel":"has bioassay type","propAbbrev":"bao:BAX_0000002","valueURI":"http://www.bioassayontology.org/bao#BAO_0000041","valueLabel":"binding type","valueAbbrev":"bao:BAO_0000041","valueDescr":"Binding assays are performed to understand the interaction between two molecules, e.g. perturbagen-protein, protein-protein, protein-DNA, etc.","valueHier":[],"labelHier":[],"outOfSchema":true}],"labelsAdded":[{"propURI":"http://www.bioassayontology.org/bao#BAO_0002854","valueLabel":"binding type","propAbbrev":"bao:BAO_0002854","propLabel":"bioassay type"}],"labelsRemoved":[{"propURI":"http://www.bioassayontology.org/bao#BAX_0000002","valueLabel":"binding type","propAbbrev":"bao:BAX_0000002","propLabel":"has bioassay type"}]},{"curationTime":1492468130428,"curatorID":"admin","annotsAdded":[{"propURI":"http://www.bioassayontology.org/bao#BAO_0002009","propLabel":"biological process","propAbbrev":"bao:BAO_0002009","valueURI":"http://purl.obolibrary.org/obo/GO_0033147","valueLabel":"negative regulation of intracellular estrogen receptor signaling pathway","valueAbbrev":"obo:GO_0033147","valueDescr":"Any process that stops, prevents, or reduces the frequency, rate or extent of the activity of an intracellular estrogen receptor signaling pathway.","valueHier":["http://purl.obolibrary.org/obo/GO_0033144","http://purl.obolibrary.org/obo/GO_0009968","http://purl.obolibrary.org/obo/GO_0010648","http://purl.obolibrary.org/obo/GO_0048523","http://purl.obolibrary.org/obo/GO_0050794","http://purl.obolibrary.org/obo/GO_0050789","http://purl.obolibrary.org/obo/GO_0065007","http://purl.obolibrary.org/obo/GO_0008150","http://www.bioassayontology.org/bao#BAO_0003114"],"labelHier":["negative regulation of intracellular steroid hormone receptor signaling pathway","negative regulation of signal transduction","negative regulation of cell communication","negative regulation of cellular process","regulation of cellular process","regulation of biological process","biological regulation","biological process","assay biology component"]}],"annotsRemoved":[{"propURI":"http://www.bioassayontology.org/bao#BAX_0000004","propAbbrev":"bao:BAX_0000004","valueURI":"http://purl.obolibrary.org/obo/GO_0033147","valueLabel":"negative regulation of intracellular estrogen receptor signaling pathway","valueAbbrev":"obo:GO_0033147","valueDescr":"Any process that stops, prevents, or reduces the frequency, rate or extent of the activity of an intracellular estrogen receptor signaling pathway.","valueHier":[],"labelHier":[],"outOfSchema":true}],"labelsAdded":[{"propURI":"http://www.bioassayontology.org/bao#BAO_0002009","valueLabel":"negative regulation of intracellular estrogen receptor signaling pathway","propAbbrev":"bao:BAO_0002009","propLabel":"biological process"}],"labelsRemoved":[{"propURI":"http://www.bioassayontology.org/bao#BAX_0000004","valueLabel":"negative regulation of intracellular estrogen receptor signaling pathway","propAbbrev":"bao:BAX_0000004"}]},{"curationTime":1492468130428,"curatorID":"admin","annotsAdded":[{"propURI":"http://www.bioassayontology.org/bao#BAO_0002848","propLabel":"applies to disease","propAbbrev":"bao:BAO_0002848","valueURI":"http://purl.obolibrary.org/obo/DOID_184","valueLabel":"bone cancer","valueAbbrev":"obo:DOID_184","valueDescr":"A connective tissue cancer that is located_in bone and is characterized by uncontrolled cellular proliferation that destroys normal bone tissue.","valueHier":["http://purl.obolibrary.org/obo/DOID_0080001","http://purl.obolibrary.org/obo/DOID_65","http://purl.obolibrary.org/obo/DOID_17","http://purl.obolibrary.org/obo/DOID_7","http://purl.obolibrary.org/obo/DOID_4"],"labelHier":["bone disease","connective tissue disease","musculoskeletal system disease","disease of anatomical entity","Disease"]}],"annotsRemoved":[{"propURI":"http://www.bioassayontology.org/bao#BAX_0000010","propAbbrev":"bao:BAX_0000010","valueURI":"http://purl.obolibrary.org/obo/DOID_184","valueLabel":"bone cancer","valueAbbrev":"obo:DOID_184","valueDescr":"A connective tissue cancer that is located_in bone and is characterized by uncontrolled cellular proliferation that destroys normal bone tissue.","valueHier":[],"labelHier":[],"outOfSchema":true}],"labelsAdded":[{"propURI":"http://www.bioassayontology.org/bao#BAO_0002848","valueLabel":"bone cancer","propAbbrev":"bao:BAO_0002848","propLabel":"applies to disease"}],"labelsRemoved":[{"propURI":"http://www.bioassayontology.org/bao#BAX_0000010","valueLabel":"bone cancer","propAbbrev":"bao:BAX_0000010"}]},{"curationTime":1492468130428,"curatorID":"admin","annotsAdded":[{"propURI":"http://www.bioassayontology.org/bao#BAO_0000208","propLabel":"result","propAbbrev":"bao:BAO_0000208","valueURI":"http://www.bioassayontology.org/bao#BAO_0000201","valueLabel":"percent inhibition","valueAbbrev":"bao:BAO_0000201","valueDescr":"Percent decrease of a measureable response as a consequence of compound treatment.  Unit of Measure is always % when normalized to the dynamic range of the assay. Percent inhibition is expressed relative to a positive control (which results in total inhibition).","valueHier":["http://www.bioassayontology.org/bao#BAO_0000082","http://www.bioassayontology.org/bao#BAO_0000181","http://www.bioassayontology.org/bao#BAO_0000179"],"labelHier":["percent response","response endpoint","endpoint"]}],"annotsRemoved":[{"propURI":"http://www.bioassayontology.org/bao#BAX_0000006","propAbbrev":"bao:BAX_0000006","valueURI":"http://www.bioassayontology.org/bao#BAO_0000201","valueLabel":"percent inhibition","valueAbbrev":"bao:BAO_0000201","valueDescr":"Percent decrease of a measureable response as a consequence of compound treatment.  Unit of Measure is always % when normalized to the dynamic range of the assay. Percent inhibition is expressed relative to a positive control (which results in total inhibition).","valueHier":[],"labelHier":[],"outOfSchema":true}],"labelsAdded":[{"propURI":"http://www.bioassayontology.org/bao#BAO_0000208","valueLabel":"percent inhibition","propAbbrev":"bao:BAO_0000208","propLabel":"result"}],"labelsRemoved":[{"propURI":"http://www.bioassayontology.org/bao#BAX_0000006","valueLabel":"percent inhibition","propAbbrev":"bao:BAX_0000006"}]},{"curationTime":1492468130428,"curatorID":"admin","annotsAdded":[{"propURI":"http://www.bioassayontology.org/bao#BAO_0002874","propLabel":"units","propAbbrev":"bao:BAO_0002874","valueURI":"http://purl.org/obo/owl/UO#UO_0000187","valueLabel":"percent","valueAbbrev":"uo:UO_0000187","valueDescr":"","valueHier":[],"labelHier":[],"outOfSchema":true}],"annotsRemoved":[{"propURI":"http://www.bioassayontology.org/bao#BAX_0000007","propAbbrev":"bao:BAX_0000007","valueURI":"http://purl.org/obo/owl/UO#UO_0000187","valueLabel":"percent","valueAbbrev":"uo:UO_0000187","valueDescr":"","valueHier":[],"labelHier":[],"outOfSchema":true}],"labelsAdded":[{"propURI":"http://www.bioassayontology.org/bao#BAO_0002874","valueLabel":"percent","propAbbrev":"bao:BAO_0002874","propLabel":"units"}],"labelsRemoved":[{"propURI":"http://www.bioassayontology.org/bao#BAX_0000007","valueLabel":"percent","propAbbrev":"bao:BAX_0000007"}]},{"curationTime":1492468130428,"curatorID":"admin","annotsAdded":[{"propURI":"http://www.bioassayontology.org/bao#BAO_0095009","propLabel":"assay design method","propAbbrev":"bao:BAO_0095009","valueURI":"http://www.bioassayontology.org/bao#BAO_0002755","valueLabel":"fluorescent ligand binding method","valueAbbrev":"bao:BAO_0002755","valueDescr":"","valueHier":["http://www.bioassayontology.org/bao#BAO_0000123","http://www.bioassayontology.org/bao#BAO_0002202"],"labelHier":["binding assessment method","assay design method"]}],"annotsRemoved":[{"propURI":"http://www.bioassayontology.org/bao#BAX_0000003","propAbbrev":"bao:BAX_0000003","valueURI":"http://www.bioassayontology.org/bao#BAO_0002755","valueLabel":"fluorescent ligand binding method","valueAbbrev":"bao:BAO_0002755","valueDescr":"","valueHier":[],"labelHier":[],"outOfSchema":true}],"labelsAdded":[{"propURI":"http://www.bioassayontology.org/bao#BAO_0095009","valueLabel":"fluorescent ligand binding method","propAbbrev":"bao:BAO_0095009","propLabel":"assay design method"}],"labelsRemoved":[{"propURI":"http://www.bioassayontology.org/bao#BAX_0000003","valueLabel":"fluorescent ligand binding method","propAbbrev":"bao:BAX_0000003"}]},{"curationTime":1492468130428,"curatorID":"admin","annotsAdded":[{"propURI":"http://www.bioassayontology.org/bao#BAO_0000211","propLabel":"target","propAbbrev":"bao:BAO_0000211","valueURI":"http://www.drugtargetontology.org/dto/DTO_00117512","valueLabel":"Estrogen receptor beta","valueAbbrev":"dto:DTO_00117512","valueDescr":"","valueHier":["http://www.drugtargetontology.org/dto/DTO_00117472","http://www.drugtargetontology.org/dto/DTO_00102000","http://www.drugtargetontology.org/dto/DTO_00100000"],"labelHier":["Estrogen receptors","Nuclear hormone receptor","Protein"]}],"annotsRemoved":[{"propURI":"http://www.bioassayontology.org/bao#BAX_0000005","propAbbrev":"bao:BAX_0000005","valueURI":"http://www.drugtargetontology.org/dto/DTO_00117512","valueLabel":"Estrogen receptor beta","valueAbbrev":"dto:DTO_00117512","valueDescr":"","valueHier":[],"labelHier":[],"outOfSchema":true}],"labelsAdded":[{"propURI":"http://www.bioassayontology.org/bao#BAO_0000211","valueLabel":"Estrogen receptor beta","propAbbrev":"bao:BAO_0000211","propLabel":"target"}],"labelsRemoved":[{"propURI":"http://www.bioassayontology.org/bao#BAX_0000005","valueLabel":"Estrogen receptor beta","propAbbrev":"bao:BAX_0000005"}]},{"curationTime":1492468130428,"curatorID":"admin","annotsAdded":[{"propURI":"http://www.bioassayontology.org/bao#BAO_0002855","propLabel":"bioassay","propAbbrev":"bao:BAO_0002855","valueURI":"http://www.bioassayontology.org/bao#BAO_0000110","valueLabel":"protein-small molecule interaction assay","valueAbbrev":"bao:BAO_0000110","valueDescr":"It is an interaction between a protein (e.g., receptor, transcription factor) and small molecule (e.g., hormone, organic compound with a low molecular weight (<800 Da)).","valueHier":["http://www.bioassayontology.org/bao#BAO_0002989","http://www.bioassayontology.org/bao#BAO_0000015"],"labelHier":["binding assay","bioassay"]}],"annotsRemoved":[{"propURI":"http://www.bioassayontology.org/bao#BAX_0000002","propLabel":"has bioassay type","propAbbrev":"bao:BAX_0000002","valueURI":"http://www.bioassayontology.org/bao#BAO_0000110","valueLabel":"protein-small molecule interaction assay","valueAbbrev":"bao:BAO_0000110","valueDescr":"It is an interaction between a protein (e.g., receptor, transcription factor) and small molecule (e.g., hormone, organic compound with a low molecular weight (<800 Da)).","valueHier":[],"labelHier":[],"outOfSchema":true}],"labelsAdded":[{"propURI":"http://www.bioassayontology.org/bao#BAO_0002855","valueLabel":"protein-small molecule interaction assay","propAbbrev":"bao:BAO_0002855","propLabel":"bioassay"}],"labelsRemoved":[{"propURI":"http://www.bioassayontology.org/bao#BAX_0000002","valueLabel":"protein-small molecule interaction assay","propAbbrev":"bao:BAX_0000002","propLabel":"has bioassay type"}]},{"curationTime":1492468130428,"curatorID":"admin","annotsAdded":[{"propURI":"http://www.bioassayontology.org/bao#BAO_0002874","propLabel":"units","propAbbrev":"bao:BAO_0002874","valueURI":"http://purl.obolibrary.org/obo/UO_0000187","valueLabel":"percent","valueAbbrev":"obo:UO_0000187","valueDescr":"A dimensionless ratio unit which denotes numbers as fractions of 100.","valueHier":["http://purl.obolibrary.org/obo/UO_0000190","http://purl.obolibrary.org/obo/UO_0000186","http://purl.obolibrary.org/obo/UO_0000000"],"labelHier":["ratio","dimensionless unit","unit"]}],"annotsRemoved":[{"propURI":"http://www.bioassayontology.org/bao#BAO_0002874","propLabel":"units","propAbbrev":"bao:BAO_0002874","valueURI":"http://purl.org/obo/owl/UO#UO_0000187","valueLabel":"percent","valueAbbrev":"uo:UO_0000187","valueDescr":"","valueHier":[],"labelHier":[],"outOfSchema":true}],"labelsAdded":[{"propURI":"http://www.bioassayontology.org/bao#BAO_0002874","valueLabel":"percent","propAbbrev":"bao:BAO_0002874","propLabel":"units"}],"labelsRemoved":[{"propURI":"http://www.bioassayontology.org/bao#BAO_0002874","valueLabel":"percent","propAbbrev":"bao:BAO_0002874","propLabel":"units"}]},{"curationTime":1520356851230,"curatorID":"google:108375455890260223170","curatorName":"","curatorEmail":"aclark.xyz@gmail.com","annotsAdded":[{"propURI":"http://www.bioassayontology.org/bao#BAO_0002800","propLabel":"assay cell line","propAbbrev":"bao:BAO_0002800","valueURI":"http://purl.obolibrary.org/obo/BTO_0000298","valueAbbrev":"obo:BTO_0000298","valueHier":[],"labelHier":[],"outOfSchema":true}],"annotsRemoved":[],"labelsAdded":[],"labelsRemoved":[]},{"curationTime":1584620517122,"curatorID":"google:108375455890260223170","curatorName":"","curatorEmail":"aclark.xyz@gmail.com","annotsAdded":[{"propURI":"http://www.bioassayontology.org/bao#BAO_0000211","propLabel":"target","propAbbrev":"bao:BAO_0000211","valueURI":"http://purl.obolibrary.org/obo/PR_Q92731","valueLabel":"estrogen receptor beta (human)","valueAbbrev":"obo:PR_Q92731","valueDescr":"An estrogen receptor beta that is encoded in the genome of human.","altLabels":["ER-beta (human)","hESR2","nuclear receptor subfamily 3 group A member 2 (human)"],"valueHier":["http://purl.obolibrary.org/obo/PR_000007205","http://purl.obolibrary.org/obo/PR_000000001"],"labelHier":["estrogen receptor beta","protein"]}],"annotsRemoved":[],"labelsAdded":[],"labelsRemoved":[]}],"holdingIDList":[]}