{"assayID":6690,"uniqueID":"pubchemAID:743104","text":"Discovery of Novel Negative Allosteric Modulators of Muscarinic Receptor M5: Counterscreen against RAT M5\n\nMuscarinic acetylcholine receptors are family A GPCRs comprised of five distinct mammalian subtypes (mAChR1-5 or M1-M5), which are expressed differentially throughout the body and play an important role in a variety of physiological processes. Among the mAChRs, M1 and M4 have been historically considered attractive targets for small molecule treatments of numerous CNS disorders such as Alzheimer's disease and schizophrenia due to their respective localization and involvement in regulation of certain aspects of learning, memory, sleep, motor control, reward, and pain, among others. However, discovery of subtype-selective small molecules has proven highly difficult due to the conservation of the orthosteric binding-site across the mAChRs. This has contributed to the failure of muscarinic agonists in clinical trials and has also hampered pharmacological investigation into the role(s) of each mAChR in basic neurobiology.\n\nAmong the mAChRs, M5 has remained perhaps the most challenging to investigate pharmacologically due in part to its extremely low expression level and a complete lack of M5-selective ligands. Interestingly, studies using M5-KO mice suggest that M5 is the sole mediator of acetylcholine-induced cerebrovasodilation, which has led to the hypothesis that an M5 activator would have therapeutic efficacy in treatment of cerebrovascular dementias and ischemic stroke. Furthermore, M5-KO mice show dramatically reduced reward responses to drugs of abuse, consistent with its putative localization on midbrain dopaminergic neurons of the nigrostriatal and mesolimbic pathways. This suggests that M5 antagonism or negative modulation may have utility in treatment of illicit drug addiction and withdrawal. Despite these and other related findings from M5-KO mice, there remains a strong need for small molecule tools to probe M5 function and test M5-related hypotheses in order to advance the state of the mAChR research field and provide critical proof-of-concept studies for drug discovery aims.\n\n\n\nCHO-K1 cells stably transfected with human M1, human M2/Gqi5, human M3, human M4/Gqi5, human M5, or rat M5 were loaded with calcium indicator dye (2mM Fluo-4 AM) for 45-60 min at 37 degrees C. Dye was removed and replaced with assay buffer, pH 7.4 (1X HBSS (Hanks' Balanced Salt Solution), supplemented with 20 mM HEPES and 2.5 mM probenecid). All compounds were serially diluted in assay buffer for a final 2X stock in 0.6% DMSO. This stock was then added to the assay plate for a final DMSO concentration of 0.3%. Acetylcholine EC20 was prepared at a 10X stock solution in assay buffer prior to addition to assay plates. Calcium mobilization was measured at 25 degrees C using a FLEXstation II (Molecular Devices, Sunnyvale, CA) according to the following protocol. Cells were preincubated with test compound (or vehicle) for 2.5 min and then stimulated with the EC20 of acetylcholine for 50 seconds. The signal amplitude was first normalized to baseline and then as a percentage of the maximal response to acetylcholine.\n\nThese compounds had greater than 60% activity for the human muscarinic M5 receptor in the calcium flux assay, and therefore, 'Outcome' was assigned as 'Active' (PAM).","schemaURI":"http://www.bioassayontology.org/bas#","annotations":[{"propURI":"http://www.bioassayontology.org/bao#BAO_0000205","propLabel":"assay format","propAbbrev":"bao:BAO_0000205","valueURI":"http://www.bioassayontology.org/bao#BAO_0000219","valueLabel":"cell based format","valueAbbrev":"bao:BAO_0000219","valueDescr":"Involves the use of living cells of eukaryotic origin, derived from a multicellular organism, and is a heterogeneous assay type. Typically, this refers to permanent (immortal) cell lines, or primary cells, or some form of stem cells. This is distinct from a single-celled organism-based format (classically bacteria or yeast).","groupNest":[],"groupLabel":[],"valueHier":["http://www.bioassayontology.org/bao#BAO_0000019"],"labelHier":["assay format"]},{"propURI":"http://www.bioassayontology.org/bao#BAO_0002855","propLabel":"bioassay","propAbbrev":"bao:BAO_0002855","valueURI":"http://www.bioassayontology.org/bao#BAO_0002989","valueLabel":"binding assay","valueAbbrev":"bao:BAO_0002989","valueDescr":"It is performed to quantify the interactions between two molecules, e.g. small molecule-protein, protein-protein, protein-DNA, etc.","groupNest":[],"groupLabel":[],"valueHier":["http://www.bioassayontology.org/bao#BAO_0000015"],"labelHier":["bioassay"]},{"propURI":"http://www.bioassayontology.org/bao#BAO_0000207","propLabel":"physical detection method","propAbbrev":"bao:BAO_0000207","valueURI":"http://www.bioassayontology.org/bao#BAO_0000363","valueLabel":"fluorescence intensity","valueAbbrev":"bao:BAO_0000363","valueDescr":"Fluorescence intensity is the measure of fluorescence from a sample.","groupNest":[],"groupLabel":[],"valueHier":["http://www.bioassayontology.org/bao#BAO_0000046","http://www.bioassayontology.org/bao#BAO_0000035"],"labelHier":["fluorescence method","physical detection method"]},{"propURI":"http://www.bioassayontology.org/bao#BAO_0002800","propLabel":"assay cell line","propAbbrev":"bao:BAO_0002800","valueURI":"http://purl.obolibrary.org/obo/CLO_0002421","valueLabel":"CHO cell","valueAbbrev":"obo:CLO_0002421","valueDescr":"Chinese hamster ovary cell line, that was initiated from an ovary biopsy of an adult Chinese hamster in 1957.","groupNest":[],"groupLabel":[],"altLabels":["Chinese Hamster Ovary cell","CHO","中国仓鼠卵巢细胞"],"valueHier":["http://purl.obolibrary.org/obo/CLO_0000243","http://purl.obolibrary.org/obo/CLO_0000019","http://purl.obolibrary.org/obo/CLO_0000001"],"labelHier":["immortal female gonad-derived cell line cell","immortal cell line cell","cell line cell"]},{"propURI":"http://www.bioassayontology.org/bao#BAO_0003107","propLabel":"GO terms","propAbbrev":"bao:BAO_0003107","valueURI":"http://purl.obolibrary.org/obo/GO_0001696","valueLabel":"gastric acid secretion","valueAbbrev":"obo:GO_0001696","valueDescr":"The regulated release of gastric acid (hydrochloric acid) by parietal or oxyntic cells during digestion.","groupNest":[],"groupLabel":[],"valueHier":["http://purl.obolibrary.org/obo/GO_0046717","http://purl.obolibrary.org/obo/GO_0046903","http://purl.obolibrary.org/obo/GO_0044765","http://purl.obolibrary.org/obo/GO_0006810","http://purl.obolibrary.org/obo/GO_0051234","http://purl.obolibrary.org/obo/GO_0051179","http://purl.obolibrary.org/obo/GO_0008150","http://www.bioassayontology.org/bao#BAO_0003114"],"labelHier":["acid secretion","secretion","single-organism transport","transport","establishment of localization","localization","biological process","assay biology component"]},{"propURI":"http://www.bioassayontology.org/bao#BAO_0003107","propLabel":"GO terms","propAbbrev":"bao:BAO_0003107","valueURI":"http://purl.obolibrary.org/obo/GO_0004435","valueLabel":"phosphatidylinositol phospholipase C activity","valueAbbrev":"obo:GO_0004435","valueDescr":"Catalysis of the reaction: 1-phosphatidyl-1D-myo-inositol 4,5-bisphosphate + H(2)O = 1,2-diacylglycerol + 1D-myo-inositol 1,4,5-trisphosphate + H(+).","groupNest":[],"groupLabel":[],"valueHier":["http://purl.obolibrary.org/obo/GO_0004629","http://purl.obolibrary.org/obo/GO_0008081","http://purl.obolibrary.org/obo/GO_0042578","http://purl.obolibrary.org/obo/GO_0016788","http://purl.obolibrary.org/obo/GO_0016787","http://purl.obolibrary.org/obo/GO_0003824","http://purl.obolibrary.org/obo/GO_0003674","http://www.bioassayontology.org/bao#BAO_0003117","http://www.bioassayontology.org/bao#BAO_0003114"],"labelHier":["phospholipase C activity","phosphoric diester hydrolase activity","phosphoric ester hydrolase activity","hydrolase activity, acting on ester bonds","hydrolase activity","catalytic activity","molecular function","function","assay biology component"]},{"propURI":"http://www.bioassayontology.org/bao#BAO_0003107","propLabel":"GO terms","propAbbrev":"bao:BAO_0003107","valueURI":"http://purl.obolibrary.org/obo/GO_0005886","valueLabel":"plasma membrane","valueAbbrev":"obo:GO_0005886","valueDescr":"The membrane surrounding a cell that separates the cell from its external environment. It consists of a phospholipid bilayer and associated proteins.","groupNest":[],"groupLabel":[],"valueHier":["http://purl.obolibrary.org/obo/GO_0044464","http://purl.obolibrary.org/obo/GO_0005575","http://www.bioassayontology.org/bao#BAO_0003114"],"labelHier":["cell part","cellular component","assay biology component"]},{"propURI":"http://www.bioassayontology.org/bao#BAO_0003107","propLabel":"GO terms","propAbbrev":"bao:BAO_0003107","valueURI":"http://purl.obolibrary.org/obo/GO_0005887","valueLabel":"integral component of plasma membrane","valueAbbrev":"obo:GO_0005887","valueDescr":"The component of the plasma membrane consisting of the gene products and protein complexes having at least some part of their peptide sequence embedded in the hydrophobic region of the membrane.","groupNest":[],"groupLabel":[],"valueHier":["http://purl.obolibrary.org/obo/GO_0016021","http://purl.obolibrary.org/obo/GO_0031224","http://purl.obolibrary.org/obo/GO_0044425","http://purl.obolibrary.org/obo/GO_0005575","http://www.bioassayontology.org/bao#BAO_0003114"],"labelHier":["integral component of membrane","intrinsic component of membrane","membrane part","cellular component","assay biology component"]},{"propURI":"http://www.bioassayontology.org/bao#BAO_0003107","propLabel":"GO terms","propAbbrev":"bao:BAO_0003107","valueURI":"http://purl.obolibrary.org/obo/GO_0007197","valueLabel":"adenylate cyclase-inhibiting G-protein coupled acetylcholine receptor signaling pathway","valueAbbrev":"obo:GO_0007197","valueDescr":"The series of molecular signals generated as a consequence of a G-protein coupled acetylcholine receptor binding to its physiological ligand, where the pathway proceeds with inhibition of adenylyl cyclase and a subsequent decrease in the concentration of cyclic AMP (cAMP).","groupNest":[],"groupLabel":[],"valueHier":["http://purl.obolibrary.org/obo/GO_0007193","http://purl.obolibrary.org/obo/GO_0007188","http://purl.obolibrary.org/obo/GO_0007187","http://purl.obolibrary.org/obo/GO_0007186","http://purl.obolibrary.org/obo/GO_0008150","http://www.bioassayontology.org/bao#BAO_0003114"],"labelHier":["adenylate cyclase-inhibiting G-protein coupled receptor signaling pathway","adenylate cyclase-modulating G-protein coupled receptor signaling pathway","G-protein coupled receptor signaling pathway, coupled to cyclic nucleotide second messenger","G-protein coupled receptor signaling pathway","biological process","assay biology component"]},{"propURI":"http://www.bioassayontology.org/bao#BAO_0003107","propLabel":"GO terms","propAbbrev":"bao:BAO_0003107","valueURI":"http://purl.obolibrary.org/obo/GO_0007207","valueLabel":"phospholipase C-activating G-protein coupled acetylcholine receptor signaling pathway","valueAbbrev":"obo:GO_0007207","valueDescr":"The series of molecular signals generated as a consequence of a G-protein coupled acetylcholine receptor binding to its physiological ligand, where the pathway proceeds with activation of phospholipase C (PLC) and a subsequent release of inositol trisphosphate (IP3) and diacylglycerol (DAG).","groupNest":[],"groupLabel":[],"valueHier":["http://purl.obolibrary.org/obo/GO_0007200","http://purl.obolibrary.org/obo/GO_0007186","http://purl.obolibrary.org/obo/GO_0008150","http://www.bioassayontology.org/bao#BAO_0003114"],"labelHier":["phospholipase C-activating G-protein coupled receptor signaling pathway","G-protein coupled receptor signaling pathway","biological process","assay biology component"]},{"propURI":"http://www.bioassayontology.org/bao#BAO_0003107","propLabel":"GO terms","propAbbrev":"bao:BAO_0003107","valueURI":"http://purl.obolibrary.org/obo/GO_0007213","valueLabel":"G-protein coupled acetylcholine receptor signaling pathway","valueAbbrev":"obo:GO_0007213","valueDescr":"Any series of molecular signals initiated by an acetylcholine receptor on the surface of the target cell binding to one of its physiological ligands, and proceeding with the activated receptor promoting the exchange of GDP for GTP on the alpha-subunit of an associated heterotrimeric G-protein complex. The GTP-bound activated alpha-G-protein then dissociates from the beta- and gamma-subunits to further transmit the signal within the cell. The pathway begins with receptor-ligand interaction and ends with regulation of a downstream cellular process, e.g. transcription.","groupNest":[],"groupLabel":[],"valueHier":["http://purl.obolibrary.org/obo/GO_0007186","http://purl.obolibrary.org/obo/GO_0008150","http://www.bioassayontology.org/bao#BAO_0003114"],"labelHier":["G-protein coupled receptor signaling pathway","biological process","assay biology component"]},{"propURI":"http://www.bioassayontology.org/bao#BAO_0003107","propLabel":"GO terms","propAbbrev":"bao:BAO_0003107","valueURI":"http://purl.obolibrary.org/obo/GO_0007271","valueLabel":"synaptic transmission, cholinergic","valueAbbrev":"obo:GO_0007271","valueDescr":"The process of communication from a neuron to a target (neuron, muscle, or secretory cell) across a synapse using the neurotransmitter acetylcholine.","groupNest":[],"groupLabel":[],"valueHier":["http://purl.obolibrary.org/obo/GO_0007268","http://purl.obolibrary.org/obo/GO_0007267","http://purl.obolibrary.org/obo/GO_0044700","http://purl.obolibrary.org/obo/GO_0044699","http://purl.obolibrary.org/obo/GO_0008150","http://www.bioassayontology.org/bao#BAO_0003114"],"labelHier":["synaptic transmission","cell-cell signaling","single organism signaling","single-organism process","biological process","assay biology component"]},{"propURI":"http://www.bioassayontology.org/bao#BAO_0003107","propLabel":"GO terms","propAbbrev":"bao:BAO_0003107","valueURI":"http://purl.obolibrary.org/obo/GO_0008283","valueLabel":"cell population proliferation","valueAbbrev":"obo:GO_0008283","valueDescr":"The multiplication or reproduction of cells, resulting in the expansion of a cell population.","groupNest":[],"groupLabel":[],"valueHier":["http://purl.obolibrary.org/obo/GO_0044699","http://purl.obolibrary.org/obo/GO_0008150","http://www.bioassayontology.org/bao#BAO_0003114"],"labelHier":["single-organism process","biological process","assay biology component"]},{"propURI":"http://www.bioassayontology.org/bao#BAO_0003107","propLabel":"GO terms","propAbbrev":"bao:BAO_0003107","valueURI":"http://purl.obolibrary.org/obo/GO_0015872","valueLabel":"dopamine transport","valueAbbrev":"obo:GO_0015872","valueDescr":"The directed movement of dopamine into, out of or within a cell, or between cells, by means of some agent such as a transporter or pore. Dopamine is a catecholamine neurotransmitter and a metabolic precursor of noradrenaline and adrenaline.","groupNest":[],"groupLabel":[],"valueHier":["http://purl.obolibrary.org/obo/GO_0015696","http://purl.obolibrary.org/obo/GO_0015672","http://purl.obolibrary.org/obo/GO_0006812","http://purl.obolibrary.org/obo/GO_0006811","http://purl.obolibrary.org/obo/GO_0044765","http://purl.obolibrary.org/obo/GO_0006810","http://purl.obolibrary.org/obo/GO_0051234","http://purl.obolibrary.org/obo/GO_0051179","http://purl.obolibrary.org/obo/GO_0008150","http://www.bioassayontology.org/bao#BAO_0003114"],"labelHier":["ammonium transport","monovalent inorganic cation transport","cation transport","ion transport","single-organism transport","transport","establishment of localization","localization","biological process","assay biology component"]},{"propURI":"http://www.bioassayontology.org/bao#BAO_0003107","propLabel":"GO terms","propAbbrev":"bao:BAO_0003107","valueURI":"http://purl.obolibrary.org/obo/GO_0016907","valueLabel":"G-protein coupled acetylcholine receptor activity","valueAbbrev":"obo:GO_0016907","valueDescr":"Combining with acetylcholine and transmitting the signal across the membrane by activating an associated G-protein; promotes the exchange of GDP for GTP on the alpha subunit of a heterotrimeric G-protein complex.","groupNest":[],"groupLabel":[],"valueHier":["http://purl.obolibrary.org/obo/GO_0015464","http://purl.obolibrary.org/obo/GO_0030594","http://purl.obolibrary.org/obo/GO_0038023","http://purl.obolibrary.org/obo/GO_0004872","http://purl.obolibrary.org/obo/GO_0003674","http://www.bioassayontology.org/bao#BAO_0003117","http://www.bioassayontology.org/bao#BAO_0003114"],"labelHier":["acetylcholine receptor activity","neurotransmitter receptor activity","signaling receptor activity","receptor activity","molecular function","function","assay biology component"]},{"propURI":"http://www.bioassayontology.org/bao#BAO_0003107","propLabel":"GO terms","propAbbrev":"bao:BAO_0003107","valueURI":"http://purl.obolibrary.org/obo/GO_0019226","valueLabel":"transmission of nerve impulse","valueAbbrev":"obo:GO_0019226","valueDescr":"The neurological system process in which a signal is transmitted through the nervous system by a combination of action potential propagation and synaptic transmission.","groupNest":[],"groupLabel":[],"valueHier":["http://purl.obolibrary.org/obo/GO_0035637","http://purl.obolibrary.org/obo/GO_0044700","http://purl.obolibrary.org/obo/GO_0044699","http://purl.obolibrary.org/obo/GO_0008150","http://www.bioassayontology.org/bao#BAO_0003114"],"labelHier":["multicellular organismal signaling","single organism signaling","single-organism process","biological process","assay biology component"]},{"propURI":"http://www.bioassayontology.org/bao#BAO_0003107","propLabel":"GO terms","propAbbrev":"bao:BAO_0003107","valueURI":"http://purl.obolibrary.org/obo/GO_0030054","valueLabel":"cell junction","valueAbbrev":"obo:GO_0030054","valueDescr":"A cellular component that forms a specialized region of connection between two or more cells or between a cell and the extracellular matrix. At a cell junction, anchoring proteins extend through the plasma membrane to link cytoskeletal proteins in one cell to cytoskeletal proteins in neighboring cells or to proteins in the extracellular matrix.","groupNest":[],"groupLabel":[],"valueHier":["http://purl.obolibrary.org/obo/GO_0005575","http://www.bioassayontology.org/bao#BAO_0003114"],"labelHier":["cellular component","assay biology component"]},{"propURI":"http://www.bioassayontology.org/bao#BAO_0003107","propLabel":"GO terms","propAbbrev":"bao:BAO_0003107","valueURI":"http://purl.obolibrary.org/obo/GO_0045202","valueLabel":"synapse","valueAbbrev":"obo:GO_0045202","valueDescr":"The junction between a nerve fiber of one neuron and another neuron or muscle fiber or glial cell; the site of interneuronal communication. As the nerve fiber approaches the synapse it enlarges into a specialized structure, the presynaptic nerve ending, which contains mitochondria and synaptic vesicles. At the tip of the nerve ending is the presynaptic membrane; facing it, and separated from it by a minute cleft (the synaptic cleft) is a specialized area of membrane on the receiving cell, known as the postsynaptic membrane. In response to the arrival of nerve impulses, the presynaptic nerve ending secretes molecules of neurotransmitters into the synaptic cleft. These diffuse across the cleft and transmit the signal to the postsynaptic membrane.","groupNest":[],"groupLabel":[],"valueHier":["http://purl.obolibrary.org/obo/GO_0005575","http://www.bioassayontology.org/bao#BAO_0003114"],"labelHier":["cellular component","assay biology component"]},{"propURI":"http://www.bioassayontology.org/bao#BAO_0003107","propLabel":"GO terms","propAbbrev":"bao:BAO_0003107","valueURI":"http://purl.obolibrary.org/obo/GO_0045211","valueLabel":"postsynaptic membrane","valueAbbrev":"obo:GO_0045211","valueDescr":"A specialized area of membrane facing the presynaptic membrane on the tip of the nerve ending and separated from it by a minute cleft (the synaptic cleft). Neurotransmitters cross the synaptic cleft and transmit the signal to the postsynaptic membrane.","groupNest":[],"groupLabel":[],"valueHier":["http://purl.obolibrary.org/obo/GO_0097060","http://purl.obolibrary.org/obo/GO_0044456","http://purl.obolibrary.org/obo/GO_0005575","http://www.bioassayontology.org/bao#BAO_0003114"],"labelHier":["synaptic membrane","synapse part","cellular component","assay biology component"]},{"propURI":"http://www.bioassayontology.org/bao#BAO_0003107","propLabel":"GO terms","propAbbrev":"bao:BAO_0003107","valueURI":"http://purl.obolibrary.org/obo/GO_0060304","valueLabel":"regulation of phosphatidylinositol dephosphorylation","valueAbbrev":"obo:GO_0060304","valueDescr":"Any process that modulates the frequency, rate or extent of the chemical reaction involving the removal of one or more phosphate groups from a phosphatidylinositol.","groupNest":[],"groupLabel":[],"valueHier":["http://purl.obolibrary.org/obo/GO_0035303","http://purl.obolibrary.org/obo/GO_0019220","http://purl.obolibrary.org/obo/GO_0051174","http://purl.obolibrary.org/obo/GO_0031323","http://purl.obolibrary.org/obo/GO_0019222","http://purl.obolibrary.org/obo/GO_0050789","http://purl.obolibrary.org/obo/GO_0065007","http://purl.obolibrary.org/obo/GO_0008150","http://www.bioassayontology.org/bao#BAO_0003114"],"labelHier":["regulation of dephosphorylation","regulation of phosphate metabolic process","regulation of phosphorus metabolic process","regulation of cellular metabolic process","regulation of metabolic process","regulation of biological process","biological regulation","biological process","assay biology component"]},{"propURI":"http://www.bioassayontology.org/bao#BAO_0002854","propLabel":"bioassay type","propAbbrev":"bao:BAO_0002854","valueURI":"http://www.bioassayontology.org/bao#BAO_0000010","valueLabel":"functional","valueAbbrev":"bao:BAO_0000010","valueDescr":"An assay where the measured signal corresponds to a complex response such as cell survival, proliferation, localization of a protein, nuclear translocation etc. The molecular target is not assumed.","groupNest":[],"groupLabel":[],"valueHier":["http://www.bioassayontology.org/bao#BAO_0000008"],"labelHier":["bioassay type"]},{"propURI":"http://www.bioassayontology.org/bao#BAO_0095009","propLabel":"assay design method","propAbbrev":"bao:BAO_0095009","valueURI":"http://www.bioassayontology.org/bao#BAO_0000425","valueLabel":"dye binding method","valueAbbrev":"bao:BAO_0000425","valueDescr":"Most often, the mitochondrial membrane potential which is called delta-psi is quantitated by staining with specific dyes whose binding is dependent on the potential.","groupNest":[],"groupLabel":[],"valueHier":["http://www.bioassayontology.org/bao#BAO_0000377","http://www.bioassayontology.org/bao#BAO_0002202"],"labelHier":["membrane potential measurement method","assay design method"]},{"propURI":"http://www.bioassayontology.org/bao#BAO_0095009","propLabel":"assay design method","propAbbrev":"bao:BAO_0095009","valueURI":"http://www.bioassayontology.org/bao#BAO_0000167","valueLabel":"membrane permeability assessment","valueAbbrev":"bao:BAO_0000167","valueDescr":"Live cells with intact membranes have the ability to exclude dyes that easily penetrate dead or damaged cells. Examples of the dyes include propidium iodide, 7-amino actinomycin D, and trypan blue. Cells stained with the former two can be quantified by flow cytometry, while the latter is by manual counting using hemocytometer.   ","groupNest":[],"groupLabel":[],"valueHier":["http://www.bioassayontology.org/bao#BAO_0000127","http://www.bioassayontology.org/bao#BAO_0002202"],"labelHier":["viability measurement method","assay design method"]},{"propURI":"http://www.bioassayontology.org/bao#BAO_0002848","propLabel":"applies to disease","propAbbrev":"bao:BAO_0002848","valueURI":"http://purl.obolibrary.org/obo/DOID_331","valueLabel":"central nervous system disease","valueAbbrev":"obo:DOID_331","valueDescr":"\nA nervous system disease that affects either the spinal cord (myelopathy) or brain (encephalopathy) of the central nervous system.\n","groupNest":[],"groupLabel":[],"valueHier":["http://purl.obolibrary.org/obo/DOID_863","http://purl.obolibrary.org/obo/DOID_7","http://purl.obolibrary.org/obo/DOID_4"],"labelHier":["nervous system disease","disease of anatomical entity","Disease"]},{"propURI":"http://www.bioassayontology.org/bao#BAO_0002009","propLabel":"biological process","propAbbrev":"bao:BAO_0002009","valueURI":"http://purl.obolibrary.org/obo/GO_0034765","valueLabel":"regulation of ion transmembrane transport","valueAbbrev":"obo:GO_0034765","valueDescr":"Any process that modulates the frequency, rate or extent of the directed movement of ions from one side of a membrane to the other.","groupNest":[],"groupLabel":[],"valueHier":["http://purl.obolibrary.org/obo/GO_0034762","http://purl.obolibrary.org/obo/GO_0051049","http://purl.obolibrary.org/obo/GO_0032879","http://purl.obolibrary.org/obo/GO_0050789","http://purl.obolibrary.org/obo/GO_0065007","http://purl.obolibrary.org/obo/GO_0008150","http://www.bioassayontology.org/bao#BAO_0003114"],"labelHier":["regulation of transmembrane transport","regulation of transport","regulation of localization","regulation of biological process","biological regulation","biological process","assay biology component"]},{"propURI":"http://www.bioassayontology.org/bao#BAO_0002009","propLabel":"biological process","propAbbrev":"bao:BAO_0002009","valueURI":"http://purl.obolibrary.org/obo/GO_0007213","valueLabel":"G-protein coupled acetylcholine receptor signaling pathway","valueAbbrev":"obo:GO_0007213","valueDescr":"Any series of molecular signals initiated by an acetylcholine receptor on the surface of the target cell binding to one of its physiological ligands, and proceeding with the activated receptor promoting the exchange of GDP for GTP on the alpha-subunit of an associated heterotrimeric G-protein complex. The GTP-bound activated alpha-G-protein then dissociates from the beta- and gamma-subunits to further transmit the signal within the cell. The pathway begins with receptor-ligand interaction and ends with regulation of a downstream cellular process, e.g. transcription.","groupNest":[],"groupLabel":[],"valueHier":["http://purl.obolibrary.org/obo/GO_0007186","http://purl.obolibrary.org/obo/GO_0008150","http://www.bioassayontology.org/bao#BAO_0003114"],"labelHier":["G-protein coupled receptor signaling pathway","biological process","assay biology component"]},{"propURI":"http://www.bioassayontology.org/bao#BAO_0002009","propLabel":"biological process","propAbbrev":"bao:BAO_0002009","valueURI":"http://purl.obolibrary.org/obo/GO_1904065","valueLabel":"G-protein coupled acetylcholine receptor signaling pathway involved in positive regulation of acetylcholine secretion, neurotransmission","valueAbbrev":"obo:GO_1904065","valueDescr":"Any G-protein coupled acetylcholine receptor signaling pathway that is involved in positive regulation of acetylcholine secretion, neurotransmission.","groupNest":[],"groupLabel":[],"valueHier":["http://purl.obolibrary.org/obo/GO_0007213","http://purl.obolibrary.org/obo/GO_0007186","http://purl.obolibrary.org/obo/GO_0008150","http://www.bioassayontology.org/bao#BAO_0003114"],"labelHier":["G-protein coupled acetylcholine receptor signaling pathway","G-protein coupled receptor signaling pathway","biological process","assay biology component"]},{"propURI":"http://www.bioassayontology.org/bao#BAO_0000185","propLabel":"perturbagen type","propAbbrev":"bao:BAO_0000185","valueURI":"http://www.bioassayontology.org/bao#BAO_0000733","valueLabel":"MLSMR library","valueAbbrev":"bao:BAO_0000733","valueDescr":"","groupNest":[],"groupLabel":[],"valueHier":["http://www.bioassayontology.org/bao#BAO_0000648","http://www.bioassayontology.org/bao#BAO_0000661","http://www.bioassayontology.org/bao#BAO_0003120"],"labelHier":["compound library","perturbagen library","assay screened entity component"]},{"propURI":"http://www.bioassayontology.org/bao#BAO_0002663","propLabel":"assay kit","propAbbrev":"bao:BAO_0002663","valueURI":"http://www.bioassayontology.org/bao#BAO_0003091","valueLabel":"Fluo-4 Calcium Assay Kit","valueAbbrev":"bao:BAO_0003091","valueDescr":"","groupNest":[],"groupLabel":[],"valueHier":["http://www.bioassayontology.org/bao#BAO_0000248"],"labelHier":["assay kit"]},{"propURI":"http://www.bioassayontology.org/bao#BAO_0002865","propLabel":"detection instrument","propAbbrev":"bao:BAO_0002865","valueURI":"http://www.bioassayontology.org/bao#BAO_0000905","valueLabel":"FlexStation II Microplate Reader","valueAbbrev":"bao:BAO_0000905","valueDescr":"","groupNest":[],"groupLabel":[],"valueHier":["http://www.bioassayontology.org/bao#BAO_0000697"],"labelHier":["detection instrument"]},{"propURI":"http://www.bioassayontology.org/bao#BAO_0002867","propLabel":"assay footprint","propAbbrev":"bao:BAO_0002867","valueURI":"http://www.bioassayontology.org/bat#Missing","valueLabel":"missing","valueAbbrev":"bat:Missing","valueDescr":"The information is missing from the source data, presumed to be a communication error.","groupNest":[],"groupLabel":[],"valueHier":[],"labelHier":[]},{"propURI":"http://www.bioassayontology.org/bao#BAO_0000196","propLabel":"assay mode of action","propAbbrev":"bao:BAO_0000196","valueURI":"http://www.bioassayontology.org/bao#BAO_0002909","valueLabel":"modulation","valueAbbrev":"bao:BAO_0002909","valueDescr":"","groupNest":[],"groupLabel":[],"valueHier":["http://www.bioassayontology.org/bao#BAO_0000084","http://www.bioassayontology.org/bao#BAO_0000074"],"labelHier":["ligand function mode of action","mode of action"]},{"propURI":"http://www.bioassayontology.org/bao#BAO_0002874","propLabel":"units","propAbbrev":"bao:BAO_0002874","valueURI":"http://purl.obolibrary.org/obo/UO_0000064","valueLabel":"micromolar","valueAbbrev":"obo:UO_0000064","valueDescr":"A unit of molarity which is equal to one millionth of a molar or 10^[-6] M.","groupNest":["http://www.bioassayontology.org/bao#BAX_0000017"],"groupLabel":["measurement"],"valueHier":["http://purl.obolibrary.org/obo/UO_0000061","http://purl.obolibrary.org/obo/UO_0000051","http://purl.obolibrary.org/obo/UO_0000000"],"labelHier":["unit of molarity","concentration unit","unit"]},{"propURI":"http://www.bioassayontology.org/bao#BAO_0000210","propLabel":"screening campaign stage","propAbbrev":"bao:BAO_0000210","valueURI":"http://www.bioassayontology.org/bao#BAO_0000803","valueLabel":"counter screening assay","valueAbbrev":"bao:BAO_0000803","valueDescr":"An assay run to eliminate those hits from the primary and confirmatory assay stages that are not of interest, i.e. do not act via the MMOA of interest; for example compounds that are assay artifacts (e.g. fluorescent), promiscuously active, toxic. ","groupNest":[],"groupLabel":[],"valueHier":["http://www.bioassayontology.org/bao#BAO_0000032","http://www.bioassayontology.org/bao#BAO_0000029"],"labelHier":["secondary assay","assay screening campaign stage"]},{"propURI":"http://www.bioassayontology.org/bao#BAO_0000208","propLabel":"result","propAbbrev":"bao:BAO_0000208","valueURI":"http://www.bioassayontology.org/bao#BAO_0000190","valueLabel":"IC50","valueAbbrev":"bao:BAO_0000190","valueDescr":"The effective concentration of an inhibitor, which produces 50% of the maximum possible response for that inhibitor.","groupNest":[],"groupLabel":[],"valueHier":["http://www.bioassayontology.org/bao#BAO_0002162","http://www.bioassayontology.org/bao#BAO_0000180","http://www.bioassayontology.org/bao#BAO_0000179"],"labelHier":["concentration response endpoint","concentration endpoint","endpoint"]},{"propURI":"http://www.bioassayontology.org/bao#BAO_0002921","propLabel":"organism","propAbbrev":"bao:BAO_0002921","valueURI":"http://purl.obolibrary.org/obo/NCBITaxon_10116","valueLabel":"Rattus norvegicus","valueAbbrev":"obo:NCBITaxon_10116","valueDescr":"","groupNest":[],"groupLabel":[],"altLabels":["Rattus rattiscus","Rattus norwegicus","rat","Norway rat","Gunn rats","Rattus norvegicus8","brown rat","rats","Rattus sp. strain Wistar"],"valueHier":["http://www.bioassayontology.org/bao#BAO_0000362","http://www.bioassayontology.org/bao#BAO_0000510","http://www.bioassayontology.org/bao#BAO_0000659","http://www.bioassayontology.org/bao#BAO_0000509","http://www.bioassayontology.org/bao#BAO_0000658","http://www.bioassayontology.org/bao#BAO_0000551"],"labelHier":["mammalian","vertebrate","metazoa","eukaryote","cellular organisms","organism"]},{"propURI":"http://www.bioassayontology.org/bao#BAO_0000211","propLabel":"target","propAbbrev":"bao:BAO_0000211","valueURI":"http://www.drugtargetontology.org/dto/DTO_02100025","valueLabel":"Muscarinic acetylcholine receptor M5","valueAbbrev":"dto:DTO_02100025","valueDescr":"","groupNest":[],"groupLabel":[],"valueHier":["http://www.drugtargetontology.org/dto/DTO_02300020","http://www.drugtargetontology.org/dto/DTO_02300002","http://www.drugtargetontology.org/dto/DTO_02300001","http://www.drugtargetontology.org/dto/DTO_00100000"],"labelHier":["Acetylcholine receptor (muscarinic)","Class A rhodopsin like","GPCR","Protein"]},{"propURI":"http://www.bioassayontology.org/bao#BAX_0000012","propLabel":"protein identity","propAbbrev":"bao:BAX_0000012","valueURI":"http://www.bioassayontology.org/protein#8393123","valueLabel":"muscarinic acetylcholine receptor M5 [Rattus norvegicus]","valueAbbrev":"protein:8393123","valueDescr":"Protein: muscarinic acetylcholine receptor M5 [Rattus norvegicus], Organism: Rattus norvegicus","groupNest":[],"groupLabel":[],"externalURLs":["https://www.ncbi.nlm.nih.gov/protein/8393123"],"valueHier":["http://www.bioassayontology.org/taxon#10116","http://www.bioassayontology.org/taxon#10114","http://www.bioassayontology.org/taxon#39107","http://www.bioassayontology.org/taxon#10066","http://www.bioassayontology.org/taxon#1963758","http://www.bioassayontology.org/taxon#9989","http://www.bioassayontology.org/taxon#314147","http://www.bioassayontology.org/taxon#314146","http://www.bioassayontology.org/taxon#40674","http://www.bioassayontology.org/taxon#32524","http://www.bioassayontology.org/taxon#8287","http://www.bioassayontology.org/taxon#117570","http://www.bioassayontology.org/taxon#7711","http://www.bioassayontology.org/taxon#33511","http://www.bioassayontology.org/taxon#33213","http://www.bioassayontology.org/taxon#33208","http://www.bioassayontology.org/taxon#33154","http://www.bioassayontology.org/taxon#2759","http://www.bioassayontology.org/taxon#131567","http://www.bioassayontology.org/taxon#Root"],"labelHier":["Rattus norvegicus","Rattus","Murinae","Muridae","Myomorpha / Muroidea","Rodentia","Glires","Euarchontoglires","Mammalia / Theria / Eutheria / Boreoeutheria","Amniota","Sarcopterygii / Dipnotetrapodomorpha / Tetrapoda","Teleostomi / Euteleostomi","Chordata / Craniata / Vertebrata / Gnathostomata","Deuterostomia","Bilateria","Metazoa / Eumetazoa","Opisthokonta","Eukaryota","cellular organisms","Faux ProteinID"]},{"propURI":"http://www.bioassayontology.org/bao#BAX_0000011","propLabel":"gene identity","propAbbrev":"bao:BAX_0000011","valueURI":"http://www.bioassayontology.org/geneid#1133","valueLabel":"CHRM5: cholinergic receptor muscarinic 5","valueAbbrev":"geneid:1133","valueDescr":"","groupNest":[],"groupLabel":[],"altLabels":["HM5"],"externalURLs":["https://www.ncbi.nlm.nih.gov/gene/1133"],"valueHier":["http://www.bioassayontology.org/geneid#Homo_sapiens","http://www.bioassayontology.org/geneid#Mammalia","http://www.bioassayontology.org/geneid#Root"],"labelHier":["Homo sapiens","Mammalia","Faux GeneID"]},{"propURI":"http://www.bioassayontology.org/bao#BAX_0000011","propLabel":"gene identity","propAbbrev":"bao:BAX_0000011","valueURI":"http://www.bioassayontology.org/geneid#53949","valueLabel":"Chrm5: cholinergic receptor, muscarinic 5","valueAbbrev":"geneid:53949","valueDescr":"","groupNest":[],"groupLabel":[],"externalURLs":["https://www.ncbi.nlm.nih.gov/gene/53949"],"valueHier":["http://www.bioassayontology.org/geneid#Rattus_norvegicus","http://www.bioassayontology.org/geneid#Mammalia","http://www.bioassayontology.org/geneid#Root"],"labelHier":["Rattus norvegicus","Mammalia","Faux GeneID"]},{"propURI":"http://www.bioassayontology.org/bao#BAO_0002852","propLabel":"assay sources","propAbbrev":"bao:BAO_0002852","valueURI":"http://www.bioassayexpress.org/sources#SRC_0000031","valueLabel":"Specialized Chemistry Center (Vanderbilt)","valueAbbrev":"src:SRC_0000031","valueDescr":"The Vanderbilt Specialized Chemistry Center for Accelerated Probe Development was established as a member of the Molecular Libraries Probe Production Centers Network (MLPCN) initiated and supported by the National Institutes of Health (NIH) Molecular Libraries Roadmap.","groupNest":[],"groupLabel":[],"externalURLs":["http://www.mc.vanderbilt.edu/centers/mlpcn/index.html"],"valueHier":["http://www.bioassayexpress.org/sources#pubchem_sources","http://www.bioassayontology.org/bao#BAO_0002934"],"labelHier":["PubChem Sources","organization"]},{"propURI":"http://www.bioassayontology.org/bao#BAO_0000211","propLabel":"target","propAbbrev":"bao:BAO_0000211","valueURI":"http://purl.obolibrary.org/obo/PR_P08912","valueLabel":"muscarinic acetylcholine receptor M5 (human)","valueAbbrev":"obo:PR_P08912","valueDescr":"A muscarinic acetylcholine receptor M5 that is encoded in the genome of human.","groupNest":[],"groupLabel":[],"altLabels":["hCHRM5"],"valueHier":["http://purl.obolibrary.org/obo/PR_000001617","http://purl.obolibrary.org/obo/PR_000001488","http://purl.obolibrary.org/obo/PR_000001094","http://purl.obolibrary.org/obo/PR_000030035","http://purl.obolibrary.org/obo/PR_000000001"],"labelHier":["muscarinic acetylcholine receptor M5","muscarinic acetylcholine receptor","rhodopsin-like G-protein coupled receptor","G-protein coupled receptor","protein"]},{"propURI":"http://www.bioassayontology.org/bao#BAO_0000539","valueLabel":"pubchemAID:624103","propAbbrev":"bao:BAO_0000539","groupNest":[],"propLabel":"related assays","groupLabel":[]},{"propURI":"http://www.bioassayontology.org/bao#BAO_0002853","valueLabel":"Discovery of Novel Negative Allosteric Modulators of Muscarinic Receptor M5: Counterscreen against RAT M5","propAbbrev":"bao:BAO_0002853","groupNest":[],"propLabel":"assay title","groupLabel":[]}],"pubchemXRef":[{"type":"aid","id":"624103","comment":""},{"type":"taxonomy","id":"10116","comment":"rattus norvegicus"},{"type":"gene","id":"53949","comment":"CHRM5 cholinergic receptor, muscarinic 5"},{"type":"pmid","id":"19047481","comment":"Marlo, J.E. et al., Mol. Pharmacol.,2009,75(3):577-88"},{"type":"pmid","id":"18772318","comment":"Brady A.E., et al.,J. Pharmacol. Exp. Ther.2008, 327(3):941-53"},{"type":"protein_gi","id":"8393123","comment":"Muscarinic acetylcholine receptor M5 [Rattus Norvegicus]"}],"curationTime":1584620547561,"curatorID":"google:108375455890260223170","curatorName":"","curatorEmail":"aclark.xyz@gmail.com","history":[{"curationTime":1492468131202,"curatorID":"admin","annotsAdded":[{"propURI":"http://www.bioassayontology.org/bao#BAO_0002854","propLabel":"bioassay type","propAbbrev":"bao:BAO_0002854","valueURI":"http://www.bioassayontology.org/bao#BAO_0000010","valueLabel":"functional","valueAbbrev":"bao:BAO_0000010","valueDescr":"An assay where the measured signal corresponds to a complex response such as cell survival, proliferation, localization of a protein, nuclear translocation etc. The molecular target is not assumed.","valueHier":["http://www.bioassayontology.org/bao#BAO_0000008"],"labelHier":["bioassay type"]}],"annotsRemoved":[{"propURI":"http://www.bioassayontology.org/bao#BAX_0000002","propLabel":"has bioassay type","propAbbrev":"bao:BAX_0000002","valueURI":"http://www.bioassayontology.org/bao#BAO_0000010","valueLabel":"functional","valueAbbrev":"bao:BAO_0000010","valueDescr":"An assay where the measured signal corresponds to a complex response such as cell survival, proliferation, localization of a protein, nuclear translocation etc. The molecular target is not assumed.","valueHier":[],"labelHier":[],"outOfSchema":true}],"labelsAdded":[{"propURI":"http://www.bioassayontology.org/bao#BAO_0002854","valueLabel":"functional","propAbbrev":"bao:BAO_0002854","propLabel":"bioassay type"}],"labelsRemoved":[{"propURI":"http://www.bioassayontology.org/bao#BAX_0000002","valueLabel":"functional","propAbbrev":"bao:BAX_0000002","propLabel":"has bioassay type"}]},{"curationTime":1492468131202,"curatorID":"admin","annotsAdded":[{"propURI":"http://www.bioassayontology.org/bao#BAO_0002009","propLabel":"biological process","propAbbrev":"bao:BAO_0002009","valueURI":"http://purl.obolibrary.org/obo/GO_0034765","valueLabel":"regulation of ion transmembrane transport","valueAbbrev":"obo:GO_0034765","valueDescr":"Any process that modulates the frequency, rate or extent of the directed movement of ions from one side of a membrane to the other.","valueHier":["http://purl.obolibrary.org/obo/GO_0034762","http://purl.obolibrary.org/obo/GO_0051049","http://purl.obolibrary.org/obo/GO_0032879","http://purl.obolibrary.org/obo/GO_0050789","http://purl.obolibrary.org/obo/GO_0065007","http://purl.obolibrary.org/obo/GO_0008150","http://www.bioassayontology.org/bao#BAO_0003114"],"labelHier":["regulation of transmembrane transport","regulation of transport","regulation of localization","regulation of biological process","biological regulation","biological process","assay biology component"]},{"propURI":"http://www.bioassayontology.org/bao#BAO_0002009","propLabel":"biological process","propAbbrev":"bao:BAO_0002009","valueURI":"http://purl.obolibrary.org/obo/GO_1904065","valueLabel":"G-protein coupled acetylcholine receptor signaling pathway involved in positive regulation of acetylcholine secretion, neurotransmission","valueAbbrev":"obo:GO_1904065","valueDescr":"Any G-protein coupled acetylcholine receptor signaling pathway that is involved in positive regulation of acetylcholine secretion, neurotransmission.","valueHier":["http://purl.obolibrary.org/obo/GO_0007213","http://purl.obolibrary.org/obo/GO_0007186","http://purl.obolibrary.org/obo/GO_0008150","http://www.bioassayontology.org/bao#BAO_0003114"],"labelHier":["G-protein coupled acetylcholine receptor signaling pathway","G-protein coupled receptor signaling pathway","biological process","assay biology component"]},{"propURI":"http://www.bioassayontology.org/bao#BAO_0002009","propLabel":"biological process","propAbbrev":"bao:BAO_0002009","valueURI":"http://purl.obolibrary.org/obo/GO_0007213","valueLabel":"G-protein coupled acetylcholine receptor signaling pathway","valueAbbrev":"obo:GO_0007213","valueDescr":"Any series of molecular signals initiated by an acetylcholine receptor on the surface of the target cell binding to one of its physiological ligands, and proceeding with the activated receptor promoting the exchange of GDP for GTP on the alpha-subunit of an associated heterotrimeric G-protein complex. The GTP-bound activated alpha-G-protein then dissociates from the beta- and gamma-subunits to further transmit the signal within the cell. The pathway begins with receptor-ligand interaction and ends with regulation of a downstream cellular process, e.g. transcription.","valueHier":["http://purl.obolibrary.org/obo/GO_0007186","http://purl.obolibrary.org/obo/GO_0008150","http://www.bioassayontology.org/bao#BAO_0003114"],"labelHier":["G-protein coupled receptor signaling pathway","biological process","assay biology component"]}],"annotsRemoved":[{"propURI":"http://www.bioassayontology.org/bao#BAX_0000004","propAbbrev":"bao:BAX_0000004","valueURI":"http://purl.obolibrary.org/obo/GO_0007213","valueLabel":"G-protein coupled acetylcholine receptor signaling pathway","valueAbbrev":"obo:GO_0007213","valueDescr":"Any series of molecular signals initiated by an acetylcholine receptor on the surface of the target cell binding to one of its physiological ligands, and proceeding with the activated receptor promoting the exchange of GDP for GTP on the alpha-subunit of an associated heterotrimeric G-protein complex. The GTP-bound activated alpha-G-protein then dissociates from the beta- and gamma-subunits to further transmit the signal within the cell. The pathway begins with receptor-ligand interaction and ends with regulation of a downstream cellular process, e.g. transcription.","valueHier":[],"labelHier":[],"outOfSchema":true},{"propURI":"http://www.bioassayontology.org/bao#BAX_0000004","propAbbrev":"bao:BAX_0000004","valueURI":"http://purl.obolibrary.org/obo/GO_0034765","valueLabel":"regulation of ion transmembrane transport","valueAbbrev":"obo:GO_0034765","valueDescr":"Any process that modulates the frequency, rate or extent of the directed movement of ions from one side of a membrane to the other.","valueHier":[],"labelHier":[],"outOfSchema":true},{"propURI":"http://www.bioassayontology.org/bao#BAX_0000004","propAbbrev":"bao:BAX_0000004","valueURI":"http://purl.obolibrary.org/obo/GO_1904065","valueLabel":"G-protein coupled acetylcholine receptor signaling pathway involved in positive regulation of acetylcholine secretion, neurotransmission","valueAbbrev":"obo:GO_1904065","valueDescr":"Any G-protein coupled acetylcholine receptor signaling pathway that is involved in positive regulation of acetylcholine secretion, neurotransmission.","valueHier":[],"labelHier":[],"outOfSchema":true}],"labelsAdded":[{"propURI":"http://www.bioassayontology.org/bao#BAO_0002009","valueLabel":"regulation of ion transmembrane transport","propAbbrev":"bao:BAO_0002009","propLabel":"biological process"},{"propURI":"http://www.bioassayontology.org/bao#BAO_0002009","valueLabel":"G-protein coupled acetylcholine receptor signaling pathway involved in positive regulation of acetylcholine secretion, neurotransmission","propAbbrev":"bao:BAO_0002009","propLabel":"biological process"},{"propURI":"http://www.bioassayontology.org/bao#BAO_0002009","valueLabel":"G-protein coupled acetylcholine receptor signaling pathway","propAbbrev":"bao:BAO_0002009","propLabel":"biological process"}],"labelsRemoved":[{"propURI":"http://www.bioassayontology.org/bao#BAX_0000004","valueLabel":"G-protein coupled acetylcholine receptor signaling pathway","propAbbrev":"bao:BAX_0000004"},{"propURI":"http://www.bioassayontology.org/bao#BAX_0000004","valueLabel":"regulation of ion transmembrane transport","propAbbrev":"bao:BAX_0000004"},{"propURI":"http://www.bioassayontology.org/bao#BAX_0000004","valueLabel":"G-protein coupled acetylcholine receptor signaling pathway involved in positive regulation of acetylcholine secretion, neurotransmission","propAbbrev":"bao:BAX_0000004"}]},{"curationTime":1492468131202,"curatorID":"admin","annotsAdded":[{"propURI":"http://www.bioassayontology.org/bao#BAO_0002848","propLabel":"applies to disease","propAbbrev":"bao:BAO_0002848","valueURI":"http://purl.obolibrary.org/obo/DOID_331","valueLabel":"central nervous system disease","valueAbbrev":"obo:DOID_331","valueDescr":"\nA nervous system disease that affects either the spinal cord (myelopathy) or brain (encephalopathy) of the central nervous system.\n","valueHier":["http://purl.obolibrary.org/obo/DOID_863","http://purl.obolibrary.org/obo/DOID_7","http://purl.obolibrary.org/obo/DOID_4"],"labelHier":["nervous system disease","disease of anatomical entity","Disease"]}],"annotsRemoved":[{"propURI":"http://www.bioassayontology.org/bao#BAX_0000010","propAbbrev":"bao:BAX_0000010","valueURI":"http://purl.obolibrary.org/obo/DOID_331","valueLabel":"central nervous system disease","valueAbbrev":"obo:DOID_331","valueDescr":"\nA nervous system disease that affects either the spinal cord (myelopathy) or brain (encephalopathy) of the central nervous system.\n","valueHier":[],"labelHier":[],"outOfSchema":true}],"labelsAdded":[{"propURI":"http://www.bioassayontology.org/bao#BAO_0002848","valueLabel":"central nervous system disease","propAbbrev":"bao:BAO_0002848","propLabel":"applies to disease"}],"labelsRemoved":[{"propURI":"http://www.bioassayontology.org/bao#BAX_0000010","valueLabel":"central nervous system disease","propAbbrev":"bao:BAX_0000010"}]},{"curationTime":1492468131202,"curatorID":"admin","annotsAdded":[{"propURI":"http://www.bioassayontology.org/bao#BAO_0000208","propLabel":"result","propAbbrev":"bao:BAO_0000208","valueURI":"http://www.bioassayontology.org/bao#BAO_0000190","valueLabel":"IC50","valueAbbrev":"bao:BAO_0000190","valueDescr":"The effective concentration of an inhibitor, which produces 50% of the maximum possible response for that inhibitor.","valueHier":["http://www.bioassayontology.org/bao#BAO_0002162","http://www.bioassayontology.org/bao#BAO_0000180","http://www.bioassayontology.org/bao#BAO_0000179"],"labelHier":["concentration response endpoint","concentration endpoint","endpoint"]}],"annotsRemoved":[{"propURI":"http://www.bioassayontology.org/bao#BAX_0000006","propAbbrev":"bao:BAX_0000006","valueURI":"http://www.bioassayontology.org/bao#BAO_0000190","valueLabel":"IC50","valueAbbrev":"bao:BAO_0000190","valueDescr":"The effective concentration of an inhibitor, which produces 50% of the maximum possible response for that inhibitor.","valueHier":[],"labelHier":[],"outOfSchema":true}],"labelsAdded":[{"propURI":"http://www.bioassayontology.org/bao#BAO_0000208","valueLabel":"IC50","propAbbrev":"bao:BAO_0000208","propLabel":"result"}],"labelsRemoved":[{"propURI":"http://www.bioassayontology.org/bao#BAX_0000006","valueLabel":"IC50","propAbbrev":"bao:BAX_0000006"}]},{"curationTime":1492468131202,"curatorID":"admin","annotsAdded":[{"propURI":"http://www.bioassayontology.org/bao#BAO_0002874","propLabel":"units","propAbbrev":"bao:BAO_0002874","valueURI":"http://purl.org/obo/owl/UO#UO_0000064","valueLabel":"micromolar","valueAbbrev":"uo:UO_0000064","valueDescr":"","valueHier":[],"labelHier":[],"outOfSchema":true}],"annotsRemoved":[{"propURI":"http://www.bioassayontology.org/bao#BAX_0000007","propAbbrev":"bao:BAX_0000007","valueURI":"http://purl.org/obo/owl/UO#UO_0000064","valueLabel":"micromolar","valueAbbrev":"uo:UO_0000064","valueDescr":"","valueHier":[],"labelHier":[],"outOfSchema":true}],"labelsAdded":[{"propURI":"http://www.bioassayontology.org/bao#BAO_0002874","valueLabel":"micromolar","propAbbrev":"bao:BAO_0002874","propLabel":"units"}],"labelsRemoved":[{"propURI":"http://www.bioassayontology.org/bao#BAX_0000007","valueLabel":"micromolar","propAbbrev":"bao:BAX_0000007"}]},{"curationTime":1492468131202,"curatorID":"admin","annotsAdded":[{"propURI":"http://www.bioassayontology.org/bao#BAO_0003107","propLabel":"GO terms","propAbbrev":"bao:BAO_0003107","valueURI":"http://purl.obolibrary.org/obo/GO_0004435","valueLabel":"phosphatidylinositol phospholipase C activity","valueAbbrev":"obo:GO_0004435","valueDescr":"Catalysis of the reaction: 1-phosphatidyl-1D-myo-inositol 4,5-bisphosphate + H(2)O = 1,2-diacylglycerol + 1D-myo-inositol 1,4,5-trisphosphate + H(+).","valueHier":["http://purl.obolibrary.org/obo/GO_0004629","http://purl.obolibrary.org/obo/GO_0008081","http://purl.obolibrary.org/obo/GO_0042578","http://purl.obolibrary.org/obo/GO_0016788","http://purl.obolibrary.org/obo/GO_0016787","http://purl.obolibrary.org/obo/GO_0003824","http://purl.obolibrary.org/obo/GO_0003674","http://www.bioassayontology.org/bao#BAO_0003117","http://www.bioassayontology.org/bao#BAO_0003114"],"labelHier":["phospholipase C activity","phosphoric diester hydrolase activity","phosphoric ester hydrolase activity","hydrolase activity, acting on ester bonds","hydrolase activity","catalytic activity","molecular function","function","assay biology component"]},{"propURI":"http://www.bioassayontology.org/bao#BAO_0003107","propLabel":"GO terms","propAbbrev":"bao:BAO_0003107","valueURI":"http://purl.obolibrary.org/obo/GO_0005887","valueLabel":"integral component of plasma membrane","valueAbbrev":"obo:GO_0005887","valueDescr":"The component of the plasma membrane consisting of the gene products and protein complexes having at least some part of their peptide sequence embedded in the hydrophobic region of the membrane.","valueHier":["http://purl.obolibrary.org/obo/GO_0016021","http://purl.obolibrary.org/obo/GO_0031224","http://purl.obolibrary.org/obo/GO_0044425","http://purl.obolibrary.org/obo/GO_0005575","http://www.bioassayontology.org/bao#BAO_0003114"],"labelHier":["integral component of membrane","intrinsic component of membrane","membrane part","cellular component","assay biology component"]},{"propURI":"http://www.bioassayontology.org/bao#BAO_0003107","propLabel":"GO terms","propAbbrev":"bao:BAO_0003107","valueURI":"http://purl.obolibrary.org/obo/GO_0007207","valueLabel":"phospholipase C-activating G-protein coupled acetylcholine receptor signaling pathway","valueAbbrev":"obo:GO_0007207","valueDescr":"The series of molecular signals generated as a consequence of a G-protein coupled acetylcholine receptor binding to its physiological ligand, where the pathway proceeds with activation of phospholipase C (PLC) and a subsequent release of inositol trisphosphate (IP3) and diacylglycerol (DAG).","valueHier":["http://purl.obolibrary.org/obo/GO_0007200","http://purl.obolibrary.org/obo/GO_0007186","http://purl.obolibrary.org/obo/GO_0008150","http://www.bioassayontology.org/bao#BAO_0003114"],"labelHier":["phospholipase C-activating G-protein coupled receptor signaling pathway","G-protein coupled receptor signaling pathway","biological process","assay biology component"]},{"propURI":"http://www.bioassayontology.org/bao#BAO_0003107","propLabel":"GO terms","propAbbrev":"bao:BAO_0003107","valueURI":"http://purl.obolibrary.org/obo/GO_0005886","valueLabel":"plasma membrane","valueAbbrev":"obo:GO_0005886","valueDescr":"The membrane surrounding a cell that separates the cell from its external environment. It consists of a phospholipid bilayer and associated proteins.","valueHier":["http://purl.obolibrary.org/obo/GO_0044464","http://purl.obolibrary.org/obo/GO_0005575","http://www.bioassayontology.org/bao#BAO_0003114"],"labelHier":["cell part","cellular component","assay biology component"]},{"propURI":"http://www.bioassayontology.org/bao#BAO_0003107","propLabel":"GO terms","propAbbrev":"bao:BAO_0003107","valueURI":"http://purl.obolibrary.org/obo/GO_0045202","valueLabel":"synapse","valueAbbrev":"obo:GO_0045202","valueDescr":"The junction between a nerve fiber of one neuron and another neuron or muscle fiber or glial cell; the site of interneuronal communication. As the nerve fiber approaches the synapse it enlarges into a specialized structure, the presynaptic nerve ending, which contains mitochondria and synaptic vesicles. At the tip of the nerve ending is the presynaptic membrane; facing it, and separated from it by a minute cleft (the synaptic cleft) is a specialized area of membrane on the receiving cell, known as the postsynaptic membrane. In response to the arrival of nerve impulses, the presynaptic nerve ending secretes molecules of neurotransmitters into the synaptic cleft. These diffuse across the cleft and transmit the signal to the postsynaptic membrane.","valueHier":["http://purl.obolibrary.org/obo/GO_0005575","http://www.bioassayontology.org/bao#BAO_0003114"],"labelHier":["cellular component","assay biology component"]},{"propURI":"http://www.bioassayontology.org/bao#BAO_0003107","propLabel":"GO terms","propAbbrev":"bao:BAO_0003107","valueURI":"http://purl.obolibrary.org/obo/GO_0007197","valueLabel":"adenylate cyclase-inhibiting G-protein coupled acetylcholine receptor signaling pathway","valueAbbrev":"obo:GO_0007197","valueDescr":"The series of molecular signals generated as a consequence of a G-protein coupled acetylcholine receptor binding to its physiological ligand, where the pathway proceeds with inhibition of adenylyl cyclase and a subsequent decrease in the concentration of cyclic AMP (cAMP).","valueHier":["http://purl.obolibrary.org/obo/GO_0007193","http://purl.obolibrary.org/obo/GO_0007188","http://purl.obolibrary.org/obo/GO_0007187","http://purl.obolibrary.org/obo/GO_0007186","http://purl.obolibrary.org/obo/GO_0008150","http://www.bioassayontology.org/bao#BAO_0003114"],"labelHier":["adenylate cyclase-inhibiting G-protein coupled receptor signaling pathway","adenylate cyclase-modulating G-protein coupled receptor signaling pathway","G-protein coupled receptor signaling pathway, coupled to cyclic nucleotide second messenger","G-protein coupled receptor signaling pathway","biological process","assay biology component"]},{"propURI":"http://www.bioassayontology.org/bao#BAO_0003107","propLabel":"GO terms","propAbbrev":"bao:BAO_0003107","valueURI":"http://purl.obolibrary.org/obo/GO_0008283","valueLabel":"cell population proliferation","valueAbbrev":"obo:GO_0008283","valueDescr":"The multiplication or reproduction of cells, resulting in the expansion of a cell population.","valueHier":["http://purl.obolibrary.org/obo/GO_0044699","http://purl.obolibrary.org/obo/GO_0008150","http://www.bioassayontology.org/bao#BAO_0003114"],"labelHier":["single-organism process","biological process","assay biology component"]},{"propURI":"http://www.bioassayontology.org/bao#BAO_0003107","propLabel":"GO terms","propAbbrev":"bao:BAO_0003107","valueURI":"http://purl.obolibrary.org/obo/GO_0007271","valueLabel":"synaptic transmission, cholinergic","valueAbbrev":"obo:GO_0007271","valueDescr":"The process of communication from a neuron to a target (neuron, muscle, or secretory cell) across a synapse using the neurotransmitter acetylcholine.","valueHier":["http://purl.obolibrary.org/obo/GO_0007268","http://purl.obolibrary.org/obo/GO_0007267","http://purl.obolibrary.org/obo/GO_0044700","http://purl.obolibrary.org/obo/GO_0044699","http://purl.obolibrary.org/obo/GO_0008150","http://www.bioassayontology.org/bao#BAO_0003114"],"labelHier":["synaptic transmission","cell-cell signaling","single organism signaling","single-organism process","biological process","assay biology component"]},{"propURI":"http://www.bioassayontology.org/bao#BAO_0003107","propLabel":"GO terms","propAbbrev":"bao:BAO_0003107","valueURI":"http://purl.obolibrary.org/obo/GO_0019226","valueLabel":"transmission of nerve impulse","valueAbbrev":"obo:GO_0019226","valueDescr":"The neurological system process in which a signal is transmitted through the nervous system by a combination of action potential propagation and synaptic transmission.","valueHier":["http://purl.obolibrary.org/obo/GO_0035637","http://purl.obolibrary.org/obo/GO_0044700","http://purl.obolibrary.org/obo/GO_0044699","http://purl.obolibrary.org/obo/GO_0008150","http://www.bioassayontology.org/bao#BAO_0003114"],"labelHier":["multicellular organismal signaling","single organism signaling","single-organism process","biological process","assay biology component"]},{"propURI":"http://www.bioassayontology.org/bao#BAO_0003107","propLabel":"GO terms","propAbbrev":"bao:BAO_0003107","valueURI":"http://purl.obolibrary.org/obo/GO_0001696","valueLabel":"gastric acid secretion","valueAbbrev":"obo:GO_0001696","valueDescr":"The regulated release of gastric acid (hydrochloric acid) by parietal or oxyntic cells during digestion.","valueHier":["http://purl.obolibrary.org/obo/GO_0046717","http://purl.obolibrary.org/obo/GO_0046903","http://purl.obolibrary.org/obo/GO_0044765","http://purl.obolibrary.org/obo/GO_0006810","http://purl.obolibrary.org/obo/GO_0051234","http://purl.obolibrary.org/obo/GO_0051179","http://purl.obolibrary.org/obo/GO_0008150","http://www.bioassayontology.org/bao#BAO_0003114"],"labelHier":["acid secretion","secretion","single-organism transport","transport","establishment of localization","localization","biological process","assay biology component"]},{"propURI":"http://www.bioassayontology.org/bao#BAO_0003107","propLabel":"GO terms","propAbbrev":"bao:BAO_0003107","valueURI":"http://purl.obolibrary.org/obo/GO_0045211","valueLabel":"postsynaptic membrane","valueAbbrev":"obo:GO_0045211","valueDescr":"A specialized area of membrane facing the presynaptic membrane on the tip of the nerve ending and separated from it by a minute cleft (the synaptic cleft). Neurotransmitters cross the synaptic cleft and transmit the signal to the postsynaptic membrane.","valueHier":["http://purl.obolibrary.org/obo/GO_0097060","http://purl.obolibrary.org/obo/GO_0044456","http://purl.obolibrary.org/obo/GO_0005575","http://www.bioassayontology.org/bao#BAO_0003114"],"labelHier":["synaptic membrane","synapse part","cellular component","assay biology component"]},{"propURI":"http://www.bioassayontology.org/bao#BAO_0003107","propLabel":"GO terms","propAbbrev":"bao:BAO_0003107","valueURI":"http://purl.obolibrary.org/obo/GO_0016907","valueLabel":"G-protein coupled acetylcholine receptor activity","valueAbbrev":"obo:GO_0016907","valueDescr":"Combining with acetylcholine and transmitting the signal across the membrane by activating an associated G-protein; promotes the exchange of GDP for GTP on the alpha subunit of a heterotrimeric G-protein complex.","valueHier":["http://purl.obolibrary.org/obo/GO_0015464","http://purl.obolibrary.org/obo/GO_0030594","http://purl.obolibrary.org/obo/GO_0038023","http://purl.obolibrary.org/obo/GO_0004872","http://purl.obolibrary.org/obo/GO_0003674","http://www.bioassayontology.org/bao#BAO_0003117","http://www.bioassayontology.org/bao#BAO_0003114"],"labelHier":["acetylcholine receptor activity","neurotransmitter receptor activity","signaling receptor activity","receptor activity","molecular function","function","assay biology component"]},{"propURI":"http://www.bioassayontology.org/bao#BAO_0003107","propLabel":"GO terms","propAbbrev":"bao:BAO_0003107","valueURI":"http://purl.obolibrary.org/obo/GO_0060304","valueLabel":"regulation of phosphatidylinositol dephosphorylation","valueAbbrev":"obo:GO_0060304","valueDescr":"Any process that modulates the frequency, rate or extent of the chemical reaction involving the removal of one or more phosphate groups from a phosphatidylinositol.","valueHier":["http://purl.obolibrary.org/obo/GO_0035303","http://purl.obolibrary.org/obo/GO_0019220","http://purl.obolibrary.org/obo/GO_0051174","http://purl.obolibrary.org/obo/GO_0031323","http://purl.obolibrary.org/obo/GO_0019222","http://purl.obolibrary.org/obo/GO_0050789","http://purl.obolibrary.org/obo/GO_0065007","http://purl.obolibrary.org/obo/GO_0008150","http://www.bioassayontology.org/bao#BAO_0003114"],"labelHier":["regulation of dephosphorylation","regulation of phosphate metabolic process","regulation of phosphorus metabolic process","regulation of cellular metabolic process","regulation of metabolic process","regulation of biological process","biological regulation","biological process","assay biology component"]},{"propURI":"http://www.bioassayontology.org/bao#BAO_0003107","propLabel":"GO terms","propAbbrev":"bao:BAO_0003107","valueURI":"http://purl.obolibrary.org/obo/GO_0007213","valueLabel":"G-protein coupled acetylcholine receptor signaling pathway","valueAbbrev":"obo:GO_0007213","valueDescr":"Any series of molecular signals initiated by an acetylcholine receptor on the surface of the target cell binding to one of its physiological ligands, and proceeding with the activated receptor promoting the exchange of GDP for GTP on the alpha-subunit of an associated heterotrimeric G-protein complex. The GTP-bound activated alpha-G-protein then dissociates from the beta- and gamma-subunits to further transmit the signal within the cell. The pathway begins with receptor-ligand interaction and ends with regulation of a downstream cellular process, e.g. transcription.","valueHier":["http://purl.obolibrary.org/obo/GO_0007186","http://purl.obolibrary.org/obo/GO_0008150","http://www.bioassayontology.org/bao#BAO_0003114"],"labelHier":["G-protein coupled receptor signaling pathway","biological process","assay biology component"]},{"propURI":"http://www.bioassayontology.org/bao#BAO_0003107","propLabel":"GO terms","propAbbrev":"bao:BAO_0003107","valueURI":"http://purl.obolibrary.org/obo/GO_0030054","valueLabel":"cell junction","valueAbbrev":"obo:GO_0030054","valueDescr":"A cellular component that forms a specialized region of connection between two or more cells or between a cell and the extracellular matrix. At a cell junction, anchoring proteins extend through the plasma membrane to link cytoskeletal proteins in one cell to cytoskeletal proteins in neighboring cells or to proteins in the extracellular matrix.","valueHier":["http://purl.obolibrary.org/obo/GO_0005575","http://www.bioassayontology.org/bao#BAO_0003114"],"labelHier":["cellular component","assay biology component"]},{"propURI":"http://www.bioassayontology.org/bao#BAO_0003107","propLabel":"GO terms","propAbbrev":"bao:BAO_0003107","valueURI":"http://purl.obolibrary.org/obo/GO_0015872","valueLabel":"dopamine transport","valueAbbrev":"obo:GO_0015872","valueDescr":"The directed movement of dopamine into, out of or within a cell, or between cells, by means of some agent such as a transporter or pore. Dopamine is a catecholamine neurotransmitter and a metabolic precursor of noradrenaline and adrenaline.","valueHier":["http://purl.obolibrary.org/obo/GO_0015696","http://purl.obolibrary.org/obo/GO_0015672","http://purl.obolibrary.org/obo/GO_0006812","http://purl.obolibrary.org/obo/GO_0006811","http://purl.obolibrary.org/obo/GO_0044765","http://purl.obolibrary.org/obo/GO_0006810","http://purl.obolibrary.org/obo/GO_0051234","http://purl.obolibrary.org/obo/GO_0051179","http://purl.obolibrary.org/obo/GO_0008150","http://www.bioassayontology.org/bao#BAO_0003114"],"labelHier":["ammonium transport","monovalent inorganic cation transport","cation transport","ion transport","single-organism transport","transport","establishment of localization","localization","biological process","assay biology component"]}],"annotsRemoved":[{"propURI":"http://www.bioassayontology.org/bao#BAX_0000009","propAbbrev":"bao:BAX_0000009","valueURI":"http://purl.obolibrary.org/obo/GO_0001696","valueLabel":"gastric acid secretion","valueAbbrev":"obo:GO_0001696","valueDescr":"The regulated release of gastric acid (hydrochloric acid) by parietal or oxyntic cells during digestion.","valueHier":[],"labelHier":[],"outOfSchema":true},{"propURI":"http://www.bioassayontology.org/bao#BAX_0000009","propAbbrev":"bao:BAX_0000009","valueURI":"http://purl.obolibrary.org/obo/GO_0060304","valueLabel":"regulation of phosphatidylinositol dephosphorylation","valueAbbrev":"obo:GO_0060304","valueDescr":"Any process that modulates the frequency, rate or extent of the chemical reaction involving the removal of one or more phosphate groups from a phosphatidylinositol.","valueHier":[],"labelHier":[],"outOfSchema":true},{"propURI":"http://www.bioassayontology.org/bao#BAX_0000009","propAbbrev":"bao:BAX_0000009","valueURI":"http://purl.obolibrary.org/obo/GO_0007213","valueLabel":"G-protein coupled acetylcholine receptor signaling pathway","valueAbbrev":"obo:GO_0007213","valueDescr":"Any series of molecular signals initiated by an acetylcholine receptor on the surface of the target cell binding to one of its physiological ligands, and proceeding with the activated receptor promoting the exchange of GDP for GTP on the alpha-subunit of an associated heterotrimeric G-protein complex. The GTP-bound activated alpha-G-protein then dissociates from the beta- and gamma-subunits to further transmit the signal within the cell. The pathway begins with receptor-ligand interaction and ends with regulation of a downstream cellular process, e.g. transcription.","valueHier":[],"labelHier":[],"outOfSchema":true},{"propURI":"http://www.bioassayontology.org/bao#BAX_0000009","propAbbrev":"bao:BAX_0000009","valueURI":"http://purl.obolibrary.org/obo/GO_0007197","valueLabel":"adenylate cyclase-inhibiting G-protein coupled acetylcholine receptor signaling pathway","valueAbbrev":"obo:GO_0007197","valueDescr":"The series of molecular signals generated as a consequence of a G-protein coupled acetylcholine receptor binding to its physiological ligand, where the pathway proceeds with inhibition of adenylyl cyclase and a subsequent decrease in the concentration of cyclic AMP (cAMP).","valueHier":[],"labelHier":[],"outOfSchema":true},{"propURI":"http://www.bioassayontology.org/bao#BAX_0000009","propAbbrev":"bao:BAX_0000009","valueURI":"http://purl.obolibrary.org/obo/GO_0016907","valueLabel":"G-protein coupled acetylcholine receptor activity","valueAbbrev":"obo:GO_0016907","valueDescr":"Combining with acetylcholine and transmitting the signal across the membrane by activating an associated G-protein; promotes the exchange of GDP for GTP on the alpha subunit of a heterotrimeric G-protein complex.","valueHier":[],"labelHier":[],"outOfSchema":true},{"propURI":"http://www.bioassayontology.org/bao#BAX_0000009","propAbbrev":"bao:BAX_0000009","valueURI":"http://purl.obolibrary.org/obo/GO_0045211","valueLabel":"postsynaptic membrane","valueAbbrev":"obo:GO_0045211","valueDescr":"A specialized area of membrane facing the presynaptic membrane on the tip of the nerve ending and separated from it by a minute cleft (the synaptic cleft). Neurotransmitters cross the synaptic cleft and transmit the signal to the postsynaptic membrane.","valueHier":[],"labelHier":[],"outOfSchema":true},{"propURI":"http://www.bioassayontology.org/bao#BAX_0000009","propAbbrev":"bao:BAX_0000009","valueURI":"http://purl.obolibrary.org/obo/GO_0007271","valueLabel":"synaptic transmission, cholinergic","valueAbbrev":"obo:GO_0007271","valueDescr":"The process of communication from a neuron to a target (neuron, muscle, or secretory cell) across a synapse using the neurotransmitter acetylcholine.","valueHier":[],"labelHier":[],"outOfSchema":true},{"propURI":"http://www.bioassayontology.org/bao#BAX_0000009","propAbbrev":"bao:BAX_0000009","valueURI":"http://purl.obolibrary.org/obo/GO_0008283","valueLabel":"cell population proliferation","valueAbbrev":"obo:GO_0008283","valueDescr":"The multiplication or reproduction of cells, resulting in the expansion of a cell population.","valueHier":[],"labelHier":[],"outOfSchema":true},{"propURI":"http://www.bioassayontology.org/bao#BAX_0000009","propAbbrev":"bao:BAX_0000009","valueURI":"http://purl.obolibrary.org/obo/GO_0019226","valueLabel":"transmission of nerve impulse","valueAbbrev":"obo:GO_0019226","valueDescr":"The neurological system process in which a signal is transmitted through the nervous system by a combination of action potential propagation and synaptic transmission.","valueHier":[],"labelHier":[],"outOfSchema":true},{"propURI":"http://www.bioassayontology.org/bao#BAX_0000009","propAbbrev":"bao:BAX_0000009","valueURI":"http://purl.obolibrary.org/obo/GO_0004435","valueLabel":"phosphatidylinositol phospholipase C activity","valueAbbrev":"obo:GO_0004435","valueDescr":"Catalysis of the reaction: 1-phosphatidyl-1D-myo-inositol 4,5-bisphosphate + H(2)O = 1,2-diacylglycerol + 1D-myo-inositol 1,4,5-trisphosphate + H(+).","valueHier":[],"labelHier":[],"outOfSchema":true},{"propURI":"http://www.bioassayontology.org/bao#BAX_0000009","propAbbrev":"bao:BAX_0000009","valueURI":"http://purl.obolibrary.org/obo/GO_0005886","valueLabel":"plasma membrane","valueAbbrev":"obo:GO_0005886","valueDescr":"The membrane surrounding a cell that separates the cell from its external environment. It consists of a phospholipid bilayer and associated proteins.","valueHier":[],"labelHier":[],"outOfSchema":true},{"propURI":"http://www.bioassayontology.org/bao#BAX_0000009","propAbbrev":"bao:BAX_0000009","valueURI":"http://purl.obolibrary.org/obo/GO_0005887","valueLabel":"integral component of plasma membrane","valueAbbrev":"obo:GO_0005887","valueDescr":"The component of the plasma membrane consisting of the gene products and protein complexes having at least some part of their peptide sequence embedded in the hydrophobic region of the membrane.","valueHier":[],"labelHier":[],"outOfSchema":true},{"propURI":"http://www.bioassayontology.org/bao#BAX_0000009","propAbbrev":"bao:BAX_0000009","valueURI":"http://purl.obolibrary.org/obo/GO_0007207","valueLabel":"phospholipase C-activating G-protein coupled acetylcholine receptor signaling pathway","valueAbbrev":"obo:GO_0007207","valueDescr":"The series of molecular signals generated as a consequence of a G-protein coupled acetylcholine receptor binding to its physiological ligand, where the pathway proceeds with activation of phospholipase C (PLC) and a subsequent release of inositol trisphosphate (IP3) and diacylglycerol (DAG).","valueHier":[],"labelHier":[],"outOfSchema":true},{"propURI":"http://www.bioassayontology.org/bao#BAX_0000009","propAbbrev":"bao:BAX_0000009","valueURI":"http://purl.obolibrary.org/obo/GO_0045202","valueLabel":"synapse","valueAbbrev":"obo:GO_0045202","valueDescr":"The junction between a nerve fiber of one neuron and another neuron or muscle fiber or glial cell; the site of interneuronal communication. As the nerve fiber approaches the synapse it enlarges into a specialized structure, the presynaptic nerve ending, which contains mitochondria and synaptic vesicles. At the tip of the nerve ending is the presynaptic membrane; facing it, and separated from it by a minute cleft (the synaptic cleft) is a specialized area of membrane on the receiving cell, known as the postsynaptic membrane. In response to the arrival of nerve impulses, the presynaptic nerve ending secretes molecules of neurotransmitters into the synaptic cleft. These diffuse across the cleft and transmit the signal to the postsynaptic membrane.","valueHier":[],"labelHier":[],"outOfSchema":true},{"propURI":"http://www.bioassayontology.org/bao#BAX_0000009","propAbbrev":"bao:BAX_0000009","valueURI":"http://purl.obolibrary.org/obo/GO_0015872","valueLabel":"dopamine transport","valueAbbrev":"obo:GO_0015872","valueDescr":"The directed movement of dopamine into, out of or within a cell, or between cells, by means of some agent such as a transporter or pore. Dopamine is a catecholamine neurotransmitter and a metabolic precursor of noradrenaline and adrenaline.","valueHier":[],"labelHier":[],"outOfSchema":true},{"propURI":"http://www.bioassayontology.org/bao#BAX_0000009","propAbbrev":"bao:BAX_0000009","valueURI":"http://purl.obolibrary.org/obo/GO_0030054","valueLabel":"cell junction","valueAbbrev":"obo:GO_0030054","valueDescr":"A cellular component that forms a specialized region of connection between two or more cells or between a cell and the extracellular matrix. At a cell junction, anchoring proteins extend through the plasma membrane to link cytoskeletal proteins in one cell to cytoskeletal proteins in neighboring cells or to proteins in the extracellular matrix.","valueHier":[],"labelHier":[],"outOfSchema":true}],"labelsAdded":[{"propURI":"http://www.bioassayontology.org/bao#BAO_0003107","valueLabel":"phosphatidylinositol phospholipase C activity","propAbbrev":"bao:BAO_0003107","propLabel":"GO terms"},{"propURI":"http://www.bioassayontology.org/bao#BAO_0003107","valueLabel":"integral component of plasma membrane","propAbbrev":"bao:BAO_0003107","propLabel":"GO terms"},{"propURI":"http://www.bioassayontology.org/bao#BAO_0003107","valueLabel":"phospholipase C-activating G-protein coupled acetylcholine receptor signaling pathway","propAbbrev":"bao:BAO_0003107","propLabel":"GO terms"},{"propURI":"http://www.bioassayontology.org/bao#BAO_0003107","valueLabel":"plasma membrane","propAbbrev":"bao:BAO_0003107","propLabel":"GO terms"},{"propURI":"http://www.bioassayontology.org/bao#BAO_0003107","valueLabel":"synapse","propAbbrev":"bao:BAO_0003107","propLabel":"GO terms"},{"propURI":"http://www.bioassayontology.org/bao#BAO_0003107","valueLabel":"adenylate cyclase-inhibiting G-protein coupled acetylcholine receptor signaling pathway","propAbbrev":"bao:BAO_0003107","propLabel":"GO terms"},{"propURI":"http://www.bioassayontology.org/bao#BAO_0003107","valueLabel":"cell proliferation","propAbbrev":"bao:BAO_0003107","propLabel":"GO terms"},{"propURI":"http://www.bioassayontology.org/bao#BAO_0003107","valueLabel":"synaptic transmission, cholinergic","propAbbrev":"bao:BAO_0003107","propLabel":"GO terms"},{"propURI":"http://www.bioassayontology.org/bao#BAO_0003107","valueLabel":"transmission of nerve impulse","propAbbrev":"bao:BAO_0003107","propLabel":"GO terms"},{"propURI":"http://www.bioassayontology.org/bao#BAO_0003107","valueLabel":"gastric acid secretion","propAbbrev":"bao:BAO_0003107","propLabel":"GO terms"},{"propURI":"http://www.bioassayontology.org/bao#BAO_0003107","valueLabel":"postsynaptic membrane","propAbbrev":"bao:BAO_0003107","propLabel":"GO terms"},{"propURI":"http://www.bioassayontology.org/bao#BAO_0003107","valueLabel":"G-protein coupled acetylcholine receptor activity","propAbbrev":"bao:BAO_0003107","propLabel":"GO terms"},{"propURI":"http://www.bioassayontology.org/bao#BAO_0003107","valueLabel":"regulation of phosphatidylinositol dephosphorylation","propAbbrev":"bao:BAO_0003107","propLabel":"GO terms"},{"propURI":"http://www.bioassayontology.org/bao#BAO_0003107","valueLabel":"G-protein coupled acetylcholine receptor signaling pathway","propAbbrev":"bao:BAO_0003107","propLabel":"GO terms"},{"propURI":"http://www.bioassayontology.org/bao#BAO_0003107","valueLabel":"cell junction","propAbbrev":"bao:BAO_0003107","propLabel":"GO terms"},{"propURI":"http://www.bioassayontology.org/bao#BAO_0003107","valueLabel":"dopamine transport","propAbbrev":"bao:BAO_0003107","propLabel":"GO terms"}],"labelsRemoved":[{"propURI":"http://www.bioassayontology.org/bao#BAX_0000009","valueLabel":"gastric acid secretion","propAbbrev":"bao:BAX_0000009"},{"propURI":"http://www.bioassayontology.org/bao#BAX_0000009","valueLabel":"regulation of phosphatidylinositol dephosphorylation","propAbbrev":"bao:BAX_0000009"},{"propURI":"http://www.bioassayontology.org/bao#BAX_0000009","valueLabel":"G-protein coupled acetylcholine receptor signaling pathway","propAbbrev":"bao:BAX_0000009"},{"propURI":"http://www.bioassayontology.org/bao#BAX_0000009","valueLabel":"adenylate cyclase-inhibiting G-protein coupled acetylcholine receptor signaling pathway","propAbbrev":"bao:BAX_0000009"},{"propURI":"http://www.bioassayontology.org/bao#BAX_0000009","valueLabel":"G-protein coupled acetylcholine receptor activity","propAbbrev":"bao:BAX_0000009"},{"propURI":"http://www.bioassayontology.org/bao#BAX_0000009","valueLabel":"postsynaptic membrane","propAbbrev":"bao:BAX_0000009"},{"propURI":"http://www.bioassayontology.org/bao#BAX_0000009","valueLabel":"synaptic transmission, cholinergic","propAbbrev":"bao:BAX_0000009"},{"propURI":"http://www.bioassayontology.org/bao#BAX_0000009","valueLabel":"cell proliferation","propAbbrev":"bao:BAX_0000009"},{"propURI":"http://www.bioassayontology.org/bao#BAX_0000009","valueLabel":"transmission of nerve impulse","propAbbrev":"bao:BAX_0000009"},{"propURI":"http://www.bioassayontology.org/bao#BAX_0000009","valueLabel":"phosphatidylinositol phospholipase C activity","propAbbrev":"bao:BAX_0000009"},{"propURI":"http://www.bioassayontology.org/bao#BAX_0000009","valueLabel":"plasma membrane","propAbbrev":"bao:BAX_0000009"},{"propURI":"http://www.bioassayontology.org/bao#BAX_0000009","valueLabel":"integral component of plasma membrane","propAbbrev":"bao:BAX_0000009"},{"propURI":"http://www.bioassayontology.org/bao#BAX_0000009","valueLabel":"phospholipase C-activating G-protein coupled acetylcholine receptor signaling pathway","propAbbrev":"bao:BAX_0000009"},{"propURI":"http://www.bioassayontology.org/bao#BAX_0000009","valueLabel":"synapse","propAbbrev":"bao:BAX_0000009"},{"propURI":"http://www.bioassayontology.org/bao#BAX_0000009","valueLabel":"dopamine transport","propAbbrev":"bao:BAX_0000009"},{"propURI":"http://www.bioassayontology.org/bao#BAX_0000009","valueLabel":"cell junction","propAbbrev":"bao:BAX_0000009"}]},{"curationTime":1492468131202,"curatorID":"admin","annotsAdded":[{"propURI":"http://www.bioassayontology.org/bao#BAO_0095009","propLabel":"assay design method","propAbbrev":"bao:BAO_0095009","valueURI":"http://www.bioassayontology.org/bao#BAO_0000425","valueLabel":"dye binding method","valueAbbrev":"bao:BAO_0000425","valueDescr":"Most often, the mitochondrial membrane potential which is called delta-psi is quantitated by staining with specific dyes whose binding is dependent on the potential.","valueHier":["http://www.bioassayontology.org/bao#BAO_0000377","http://www.bioassayontology.org/bao#BAO_0002202"],"labelHier":["membrane potential measurement method","assay design method"]},{"propURI":"http://www.bioassayontology.org/bao#BAO_0095009","propLabel":"assay design method","propAbbrev":"bao:BAO_0095009","valueURI":"http://www.bioassayontology.org/bao#BAO_0000167","valueLabel":"membrane permeability assessment","valueAbbrev":"bao:BAO_0000167","valueDescr":"Live cells with intact membranes have the ability to exclude dyes that easily penetrate dead or damaged cells. Examples of the dyes include propidium iodide, 7-amino actinomycin D, and trypan blue. Cells stained with the former two can be quantified by flow cytometry, while the latter is by manual counting using hemocytometer.   ","valueHier":["http://www.bioassayontology.org/bao#BAO_0000127","http://www.bioassayontology.org/bao#BAO_0002202"],"labelHier":["viability measurement method","assay design method"]}],"annotsRemoved":[{"propURI":"http://www.bioassayontology.org/bao#BAX_0000003","propAbbrev":"bao:BAX_0000003","valueURI":"http://www.bioassayontology.org/bao#BAO_0000425","valueLabel":"dye binding method","valueAbbrev":"bao:BAO_0000425","valueDescr":"Most often, the mitochondrial membrane potential which is called delta-psi is quantitated by staining with specific dyes whose binding is dependent on the potential.","valueHier":[],"labelHier":[],"outOfSchema":true},{"propURI":"http://www.bioassayontology.org/bao#BAX_0000003","propAbbrev":"bao:BAX_0000003","valueURI":"http://www.bioassayontology.org/bao#BAO_0000167","valueLabel":"membrane permeability assessment","valueAbbrev":"bao:BAO_0000167","valueDescr":"Live cells with intact membranes have the ability to exclude dyes that easily penetrate dead or damaged cells. Examples of the dyes include propidium iodide, 7-amino actinomycin D, and trypan blue. Cells stained with the former two can be quantified by flow cytometry, while the latter is by manual counting using hemocytometer.   ","valueHier":[],"labelHier":[],"outOfSchema":true}],"labelsAdded":[{"propURI":"http://www.bioassayontology.org/bao#BAO_0095009","valueLabel":"dye binding method","propAbbrev":"bao:BAO_0095009","propLabel":"assay design method"},{"propURI":"http://www.bioassayontology.org/bao#BAO_0095009","valueLabel":"membrane permeability assessment","propAbbrev":"bao:BAO_0095009","propLabel":"assay design method"}],"labelsRemoved":[{"propURI":"http://www.bioassayontology.org/bao#BAX_0000003","valueLabel":"dye binding method","propAbbrev":"bao:BAX_0000003"},{"propURI":"http://www.bioassayontology.org/bao#BAX_0000003","valueLabel":"membrane permeability assessment","propAbbrev":"bao:BAX_0000003"}]},{"curationTime":1492468131202,"curatorID":"admin","annotsAdded":[{"propURI":"http://www.bioassayontology.org/bao#BAO_0000211","propLabel":"target","propAbbrev":"bao:BAO_0000211","valueURI":"http://www.drugtargetontology.org/dto/DTO_02100025","valueLabel":"Muscarinic acetylcholine receptor M5","valueAbbrev":"dto:DTO_02100025","valueDescr":"","valueHier":["http://www.drugtargetontology.org/dto/DTO_02300020","http://www.drugtargetontology.org/dto/DTO_02300002","http://www.drugtargetontology.org/dto/DTO_02300001","http://www.drugtargetontology.org/dto/DTO_00100000"],"labelHier":["Acetylcholine receptor (muscarinic)","Class A rhodopsin like","GPCR","Protein"]}],"annotsRemoved":[{"propURI":"http://www.bioassayontology.org/bao#BAX_0000005","propAbbrev":"bao:BAX_0000005","valueURI":"http://www.drugtargetontology.org/dto/DTO_02100025","valueLabel":"Muscarinic acetylcholine receptor M5","valueAbbrev":"dto:DTO_02100025","valueDescr":"","valueHier":[],"labelHier":[],"outOfSchema":true}],"labelsAdded":[{"propURI":"http://www.bioassayontology.org/bao#BAO_0000211","valueLabel":"Muscarinic acetylcholine receptor M5","propAbbrev":"bao:BAO_0000211","propLabel":"target"}],"labelsRemoved":[{"propURI":"http://www.bioassayontology.org/bao#BAX_0000005","valueLabel":"Muscarinic acetylcholine receptor M5","propAbbrev":"bao:BAX_0000005"}]},{"curationTime":1492468131202,"curatorID":"admin","annotsAdded":[{"propURI":"http://www.bioassayontology.org/bao#BAO_0002855","propLabel":"bioassay","propAbbrev":"bao:BAO_0002855","valueURI":"http://www.bioassayontology.org/bao#BAO_0002989","valueLabel":"binding assay","valueAbbrev":"bao:BAO_0002989","valueDescr":"It is performed to quantify the interactions between two molecules, e.g. small molecule-protein, protein-protein, protein-DNA, etc.","valueHier":["http://www.bioassayontology.org/bao#BAO_0000015"],"labelHier":["bioassay"]}],"annotsRemoved":[{"propURI":"http://www.bioassayontology.org/bao#BAX_0000002","propLabel":"has bioassay type","propAbbrev":"bao:BAX_0000002","valueURI":"http://www.bioassayontology.org/bao#BAO_0002989","valueLabel":"binding assay","valueAbbrev":"bao:BAO_0002989","valueDescr":"It is performed to quantify the interactions between two molecules, e.g. small molecule-protein, protein-protein, protein-DNA, etc.","valueHier":[],"labelHier":[],"outOfSchema":true}],"labelsAdded":[{"propURI":"http://www.bioassayontology.org/bao#BAO_0002855","valueLabel":"binding assay","propAbbrev":"bao:BAO_0002855","propLabel":"bioassay"}],"labelsRemoved":[{"propURI":"http://www.bioassayontology.org/bao#BAX_0000002","valueLabel":"binding assay","propAbbrev":"bao:BAX_0000002","propLabel":"has bioassay type"}]},{"curationTime":1492468131202,"curatorID":"admin","annotsAdded":[{"propURI":"http://www.bioassayontology.org/bao#BAO_0002874","propLabel":"units","propAbbrev":"bao:BAO_0002874","valueURI":"http://purl.obolibrary.org/obo/UO_0000064","valueLabel":"micromolar","valueAbbrev":"obo:UO_0000064","valueDescr":"A unit of molarity which is equal to one millionth of a molar or 10^[-6] M.","valueHier":["http://purl.obolibrary.org/obo/UO_0000061","http://purl.obolibrary.org/obo/UO_0000051","http://purl.obolibrary.org/obo/UO_0000000"],"labelHier":["unit of molarity","concentration unit","unit"]}],"annotsRemoved":[{"propURI":"http://www.bioassayontology.org/bao#BAO_0002874","propLabel":"units","propAbbrev":"bao:BAO_0002874","valueURI":"http://purl.org/obo/owl/UO#UO_0000064","valueLabel":"micromolar","valueAbbrev":"uo:UO_0000064","valueDescr":"","valueHier":[],"labelHier":[],"outOfSchema":true}],"labelsAdded":[{"propURI":"http://www.bioassayontology.org/bao#BAO_0002874","valueLabel":"micromolar","propAbbrev":"bao:BAO_0002874","propLabel":"units"}],"labelsRemoved":[{"propURI":"http://www.bioassayontology.org/bao#BAO_0002874","valueLabel":"micromolar","propAbbrev":"bao:BAO_0002874","propLabel":"units"}]},{"curationTime":1496178538450,"curatorID":"google:108375455890260223170","curatorName":"","curatorEmail":"aclark.xyz@gmail.com","annotsAdded":[{"propURI":"http://www.bioassayontology.org/bao#BAO_0002874","propLabel":"units","propAbbrev":"bao:BAO_0002874","valueURI":"http://purl.obolibrary.org/obo/UO_0000064","valueLabel":"micromolar","valueAbbrev":"obo:UO_0000064","valueDescr":"A unit of molarity which is equal to one millionth of a molar or 10^[-6] M.","groupNest":["http://www.bioassayontology.org/bao#BAX_0000017"],"groupLabel":["measurement"],"valueHier":["http://purl.obolibrary.org/obo/UO_0000061","http://purl.obolibrary.org/obo/UO_0000051","http://purl.obolibrary.org/obo/UO_0000000"],"labelHier":["unit of molarity","concentration unit","unit"]}],"annotsRemoved":[{"propURI":"http://www.bioassayontology.org/bao#BAO_0000150","propLabel":"beta galactosidase induction","propAbbrev":"bao:BAO_0000150","valueURI":"http://www.bioassayontology.org/bao#BAO_0002888","valueLabel":"ion redistribution determination method","valueAbbrev":"bao:BAO_0002888","valueDescr":"","valueHier":[],"labelHier":[],"outOfSchema":true},{"propURI":"http://www.bioassayontology.org/bao#BAO_0002874","propLabel":"units","propAbbrev":"bao:BAO_0002874","valueURI":"http://purl.obolibrary.org/obo/UO_0000064","valueLabel":"micromolar","valueAbbrev":"obo:UO_0000064","valueDescr":"A unit of molarity which is equal to one millionth of a molar or 10^[-6] M.","valueHier":["http://purl.obolibrary.org/obo/UO_0000061","http://purl.obolibrary.org/obo/UO_0000051","http://purl.obolibrary.org/obo/UO_0000000"],"labelHier":["unit of molarity","concentration unit","unit"]}],"labelsAdded":[{"propURI":"http://www.bioassayontology.org/bao#BAO_0002874","valueLabel":"micromolar","propAbbrev":"bao:BAO_0002874","groupNest":["http://www.bioassayontology.org/bao#BAX_0000017"],"propLabel":"units","groupLabel":["measurement"]}],"labelsRemoved":[{"propURI":"http://www.bioassayontology.org/bao#BAO_0000150","valueLabel":"ion redistribution determination method","propAbbrev":"bao:BAO_0000150","propLabel":"beta galactosidase induction"},{"propURI":"http://www.bioassayontology.org/bao#BAO_0002874","valueLabel":"micromolar","propAbbrev":"bao:BAO_0002874","propLabel":"units"}]},{"curationTime":1520356895287,"curatorID":"google:108375455890260223170","curatorName":"","curatorEmail":"aclark.xyz@gmail.com","annotsAdded":[{"propURI":"http://www.bioassayontology.org/bao#BAO_0002800","propLabel":"assay cell line","propAbbrev":"bao:BAO_0002800","valueURI":"http://purl.obolibrary.org/obo/BTO_0000246","valueAbbrev":"obo:BTO_0000246","valueHier":[],"labelHier":[],"outOfSchema":true}],"annotsRemoved":[],"labelsAdded":[],"labelsRemoved":[]},{"curationTime":1584620547561,"curatorID":"google:108375455890260223170","curatorName":"","curatorEmail":"aclark.xyz@gmail.com","annotsAdded":[{"propURI":"http://www.bioassayontology.org/bao#BAO_0000211","propLabel":"target","propAbbrev":"bao:BAO_0000211","valueURI":"http://purl.obolibrary.org/obo/PR_P08912","valueLabel":"muscarinic acetylcholine receptor M5 (human)","valueAbbrev":"obo:PR_P08912","valueDescr":"A muscarinic acetylcholine receptor M5 that is encoded in the genome of human.","altLabels":["hCHRM5"],"valueHier":["http://purl.obolibrary.org/obo/PR_000001617","http://purl.obolibrary.org/obo/PR_000001488","http://purl.obolibrary.org/obo/PR_000001094","http://purl.obolibrary.org/obo/PR_000030035","http://purl.obolibrary.org/obo/PR_000000001"],"labelHier":["muscarinic acetylcholine receptor M5","muscarinic acetylcholine receptor","rhodopsin-like G-protein coupled receptor","G-protein coupled receptor","protein"]}],"annotsRemoved":[],"labelsAdded":[],"labelsRemoved":[]}],"holdingIDList":[]}