{"assayID":6025,"uniqueID":"pubchemAID:652081","text":"Late-stage results from the probe development effort to identify antagonists of OPRK1: luminescence-based cell-based dose response OPRM1 counterscreen, Set 2\n\nKeywords:\n\nLate stage, late stage AID, OPRK1, kappa, OPRM1, mu, opioid, receptor, GPCR, beta-arrestin, U2OS, lumi, luminescence, antagonist, antagonism, inhibit, inhibitor, inhibition, decrease, DiscoverRx, beta-arrestin, beta-galactosidase, fragment complementation, EC80 challenge, DAMGO, dose response, pain, analgesic, dynorphin, neuropathic pain, drug addiction, addiction, 384, counterscreen, Scripps, The Scripps Research Institute Molecular Screening Center, SRIMSC, Molecular Libraries Probe Production Centers Network, MLPCN.\n\nThis assay was performed by the SRIMSC with powder samples of purchased test compounds.\n\nAssay Overview:\n\nThe purpose of this counterscreen assay is to test the selectivity of OPRK1 antagonist compounds against the OPRM1 receptor. The assay monitors GPCR-Beta-arrestin proximity using low affinity fragment complementation of beta-galactosidase (beta-gal). The reconstituted holoenzyme catalyzes the hydrolysis of a substrate which yields a chemiluminescent signal. This assay employs U2OS cells which express OPRM1 fused to a beta-gal peptide fragment (enzyme donor), and beta-arrestin fused to the complementary beta-gal fragment (enzyme acceptor). Cells are incubated with test compounds and an agonist DAMGO (EC80 challenge), followed by measurement of well luminescence. As designed, compounds that inhibit OPRM1 will decrease the level of beta-arrestin recruitment elicited by DAMGO, resulting in a decrease in the level of reconstitution of the beta-gal holoenzyme, and decreased well luminescence. Compounds were tested in triplicate using a 10-point, 1:3 dilution series starting at a nominal concentration of 50 uM.\n\nProtocol Summary:\n\nThe PathHunter(R) DiscoverX OPRM1-U20S cell line was routinely cultured in 150 mm dishes at 37 C, 5% CO2 and 95% relative humidity (RH). The growth medium consisted of DMEM/F12 1:1 Media supplemented with 10% v/v heat inactivated fetal bovine serum, 25 mM HEPES, 0.1 mM non-essential amino acids, 1 mM sodium pyruvate, 1x antibiotic mix (penicillin streptomycin). On Day 1 of the assay, 5000 cells in 20 uL of assay buffer (Discover X's Cell Plating Reagent 5) were seeded into each well of a 384-well plate, and incubated 16-24 hours at 37 C, 5% CO2 and 95% RH. On Day 2, 100 nL of test compound in DMSO were added to the appropriate wells and plates were incubated for 30 minutes at 37 C, 5% CO2 and 95% RH. Next, 2.2 uL of DAMGO OPRMu1 agonist (EC80 Challenge; 1.8 uL of 3.7 uM DAMGO and 0.4 uL assay buffer; final assay concentration 303 nM) or DMSO in assay media were added. After incubation for 3 hours at 37 C, 5% CO2 and 95% RH, 10 uL of Path Hunter Detection Mix prepared according to manufacturer's protocol; 1 part Galacton Star:5 parts Emerald II:19 parts PH Cell Assay Buffer) was added to each well, and plates were incubated at room temperature in the dark for 1 hour. Well luminescence was measured on Perkin Elmer's Envision.\n\nPercent Inhibition was calculated from the median ratio as follows:\n\n%_Inhibition = 1 - ( ( FI_Test_Compound - Median_FI_HighControl ) / ( Median_FI_Low_Control - Median_FI_High_Control ) ) * 100\n\nWhere:\n\nFI is defined as Fluorescence Intensity at 460 nm/Fluorescence Intensity at 530 nm.\nTest_Compound is defined as wells containing test compound.\nLow_Control (0% inhibition) is defined as wells containing DAMGO challenge (303 nM final).\nHigh Control (100% inhibition) is defined as wells containing DMSO.\n\nFor each test compound, percent inhibition was plotted against the log of the compound concentration. A three parameter equation describing a sigmoidal dose-response curve was then fitted using GraphPad Prism (GraphPad Software Inc) normalized from 0 to 100 for each assay. The software-generated IC50 values were reported. In cases where the highest concentration tested (i.e. 50 uM) did not result in greater than 50% inhibition, the IC50 was determined manually as greater than 50 uM.\n\nPubChem Activity Outcome and Score:\n\nCompounds with an IC50 of 10 uM or less were considered active. Compounds with an IC50 of greater than 10 uM were considered inactive.\n\nAny compound with a percent activity value < 50% at all test concentrations was assigned an activity score of zero. Any compound with a percent activity value >= 50% at any test concentration was assigned an activity score greater than zero.\n\nActivity score was then ranked by the potency of the compounds with fitted curves, with the most potent compounds assigned the highest activity scores.\n\nThe PubChem Activity Score range for active compounds is 100-92, and for inactive compounds 1-0.\n\nList of Reagents:\n\nOPRM1-U20S cell line (PathHunter(R) DiscoverX, part 93-0213E3CPOL))\nDMEM Medium (Invitrogen, part 11965)\nF12 Medium (Invitrogen, part 11765)\nHeat Inactivated Fetal Bovine Serum (Invitrogen, part 10082147)\nNon Essential Amino Acids 100X ( Invitrogen, part 11140-050)\nHEPES (pH 7.3) 1M (Invitrogen, part 15630-080)\nSodium Pyruvate 100X (Invitrogen, part 11360-070)\nPenicillin Streptomycin (Invitrogen, part 15640)\nTrypsin 0.25%EDTA ( Invitrogen, part 25200056)\nDPBS without Calcium /Magnesium (Invitrogen, part 14190-136)\nDMSO Dry (Sigma, part D2650 )\nDAMGO OPRMu1 Agonist MW513.19 (Sigma, part E7384-5MG)\nB-Funaltrexamine Hydrochloride OPRM1 Antagonist MW (Sigma, part O003-2MG)\nPathHunter Cell Plating 5 Reagent (Discover X, part 93-0563R5A)\nStandard 384 well white plate with lid (Corning, part 3750)\nPathHunter Detection Mix (DiscoverX, part 93-0001)","schemaURI":"http://www.bioassayontology.org/bas#","annotations":[{"propURI":"http://www.bioassayontology.org/bao#BAO_0000205","propLabel":"assay format","propAbbrev":"bao:BAO_0000205","valueURI":"http://www.bioassayontology.org/bao#BAO_0000219","valueLabel":"cell based format","valueAbbrev":"bao:BAO_0000219","valueDescr":"Involves the use of living cells of eukaryotic origin, derived from a multicellular organism, and is a heterogeneous assay type. Typically, this refers to permanent (immortal) cell lines, or primary cells, or some form of stem cells. This is distinct from a single-celled organism-based format (classically bacteria or yeast).","groupNest":[],"groupLabel":[],"valueHier":["http://www.bioassayontology.org/bao#BAO_0000019"],"labelHier":["assay format"]},{"propURI":"http://www.bioassayontology.org/bao#BAO_0002800","propLabel":"assay cell line","propAbbrev":"bao:BAO_0002800","valueURI":"http://purl.obolibrary.org/obo/CLO_0009454","valueLabel":"U-2 OS cell","valueAbbrev":"obo:CLO_0009454","valueDescr":"Human osteosarcoma cell line.","groupNest":[],"groupLabel":[],"altLabels":["U2OS","U-2 OS"],"valueHier":["http://purl.obolibrary.org/obo/CLO_0000019","http://purl.obolibrary.org/obo/CLO_0000001"],"labelHier":["immortal cell line cell","cell line cell"]},{"propURI":"http://www.bioassayontology.org/bao#BAO_0000185","propLabel":"perturbagen type","propAbbrev":"bao:BAO_0000185","valueURI":"http://www.bioassayontology.org/bao#BAO_0000733","valueLabel":"MLSMR library","valueAbbrev":"bao:BAO_0000733","valueDescr":"","groupNest":[],"groupLabel":[],"valueHier":["http://www.bioassayontology.org/bao#BAO_0000648","http://www.bioassayontology.org/bao#BAO_0000661","http://www.bioassayontology.org/bao#BAO_0003120"],"labelHier":["compound library","perturbagen library","assay screened entity component"]},{"propURI":"http://www.bioassayontology.org/bao#BAO_0002921","propLabel":"organism","propAbbrev":"bao:BAO_0002921","valueURI":"http://purl.obolibrary.org/obo/NCBITaxon_9606","valueLabel":"Homo sapiens","valueAbbrev":"obo:NCBITaxon_9606","valueDescr":"","groupNest":[],"groupLabel":[],"altLabels":["Homo spiens","Homo sapience","Homo sapien","human","Homo spaiens","Homo sapians","man","Humo sapiens","Home sapiens","Homo sapiense","Homo sampiens","Homo sapeins","Homo sapines","Homo sapian","Homo sapients"],"valueHier":["http://www.bioassayontology.org/bao#BAO_0000362","http://www.bioassayontology.org/bao#BAO_0000510","http://www.bioassayontology.org/bao#BAO_0000659","http://www.bioassayontology.org/bao#BAO_0000509","http://www.bioassayontology.org/bao#BAO_0000658","http://www.bioassayontology.org/bao#BAO_0000551"],"labelHier":["mammalian","vertebrate","metazoa","eukaryote","cellular organisms","organism"]},{"propURI":"http://www.bioassayontology.org/bao#BAO_0002009","propLabel":"biological process","propAbbrev":"bao:BAO_0002009","valueURI":"http://purl.obolibrary.org/obo/GO_0038003","valueLabel":"opioid receptor signaling pathway","valueAbbrev":"obo:GO_0038003","valueDescr":"The series of molecular signals generated as a consequence of an opioid receptor binding to one of its physiological ligands.","groupNest":[],"groupLabel":[],"valueHier":["http://purl.obolibrary.org/obo/GO_0007186","http://purl.obolibrary.org/obo/GO_0008150","http://www.bioassayontology.org/bao#BAO_0003114"],"labelHier":["G-protein coupled receptor signaling pathway","biological process","assay biology component"]},{"propURI":"http://www.bioassayontology.org/bao#BAO_0000196","propLabel":"assay mode of action","propAbbrev":"bao:BAO_0000196","valueURI":"http://www.bioassayontology.org/bao#BAO_0002903","valueLabel":"antagonism","valueAbbrev":"bao:BAO_0002903","valueDescr":"","groupNest":[],"groupLabel":[],"valueHier":["http://www.bioassayontology.org/bao#BAO_0000084","http://www.bioassayontology.org/bao#BAO_0000074"],"labelHier":["ligand function mode of action","mode of action"]},{"propURI":"http://www.bioassayontology.org/bao#BAO_0002865","propLabel":"detection instrument","propAbbrev":"bao:BAO_0002865","valueURI":"http://www.bioassayontology.org/bao#BAO_0000701","valueLabel":"EnVision Multilabel Reader","valueAbbrev":"bao:BAO_0000701","valueDescr":"","groupNest":[],"groupLabel":[],"valueHier":["http://www.bioassayontology.org/bao#BAO_0000697"],"labelHier":["detection instrument"]},{"propURI":"http://www.bioassayontology.org/bao#BAO_0002867","propLabel":"assay footprint","propAbbrev":"bao:BAO_0002867","valueURI":"http://www.bioassayontology.org/bao#BAO_0000515","valueLabel":"384 well plate","valueAbbrev":"bao:BAO_0000515","valueDescr":"This microplate contains 384 wells. It is suitable for a HTS assay.","groupNest":[],"groupLabel":[],"valueHier":["http://www.bioassayontology.org/bao#BAO_0000508","http://www.bioassayontology.org/bao#BAO_0000512"],"labelHier":["microplate","assay footprint"]},{"propURI":"http://www.bioassayontology.org/bao#BAO_0002855","propLabel":"bioassay","propAbbrev":"bao:BAO_0002855","valueURI":"http://www.bioassayontology.org/bao#BAO_0002990","valueLabel":"protein-protein interaction assay","valueAbbrev":"bao:BAO_0002990","valueDescr":"It is performed to quantify the interactions between two protein molecules, using methods such as protein fragment complementation assay, immunoassay, radioligand binding, etc.","groupNest":[],"groupLabel":[],"valueHier":["http://www.bioassayontology.org/bao#BAO_0002989","http://www.bioassayontology.org/bao#BAO_0000015"],"labelHier":["binding assay","bioassay"]},{"propURI":"http://www.bioassayontology.org/bao#BAO_0000208","propLabel":"result","propAbbrev":"bao:BAO_0000208","valueURI":"http://www.bioassayontology.org/bao#BAO_0000190","valueLabel":"IC50","valueAbbrev":"bao:BAO_0000190","valueDescr":"The effective concentration of an inhibitor, which produces 50% of the maximum possible response for that inhibitor.","groupNest":[],"groupLabel":[],"valueHier":["http://www.bioassayontology.org/bao#BAO_0002162","http://www.bioassayontology.org/bao#BAO_0000180","http://www.bioassayontology.org/bao#BAO_0000179"],"labelHier":["concentration response endpoint","concentration endpoint","endpoint"]},{"propURI":"http://www.bioassayontology.org/bao#BAO_0002874","propLabel":"units","propAbbrev":"bao:BAO_0002874","valueURI":"http://purl.obolibrary.org/obo/UO_0000064","valueLabel":"micromolar","valueAbbrev":"obo:UO_0000064","valueDescr":"A unit of molarity which is equal to one millionth of a molar or 10^[-6] M.","groupNest":["http://www.bioassayontology.org/bao#BAX_0000017"],"groupLabel":["measurement"],"valueHier":["http://purl.obolibrary.org/obo/UO_0000061","http://purl.obolibrary.org/obo/UO_0000051","http://purl.obolibrary.org/obo/UO_0000000"],"labelHier":["unit of molarity","concentration unit","unit"]},{"propURI":"http://www.bioassayontology.org/bao#BAO_0002848","propLabel":"applies to disease","propAbbrev":"bao:BAO_0002848","valueURI":"http://www.bioassayontology.org/bat#NotApplicable","valueLabel":"not applicable","valueAbbrev":"bat:NotApplicable","valueDescr":"This property does not apply to this assay.","groupNest":[],"groupLabel":[],"valueHier":[],"labelHier":[]},{"propURI":"http://www.bioassayontology.org/bao#BAO_0000210","propLabel":"screening campaign stage","propAbbrev":"bao:BAO_0000210","valueURI":"http://www.bioassayontology.org/bao#BAO_0001064","valueLabel":"alternate target assay","valueAbbrev":"bao:BAO_0001064","valueDescr":"This assay is performed with a different but a related target (usually from the same protein family) than that was tested in primary or confirmatory assays, e.g., SIP1 instead of SIP3.","groupNest":[],"groupLabel":[],"valueHier":["http://www.bioassayontology.org/bao#BAO_0000803","http://www.bioassayontology.org/bao#BAO_0000032","http://www.bioassayontology.org/bao#BAO_0000029"],"labelHier":["counter screening assay","secondary assay","assay screening campaign stage"]},{"propURI":"http://www.bioassayontology.org/bao#BAO_0000211","propLabel":"target","propAbbrev":"bao:BAO_0000211","valueURI":"http://www.drugtargetontology.org/dto/DTO_02100470","valueLabel":"Mu-type opioid receptor","valueAbbrev":"dto:DTO_02100470","valueDescr":"","groupNest":[],"groupLabel":[],"valueHier":["http://www.drugtargetontology.org/dto/DTO_02300002","http://www.drugtargetontology.org/dto/DTO_02300001","http://www.drugtargetontology.org/dto/DTO_00100000"],"labelHier":["Class A rhodopsin like","GPCR","Protein"]},{"propURI":"http://www.bioassayontology.org/bao#BAO_0002663","propLabel":"assay kit","propAbbrev":"bao:BAO_0002663","valueURI":"http://www.bioassayontology.org/bao#BAO_0000988","valueLabel":"PathHunter Beta-Arrestin Assay","valueAbbrev":"bao:BAO_0000988","valueDescr":"","groupNest":[],"groupLabel":[],"valueHier":["http://www.bioassayontology.org/bao#BAO_0000248"],"labelHier":["assay kit"]},{"propURI":"http://www.bioassayontology.org/bao#BAO_0095009","propLabel":"assay design method","propAbbrev":"bao:BAO_0095009","valueURI":"http://www.bioassayontology.org/bao#BAO_0000406","valueLabel":"protein fragment complementation method","valueAbbrev":"bao:BAO_0000406","valueDescr":"This is used to study the interaction of two proteins. An enzyme or fluorescent protein is rationally dissected into two fragments and fused to two test proteins, whose interaction is being studied. Binding of the two test proteins results in the reconstitution of the enzyme or fluorescent protein from the two fragments, which can be measured.","groupNest":[],"groupLabel":[],"valueHier":["http://www.bioassayontology.org/bao#BAO_0000123","http://www.bioassayontology.org/bao#BAO_0002202"],"labelHier":["binding assessment method","assay design method"]},{"propURI":"http://www.bioassayontology.org/bao#BAO_0000207","propLabel":"physical detection method","propAbbrev":"bao:BAO_0000207","valueURI":"http://www.bioassayontology.org/bao#BAO_0000051","valueLabel":"chemiluminescence","valueAbbrev":"bao:BAO_0000051","valueDescr":"Chemiluminescence is the generation of light as a result of a chemical reaction using synthetic compounds and usually involving a highly oxidized species such as peroxide.","groupNest":[],"groupLabel":[],"valueHier":["http://www.bioassayontology.org/bao#BAO_0000045","http://www.bioassayontology.org/bao#BAO_0000035"],"labelHier":["luminescence method","physical detection method"]},{"propURI":"http://www.bioassayontology.org/bao#BAX_0000012","propLabel":"protein identity","propAbbrev":"bao:BAX_0000012","valueURI":"http://www.bioassayontology.org/protein#117940060","valueLabel":"mu-type opioid receptor isoform MOR-1 [Homo sapiens]","valueAbbrev":"protein:117940060","valueDescr":"Protein: mu-type opioid receptor isoform MOR-1 [Homo sapiens], Organism: Homo sapiens","groupNest":[],"groupLabel":[],"externalURLs":["https://www.ncbi.nlm.nih.gov/protein/117940060"],"valueHier":["http://www.bioassayontology.org/taxon#9606","http://www.bioassayontology.org/taxon#9605","http://www.bioassayontology.org/taxon#314295","http://www.bioassayontology.org/taxon#9526","http://www.bioassayontology.org/taxon#9443","http://www.bioassayontology.org/taxon#314146","http://www.bioassayontology.org/taxon#40674","http://www.bioassayontology.org/taxon#32524","http://www.bioassayontology.org/taxon#8287","http://www.bioassayontology.org/taxon#117570","http://www.bioassayontology.org/taxon#7711","http://www.bioassayontology.org/taxon#33511","http://www.bioassayontology.org/taxon#33213","http://www.bioassayontology.org/taxon#33208","http://www.bioassayontology.org/taxon#33154","http://www.bioassayontology.org/taxon#2759","http://www.bioassayontology.org/taxon#131567","http://www.bioassayontology.org/taxon#Root"],"labelHier":["Homo sapiens","Homo","Hominoidea / Hominidae / Homininae","Catarrhini","Primates / Haplorrhini / Simiiformes","Euarchontoglires","Mammalia / Theria / Eutheria / Boreoeutheria","Amniota","Sarcopterygii / Dipnotetrapodomorpha / Tetrapoda","Teleostomi / Euteleostomi","Chordata / Craniata / Vertebrata / Gnathostomata","Deuterostomia","Bilateria","Metazoa / Eumetazoa","Opisthokonta","Eukaryota","cellular organisms","Faux ProteinID"]},{"propURI":"http://www.bioassayontology.org/bao#BAX_0000011","propLabel":"gene identity","propAbbrev":"bao:BAX_0000011","valueURI":"http://www.bioassayontology.org/geneid#4988","valueLabel":"OPRM1: opioid receptor mu 1","valueAbbrev":"geneid:4988","valueDescr":"","groupNest":[],"groupLabel":[],"altLabels":["LMOR , M-OR-1 , MOP , MOR , MOR1 , OPRM"],"externalURLs":["https://www.ncbi.nlm.nih.gov/gene/4988"],"valueHier":["http://www.bioassayontology.org/geneid#Homo_sapiens","http://www.bioassayontology.org/geneid#Mammalia","http://www.bioassayontology.org/geneid#Root"],"labelHier":["Homo sapiens","Mammalia","Faux GeneID"]},{"propURI":"http://www.bioassayontology.org/bao#BAO_0002854","propLabel":"bioassay type","propAbbrev":"bao:BAO_0002854","valueURI":"http://www.bioassayontology.org/bao#BAO_0000041","valueLabel":"binding type","valueAbbrev":"bao:BAO_0000041","valueDescr":"Binding assays are performed to understand the interaction between two molecules, e.g. perturbagen-protein, protein-protein, protein-DNA, etc.","groupNest":[],"groupLabel":[],"valueHier":["http://www.bioassayontology.org/bao#BAO_0000008"],"labelHier":["bioassay type"]},{"propURI":"http://www.bioassayontology.org/bao#BAX_0000016","propLabel":"operator","propAbbrev":"bao:BAX_0000016","valueURI":"http://purl.obolibrary.org/obo/GENEPIO_0001002","valueLabel":"less than (<)","valueAbbrev":"obo:GENEPIO_0001002","valueDescr":"","groupNest":["http://www.bioassayontology.org/bao#BAX_0000017"],"groupLabel":["measurement"],"valueHier":["http://purl.obolibrary.org/obo/GENEPIO_0001001"],"labelHier":["threshold comparisons"]},{"propURI":"http://www.bioassayontology.org/bao#BAO_0002852","propLabel":"assay sources","propAbbrev":"bao:BAO_0002852","valueURI":"http://www.bioassayexpress.org/sources#SRC_0000026","valueLabel":"Molecular Screening Center (The Scripps Research Institute)","valueAbbrev":"src:SRC_0000026","valueDescr":"The Scripps Research Institute Molecular Screening Center.","groupNest":[],"groupLabel":[],"externalURLs":["http://mlpcn.florida.scripps.edu"],"valueHier":["http://www.bioassayexpress.org/sources#pubchem_sources","http://www.bioassayontology.org/bao#BAO_0002934"],"labelHier":["PubChem Sources","organization"]},{"propURI":"http://www.bioassayontology.org/bao#BAO_0000211","propLabel":"target","propAbbrev":"bao:BAO_0000211","valueURI":"http://purl.obolibrary.org/obo/PR_P35372","valueLabel":"mu-type opioid receptor (human)","valueAbbrev":"obo:PR_P35372","valueDescr":"A mu-type opioid receptor that is encoded in the genome of human.","groupNest":[],"groupLabel":[],"altLabels":["hOPRM1","mu opiate receptor (human)","M-OR-1 (human)","MOR-1 (human)","hMOP","mu opioid receptor (human)"],"valueHier":["http://purl.obolibrary.org/obo/PR_000029067","http://purl.obolibrary.org/obo/PR_000036194","http://purl.obolibrary.org/obo/PR_000000001"],"labelHier":["Homo sapiens protein","eukaryotic protein","protein"]},{"propURI":"http://www.bioassayontology.org/bao#BAX_0000015","valueLabel":"IC50","propAbbrev":"bao:BAX_0000015","groupNest":["http://www.bioassayontology.org/bao#BAX_0000017"],"propLabel":"field","groupLabel":["measurement"]},{"propURI":"http://www.bioassayontology.org/bao#BAO_0002916","valueLabel":"25.0","propAbbrev":"bao:BAO_0002916","groupNest":["http://www.bioassayontology.org/bao#BAX_0000017"],"propLabel":"threshold","groupLabel":["measurement"]},{"propURI":"http://www.bioassayontology.org/bao#BAO_0000539","valueLabel":"pubchemAID:652031","propAbbrev":"bao:BAO_0000539","groupNest":[],"propLabel":"related assays","groupLabel":[]},{"propURI":"http://www.bioassayontology.org/bao#BAO_0000539","valueLabel":"pubchemAID:652032","propAbbrev":"bao:BAO_0000539","groupNest":[],"propLabel":"related assays","groupLabel":[]},{"propURI":"http://www.bioassayontology.org/bao#BAO_0000539","valueLabel":"pubchemAID:652033","propAbbrev":"bao:BAO_0000539","groupNest":[],"propLabel":"related assays","groupLabel":[]},{"propURI":"http://www.bioassayontology.org/bao#BAO_0000539","valueLabel":"pubchemAID:652034","propAbbrev":"bao:BAO_0000539","groupNest":[],"propLabel":"related assays","groupLabel":[]},{"propURI":"http://www.bioassayontology.org/bao#BAO_0000539","valueLabel":"pubchemAID:652045","propAbbrev":"bao:BAO_0000539","groupNest":[],"propLabel":"related assays","groupLabel":[]},{"propURI":"http://www.bioassayontology.org/bao#BAO_0002853","valueLabel":"Late-stage results from the probe development effort to identify antagonists of OPRK1: luminescence-based cell-based dose response OPRM1 counterscreen, Set 2","propAbbrev":"bao:BAO_0002853","groupNest":[],"propLabel":"assay title","groupLabel":[]}],"pubchemXRef":[{"type":"aid","id":"652031","comment":"Maybridge screen (OPRK1 inhibitors in singlicate)"},{"type":"aid","id":"652032","comment":"Late-stage dose response (OPRK1 antagonists in quadruplicate)"},{"type":"aid","id":"652033","comment":"Late-stage dose response counterscreen (OPRD1 antagonists in quadruplicate)"},{"type":"aid","id":"652034","comment":"Late-stage dose response counterscreen (OPRM1 antagonists in quadruplicate)"},{"type":"aid","id":"652045","comment":"Summary (OPRK1 antagonists)"},{"type":"gene","id":"4988","comment":"OPRM1 opioid receptor, mu 1"},{"type":"mim","id":"600018","comment":""},{"type":"taxonomy","id":"9606","comment":""},{"type":"pmid","id":"15140929","comment":"Reference (1)"},{"type":"pmid","id":"6120570","comment":"Reference (2)"},{"type":"pmid","id":"17344394","comment":"Reference (3)"},{"type":"pmid","id":"22020140","comment":"Reference (4)"},{"type":"pmid","id":"21835335","comment":"Reference (5)"},{"type":"pmid","id":"22002579","comment":"Reference (6)"},{"type":"pmid","id":"22428846","comment":"Reference (7)"},{"type":"pmid","id":"19481570","comment":"Reference (8)"},{"type":"pmid","id":"17395273","comment":"Reference (9)"},{"type":"pmid","id":"12628350","comment":"Reference (10)"},{"type":"protein_gi","id":"117940060","comment":"mu-type opioid receptor isoform MOR-1 [Homo sapiens]"}],"curationTime":1584620545580,"curatorID":"google:108375455890260223170","curatorName":"","curatorEmail":"aclark.xyz@gmail.com","history":[{"curationTime":1492468127880,"curatorID":"admin","annotsAdded":[{"propURI":"http://www.bioassayontology.org/bao#BAO_0002854","propLabel":"bioassay type","propAbbrev":"bao:BAO_0002854","valueURI":"http://www.bioassayontology.org/bao#BAO_0000041","valueLabel":"binding type","valueAbbrev":"bao:BAO_0000041","valueDescr":"Binding assays are performed to understand the interaction between two molecules, e.g. perturbagen-protein, protein-protein, protein-DNA, etc.","valueHier":["http://www.bioassayontology.org/bao#BAO_0000008"],"labelHier":["bioassay type"]}],"annotsRemoved":[{"propURI":"http://www.bioassayontology.org/bao#BAX_0000002","propLabel":"has bioassay type","propAbbrev":"bao:BAX_0000002","valueURI":"http://www.bioassayontology.org/bao#BAO_0000041","valueLabel":"binding type","valueAbbrev":"bao:BAO_0000041","valueDescr":"Binding assays are performed to understand the interaction between two molecules, e.g. perturbagen-protein, protein-protein, protein-DNA, etc.","valueHier":[],"labelHier":[],"outOfSchema":true}],"labelsAdded":[{"propURI":"http://www.bioassayontology.org/bao#BAO_0002854","valueLabel":"binding type","propAbbrev":"bao:BAO_0002854","propLabel":"bioassay type"}],"labelsRemoved":[{"propURI":"http://www.bioassayontology.org/bao#BAX_0000002","valueLabel":"binding type","propAbbrev":"bao:BAX_0000002","propLabel":"has bioassay type"}]},{"curationTime":1492468127880,"curatorID":"admin","annotsAdded":[{"propURI":"http://www.bioassayontology.org/bao#BAO_0002009","propLabel":"biological process","propAbbrev":"bao:BAO_0002009","valueURI":"http://purl.obolibrary.org/obo/GO_0038003","valueLabel":"opioid receptor signaling pathway","valueAbbrev":"obo:GO_0038003","valueDescr":"The series of molecular signals generated as a consequence of an opioid receptor binding to one of its physiological ligands.","valueHier":["http://purl.obolibrary.org/obo/GO_0007186","http://purl.obolibrary.org/obo/GO_0008150","http://www.bioassayontology.org/bao#BAO_0003114"],"labelHier":["G-protein coupled receptor signaling pathway","biological process","assay biology component"]}],"annotsRemoved":[{"propURI":"http://www.bioassayontology.org/bao#BAX_0000004","propAbbrev":"bao:BAX_0000004","valueURI":"http://purl.obolibrary.org/obo/GO_0038003","valueLabel":"opioid receptor signaling pathway","valueAbbrev":"obo:GO_0038003","valueDescr":"The series of molecular signals generated as a consequence of an opioid receptor binding to one of its physiological ligands.","valueHier":[],"labelHier":[],"outOfSchema":true}],"labelsAdded":[{"propURI":"http://www.bioassayontology.org/bao#BAO_0002009","valueLabel":"opioid receptor signaling pathway","propAbbrev":"bao:BAO_0002009","propLabel":"biological process"}],"labelsRemoved":[{"propURI":"http://www.bioassayontology.org/bao#BAX_0000004","valueLabel":"opioid receptor signaling pathway","propAbbrev":"bao:BAX_0000004"}]},{"curationTime":1492468127880,"curatorID":"admin","annotsAdded":[{"propURI":"http://www.bioassayontology.org/bao#BAO_0002848","propLabel":"applies to disease","propAbbrev":"bao:BAO_0002848","valueURI":"http://www.bioassayontology.org/bat#NotApplicable","valueLabel":"not applicable","valueAbbrev":"bat:NotApplicable","valueDescr":"This property does not apply to this assay.","valueHier":[],"labelHier":[]}],"annotsRemoved":[{"propURI":"http://www.bioassayontology.org/bao#BAX_0000010","propAbbrev":"bao:BAX_0000010","valueURI":"http://www.bioassayontology.org/bat#NotApplicable","valueLabel":"not applicable","valueAbbrev":"bat:NotApplicable","valueDescr":"This property does not apply to this assay.","valueHier":[],"labelHier":[]}],"labelsAdded":[{"propURI":"http://www.bioassayontology.org/bao#BAO_0002848","valueLabel":"not applicable","propAbbrev":"bao:BAO_0002848","propLabel":"applies to disease"}],"labelsRemoved":[{"propURI":"http://www.bioassayontology.org/bao#BAX_0000010","valueLabel":"not applicable","propAbbrev":"bao:BAX_0000010"}]},{"curationTime":1492468127880,"curatorID":"admin","annotsAdded":[{"propURI":"http://www.bioassayontology.org/bao#BAO_0000208","propLabel":"result","propAbbrev":"bao:BAO_0000208","valueURI":"http://www.bioassayontology.org/bao#BAO_0000190","valueLabel":"IC50","valueAbbrev":"bao:BAO_0000190","valueDescr":"The effective concentration of an inhibitor, which produces 50% of the maximum possible response for that inhibitor.","valueHier":["http://www.bioassayontology.org/bao#BAO_0002162","http://www.bioassayontology.org/bao#BAO_0000180","http://www.bioassayontology.org/bao#BAO_0000179"],"labelHier":["concentration response endpoint","concentration endpoint","endpoint"]}],"annotsRemoved":[{"propURI":"http://www.bioassayontology.org/bao#BAX_0000006","propAbbrev":"bao:BAX_0000006","valueURI":"http://www.bioassayontology.org/bao#BAO_0000190","valueLabel":"IC50","valueAbbrev":"bao:BAO_0000190","valueDescr":"The effective concentration of an inhibitor, which produces 50% of the maximum possible response for that inhibitor.","valueHier":[],"labelHier":[],"outOfSchema":true}],"labelsAdded":[{"propURI":"http://www.bioassayontology.org/bao#BAO_0000208","valueLabel":"IC50","propAbbrev":"bao:BAO_0000208","propLabel":"result"}],"labelsRemoved":[{"propURI":"http://www.bioassayontology.org/bao#BAX_0000006","valueLabel":"IC50","propAbbrev":"bao:BAX_0000006"}]},{"curationTime":1492468127880,"curatorID":"admin","annotsAdded":[{"propURI":"http://www.bioassayontology.org/bao#BAO_0002874","propLabel":"units","propAbbrev":"bao:BAO_0002874","valueURI":"http://purl.org/obo/owl/UO#UO_0000064","valueLabel":"micromolar","valueAbbrev":"uo:UO_0000064","valueDescr":"","valueHier":[],"labelHier":[],"outOfSchema":true}],"annotsRemoved":[{"propURI":"http://www.bioassayontology.org/bao#BAX_0000007","propAbbrev":"bao:BAX_0000007","valueURI":"http://purl.org/obo/owl/UO#UO_0000064","valueLabel":"micromolar","valueAbbrev":"uo:UO_0000064","valueDescr":"","valueHier":[],"labelHier":[],"outOfSchema":true}],"labelsAdded":[{"propURI":"http://www.bioassayontology.org/bao#BAO_0002874","valueLabel":"micromolar","propAbbrev":"bao:BAO_0002874","propLabel":"units"}],"labelsRemoved":[{"propURI":"http://www.bioassayontology.org/bao#BAX_0000007","valueLabel":"micromolar","propAbbrev":"bao:BAX_0000007"}]},{"curationTime":1492468127880,"curatorID":"admin","annotsAdded":[{"propURI":"http://www.bioassayontology.org/bao#BAO_0095009","propLabel":"assay design method","propAbbrev":"bao:BAO_0095009","valueURI":"http://www.bioassayontology.org/bao#BAO_0000406","valueLabel":"protein fragment complementation method","valueAbbrev":"bao:BAO_0000406","valueDescr":"This is used to study the interaction of two proteins. An enzyme or fluorescent protein is rationally dissected into two fragments and fused to two test proteins, whose interaction is being studied. Binding of the two test proteins results in the reconstitution of the enzyme or fluorescent protein from the two fragments, which can be measured.","valueHier":["http://www.bioassayontology.org/bao#BAO_0000123","http://www.bioassayontology.org/bao#BAO_0002202"],"labelHier":["binding assessment method","assay design method"]}],"annotsRemoved":[{"propURI":"http://www.bioassayontology.org/bao#BAX_0000003","propAbbrev":"bao:BAX_0000003","valueURI":"http://www.bioassayontology.org/bao#BAO_0000406","valueLabel":"protein fragment complementation method","valueAbbrev":"bao:BAO_0000406","valueDescr":"This is used to study the interaction of two proteins. An enzyme or fluorescent protein is rationally dissected into two fragments and fused to two test proteins, whose interaction is being studied. Binding of the two test proteins results in the reconstitution of the enzyme or fluorescent protein from the two fragments, which can be measured.","valueHier":[],"labelHier":[],"outOfSchema":true}],"labelsAdded":[{"propURI":"http://www.bioassayontology.org/bao#BAO_0095009","valueLabel":"protein fragment complementation method","propAbbrev":"bao:BAO_0095009","propLabel":"assay design method"}],"labelsRemoved":[{"propURI":"http://www.bioassayontology.org/bao#BAX_0000003","valueLabel":"protein fragment complementation method","propAbbrev":"bao:BAX_0000003"}]},{"curationTime":1492468127880,"curatorID":"admin","annotsAdded":[{"propURI":"http://www.bioassayontology.org/bao#BAO_0000211","propLabel":"target","propAbbrev":"bao:BAO_0000211","valueURI":"http://www.drugtargetontology.org/dto/DTO_02100470","valueLabel":"Mu-type opioid receptor","valueAbbrev":"dto:DTO_02100470","valueDescr":"","valueHier":["http://www.drugtargetontology.org/dto/DTO_02300002","http://www.drugtargetontology.org/dto/DTO_02300001","http://www.drugtargetontology.org/dto/DTO_00100000"],"labelHier":["Class A rhodopsin like","GPCR","Protein"]}],"annotsRemoved":[{"propURI":"http://www.bioassayontology.org/bao#BAX_0000005","propAbbrev":"bao:BAX_0000005","valueURI":"http://www.drugtargetontology.org/dto/DTO_02100470","valueLabel":"Mu-type opioid receptor","valueAbbrev":"dto:DTO_02100470","valueDescr":"","valueHier":[],"labelHier":[],"outOfSchema":true}],"labelsAdded":[{"propURI":"http://www.bioassayontology.org/bao#BAO_0000211","valueLabel":"Mu-type opioid receptor","propAbbrev":"bao:BAO_0000211","propLabel":"target"}],"labelsRemoved":[{"propURI":"http://www.bioassayontology.org/bao#BAX_0000005","valueLabel":"Mu-type opioid receptor","propAbbrev":"bao:BAX_0000005"}]},{"curationTime":1492468127880,"curatorID":"admin","annotsAdded":[{"propURI":"http://www.bioassayontology.org/bao#BAO_0002855","propLabel":"bioassay","propAbbrev":"bao:BAO_0002855","valueURI":"http://www.bioassayontology.org/bao#BAO_0002990","valueLabel":"protein-protein interaction assay","valueAbbrev":"bao:BAO_0002990","valueDescr":"It is performed to quantify the interactions between two protein molecules, using methods such as protein fragment complementation assay, immunoassay, radioligand binding, etc.","valueHier":["http://www.bioassayontology.org/bao#BAO_0002989","http://www.bioassayontology.org/bao#BAO_0000015"],"labelHier":["binding assay","bioassay"]}],"annotsRemoved":[{"propURI":"http://www.bioassayontology.org/bao#BAX_0000002","propLabel":"has bioassay type","propAbbrev":"bao:BAX_0000002","valueURI":"http://www.bioassayontology.org/bao#BAO_0002990","valueLabel":"protein-protein interaction assay","valueAbbrev":"bao:BAO_0002990","valueDescr":"It is performed to quantify the interactions between two protein molecules, using methods such as protein fragment complementation assay, immunoassay, radioligand binding, etc.","valueHier":[],"labelHier":[],"outOfSchema":true}],"labelsAdded":[{"propURI":"http://www.bioassayontology.org/bao#BAO_0002855","valueLabel":"protein-protein interaction assay","propAbbrev":"bao:BAO_0002855","propLabel":"bioassay"}],"labelsRemoved":[{"propURI":"http://www.bioassayontology.org/bao#BAX_0000002","valueLabel":"protein-protein interaction assay","propAbbrev":"bao:BAX_0000002","propLabel":"has bioassay type"}]},{"curationTime":1492468127880,"curatorID":"admin","annotsAdded":[{"propURI":"http://www.bioassayontology.org/bao#BAO_0002874","propLabel":"units","propAbbrev":"bao:BAO_0002874","valueURI":"http://purl.obolibrary.org/obo/UO_0000064","valueLabel":"micromolar","valueAbbrev":"obo:UO_0000064","valueDescr":"A unit of molarity which is equal to one millionth of a molar or 10^[-6] M.","valueHier":["http://purl.obolibrary.org/obo/UO_0000061","http://purl.obolibrary.org/obo/UO_0000051","http://purl.obolibrary.org/obo/UO_0000000"],"labelHier":["unit of molarity","concentration unit","unit"]}],"annotsRemoved":[{"propURI":"http://www.bioassayontology.org/bao#BAO_0002874","propLabel":"units","propAbbrev":"bao:BAO_0002874","valueURI":"http://purl.org/obo/owl/UO#UO_0000064","valueLabel":"micromolar","valueAbbrev":"uo:UO_0000064","valueDescr":"","valueHier":[],"labelHier":[],"outOfSchema":true}],"labelsAdded":[{"propURI":"http://www.bioassayontology.org/bao#BAO_0002874","valueLabel":"micromolar","propAbbrev":"bao:BAO_0002874","propLabel":"units"}],"labelsRemoved":[{"propURI":"http://www.bioassayontology.org/bao#BAO_0002874","valueLabel":"micromolar","propAbbrev":"bao:BAO_0002874","propLabel":"units"}]},{"curationTime":1492468127880,"curatorID":"admin","annotsAdded":[{"propURI":"http://www.bioassayontology.org/bao#BAX_0000016","propLabel":"operator","propAbbrev":"bao:BAX_0000016","valueURI":"http://purl.obolibrary.org/obo/GENEPIO_0001002","valueLabel":"less than (<)","valueAbbrev":"obo:GENEPIO_0001002","valueDescr":"","groupNest":["http://www.bioassayontology.org/bao#BAX_0000017"],"groupLabel":["measurement"],"valueHier":["http://purl.obolibrary.org/obo/GENEPIO_0001001"],"labelHier":["threshold comparisons"]}],"annotsRemoved":[],"labelsAdded":[{"propURI":"http://www.bioassayontology.org/bao#BAX_0000016","valueLabel":"less than (<)","propAbbrev":"bao:BAX_0000016","groupNest":["http://www.bioassayontology.org/bao#BAX_0000017"],"propLabel":"operator","groupLabel":["measurement"]}],"labelsRemoved":[]},{"curationTime":1520356892016,"curatorID":"google:108375455890260223170","curatorName":"","curatorEmail":"aclark.xyz@gmail.com","annotsAdded":[{"propURI":"http://www.bioassayontology.org/bao#BAO_0002800","propLabel":"assay cell line","propAbbrev":"bao:BAO_0002800","valueURI":"http://purl.obolibrary.org/obo/BTO_0001938","valueAbbrev":"obo:BTO_0001938","valueHier":[],"labelHier":[],"outOfSchema":true}],"annotsRemoved":[],"labelsAdded":[],"labelsRemoved":[]},{"curationTime":1584620545580,"curatorID":"google:108375455890260223170","curatorName":"","curatorEmail":"aclark.xyz@gmail.com","annotsAdded":[{"propURI":"http://www.bioassayontology.org/bao#BAO_0000211","propLabel":"target","propAbbrev":"bao:BAO_0000211","valueURI":"http://purl.obolibrary.org/obo/PR_P35372","valueLabel":"mu-type opioid receptor (human)","valueAbbrev":"obo:PR_P35372","valueDescr":"A mu-type opioid receptor that is encoded in the genome of human.","altLabels":["hOPRM1","mu opiate receptor (human)","M-OR-1 (human)","MOR-1 (human)","hMOP","mu opioid receptor (human)"],"valueHier":["http://purl.obolibrary.org/obo/PR_000029067","http://purl.obolibrary.org/obo/PR_000036194","http://purl.obolibrary.org/obo/PR_000000001"],"labelHier":["Homo sapiens protein","eukaryotic protein","protein"]}],"annotsRemoved":[],"labelsAdded":[],"labelsRemoved":[]}],"holdingIDList":[]}