{"assayID":6619,"uniqueID":"pubchemAID:743032","text":"Luminescence-based cell-based high throughput confirmation assay to identify agonists of the DAF-12 from the parasite H. contortus (hcDAF-12)\n\nKeywords:\n\nconfirmatory, CRUN, daf12, daf-12, Caenorhabditis elegans, C. elegans, primary screen, primary, PRUN, lumi, luminescence, HTS, high throughput screen, 1536, Scripps Florida, The Scripps Research Institute Molecular Screening Center, SRIMSC, Molecular Libraries Probe Production Centers Network, MLPCN.\n\nDue to the increasing size of the MLPCN compound library, this assay may have been run as two or more separate campaigns, each campaign testing a unique set of compounds. All data reported were normalized on a per-plate basis. Possible artifacts of this assay can include, but are not limited to: dust or lint located in or on wells of the microtiter plate, and compounds that modulate luciferase activity and hence well luminescence. All test compound concentrations reported above and below are nominal; the specific test concentration(s) for a particular compound may vary based upon the actual sample provided by the MLSMR. The MLSMR was not able to provide all compounds selected for testing in this assay.\n\nAssay Overview:\n\nThe purpose of this assay is to confirm the nuclear receptor Daf-12 from H.contortus agonists activity in compounds identified as active in a set of experiments entitled: \"Luminescence-based cell-based primary high throughput screening assay to identify activators of the DAF-12 from the parasite H. contortus (hcDAF-12)\" (AID 652067) . In this assay, HEK293 cells are co-transfected with a DAF12-responsive reporter plasmid (lit1-tk-luc) and expression vector encoding hcDAF12. The ability of compounds to increase transcriptional activity is assessed by measuring luciferase expression from the reporter gene plasmid. Compounds are tested in triplicate at a final nominal concentration of 6.8 uM.\n\nProtocol Summary:\n\nHEK293 cells were routinely cultured in T-175 flasks containing 25 mL of DMEM media supplemented with 10% v/v fetal bovine serum and 1% v/v antibiotic-antimycotic mix at 37 C, 5% CO2 and 95% relative humidity (RH). The day prior to run the assay, the HEK293 cells were harvested using 5 mL of TrypLE reagents and seeded in fresh media at a density of 10 million cells per T175 flask. The following day, cells were transfected with 1 mL of serum-free OptiMEM containing 8 ug of the hcDAF12-expressing vector, 20 ug of the lit1-tk-luc reporter plasmid and 80 uL of transfection reagent. Twenty four hours post transfection, cells were harvested using 5 mL of preheated TrypLE and resuspended at a concentration of 1 million cells per mL in phenol-red free DMEM supplemented as above. Delta7-dafachronic acid (D7-DA), a well-characterized agonist for hcDAF12, was used as a positive control.\n\nThe assay was started by dispensing 5 uL of cell suspension into each well of white, solid-bottom 1536-well plates using a flying reagent dispenser (Aurora) and placed in the incubator for 3 hours. Cells were then treated with 34 nL/well of either test compounds, DMSO (Low Control, final concentration 0.68%) or 3 uM of D7-DA (High Control). Plates were incubated for 24 hours at 37 C, 5% CO2 and 95%RH and then removed from the incubator and equilibrated to room temperature for 10 minutes. Luciferase activity was detected by addition of 5 uL of One-Glo reagent to each well. After a 15 minute incubation time, light emission was measured with the ViewLux reader (PerkinElmer).\n\nThe percent activation of each test compound was calculated as follows:\n\n% Activation = 100 * ( ( Test_Compound - Median_Low_Control ) / ( Median_High_Control - Median__Low_Control ) )\n\nWhere:\n\nHigh_Control is defined as wells treated with 3 uM Delta7 Dafachronic Acid\nLow_Control is defined as wells treated with DMSO only.\nTest_Compound is defined as wells treated with test compound.\n\nPubChem Activity Outcome and Score:\n\nThe average percent inhibition and standard deviation of each compound tested were calculated. Any compound that exhibited an average percent inhibition greater than the hit cutoff calculated for the primary screen (AID 652067) was declared active.\n\nThe reported PubChem Activity Score has been normalized to 100% observed primary activation. Negative % activation values are reported as activity score zero.\n\nThe PubChem Activity Score range for active compounds is 100-15, and for inactive compounds 15-0.\n\nList of Reagents:\n\nlit1-tk-luc luciferase reporter plasmid (Assay Provider)\nhcDAF12 expressiong plasmid (Assay Provider)\nHEK293 cells (ATCC, part CRL-1573)\nDMEM (Invitrogen, part 11965)\nFBS (Hyclone, part SH30088.03)\nAntibiotic-Antimycotic 100X Liquid Solution (Gibco, part 15240)\nTransIT 293 (Mirus Corporation, part MIR-2700)\nOptiMEM (Invitrogen, part 31985)\nTrypLE Trypsin Replacement Enzyme (Invitrogen, part 12604)\nOne-Glo (Promega, part E6130)\n1536-well plates (Greiner part 789173)","schemaURI":"http://www.bioassayontology.org/bas#","annotations":[{"propURI":"http://www.bioassayontology.org/bao#BAO_0000205","propLabel":"assay format","propAbbrev":"bao:BAO_0000205","valueURI":"http://www.bioassayontology.org/bao#BAO_0000219","valueLabel":"cell based format","valueAbbrev":"bao:BAO_0000219","valueDescr":"Involves the use of living cells of eukaryotic origin, derived from a multicellular organism, and is a heterogeneous assay type. Typically, this refers to permanent (immortal) cell lines, or primary cells, or some form of stem cells. This is distinct from a single-celled organism-based format (classically bacteria or yeast).","groupNest":[],"groupLabel":[],"valueHier":["http://www.bioassayontology.org/bao#BAO_0000019"],"labelHier":["assay format"]},{"propURI":"http://www.bioassayontology.org/bao#BAO_0002855","propLabel":"bioassay","propAbbrev":"bao:BAO_0002855","valueURI":"http://www.bioassayontology.org/bao#BAO_0002661","valueLabel":"luciferase reporter gene assay","valueAbbrev":"bao:BAO_0002661","valueDescr":"","groupNest":[],"groupLabel":[],"valueHier":["http://www.bioassayontology.org/bao#BAO_0003006","http://www.bioassayontology.org/bao#BAO_0010044","http://www.bioassayontology.org/bao#BAO_0000015"],"labelHier":["reporter gene assay","targeted transcriptional assay","bioassay"]},{"propURI":"http://www.bioassayontology.org/bao#BAO_0002854","propLabel":"bioassay type","propAbbrev":"bao:BAO_0002854","valueURI":"http://www.bioassayontology.org/bao#BAO_0000010","valueLabel":"functional","valueAbbrev":"bao:BAO_0000010","valueDescr":"An assay where the measured signal corresponds to a complex response such as cell survival, proliferation, localization of a protein, nuclear translocation etc. The molecular target is not assumed.","groupNest":[],"groupLabel":[],"valueHier":["http://www.bioassayontology.org/bao#BAO_0000008"],"labelHier":["bioassay type"]},{"propURI":"http://www.bioassayontology.org/bao#BAO_0095009","propLabel":"assay design method","propAbbrev":"bao:BAO_0095009","valueURI":"http://www.bioassayontology.org/bao#BAO_0000152","valueLabel":"luciferase induction","valueAbbrev":"bao:BAO_0000152","valueDescr":"Luciferase gene is attached to the regulatory sequence of a gene of interest. The effect of a perturbagen on the expression of the gene of interest could be easily measured by the detection of light emitted as a product the luciferase reaction.","groupNest":[],"groupLabel":[],"valueHier":["http://www.bioassayontology.org/bao#BAO_0000125","http://www.bioassayontology.org/bao#BAO_0003024","http://www.bioassayontology.org/bao#BAO_0002202"],"labelHier":["reporter gene method","gene expression detection method","assay design method"]},{"propURI":"http://www.bioassayontology.org/bao#BAO_0002800","propLabel":"assay cell line","propAbbrev":"bao:BAO_0002800","valueURI":"http://purl.obolibrary.org/obo/CLO_0001230","valueLabel":"HEK-293 cell","valueAbbrev":"obo:CLO_0001230","valueDescr":"Established from a human primary embryonal kidney transformed by adenovirus type 5.","groupNest":[],"groupLabel":[],"altLabels":["人胚肾 293","HEK 293","293 细胞","HEK-293","293 HEK","293","293 cell","Human Embryonic Kidney 293"],"valueHier":["http://dto.org/DTO/DTO_000"],"labelHier":["BRENDA tissues and cell lines"]},{"propURI":"http://www.bioassayontology.org/bao#BAO_0002009","propLabel":"biological process","propAbbrev":"bao:BAO_0002009","valueURI":"http://purl.obolibrary.org/obo/GO_0006357","valueLabel":"regulation of transcription from RNA polymerase II promoter","valueAbbrev":"obo:GO_0006357","valueDescr":"Any process that modulates the frequency, rate or extent of transcription from an RNA polymerase II promoter.","groupNest":[],"groupLabel":[],"valueHier":["http://purl.obolibrary.org/obo/GO_0006355","http://purl.obolibrary.org/obo/GO_2000112","http://purl.obolibrary.org/obo/GO_0031326","http://purl.obolibrary.org/obo/GO_0031323","http://purl.obolibrary.org/obo/GO_0019222","http://purl.obolibrary.org/obo/GO_0050789","http://purl.obolibrary.org/obo/GO_0065007","http://purl.obolibrary.org/obo/GO_0008150","http://www.bioassayontology.org/bao#BAO_0003114"],"labelHier":["regulation of transcription, DNA-templated","regulation of cellular macromolecule biosynthetic process","regulation of cellular biosynthetic process","regulation of cellular metabolic process","regulation of metabolic process","regulation of biological process","biological regulation","biological process","assay biology component"]},{"propURI":"http://www.bioassayontology.org/bao#BAO_0002009","propLabel":"biological process","propAbbrev":"bao:BAO_0002009","valueURI":"http://purl.obolibrary.org/obo/GO_0090648","valueLabel":"response to environmental enrichment","valueAbbrev":"obo:GO_0090648","valueDescr":"Any process that results in a change in state or activity of an organism (in terms of movement, secretion, enzyme production, gene expression, etc.) as a result of the provision of a combination of complex inanimate and social stimulations in the organism's housing environment.","groupNest":[],"groupLabel":[],"valueHier":["http://purl.obolibrary.org/obo/GO_0009605","http://purl.obolibrary.org/obo/GO_0050896","http://purl.obolibrary.org/obo/GO_0008150","http://www.bioassayontology.org/bao#BAO_0003114"],"labelHier":["response to external stimulus","response to stimulus","biological process","assay biology component"]},{"propURI":"http://www.bioassayontology.org/bao#BAO_0000211","propLabel":"target","propAbbrev":"bao:BAO_0000211","valueURI":"http://www.bioassayontology.org/bat#SeeGeneID","valueLabel":"see Gene ID","valueAbbrev":"bat:SeeGeneID","valueDescr":"The target is present in the Gene ID section, but needs to be mapped to a formal ontology.","groupNest":[],"groupLabel":[],"valueHier":["http://www.bioassayontology.org/bat#SeeAlso"],"labelHier":["see also"]},{"propURI":"http://www.bioassayontology.org/bao#BAO_0002848","propLabel":"applies to disease","propAbbrev":"bao:BAO_0002848","valueURI":"http://purl.obolibrary.org/obo/DOID_883","valueLabel":"parasitic helminthiasis infectious disease","valueAbbrev":"obo:DOID_883","valueDescr":"A parasitic infectious disease that occurs when part of the body is infested with parasitic worms such as cestodes, nematodes and trematodes.","groupNest":[],"groupLabel":[],"valueHier":["http://purl.obolibrary.org/obo/DOID_1398","http://purl.obolibrary.org/obo/DOID_0050117","http://purl.obolibrary.org/obo/DOID_4"],"labelHier":["parasitic infectious disease","disease by infectious agent","Disease"]},{"propURI":"http://www.bioassayontology.org/bao#BAO_0000196","propLabel":"assay mode of action","propAbbrev":"bao:BAO_0000196","valueURI":"http://www.bioassayontology.org/bao#BAO_0000087","valueLabel":"activation","valueAbbrev":"bao:BAO_0000087","valueDescr":"Increase of a predefined stimulus. Unit of Measure is always % when normalized to the dynamic range of the assay.","groupNest":[],"groupLabel":[],"valueHier":["http://www.bioassayontology.org/bao#BAO_0000084","http://www.bioassayontology.org/bao#BAO_0000074"],"labelHier":["ligand function mode of action","mode of action"]},{"propURI":"http://www.bioassayontology.org/bao#BAO_0000208","propLabel":"result","propAbbrev":"bao:BAO_0000208","valueURI":"http://www.bioassayontology.org/bao#BAO_0000200","valueLabel":"percent activation","valueAbbrev":"bao:BAO_0000200","valueDescr":"Percent increase of a measureable response relative to some baseline. Unit of Measure is always % when normalized to the dynamic range of the assay.\nPercent activity measures the increased activity vs. an unperturbed state, i.e. percent activation := percent activity - 100; e.g. an agonist that results in twice the activity would have percent activity = 200 and percent activation = 100.\n","groupNest":[],"groupLabel":[],"altLabels":["% activation"],"valueHier":["http://www.bioassayontology.org/bao#BAO_0000082","http://www.bioassayontology.org/bao#BAO_0000181","http://www.bioassayontology.org/bao#BAO_0000179"],"labelHier":["percent response","response endpoint","endpoint"]},{"propURI":"http://www.bioassayontology.org/bao#BAO_0002874","propLabel":"units","propAbbrev":"bao:BAO_0002874","valueURI":"http://purl.obolibrary.org/obo/UO_0000187","valueLabel":"percent","valueAbbrev":"obo:UO_0000187","valueDescr":"A dimensionless ratio unit which denotes numbers as fractions of 100.","groupNest":["http://www.bioassayontology.org/bao#BAX_0000017"],"groupLabel":["measurement"],"valueHier":["http://purl.obolibrary.org/obo/UO_0000190","http://purl.obolibrary.org/obo/UO_0000186","http://purl.obolibrary.org/obo/UO_0000000"],"labelHier":["ratio","dimensionless unit","unit"]},{"propURI":"http://www.bioassayontology.org/bao#BAO_0002867","propLabel":"assay footprint","propAbbrev":"bao:BAO_0002867","valueURI":"http://www.bioassayontology.org/bao#BAO_0000516","valueLabel":"1536 well plate","valueAbbrev":"bao:BAO_0000516","valueDescr":"This microplate contains 1536 wells. It is highly miniaturized to accommodate more wells on one plate which reduces the plate handling time and allows working with very small volumes (few microliters) that reduces the cost of an assay.","groupNest":[],"groupLabel":[],"valueHier":["http://www.bioassayontology.org/bao#BAO_0000508","http://www.bioassayontology.org/bao#BAO_0000512"],"labelHier":["microplate","assay footprint"]},{"propURI":"http://www.bioassayontology.org/bao#BAO_0002663","propLabel":"assay kit","propAbbrev":"bao:BAO_0002663","valueURI":"http://www.bioassayontology.org/bao#BAO_0000675","valueLabel":"ONE-Glo Luciferase Assay System","valueAbbrev":"bao:BAO_0000675","valueDescr":"","groupNest":[],"groupLabel":[],"valueHier":["http://www.bioassayontology.org/bao#BAO_0140017","http://www.bioassayontology.org/bao#BAO_0000248"],"labelHier":["Luciferase-based ('Glo') Assay System (Promega)","assay kit"]},{"propURI":"http://www.bioassayontology.org/bao#BAO_0000207","propLabel":"physical detection method","propAbbrev":"bao:BAO_0000207","valueURI":"http://www.bioassayontology.org/bao#BAO_0000050","valueLabel":"bioluminescence","valueAbbrev":"bao:BAO_0000050","valueDescr":"Bioluminescence refers to the production and emission of light by a living organism. Bioluminescence is a naturally occurring form of chemiluminescence whereby energy is released by a chemical reaction in the form of light emission. The chemical reaction can occur either inside or outside the cell, and can be detected using a plate reader or a charge-coupled device (CCD) camera.","groupNest":[],"groupLabel":[],"valueHier":["http://www.bioassayontology.org/bao#BAO_0000045","http://www.bioassayontology.org/bao#BAO_0000035"],"labelHier":["luminescence method","physical detection method"]},{"propURI":"http://www.bioassayontology.org/bao#BAO_0002865","propLabel":"detection instrument","propAbbrev":"bao:BAO_0002865","valueURI":"http://www.bioassayontology.org/bao#BAO_0000691","valueLabel":"ViewLux ultraHTS Microplate Imager","valueAbbrev":"bao:BAO_0000691","valueDescr":"","groupNest":[],"groupLabel":[],"valueHier":["http://www.bioassayontology.org/bao#BAO_0000697"],"labelHier":["detection instrument"]},{"propURI":"http://www.bioassayontology.org/bao#BAO_0000185","propLabel":"perturbagen type","propAbbrev":"bao:BAO_0000185","valueURI":"http://www.bioassayontology.org/bao#BAO_0000733","valueLabel":"MLSMR library","valueAbbrev":"bao:BAO_0000733","valueDescr":"","groupNest":[],"groupLabel":[],"valueHier":["http://www.bioassayontology.org/bao#BAO_0000648","http://www.bioassayontology.org/bao#BAO_0000661","http://www.bioassayontology.org/bao#BAO_0003120"],"labelHier":["compound library","perturbagen library","assay screened entity component"]},{"propURI":"http://www.bioassayontology.org/bao#BAO_0000210","propLabel":"screening campaign stage","propAbbrev":"bao:BAO_0000210","valueURI":"http://www.bioassayontology.org/bao#BAO_0000030","valueLabel":"confirmatory assay","valueAbbrev":"bao:BAO_0000030","valueDescr":"Assay performed to confirm activity of compounds identified in the primary screen.  It can be performed as replicate measurements at a single screening concentration or as concentration-response assay.","groupNest":[],"groupLabel":[],"valueHier":["http://www.bioassayontology.org/bao#BAO_0000029"],"labelHier":["assay screening campaign stage"]},{"propURI":"http://www.bioassayontology.org/bao#BAX_0000012","propLabel":"protein identity","propAbbrev":"bao:BAX_0000012","valueURI":"http://www.bioassayontology.org/protein#71987181","valueLabel":"Nuclear hormone receptor family member daf-12 [Caenorhabditis elegans]","valueAbbrev":"protein:71987181","valueDescr":"Protein: Nuclear hormone receptor family member daf-12 [Caenorhabditis elegans], Organism: Caenorhabditis elegans","groupNest":[],"groupLabel":[],"externalURLs":["https://www.ncbi.nlm.nih.gov/protein/71987181"],"valueHier":["http://www.bioassayontology.org/taxon#6239","http://www.bioassayontology.org/taxon#2301116","http://www.bioassayontology.org/taxon#6236","http://www.bioassayontology.org/taxon#6231","http://www.bioassayontology.org/taxon#1206794","http://www.bioassayontology.org/taxon#33317","http://www.bioassayontology.org/taxon#33213","http://www.bioassayontology.org/taxon#33208","http://www.bioassayontology.org/taxon#33154","http://www.bioassayontology.org/taxon#2759","http://www.bioassayontology.org/taxon#131567","http://www.bioassayontology.org/taxon#Root"],"labelHier":["Caenorhabditis elegans","Rhabditina / Rhabditomorpha / Rhabditoidea / Rhabditidae / Peloderinae / Caenorhabditis","Rhabditida","Nematoda / Chromadorea","Ecdysozoa","Protostomia","Bilateria","Metazoa / Eumetazoa","Opisthokonta","Eukaryota","cellular organisms","Faux ProteinID"]},{"propURI":"http://www.bioassayontology.org/bao#BAX_0000011","propLabel":"gene identity","propAbbrev":"bao:BAX_0000011","valueURI":"http://www.bioassayontology.org/geneid#181263","valueLabel":"daf-12: Nuclear hormone receptor family member daf-12","valueAbbrev":"geneid:181263","valueDescr":"","groupNest":[],"groupLabel":[],"externalURLs":["https://www.ncbi.nlm.nih.gov/gene/181263"],"valueHier":["http://www.bioassayontology.org/geneid#Caenorhabditis_elegans","http://www.bioassayontology.org/geneid#Invertebrates","http://www.bioassayontology.org/geneid#Root"],"labelHier":["Caenorhabditis elegans","Invertebrates","Faux GeneID"]},{"propURI":"http://www.bioassayontology.org/bao#BAO_0002921","propLabel":"organism","propAbbrev":"bao:BAO_0002921","valueURI":"http://purl.obolibrary.org/obo/NCBITaxon_6289","valueLabel":"Haemonchus contortus","valueAbbrev":"obo:NCBITaxon_6289","valueDescr":"","groupNest":[],"groupLabel":[],"altLabels":["red stomach worm","barber pole worm"],"valueHier":["http://www.bioassayontology.org/bao#BAO_0000511","http://www.bioassayontology.org/bao#BAO_0000659","http://www.bioassayontology.org/bao#BAO_0000509","http://www.bioassayontology.org/bao#BAO_0000658","http://www.bioassayontology.org/bao#BAO_0000551"],"labelHier":["invertebrate","metazoa","eukaryote","cellular organisms","organism"]},{"propURI":"http://www.bioassayontology.org/bao#BAO_0002852","propLabel":"assay sources","propAbbrev":"bao:BAO_0002852","valueURI":"http://www.bioassayexpress.org/sources#SRC_0000026","valueLabel":"Molecular Screening Center (The Scripps Research Institute)","valueAbbrev":"src:SRC_0000026","valueDescr":"The Scripps Research Institute Molecular Screening Center.","groupNest":[],"groupLabel":[],"externalURLs":["http://mlpcn.florida.scripps.edu"],"valueHier":["http://www.bioassayexpress.org/sources#pubchem_sources","http://www.bioassayontology.org/bao#BAO_0002934"],"labelHier":["PubChem Sources","organization"]},{"propURI":"http://www.bioassayontology.org/bao#BAO_0002867","propLabel":"assay footprint","propAbbrev":"bao:BAO_0002867","valueURI":"http://www.bioassayontology.org/bao#BAO_0002517","valueLabel":"T-175","valueAbbrev":"bao:BAO_0002517","valueDescr":"","groupNest":[],"groupLabel":[],"valueHier":["http://www.bioassayontology.org/bao#BAO_0002192","http://www.bioassayontology.org/bao#BAO_0000512"],"labelHier":["tissue culture flask","assay footprint"]},{"propURI":"http://www.bioassayontology.org/bao#BAO_0000539","valueLabel":"pubchemAID:652067","propAbbrev":"bao:BAO_0000539","groupNest":[],"propLabel":"related assays","groupLabel":[]},{"propURI":"http://www.bioassayontology.org/bao#BAO_0000539","valueLabel":"pubchemAID:652074","propAbbrev":"bao:BAO_0000539","groupNest":[],"propLabel":"related assays","groupLabel":[]},{"propURI":"http://www.bioassayontology.org/bao#BAO_0002853","valueLabel":"Luminescence-based cell-based high throughput confirmation assay to identify agonists of the DAF-12 from the parasite H. contortus (hcDAF-12)","propAbbrev":"bao:BAO_0002853","groupNest":[],"propLabel":"assay title","groupLabel":[]}],"pubchemXRef":[{"type":"aid","id":"652067","comment":"Primary assay (hcDAF-12 agonist run in singlicate)"},{"type":"aid","id":"652074","comment":"Summary (hcDAF-12 AG)"},{"type":"gene","id":"181263","comment":"daf-12 Protein DAF-12"},{"type":"taxonomy","id":"6239","comment":""},{"type":"dburl","id":"http://mlpcn.florida.scripps.edu/","comment":""},{"type":"pmid","id":"14527330","comment":"Reference (1)"},{"type":"pmid","id":"16709466","comment":"Reference (2)"},{"type":"pmid","id":"16051528","comment":"Reference (3)"},{"type":"pmid","id":"4366476","comment":"Reference (4)"},{"type":"pmid","id":"16529801","comment":"Reference (5)"},{"type":"pmid","id":"10859169","comment":"Reference (6)"},{"type":"pmid","id":"15084461","comment":"Reference (7)"},{"type":"pmid","id":"19497877","comment":"Reference (8)"},{"type":"pmid","id":"17163670","comment":"Reference (9)"},{"type":"protein_gi","id":"71987181","comment":"Protein DAF-12, isoform a [Caenorhabditis elegans]"}],"curationTime":1523302890673,"curatorID":"google:108375455890260223170","curatorName":"","curatorEmail":"aclark.xyz@gmail.com","history":[{"curationTime":1482441484846,"curatorID":"orcid:0000-0003-2629-5583","annotsAdded":[{"propURI":"http://www.bioassayontology.org/bao#BAO_0002921","propLabel":"organism","propAbbrev":"bao:BAO_0002921","valueURI":"http://purl.obolibrary.org/obo/NCBITaxon_6289","valueLabel":"Haemonchus contortus","valueAbbrev":"obo:NCBITaxon_6289","valueDescr":"","altLabels":["red stomach worm","barber pole worm"],"valueHier":["http://www.bioassayontology.org/bao#BAO_0000511","http://www.bioassayontology.org/bao#BAO_0000659","http://www.bioassayontology.org/bao#BAO_0000509","http://www.bioassayontology.org/bao#BAO_0000658","http://www.bioassayontology.org/bao#BAO_0000551"],"labelHier":["invertebrate","metazoa","eukaryote","cellular organisms","organism"]}],"annotsRemoved":[{"propURI":"http://www.bioassayontology.org/bao#BAO_0002921","propLabel":"organism","propAbbrev":"bao:BAO_0002921","valueURI":"http://www.bioassayontology.org/bao#BAO_0000511","valueLabel":"invertebrate","valueAbbrev":"bao:BAO_0000511","valueDescr":"These animals lack a vertebral column and many of which are used as model organisms in HTS screening including Drosophila, C.elegans, sea urchin, etc.","valueHier":["http://www.bioassayontology.org/bao#BAO_0000659","http://www.bioassayontology.org/bao#BAO_0000509","http://www.bioassayontology.org/bao#BAO_0000658","http://www.bioassayontology.org/bao#BAO_0000551"],"labelHier":["metazoa","eukaryote","cellular organisms","organism"]},{"propURI":"http://www.bioassayontology.org/bao#BAO_0002921","propLabel":"organism","propAbbrev":"bao:BAO_0002921","valueURI":"http://www.bioassayontology.org/bat#RequiresTerm","valueLabel":"requires term","valueAbbrev":"bat:RequiresTerm","valueDescr":"An appropriate term could not be found in the underlying ontologies: it may be necessary to create a new one.","valueHier":[],"labelHier":[]}],"labelsAdded":[{"propURI":"http://www.bioassayontology.org/bao#BAO_0002921","valueLabel":"Haemonchus contortus","propAbbrev":"bao:BAO_0002921","propLabel":"organism"}],"labelsRemoved":[{"propURI":"http://www.bioassayontology.org/bao#BAO_0002921","valueLabel":"invertebrate","propAbbrev":"bao:BAO_0002921","propLabel":"organism"},{"propURI":"http://www.bioassayontology.org/bao#BAO_0002921","valueLabel":"requires term","propAbbrev":"bao:BAO_0002921","propLabel":"organism"}]},{"curationTime":1492468129452,"curatorID":"admin","annotsAdded":[{"propURI":"http://www.bioassayontology.org/bao#BAO_0002854","propLabel":"bioassay type","propAbbrev":"bao:BAO_0002854","valueURI":"http://www.bioassayontology.org/bao#BAO_0000010","valueLabel":"functional","valueAbbrev":"bao:BAO_0000010","valueDescr":"An assay where the measured signal corresponds to a complex response such as cell survival, proliferation, localization of a protein, nuclear translocation etc. The molecular target is not assumed.","valueHier":["http://www.bioassayontology.org/bao#BAO_0000008"],"labelHier":["bioassay type"]}],"annotsRemoved":[{"propURI":"http://www.bioassayontology.org/bao#BAX_0000002","propLabel":"has bioassay type","propAbbrev":"bao:BAX_0000002","valueURI":"http://www.bioassayontology.org/bao#BAO_0000010","valueLabel":"functional","valueAbbrev":"bao:BAO_0000010","valueDescr":"An assay where the measured signal corresponds to a complex response such as cell survival, proliferation, localization of a protein, nuclear translocation etc. The molecular target is not assumed.","valueHier":[],"labelHier":[],"outOfSchema":true}],"labelsAdded":[{"propURI":"http://www.bioassayontology.org/bao#BAO_0002854","valueLabel":"functional","propAbbrev":"bao:BAO_0002854","propLabel":"bioassay type"}],"labelsRemoved":[{"propURI":"http://www.bioassayontology.org/bao#BAX_0000002","valueLabel":"functional","propAbbrev":"bao:BAX_0000002","propLabel":"has bioassay type"}]},{"curationTime":1492468129452,"curatorID":"admin","annotsAdded":[{"propURI":"http://www.bioassayontology.org/bao#BAO_0002009","propLabel":"biological process","propAbbrev":"bao:BAO_0002009","valueURI":"http://purl.obolibrary.org/obo/GO_0006357","valueLabel":"regulation of transcription from RNA polymerase II promoter","valueAbbrev":"obo:GO_0006357","valueDescr":"Any process that modulates the frequency, rate or extent of transcription from an RNA polymerase II promoter.","valueHier":["http://purl.obolibrary.org/obo/GO_0006355","http://purl.obolibrary.org/obo/GO_2000112","http://purl.obolibrary.org/obo/GO_0031326","http://purl.obolibrary.org/obo/GO_0031323","http://purl.obolibrary.org/obo/GO_0019222","http://purl.obolibrary.org/obo/GO_0050789","http://purl.obolibrary.org/obo/GO_0065007","http://purl.obolibrary.org/obo/GO_0008150","http://www.bioassayontology.org/bao#BAO_0003114"],"labelHier":["regulation of transcription, DNA-templated","regulation of cellular macromolecule biosynthetic process","regulation of cellular biosynthetic process","regulation of cellular metabolic process","regulation of metabolic process","regulation of biological process","biological regulation","biological process","assay biology component"]},{"propURI":"http://www.bioassayontology.org/bao#BAO_0002009","propLabel":"biological process","propAbbrev":"bao:BAO_0002009","valueURI":"http://purl.obolibrary.org/obo/GO_0090648","valueLabel":"response to environmental enrichment","valueAbbrev":"obo:GO_0090648","valueDescr":"Any process that results in a change in state or activity of an organism (in terms of movement, secretion, enzyme production, gene expression, etc.) as a result of the provision of a combination of complex inanimate and social stimulations in the organism's housing environment.","valueHier":["http://purl.obolibrary.org/obo/GO_0009605","http://purl.obolibrary.org/obo/GO_0050896","http://purl.obolibrary.org/obo/GO_0008150","http://www.bioassayontology.org/bao#BAO_0003114"],"labelHier":["response to external stimulus","response to stimulus","biological process","assay biology component"]}],"annotsRemoved":[{"propURI":"http://www.bioassayontology.org/bao#BAX_0000004","propAbbrev":"bao:BAX_0000004","valueURI":"http://purl.obolibrary.org/obo/GO_0006357","valueLabel":"regulation of transcription from RNA polymerase II promoter","valueAbbrev":"obo:GO_0006357","valueDescr":"Any process that modulates the frequency, rate or extent of transcription from an RNA polymerase II promoter.","valueHier":[],"labelHier":[],"outOfSchema":true},{"propURI":"http://www.bioassayontology.org/bao#BAX_0000004","propAbbrev":"bao:BAX_0000004","valueURI":"http://purl.obolibrary.org/obo/GO_0090648","valueLabel":"response to environmental enrichment","valueAbbrev":"obo:GO_0090648","valueDescr":"Any process that results in a change in state or activity of an organism (in terms of movement, secretion, enzyme production, gene expression, etc.) as a result of the provision of a combination of complex inanimate and social stimulations in the organism's housing environment.","valueHier":[],"labelHier":[],"outOfSchema":true}],"labelsAdded":[{"propURI":"http://www.bioassayontology.org/bao#BAO_0002009","valueLabel":"regulation of transcription from RNA polymerase II promoter","propAbbrev":"bao:BAO_0002009","propLabel":"biological process"},{"propURI":"http://www.bioassayontology.org/bao#BAO_0002009","valueLabel":"response to environmental enrichment","propAbbrev":"bao:BAO_0002009","propLabel":"biological process"}],"labelsRemoved":[{"propURI":"http://www.bioassayontology.org/bao#BAX_0000004","valueLabel":"regulation of transcription from RNA polymerase II promoter","propAbbrev":"bao:BAX_0000004"},{"propURI":"http://www.bioassayontology.org/bao#BAX_0000004","valueLabel":"response to environmental enrichment","propAbbrev":"bao:BAX_0000004"}]},{"curationTime":1492468129452,"curatorID":"admin","annotsAdded":[{"propURI":"http://www.bioassayontology.org/bao#BAO_0002848","propLabel":"applies to disease","propAbbrev":"bao:BAO_0002848","valueURI":"http://purl.obolibrary.org/obo/DOID_883","valueLabel":"parasitic helminthiasis infectious disease","valueAbbrev":"obo:DOID_883","valueDescr":"A parasitic infectious disease that occurs when part of the body is infested with parasitic worms such as cestodes, nematodes and trematodes.","valueHier":["http://purl.obolibrary.org/obo/DOID_1398","http://purl.obolibrary.org/obo/DOID_0050117","http://purl.obolibrary.org/obo/DOID_4"],"labelHier":["parasitic infectious disease","disease by infectious agent","Disease"]}],"annotsRemoved":[{"propURI":"http://www.bioassayontology.org/bao#BAX_0000010","propAbbrev":"bao:BAX_0000010","valueURI":"http://purl.obolibrary.org/obo/DOID_883","valueLabel":"parasitic helminthiasis infectious disease","valueAbbrev":"obo:DOID_883","valueDescr":"A parasitic infectious disease that occurs when part of the body is infested with parasitic worms such as cestodes, nematodes and trematodes.","valueHier":[],"labelHier":[],"outOfSchema":true}],"labelsAdded":[{"propURI":"http://www.bioassayontology.org/bao#BAO_0002848","valueLabel":"parasitic helminthiasis infectious disease","propAbbrev":"bao:BAO_0002848","propLabel":"applies to disease"}],"labelsRemoved":[{"propURI":"http://www.bioassayontology.org/bao#BAX_0000010","valueLabel":"parasitic helminthiasis infectious disease","propAbbrev":"bao:BAX_0000010"}]},{"curationTime":1492468129452,"curatorID":"admin","annotsAdded":[{"propURI":"http://www.bioassayontology.org/bao#BAO_0000208","propLabel":"result","propAbbrev":"bao:BAO_0000208","valueURI":"http://www.bioassayontology.org/bao#BAO_0000200","valueLabel":"percent activation","valueAbbrev":"bao:BAO_0000200","valueDescr":"Percent increase of a measureable response relative to some baseline. Unit of Measure is always % when normalized to the dynamic range of the assay.\nPercent activity measures the increased activity vs. an unperturbed state, i.e. percent activation := percent activity - 100; e.g. an agonist that results in twice the activity would have percent activity = 200 and percent activation = 100.\n","altLabels":["% activation"],"valueHier":["http://www.bioassayontology.org/bao#BAO_0000082","http://www.bioassayontology.org/bao#BAO_0000181","http://www.bioassayontology.org/bao#BAO_0000179"],"labelHier":["percent response","response endpoint","endpoint"]}],"annotsRemoved":[{"propURI":"http://www.bioassayontology.org/bao#BAX_0000006","propAbbrev":"bao:BAX_0000006","valueURI":"http://www.bioassayontology.org/bao#BAO_0000200","valueLabel":"percent activation","valueAbbrev":"bao:BAO_0000200","valueDescr":"Percent increase of a measureable response relative to some baseline. Unit of Measure is always % when normalized to the dynamic range of the assay.\nPercent activity measures the increased activity vs. an unperturbed state, i.e. percent activation := percent activity - 100; e.g. an agonist that results in twice the activity would have percent activity = 200 and percent activation = 100.\n","valueHier":[],"labelHier":[],"outOfSchema":true}],"labelsAdded":[{"propURI":"http://www.bioassayontology.org/bao#BAO_0000208","valueLabel":"percent activation","propAbbrev":"bao:BAO_0000208","propLabel":"result"}],"labelsRemoved":[{"propURI":"http://www.bioassayontology.org/bao#BAX_0000006","valueLabel":"percent activation","propAbbrev":"bao:BAX_0000006"}]},{"curationTime":1492468129452,"curatorID":"admin","annotsAdded":[{"propURI":"http://www.bioassayontology.org/bao#BAO_0002874","propLabel":"units","propAbbrev":"bao:BAO_0002874","valueURI":"http://purl.org/obo/owl/UO#UO_0000187","valueLabel":"percent","valueAbbrev":"uo:UO_0000187","valueDescr":"","valueHier":[],"labelHier":[],"outOfSchema":true}],"annotsRemoved":[{"propURI":"http://www.bioassayontology.org/bao#BAX_0000007","propAbbrev":"bao:BAX_0000007","valueURI":"http://purl.org/obo/owl/UO#UO_0000187","valueLabel":"percent","valueAbbrev":"uo:UO_0000187","valueDescr":"","valueHier":[],"labelHier":[],"outOfSchema":true}],"labelsAdded":[{"propURI":"http://www.bioassayontology.org/bao#BAO_0002874","valueLabel":"percent","propAbbrev":"bao:BAO_0002874","propLabel":"units"}],"labelsRemoved":[{"propURI":"http://www.bioassayontology.org/bao#BAX_0000007","valueLabel":"percent","propAbbrev":"bao:BAX_0000007"}]},{"curationTime":1492468129452,"curatorID":"admin","annotsAdded":[{"propURI":"http://www.bioassayontology.org/bao#BAO_0095009","propLabel":"assay design method","propAbbrev":"bao:BAO_0095009","valueURI":"http://www.bioassayontology.org/bao#BAO_0000152","valueLabel":"luciferase induction","valueAbbrev":"bao:BAO_0000152","valueDescr":"Luciferase gene is attached to the regulatory sequence of a gene of interest. The effect of a perturbagen on the expression of the gene of interest could be easily measured by the detection of light emitted as a product the luciferase reaction.","valueHier":["http://www.bioassayontology.org/bao#BAO_0000125","http://www.bioassayontology.org/bao#BAO_0003024","http://www.bioassayontology.org/bao#BAO_0002202"],"labelHier":["reporter gene method","gene expression detection method","assay design method"]}],"annotsRemoved":[{"propURI":"http://www.bioassayontology.org/bao#BAX_0000003","propAbbrev":"bao:BAX_0000003","valueURI":"http://www.bioassayontology.org/bao#BAO_0000152","valueLabel":"luciferase induction","valueAbbrev":"bao:BAO_0000152","valueDescr":"Luciferase gene is attached to the regulatory sequence of a gene of interest. The effect of a perturbagen on the expression of the gene of interest could be easily measured by the detection of light emitted as a product the luciferase reaction.","valueHier":[],"labelHier":[],"outOfSchema":true}],"labelsAdded":[{"propURI":"http://www.bioassayontology.org/bao#BAO_0095009","valueLabel":"luciferase induction","propAbbrev":"bao:BAO_0095009","propLabel":"assay design method"}],"labelsRemoved":[{"propURI":"http://www.bioassayontology.org/bao#BAX_0000003","valueLabel":"luciferase induction","propAbbrev":"bao:BAX_0000003"}]},{"curationTime":1492468129452,"curatorID":"admin","annotsAdded":[{"propURI":"http://www.bioassayontology.org/bao#BAO_0000211","propLabel":"target","propAbbrev":"bao:BAO_0000211","valueURI":"http://www.bioassayontology.org/bat#SeeGeneID","valueLabel":"see Gene ID","valueAbbrev":"bat:SeeGeneID","valueDescr":"The target is present in the Gene ID section, but needs to be mapped to a formal ontology.","valueHier":["http://www.bioassayontology.org/bat#SeeAlso"],"labelHier":["see also"]}],"annotsRemoved":[{"propURI":"http://www.bioassayontology.org/bao#BAX_0000005","propAbbrev":"bao:BAX_0000005","valueURI":"http://www.bioassayontology.org/bat#SeeGeneID","valueLabel":"see Gene ID","valueAbbrev":"bat:SeeGeneID","valueDescr":"The target is present in the Gene ID section, but needs to be mapped to a formal ontology.","valueHier":[],"labelHier":[],"outOfSchema":true}],"labelsAdded":[{"propURI":"http://www.bioassayontology.org/bao#BAO_0000211","valueLabel":"see Gene ID","propAbbrev":"bao:BAO_0000211","propLabel":"target"}],"labelsRemoved":[{"propURI":"http://www.bioassayontology.org/bao#BAX_0000005","valueLabel":"see Gene ID","propAbbrev":"bao:BAX_0000005"}]},{"curationTime":1492468129452,"curatorID":"admin","annotsAdded":[{"propURI":"http://www.bioassayontology.org/bao#BAO_0002855","propLabel":"bioassay","propAbbrev":"bao:BAO_0002855","valueURI":"http://www.bioassayontology.org/bao#BAO_0002661","valueLabel":"luciferase reporter gene assay","valueAbbrev":"bao:BAO_0002661","valueDescr":"","valueHier":["http://www.bioassayontology.org/bao#BAO_0003006","http://www.bioassayontology.org/bao#BAO_0010044","http://www.bioassayontology.org/bao#BAO_0000015"],"labelHier":["reporter gene assay","targeted transcriptional assay","bioassay"]}],"annotsRemoved":[{"propURI":"http://www.bioassayontology.org/bao#BAX_0000002","propLabel":"has bioassay type","propAbbrev":"bao:BAX_0000002","valueURI":"http://www.bioassayontology.org/bao#BAO_0002661","valueLabel":"luciferase reporter gene assay","valueAbbrev":"bao:BAO_0002661","valueDescr":"","valueHier":[],"labelHier":[],"outOfSchema":true}],"labelsAdded":[{"propURI":"http://www.bioassayontology.org/bao#BAO_0002855","valueLabel":"luciferase reporter gene assay","propAbbrev":"bao:BAO_0002855","propLabel":"bioassay"}],"labelsRemoved":[{"propURI":"http://www.bioassayontology.org/bao#BAX_0000002","valueLabel":"luciferase reporter gene assay","propAbbrev":"bao:BAX_0000002","propLabel":"has bioassay type"}]},{"curationTime":1492468129452,"curatorID":"admin","annotsAdded":[{"propURI":"http://www.bioassayontology.org/bao#BAO_0002874","propLabel":"units","propAbbrev":"bao:BAO_0002874","valueURI":"http://purl.obolibrary.org/obo/UO_0000187","valueLabel":"percent","valueAbbrev":"obo:UO_0000187","valueDescr":"A dimensionless ratio unit which denotes numbers as fractions of 100.","valueHier":["http://purl.obolibrary.org/obo/UO_0000190","http://purl.obolibrary.org/obo/UO_0000186","http://purl.obolibrary.org/obo/UO_0000000"],"labelHier":["ratio","dimensionless unit","unit"]}],"annotsRemoved":[{"propURI":"http://www.bioassayontology.org/bao#BAO_0002874","propLabel":"units","propAbbrev":"bao:BAO_0002874","valueURI":"http://purl.org/obo/owl/UO#UO_0000187","valueLabel":"percent","valueAbbrev":"uo:UO_0000187","valueDescr":"","valueHier":[],"labelHier":[],"outOfSchema":true}],"labelsAdded":[{"propURI":"http://www.bioassayontology.org/bao#BAO_0002874","valueLabel":"percent","propAbbrev":"bao:BAO_0002874","propLabel":"units"}],"labelsRemoved":[{"propURI":"http://www.bioassayontology.org/bao#BAO_0002874","valueLabel":"percent","propAbbrev":"bao:BAO_0002874","propLabel":"units"}]},{"curationTime":1520356894627,"curatorID":"google:108375455890260223170","curatorName":"","curatorEmail":"aclark.xyz@gmail.com","annotsAdded":[{"propURI":"http://www.bioassayontology.org/bao#BAO_0002800","propLabel":"assay cell line","propAbbrev":"bao:BAO_0002800","valueURI":"http://purl.obolibrary.org/obo/CLO_0001230","valueLabel":"HEK-293 cell","valueAbbrev":"obo:CLO_0001230","valueDescr":"Established from a human primary embryonal kidney transformed by adenovirus type 5.","altLabels":["人胚肾 293","HEK 293","293 细胞","HEK-293","293 HEK","293","293 cell","Human Embryonic Kidney 293"],"valueHier":["http://dto.org/DTO/DTO_000"],"labelHier":["BRENDA tissues and cell lines"]}],"annotsRemoved":[],"labelsAdded":[],"labelsRemoved":[]},{"curationTime":1523302890673,"curatorID":"google:108375455890260223170","curatorName":"","curatorEmail":"aclark.xyz@gmail.com","annotsAdded":[{"propURI":"http://www.bioassayontology.org/bao#BAO_0002867","propLabel":"assay footprint","propAbbrev":"bao:BAO_0002867","valueURI":"http://www.bioassayontology.org/bao#BAO_0002517","valueLabel":"T-175","valueAbbrev":"bao:BAO_0002517","valueDescr":"","valueHier":["http://www.bioassayontology.org/bao#BAO_0002192","http://www.bioassayontology.org/bao#BAO_0000512"],"labelHier":["tissue culture flask","assay footprint"]}],"annotsRemoved":[],"labelsAdded":[],"labelsRemoved":[]}],"holdingIDList":[]}