{"assayID":6680,"uniqueID":"pubchemAID:743094","text":"U.S. Tox21 Program\n\nNational Center for Advancing Translational Sciences [NCATS]\nNIH Chemical Genomics Center [NCGC]\nU.S. Environmental Protection Agency [EPA]\nNational Institutes of Environmental Health Sciences [NIEHS]\nNational Toxicology Program [NTP]\nU.S. Food and Drug Administration [FDA]\n\nTox21 Assay Overview:\n\nThe peroxisome proliferator-activated receptors (PPARs) are lipid-activated transcription factors of the nuclear receptor superfamily with three distinct subtypes namely PPAR alpha, PPAR delta (also called PPAR beta) and PPAR gamma (PPARg). All these subtypes heterodimerize with Retinoid X receptor (RXR) and these heterodimers regulate transcription of various genes. PPAR-gamma receptor (glitazone receptor) is involved in the regulation of glucose and lipid metabolism. To identify the compounds that activate PPAR-gamma signaling, GeneBLAzer PPAR gamma UAS-bla HEK293H cell line (Invitrogen, Carlsbad, CA, USA) containing a beta-lactamase reporter gene under control of the control of an upstream activator sequence (UAS) stably integrated into HEK293H cells was used to screen Tox21 compound library.\n\nDisclaimer:\n\nAlthough all reasonable efforts have been made to ensure the accuracy and reliability of the data, caution should be exercised when interpreting the results as artifacts are possible from nonspecific effects such as assay signal interference. The curve fitting and activity calls presented here are based on the NCATS analysis methods. Alternative analysis methods and interpretations of the data are available at EPA (http://actor.epa.gov) and NTP (http://tools.niehs.nih.gov/cebs3/ui/).\n\nCompound Ranking:\n\n1. Compounds are first classified as having full titration curves, partial modulation, partial curve (weaker actives), single point activity (at highest concentration only), or inactive. See data field \"Curve Description\". For this assay, apparent activators are ranked higher than compounds that showed apparent inhibition.\n2. For all inactive compounds, PUBCHEM_ACTIVITY_SCORE is 0. For all active compounds, a score range was given for each curve class type given above.  Active compounds have PUBCHEM_ACTIVITY_SCORE between 40 and 100.  Inconclusive compounds have PUBCHEM_ACTIVITY_SCORE between 1 and 39.  Fit_LogAC50 was used for determining relative score and was scaled to each curve class' score range.\n\nTox21 Assay Protocol Summary:\n\nPPARg-bla cells were dispensed at 3000 cells/6uL/well in 1536-well black wall/clear bottom plates using a Multidrop Combi (Thermo Fisher Scientific, Waltham, MA) dispenser. After the assay plates were incubated at 37C and 5% CO2 for 5 h, 23 nL of compounds dissolved in DMSO, positive controls or DMSO only was transferred to the assay plate by a Pintool station (Kalypsys, San Diego, CA). The assay plates were incubated at 37C for 17 h. After 1 uL of LiveBLAzerTM B/G FRET substrate was added using a Bioraptr Flying Reagent Dispenser (FRD) workstation (Beckman Coulter, Indianapolis, IN, USA), the plates were incubated at room temperature for 1 h, and fluorescence intensity was measured by an Envision plate reader (PerkinElmer, Shelton, CT).\n\n","schemaURI":"http://www.bioassayontology.org/bas#","annotations":[{"propURI":"http://www.bioassayontology.org/bao#BAO_0002852","propLabel":"assay sources","propAbbrev":"bao:BAO_0002852","valueURI":"http://www.bioassayexpress.org/sources#SRC_0000027","valueLabel":"Tox21","valueAbbrev":"src:SRC_0000027","valueDescr":"Tox21 (NCATS).","groupNest":[],"groupLabel":[],"externalURLs":["http://www.ncats.nih.gov/tox21"],"valueHier":["http://www.bioassayexpress.org/sources#pubchem_sources","http://www.bioassayontology.org/bao#BAO_0002934"],"labelHier":["PubChem Sources","organization"]},{"propURI":"http://www.bioassayontology.org/bao#BAX_0000011","propLabel":"gene identity","propAbbrev":"bao:BAX_0000011","valueURI":"http://www.bioassayontology.org/geneid#5468","valueLabel":"PPARG: peroxisome proliferator activated receptor gamma","valueAbbrev":"geneid:5468","valueDescr":"","groupNest":[],"groupLabel":[],"altLabels":["CIMT1 , GLM1 , NR1C3 , PPARG1 , PPARG2 , PPARgamma"],"externalURLs":["https://www.ncbi.nlm.nih.gov/gene/5468"],"valueHier":["http://www.bioassayontology.org/geneid#Homo_sapiens","http://www.bioassayontology.org/geneid#Mammalia","http://www.bioassayontology.org/geneid#Root"],"labelHier":["Homo sapiens","Mammalia","Faux GeneID"]},{"propURI":"http://www.bioassayontology.org/bao#BAX_0000012","propLabel":"protein identity","propAbbrev":"bao:BAX_0000012","valueURI":"http://www.bioassayontology.org/protein#216409692","valueLabel":"peroxisome proliferator activated receptor gamma [Homo sapiens]","valueAbbrev":"protein:216409692","valueDescr":"Protein: peroxisome proliferator activated receptor gamma [Homo sapiens], Organism: Homo sapiens","groupNest":[],"groupLabel":[],"externalURLs":["https://www.ncbi.nlm.nih.gov/protein/216409692"],"valueHier":["http://www.bioassayontology.org/taxon#9606","http://www.bioassayontology.org/taxon#9605","http://www.bioassayontology.org/taxon#314295","http://www.bioassayontology.org/taxon#9526","http://www.bioassayontology.org/taxon#9443","http://www.bioassayontology.org/taxon#314146","http://www.bioassayontology.org/taxon#40674","http://www.bioassayontology.org/taxon#32524","http://www.bioassayontology.org/taxon#8287","http://www.bioassayontology.org/taxon#117570","http://www.bioassayontology.org/taxon#7711","http://www.bioassayontology.org/taxon#33511","http://www.bioassayontology.org/taxon#33213","http://www.bioassayontology.org/taxon#33208","http://www.bioassayontology.org/taxon#33154","http://www.bioassayontology.org/taxon#2759","http://www.bioassayontology.org/taxon#131567","http://www.bioassayontology.org/taxon#Root"],"labelHier":["Homo sapiens","Homo","Hominoidea / Hominidae / Homininae","Catarrhini","Primates / Haplorrhini / Simiiformes","Euarchontoglires","Mammalia / Theria / Eutheria / Boreoeutheria","Amniota","Sarcopterygii / Dipnotetrapodomorpha / Tetrapoda","Teleostomi / Euteleostomi","Chordata / Craniata / Vertebrata / Gnathostomata","Deuterostomia","Bilateria","Metazoa / Eumetazoa","Opisthokonta","Eukaryota","cellular organisms","Faux ProteinID"]},{"propURI":"http://www.bioassayontology.org/bao#BAO_0000196","propLabel":"assay mode of action","propAbbrev":"bao:BAO_0000196","valueURI":"http://www.bioassayontology.org/bao#BAO_0002902","valueLabel":"agonism","valueAbbrev":"bao:BAO_0002902","valueDescr":"","groupNest":[],"groupLabel":[],"valueHier":["http://www.bioassayontology.org/bao#BAO_0000084","http://www.bioassayontology.org/bao#BAO_0000074"],"labelHier":["ligand function mode of action","mode of action"]},{"propURI":"http://www.bioassayontology.org/bao#BAO_0000196","propLabel":"assay mode of action","propAbbrev":"bao:BAO_0000196","valueURI":"http://www.bioassayontology.org/bao#BAO_0000087","valueLabel":"activation","valueAbbrev":"bao:BAO_0000087","valueDescr":"Increase of a predefined stimulus. Unit of Measure is always % when normalized to the dynamic range of the assay.","groupNest":[],"groupLabel":[],"valueHier":["http://www.bioassayontology.org/bao#BAO_0000084","http://www.bioassayontology.org/bao#BAO_0000074"],"labelHier":["ligand function mode of action","mode of action"]},{"propURI":"http://www.bioassayontology.org/bao#BAO_0002800","propLabel":"assay cell line","propAbbrev":"bao:BAO_0002800","valueURI":"http://purl.obolibrary.org/obo/BTO_0003033","valueLabel":"HEK-293H cell","valueAbbrev":"obo:BTO_0003033","valueDescr":"293-H cell line is derived from 293 cell line.","groupNest":[],"groupLabel":[],"valueHier":["http://dto.org/DTO/DTO_000"],"labelHier":["BRENDA tissues and cell lines"]},{"propURI":"http://www.bioassayontology.org/bao#BAO_0002921","propLabel":"organism","propAbbrev":"bao:BAO_0002921","valueURI":"http://purl.obolibrary.org/obo/NCBITaxon_9606","valueLabel":"Homo sapiens","valueAbbrev":"obo:NCBITaxon_9606","valueDescr":"","groupNest":[],"groupLabel":[],"altLabels":["Homo spiens","Homo sapience","Homo sapien","human","Homo spaiens","Homo sapians","man","Humo sapiens","Home sapiens","Homo sapiense","Homo sampiens","Homo sapeins","Homo sapines","Homo sapian","Homo sapients"],"valueHier":["http://www.bioassayontology.org/bao#BAO_0000362","http://www.bioassayontology.org/bao#BAO_0000510","http://www.bioassayontology.org/bao#BAO_0000659","http://www.bioassayontology.org/bao#BAO_0000509","http://www.bioassayontology.org/bao#BAO_0000658","http://www.bioassayontology.org/bao#BAO_0000551"],"labelHier":["mammalian","vertebrate","metazoa","eukaryote","cellular organisms","organism"]},{"propURI":"http://www.bioassayontology.org/bao#BAO_0002854","propLabel":"bioassay type","propAbbrev":"bao:BAO_0002854","valueURI":"http://www.bioassayontology.org/bao#BAO_0000010","valueLabel":"functional","valueAbbrev":"bao:BAO_0000010","valueDescr":"An assay where the measured signal corresponds to a complex response such as cell survival, proliferation, localization of a protein, nuclear translocation etc. The molecular target is not assumed.","groupNest":[],"groupLabel":[],"valueHier":["http://www.bioassayontology.org/bao#BAO_0000008"],"labelHier":["bioassay type"]},{"propURI":"http://www.bioassayontology.org/bao#BAO_0000205","propLabel":"assay format","propAbbrev":"bao:BAO_0000205","valueURI":"http://www.bioassayontology.org/bao#BAO_0000219","valueLabel":"cell based format","valueAbbrev":"bao:BAO_0000219","valueDescr":"Involves the use of living cells of eukaryotic origin, derived from a multicellular organism, and is a heterogeneous assay type. Typically, this refers to permanent (immortal) cell lines, or primary cells, or some form of stem cells. This is distinct from a single-celled organism-based format (classically bacteria or yeast).","groupNest":[],"groupLabel":[],"valueHier":["http://www.bioassayontology.org/bao#BAO_0000019"],"labelHier":["assay format"]},{"propURI":"http://www.bioassayontology.org/bao#BAO_0095010","propLabel":"assay supporting method","propAbbrev":"bao:BAO_0095010","valueURI":"http://www.bioassayontology.org/bao#BAO_0002647","valueLabel":"cell culture method","valueAbbrev":"bao:BAO_0002647","valueDescr":"","groupNest":[],"groupLabel":[],"valueHier":["http://www.bioassayontology.org/bao#BAO_0002429"],"labelHier":["assay supporting method"]},{"propURI":"http://www.bioassayontology.org/bao#BAO_0002867","propLabel":"assay footprint","propAbbrev":"bao:BAO_0002867","valueURI":"http://www.bioassayontology.org/bao#BAO_0000516","valueLabel":"1536 well plate","valueAbbrev":"bao:BAO_0000516","valueDescr":"This microplate contains 1536 wells. It is highly miniaturized to accommodate more wells on one plate which reduces the plate handling time and allows working with very small volumes (few microliters) that reduces the cost of an assay.","groupNest":[],"groupLabel":[],"valueHier":["http://www.bioassayontology.org/bao#BAO_0000508","http://www.bioassayontology.org/bao#BAO_0000512"],"labelHier":["microplate","assay footprint"]},{"propURI":"http://www.bioassayontology.org/bao#BAO_0002663","propLabel":"assay kit","propAbbrev":"bao:BAO_0002663","valueURI":"http://www.bioassayontology.org/bao#BAO_0000958","valueLabel":"LiveBLAzer FRET - B/G Loading Kit","valueAbbrev":"bao:BAO_0000958","valueDescr":"","groupNest":[],"groupLabel":[],"valueHier":["http://www.bioassayontology.org/bao#BAO_0000248"],"labelHier":["assay kit"]},{"propURI":"http://www.bioassayontology.org/bao#BAO_0000185","propLabel":"perturbagen type","propAbbrev":"bao:BAO_0000185","valueURI":"http://www.bioassayontology.org/bao#BAO_0070002","valueLabel":"Tox21 Compound Library","valueAbbrev":"bao:BAO_0070002","valueDescr":"The Tox21 compound collection is a library of approximately 10,000 (10K) environmental chemicals and drugs (~10,500 chemicals (~8,300 unique)), also referred to as the 'Tox21 10K library'. Several publications, from NCATS and EPA.  See also https://www.epa.gov/chemical-research/toxicology-testing-21st-century-tox21 or https://ncats.nih.gov/tox21/about/operations.","groupNest":[],"groupLabel":[],"valueHier":["http://www.bioassayontology.org/bao#BAO_0000648","http://www.bioassayontology.org/bao#BAO_0000661","http://www.bioassayontology.org/bao#BAO_0003120"],"labelHier":["compound library","perturbagen library","assay screened entity component"]},{"propURI":"http://www.bioassayontology.org/bao#BAO_0000207","propLabel":"physical detection method","propAbbrev":"bao:BAO_0000207","valueURI":"http://www.bioassayontology.org/bao#BAO_0000046","valueLabel":"fluorescence method","valueAbbrev":"bao:BAO_0000046","valueDescr":"Detection techniques that use the principles of fluorescence, whereby incident light excites a fluorophore which then emits light at lower energy (higher wavelength). The emitted light is typically from the visible portion of the UV-Visible spectrum.","groupNest":[],"groupLabel":[],"valueHier":["http://www.bioassayontology.org/bao#BAO_0000035"],"labelHier":["physical detection method"]},{"propURI":"http://www.bioassayontology.org/bao#BAO_0002865","propLabel":"detection instrument","propAbbrev":"bao:BAO_0002865","valueURI":"http://www.bioassayontology.org/bao#BAO_0000701","valueLabel":"EnVision Multilabel Reader","valueAbbrev":"bao:BAO_0000701","valueDescr":"","groupNest":[],"groupLabel":[],"valueHier":["http://www.bioassayontology.org/bao#BAO_0000697"],"labelHier":["detection instrument"]},{"propURI":"http://www.bioassayontology.org/bao#BAO_0000208","propLabel":"result","propAbbrev":"bao:BAO_0000208","valueURI":"http://www.bioassayontology.org/bao#BAO_0000583","valueLabel":"raw activity","valueAbbrev":"bao:BAO_0000583","valueDescr":"Raw or qualitative data are reported as endpoints in an assay, e.g., luminescence counts, fluorescence intensity, etc.","groupNest":[],"groupLabel":[],"valueHier":["http://www.bioassayontology.org/bao#BAO_0000181","http://www.bioassayontology.org/bao#BAO_0000179"],"labelHier":["response endpoint","endpoint"]},{"propURI":"http://www.bioassayontology.org/bao#BAO_0000211","propLabel":"target","propAbbrev":"bao:BAO_0000211","valueURI":"http://www.drugtargetontology.org/dto/DTO_00217537","valueLabel":"PPARG","valueAbbrev":"dto:DTO_00217537","valueDescr":"","groupNest":[],"groupLabel":[],"valueHier":["http://www.drugtargetontology.org/dto/DTO_00217462","http://www.drugtargetontology.org/dto/DTO_00200002","http://www.drugtargetontology.org/dto/DTO_00200000"],"labelHier":["Peroxisome proliferator-activated receptors","Nuclear hormone receptor","Gene"]},{"propURI":"http://www.bioassayontology.org/bao#BAO_0002009","propLabel":"biological process","propAbbrev":"bao:BAO_0002009","valueURI":"http://purl.obolibrary.org/obo/GO_0006355","valueLabel":"regulation of transcription, DNA-templated","valueAbbrev":"obo:GO_0006355","valueDescr":"Any process that modulates the frequency, rate or extent of cellular DNA-templated transcription.","groupNest":[],"groupLabel":[],"valueHier":["http://purl.obolibrary.org/obo/GO_2000112","http://purl.obolibrary.org/obo/GO_0031326","http://purl.obolibrary.org/obo/GO_0031323","http://purl.obolibrary.org/obo/GO_0019222","http://purl.obolibrary.org/obo/GO_0050789","http://purl.obolibrary.org/obo/GO_0065007","http://purl.obolibrary.org/obo/GO_0008150","http://www.bioassayontology.org/bao#BAO_0003114"],"labelHier":["regulation of cellular macromolecule biosynthetic process","regulation of cellular biosynthetic process","regulation of cellular metabolic process","regulation of metabolic process","regulation of biological process","biological regulation","biological process","assay biology component"]},{"propURI":"http://www.bioassayontology.org/bao#BAO_0000210","propLabel":"screening campaign stage","propAbbrev":"bao:BAO_0000210","valueURI":"http://www.bioassayontology.org/bao#BAO_0000030","valueLabel":"confirmatory assay","valueAbbrev":"bao:BAO_0000030","valueDescr":"Assay performed to confirm activity of compounds identified in the primary screen.  It can be performed as replicate measurements at a single screening concentration or as concentration-response assay.","groupNest":[],"groupLabel":[],"valueHier":["http://www.bioassayontology.org/bao#BAO_0000029"],"labelHier":["assay screening campaign stage"]},{"propURI":"http://www.bioassayontology.org/bao#BAO_0002855","propLabel":"bioassay","propAbbrev":"bao:BAO_0002855","valueURI":"http://www.bioassayontology.org/bao#BAO_0003014","valueLabel":"beta lactamase reporter gene assay","valueAbbrev":"bao:BAO_0003014","valueDescr":"","groupNest":[],"groupLabel":[],"valueHier":["http://www.bioassayontology.org/bao#BAO_0003006","http://www.bioassayontology.org/bao#BAO_0010044","http://www.bioassayontology.org/bao#BAO_0000015"],"labelHier":["reporter gene assay","targeted transcriptional assay","bioassay"]},{"propURI":"http://www.bioassayontology.org/bao#BAO_0095009","propLabel":"assay design method","propAbbrev":"bao:BAO_0095009","valueURI":"http://www.bioassayontology.org/bao#BAO_0000151","valueLabel":"beta lactamase induction","valueAbbrev":"bao:BAO_0000151","valueDescr":"Beta lactamase gene is attached to the regulatory sequence of a gene of interest. The effect of a perturbagen on the expression of the gene of interest could be easily monitored by the detection of the product of beta lactamase enzyme.","groupNest":[],"groupLabel":[],"valueHier":["http://www.bioassayontology.org/bao#BAO_0000125","http://www.bioassayontology.org/bao#BAO_0003024","http://www.bioassayontology.org/bao#BAO_0002202"],"labelHier":["reporter gene method","gene expression detection method","assay design method"]},{"propURI":"http://www.bioassayontology.org/bao#BAO_0002853","valueLabel":"qHTS assay to identify small molecule agonists of the peroxisome proliferator-activated receptor gamma (PPARg) signaling pathway","propAbbrev":"bao:BAO_0002853","groupNest":[],"propLabel":"assay title","groupLabel":[]}],"pubchemXRef":[{"type":"dburl","id":"http://www.ncgc.nih.gov","comment":""},{"type":"gene","id":"5468","comment":""},{"type":"pmid","id":"21543282","comment":""},{"type":"protein_gi","id":"216409692","comment":""}],"curationTime":1534181258904,"curatorID":"google:116162532162477418918","curatorName":"","curatorEmail":"sjeschonek@collaborativedrug.com","history":[{"curationTime":1533223341026,"curatorID":"google:116162532162477418918","curatorName":"","curatorEmail":"sjeschonek@collaborativedrug.com","annotsAdded":[{"propURI":"http://www.bioassayontology.org/bao#BAO_0002663","propLabel":"assay kit","propAbbrev":"bao:BAO_0002663","valueURI":"http://www.bioassayontology.org/bao#BAO_0000958","valueLabel":"LiveBLAzer FRET - B/G Loading Kit","valueAbbrev":"bao:BAO_0000958","valueDescr":"","valueHier":["http://www.bioassayontology.org/bao#BAO_0000248"],"labelHier":["assay kit"]},{"propURI":"http://www.bioassayontology.org/bao#BAO_0002009","propLabel":"biological process","propAbbrev":"bao:BAO_0002009","valueURI":"http://purl.obolibrary.org/obo/GO_0006355","valueLabel":"regulation of transcription, DNA-templated","valueAbbrev":"obo:GO_0006355","valueDescr":"Any process that modulates the frequency, rate or extent of cellular DNA-templated transcription.","valueHier":["http://purl.obolibrary.org/obo/GO_2000112","http://purl.obolibrary.org/obo/GO_0031326","http://purl.obolibrary.org/obo/GO_0031323","http://purl.obolibrary.org/obo/GO_0019222","http://purl.obolibrary.org/obo/GO_0050789","http://purl.obolibrary.org/obo/GO_0065007","http://purl.obolibrary.org/obo/GO_0008150","http://www.bioassayontology.org/bao#BAO_0003114"],"labelHier":["regulation of cellular macromolecule biosynthetic process","regulation of cellular biosynthetic process","regulation of cellular metabolic process","regulation of metabolic process","regulation of biological process","biological regulation","biological process","assay biology component"]},{"propURI":"http://www.bioassayontology.org/bao#BAO_0000205","propLabel":"assay format","propAbbrev":"bao:BAO_0000205","valueURI":"http://www.bioassayontology.org/bao#BAO_0000219","valueLabel":"cell based format","valueAbbrev":"bao:BAO_0000219","valueDescr":"Involves the use of living cells of eukaryotic origin, derived from a multicellular organism, and is a heterogeneous assay type. Typically, this refers to permanent (immortal) cell lines, or primary cells, or some form of stem cells. This is distinct from a single-celled organism-based format (classically bacteria or yeast).","valueHier":["http://www.bioassayontology.org/bao#BAO_0000019"],"labelHier":["assay format"]},{"propURI":"http://www.bioassayontology.org/bao#BAO_0002867","propLabel":"assay footprint","propAbbrev":"bao:BAO_0002867","valueURI":"http://www.bioassayontology.org/bao#BAO_0000516","valueLabel":"1536 well plate","valueAbbrev":"bao:BAO_0000516","valueDescr":"This microplate contains 1536 wells. It is highly miniaturized to accommodate more wells on one plate which reduces the plate handling time and allows working with very small volumes (few microliters) that reduces the cost of an assay.","valueHier":["http://www.bioassayontology.org/bao#BAO_0000508","http://www.bioassayontology.org/bao#BAO_0000512"],"labelHier":["microplate","assay footprint"]},{"propURI":"http://www.bioassayontology.org/bao#BAO_0002855","propLabel":"bioassay","propAbbrev":"bao:BAO_0002855","valueURI":"http://www.bioassayontology.org/bao#BAO_0003006","valueLabel":"reporter gene assay","valueAbbrev":"bao:BAO_0003006","valueDescr":"Reporter gene assay measures the gene expression from a reporter gene. The reporter gene is inserted under the control of a foreign promoter or an artificial regulatory element of interest. Reporters include luciferase, beta galactosidase, beta lactamase, chloramphenicol acetyl transferase, or a fluorescent protein.","valueHier":["http://www.bioassayontology.org/bao#BAO_0010044","http://www.bioassayontology.org/bao#BAO_0000015"],"labelHier":["targeted transcriptional assay","bioassay"]},{"propURI":"http://www.bioassayontology.org/bao#BAO_0000185","propLabel":"perturbagen type","propAbbrev":"bao:BAO_0000185","valueURI":"http://www.bioassayontology.org/bao#BAO_0070002","valueLabel":"Tox21 Compound Library","valueAbbrev":"bao:BAO_0070002","valueDescr":"The Tox21 compound collection is a library of approximately 10,000 (10K) environmental chemicals and drugs (~10,500 chemicals (~8,300 unique)), also referred to as the 'Tox21 10K library'. Several publications, from NCATS and EPA.  See also https://www.epa.gov/chemical-research/toxicology-testing-21st-century-tox21 or https://ncats.nih.gov/tox21/about/operations.","valueHier":["http://www.bioassayontology.org/bao#BAO_0000648","http://www.bioassayontology.org/bao#BAO_0000661","http://www.bioassayontology.org/bao#BAO_0003120"],"labelHier":["compound library","perturbagen library","assay screened entity component"]},{"propURI":"http://www.bioassayontology.org/bao#BAO_0002800","propLabel":"assay cell line","propAbbrev":"bao:BAO_0002800","valueURI":"http://purl.obolibrary.org/obo/BTO_0003033","valueLabel":"HEK-293H cell","valueAbbrev":"obo:BTO_0003033","valueDescr":"293-H cell line is derived from 293 cell line.","valueHier":["http://dto.org/DTO/DTO_000"],"labelHier":["BRENDA tissues and cell lines"]},{"propURI":"http://www.bioassayontology.org/bao#BAO_0000207","propLabel":"physical detection method","propAbbrev":"bao:BAO_0000207","valueURI":"http://www.bioassayontology.org/bao#BAO_0000046","valueLabel":"fluorescence method","valueAbbrev":"bao:BAO_0000046","valueDescr":"Detection techniques that use the principles of fluorescence, whereby incident light excites a fluorophore which then emits light at lower energy (higher wavelength). The emitted light is typically from the visible portion of the UV-Visible spectrum.","valueHier":["http://www.bioassayontology.org/bao#BAO_0000035"],"labelHier":["physical detection method"]},{"propURI":"http://www.bioassayontology.org/bao#BAO_0002865","propLabel":"detection instrument","propAbbrev":"bao:BAO_0002865","valueURI":"http://www.bioassayontology.org/bao#BAO_0000701","valueLabel":"EnVision Multilabel Reader","valueAbbrev":"bao:BAO_0000701","valueDescr":"","valueHier":["http://www.bioassayontology.org/bao#BAO_0000697"],"labelHier":["detection instrument"]},{"propURI":"http://www.bioassayontology.org/bao#BAO_0000196","propLabel":"assay mode of action","propAbbrev":"bao:BAO_0000196","valueURI":"http://www.bioassayontology.org/bao#BAO_0000087","valueLabel":"activation","valueAbbrev":"bao:BAO_0000087","valueDescr":"Increase of a predefined stimulus. Unit of Measure is always % when normalized to the dynamic range of the assay.","valueHier":["http://www.bioassayontology.org/bao#BAO_0000084","http://www.bioassayontology.org/bao#BAO_0000074"],"labelHier":["ligand function mode of action","mode of action"]},{"propURI":"http://www.bioassayontology.org/bao#BAO_0095009","propLabel":"assay design method","propAbbrev":"bao:BAO_0095009","valueURI":"http://www.bioassayontology.org/bao#BAO_0002734","valueLabel":"luciferase enzyme activity measurement method","valueAbbrev":"bao:BAO_0002734","valueDescr":"","valueHier":["http://www.bioassayontology.org/bao#BAO_0000139","http://www.bioassayontology.org/bao#BAO_0000124","http://www.bioassayontology.org/bao#BAO_0002202"],"labelHier":["direct enzyme activity measurement method","enzyme activity measurement method","assay design method"]},{"propURI":"http://www.bioassayontology.org/bao#BAO_0000208","propLabel":"result","propAbbrev":"bao:BAO_0000208","valueURI":"http://www.bioassayontology.org/bao#BAO_0000583","valueLabel":"raw activity","valueAbbrev":"bao:BAO_0000583","valueDescr":"Raw or qualitative data are reported as endpoints in an assay, e.g., luminescence counts, fluorescence intensity, etc.","valueHier":["http://www.bioassayontology.org/bao#BAO_0000181","http://www.bioassayontology.org/bao#BAO_0000179"],"labelHier":["response endpoint","endpoint"]},{"propURI":"http://www.bioassayontology.org/bao#BAO_0000210","propLabel":"screening campaign stage","propAbbrev":"bao:BAO_0000210","valueURI":"http://www.bioassayontology.org/bao#BAO_0000030","valueLabel":"confirmatory assay","valueAbbrev":"bao:BAO_0000030","valueDescr":"Assay performed to confirm activity of compounds identified in the primary screen.  It can be performed as replicate measurements at a single screening concentration or as concentration-response assay.","valueHier":["http://www.bioassayontology.org/bao#BAO_0000029"],"labelHier":["assay screening campaign stage"]},{"propURI":"http://www.bioassayontology.org/bao#BAO_0002854","propLabel":"bioassay type","propAbbrev":"bao:BAO_0002854","valueURI":"http://www.bioassayontology.org/bao#BAO_0000010","valueLabel":"functional","valueAbbrev":"bao:BAO_0000010","valueDescr":"An assay where the measured signal corresponds to a complex response such as cell survival, proliferation, localization of a protein, nuclear translocation etc. The molecular target is not assumed.","valueHier":["http://www.bioassayontology.org/bao#BAO_0000008"],"labelHier":["bioassay type"]},{"propURI":"http://www.bioassayontology.org/bao#BAO_0095010","propLabel":"assay supporting method","propAbbrev":"bao:BAO_0095010","valueURI":"http://www.bioassayontology.org/bao#BAO_0002647","valueLabel":"cell culture method","valueAbbrev":"bao:BAO_0002647","valueDescr":"","valueHier":["http://www.bioassayontology.org/bao#BAO_0002429"],"labelHier":["assay supporting method"]},{"propURI":"http://www.bioassayontology.org/bao#BAO_0000211","propLabel":"target","propAbbrev":"bao:BAO_0000211","valueURI":"http://www.drugtargetontology.org/dto/DTO_00217537","valueLabel":"PPARG","valueAbbrev":"dto:DTO_00217537","valueDescr":"","valueHier":["http://www.drugtargetontology.org/dto/DTO_00217462","http://www.drugtargetontology.org/dto/DTO_00200002","http://www.drugtargetontology.org/dto/DTO_00200000"],"labelHier":["Peroxisome proliferator-activated receptors","Nuclear hormone receptor","Gene"]},{"propURI":"http://www.bioassayontology.org/bao#BAO_0002921","propLabel":"organism","propAbbrev":"bao:BAO_0002921","valueURI":"http://purl.obolibrary.org/obo/NCBITaxon_9606","valueLabel":"Homo sapiens","valueAbbrev":"obo:NCBITaxon_9606","valueDescr":"","altLabels":["Homo spiens","Homo sapience","Homo sapien","human","Homo spaiens","Homo sapians","man","Humo sapiens","Home sapiens","Homo sapiense","Homo sampiens","Homo sapeins","Homo sapines","Homo sapian","Homo sapients"],"valueHier":["http://www.bioassayontology.org/bao#BAO_0000362","http://www.bioassayontology.org/bao#BAO_0000510","http://www.bioassayontology.org/bao#BAO_0000659","http://www.bioassayontology.org/bao#BAO_0000509","http://www.bioassayontology.org/bao#BAO_0000658","http://www.bioassayontology.org/bao#BAO_0000551"],"labelHier":["mammalian","vertebrate","metazoa","eukaryote","cellular organisms","organism"]},{"propURI":"http://www.bioassayontology.org/bao#BAO_0000196","propLabel":"assay mode of action","propAbbrev":"bao:BAO_0000196","valueURI":"http://www.bioassayontology.org/bao#BAO_0002902","valueLabel":"agonism","valueAbbrev":"bao:BAO_0002902","valueDescr":"","valueHier":["http://www.bioassayontology.org/bao#BAO_0000084","http://www.bioassayontology.org/bao#BAO_0000074"],"labelHier":["ligand function mode of action","mode of action"]}],"annotsRemoved":[],"labelsAdded":[],"labelsRemoved":[]},{"curationTime":1534181258904,"curatorID":"google:116162532162477418918","curatorName":"","curatorEmail":"sjeschonek@collaborativedrug.com","annotsAdded":[{"propURI":"http://www.bioassayontology.org/bao#BAO_0002855","propLabel":"bioassay","propAbbrev":"bao:BAO_0002855","valueURI":"http://www.bioassayontology.org/bao#BAO_0003014","valueLabel":"beta lactamase reporter gene assay","valueAbbrev":"bao:BAO_0003014","valueDescr":"","valueHier":["http://www.bioassayontology.org/bao#BAO_0003006","http://www.bioassayontology.org/bao#BAO_0010044","http://www.bioassayontology.org/bao#BAO_0000015"],"labelHier":["reporter gene assay","targeted transcriptional assay","bioassay"]},{"propURI":"http://www.bioassayontology.org/bao#BAO_0095009","propLabel":"assay design method","propAbbrev":"bao:BAO_0095009","valueURI":"http://www.bioassayontology.org/bao#BAO_0000151","valueLabel":"beta lactamase induction","valueAbbrev":"bao:BAO_0000151","valueDescr":"Beta lactamase gene is attached to the regulatory sequence of a gene of interest. The effect of a perturbagen on the expression of the gene of interest could be easily monitored by the detection of the product of beta lactamase enzyme.","valueHier":["http://www.bioassayontology.org/bao#BAO_0000125","http://www.bioassayontology.org/bao#BAO_0003024","http://www.bioassayontology.org/bao#BAO_0002202"],"labelHier":["reporter gene method","gene expression detection method","assay design method"]}],"annotsRemoved":[{"propURI":"http://www.bioassayontology.org/bao#BAO_0002855","propLabel":"bioassay","propAbbrev":"bao:BAO_0002855","valueURI":"http://www.bioassayontology.org/bao#BAO_0003006","valueLabel":"reporter gene assay","valueAbbrev":"bao:BAO_0003006","valueDescr":"Reporter gene assay measures the gene expression from a reporter gene. The reporter gene is inserted under the control of a foreign promoter or an artificial regulatory element of interest. Reporters include luciferase, beta galactosidase, beta lactamase, chloramphenicol acetyl transferase, or a fluorescent protein.","valueHier":["http://www.bioassayontology.org/bao#BAO_0010044","http://www.bioassayontology.org/bao#BAO_0000015"],"labelHier":["targeted transcriptional assay","bioassay"]},{"propURI":"http://www.bioassayontology.org/bao#BAO_0095009","propLabel":"assay design method","propAbbrev":"bao:BAO_0095009","valueURI":"http://www.bioassayontology.org/bao#BAO_0002734","valueLabel":"luciferase enzyme activity measurement method","valueAbbrev":"bao:BAO_0002734","valueDescr":"","valueHier":["http://www.bioassayontology.org/bao#BAO_0000139","http://www.bioassayontology.org/bao#BAO_0000124","http://www.bioassayontology.org/bao#BAO_0002202"],"labelHier":["direct enzyme activity measurement method","enzyme activity measurement method","assay design method"]}],"labelsAdded":[],"labelsRemoved":[]}],"holdingIDList":[]}