{"assayID":6949,"uniqueID":"pubchemAID:743408","text":"SAR confirmation of small molecule antagonists of the EBI2 receptor via a luminescent beta-arrestin assa\n\nEpstein-Barr virus-induced gene 2 (EBI2) (1-4), also known as GPR183, is expressed on B cells and is highly induced upon activation (5). Recent gene targeting experiments revealed that EBI2-/- B cells exhibited defective migration, resulting in strongly impaired T cell-dependent antibody responses (1, 2). Most recently, two research teams made the unlikely discovery that oxysterol compounds, previously known to bind nuclear receptors, are the physiologic ligands for EBI2 (3, 4). Although other closely related oxysterols showed some potency and binding capability to EBI2, the most potent endogenous EBI2 receptor ligand and activator was 7alpha,25-dihydroxycholesterol (7alpha,25-OHC) (4). EBI2-/- B cells did not bind 7alpha,25-OHC and mice deficient for cholesterol 25-hydroxylase that is necessary to generate 7alpha,25-OHC display a phenotype similar to that of EBI2-/- mice (3). The recent publication in July 2011 of the deorphanizing of this receptor is a major step forward towards understanding the role of EBI2 in immunobiology. In order to investigate the importance of EBI2 in immune processes and potential as a drug target, selective potent chemical probes that antagonize this receptor need to be identified and made freely available to the research community.\n\n\nCompounds that demonstrated an IC50 <= 1 uM are defined as actives in the assay.\n\n\nThis cell-based luminescent assay is the same as in PubChem AID 651636 and is utilized for dose-response  confirmation of the primary hits.\n\nDose-Response Confirmation protocol:\nC. uHTS Procedures:\nDay1 Cell Seeding\n1) Plate 625 cells/well in 4 muL of assay media into columns 1-48 of a 1536-well assay plate, using a Multidrop Combi dispenser.\n2) Centrifuge plates at 1000 rpm for 2 minute on a Vspin centrifuge. Re-lid with Kalypsys metal lids.\n3) Incubate overnight at 37 degrees, 100% relative humidity, 5% CO2 for 16-18 hours.\n\nDay2 Compound Addition\n1) Centrifuge compound plates at 500 rpm for 1 minute on a Vspin centrifuge.\n2) Using LabCyte Echo, transfer 40 nL of drug dose-response in DMSO into assay plate columns 5 - 48 (0.8% DMSO FAC). Transfer 40 nL of DMSO to positive and negative control wells in Columns 1 - 4.\n3) After 30 min incubation, add 1 mul/well 1 mul/well of Assay media to Col. 1-2 for the positive control wells. Add 1 mul/well of 400 nM 7,25-OHC (FAC = 80 nM) in assay media to Col. 3-48 for the negative control and test compound wells.\n5) Centrifuge plates at 1000 rpm for 1 minute on a Vspin centrifuge and re-lid plates.\n6) Incubate plates at 37 degrees, 100% relative humidity, 5% CO2 for 60 minutes.\n7) Following 60 minute incubation, deliver 2.5 muL of Detection Reagent solution to each assay plate (Columns 1 - 48) using a Multidrop Combi dispenser.\n8) Centrifuge plates at 2000 rpm for 2 minute on a Vspin centrifuge and re-lid plates.\n9) Incubate plates for 60 minutes at 25 degrees in the dark.\n10) Read plates using the Viewlux or Envision using a luminescence protocol.","schemaURI":"http://www.bioassayontology.org/bas#","annotations":[{"propURI":"http://www.bioassayontology.org/bao#BAO_0000210","propLabel":"screening campaign stage","propAbbrev":"bao:BAO_0000210","valueURI":"http://www.bioassayontology.org/bao#BAO_0000030","valueLabel":"confirmatory assay","valueAbbrev":"bao:BAO_0000030","valueDescr":"Assay performed to confirm activity of compounds identified in the primary screen.  It can be performed as replicate measurements at a single screening concentration or as concentration-response assay.","groupNest":[],"groupLabel":[],"valueHier":["http://www.bioassayontology.org/bao#BAO_0000029"],"labelHier":["assay screening campaign stage"]},{"propURI":"http://www.bioassayontology.org/bao#BAO_0002867","propLabel":"assay footprint","propAbbrev":"bao:BAO_0002867","valueURI":"http://www.bioassayontology.org/bao#BAO_0000516","valueLabel":"1536 well plate","valueAbbrev":"bao:BAO_0000516","valueDescr":"This microplate contains 1536 wells. It is highly miniaturized to accommodate more wells on one plate which reduces the plate handling time and allows working with very small volumes (few microliters) that reduces the cost of an assay.","groupNest":[],"groupLabel":[],"valueHier":["http://www.bioassayontology.org/bao#BAO_0000508","http://www.bioassayontology.org/bao#BAO_0000512"],"labelHier":["microplate","assay footprint"]},{"propURI":"http://www.bioassayontology.org/bao#BAO_0002663","propLabel":"assay kit","propAbbrev":"bao:BAO_0002663","valueURI":"http://www.bioassayontology.org/bao#BAO_0000988","valueLabel":"PathHunter Beta-Arrestin Assay","valueAbbrev":"bao:BAO_0000988","valueDescr":"","groupNest":[],"groupLabel":[],"valueHier":["http://www.bioassayontology.org/bao#BAO_0000248"],"labelHier":["assay kit"]},{"propURI":"http://www.bioassayontology.org/bao#BAO_0002854","propLabel":"bioassay type","propAbbrev":"bao:BAO_0002854","valueURI":"http://www.bioassayontology.org/bao#BAO_0000010","valueLabel":"functional","valueAbbrev":"bao:BAO_0000010","valueDescr":"An assay where the measured signal corresponds to a complex response such as cell survival, proliferation, localization of a protein, nuclear translocation etc. The molecular target is not assumed.","groupNest":[],"groupLabel":[],"valueHier":["http://www.bioassayontology.org/bao#BAO_0000008"],"labelHier":["bioassay type"]},{"propURI":"http://www.bioassayontology.org/bao#BAO_0002855","propLabel":"bioassay","propAbbrev":"bao:BAO_0002855","valueURI":"http://www.bioassayontology.org/bao#BAO_0002777","valueLabel":"beta galactosidase enzyme activity assay","valueAbbrev":"bao:BAO_0002777","valueDescr":"","groupNest":[],"groupLabel":[],"valueHier":["http://www.bioassayontology.org/bao#BAO_0002806","http://www.bioassayontology.org/bao#BAO_0002790","http://www.bioassayontology.org/bao#BAO_0002994","http://www.bioassayontology.org/bao#BAO_0000015"],"labelHier":["generic hydrolase enzyme activity assay","hydrolase activity assay","enzyme activity assay","bioassay"]},{"propURI":"http://www.bioassayontology.org/bao#BAO_0002855","propLabel":"bioassay","propAbbrev":"bao:BAO_0002855","valueURI":"http://www.bioassayontology.org/bao#BAO_0000110","valueLabel":"protein-small molecule interaction assay","valueAbbrev":"bao:BAO_0000110","valueDescr":"It is an interaction between a protein (e.g., receptor, transcription factor) and small molecule (e.g., hormone, organic compound with a low molecular weight (<800 Da)).","groupNest":[],"groupLabel":[],"valueHier":["http://www.bioassayontology.org/bao#BAO_0002989","http://www.bioassayontology.org/bao#BAO_0000015"],"labelHier":["binding assay","bioassay"]},{"propURI":"http://www.bioassayontology.org/bao#BAO_0000205","propLabel":"assay format","propAbbrev":"bao:BAO_0000205","valueURI":"http://www.bioassayontology.org/bao#BAO_0000219","valueLabel":"cell based format","valueAbbrev":"bao:BAO_0000219","valueDescr":"Involves the use of living cells of eukaryotic origin, derived from a multicellular organism, and is a heterogeneous assay type. Typically, this refers to permanent (immortal) cell lines, or primary cells, or some form of stem cells. This is distinct from a single-celled organism-based format (classically bacteria or yeast).","groupNest":[],"groupLabel":[],"valueHier":["http://www.bioassayontology.org/bao#BAO_0000019"],"labelHier":["assay format"]},{"propURI":"http://www.bioassayontology.org/bao#BAO_0095009","propLabel":"assay design method","propAbbrev":"bao:BAO_0095009","valueURI":"http://www.bioassayontology.org/bao#BAO_0000123","valueLabel":"binding assessment method","valueAbbrev":"bao:BAO_0000123","valueDescr":"Binding reporter technology is used to quantitate the interactions between two molecules, e.g. perturbagen-protein, protein-protein, protein-DNA, etc.\nThe technologies used are radioligand binding, resonance energy transfer, fluorescence polarization, protein fragment complementation assay, and several label-free methods, including surface plasmon resonance, impedance, nuclear magnetic resonance, X-ray diffraction, isothermal titration calorimetry, mass spectrometry, etc.\n","groupNest":[],"groupLabel":[],"valueHier":["http://www.bioassayontology.org/bao#BAO_0002202"],"labelHier":["assay design method"]},{"propURI":"http://www.bioassayontology.org/bao#BAO_0095009","propLabel":"assay design method","propAbbrev":"bao:BAO_0095009","valueURI":"http://www.bioassayontology.org/bao#BAO_0000406","valueLabel":"protein fragment complementation method","valueAbbrev":"bao:BAO_0000406","valueDescr":"This is used to study the interaction of two proteins. An enzyme or fluorescent protein is rationally dissected into two fragments and fused to two test proteins, whose interaction is being studied. Binding of the two test proteins results in the reconstitution of the enzyme or fluorescent protein from the two fragments, which can be measured.","groupNest":[],"groupLabel":[],"valueHier":["http://www.bioassayontology.org/bao#BAO_0000123","http://www.bioassayontology.org/bao#BAO_0002202"],"labelHier":["binding assessment method","assay design method"]},{"propURI":"http://www.bioassayontology.org/bao#BAO_0002800","propLabel":"assay cell line","propAbbrev":"bao:BAO_0002800","valueURI":"http://www.bioassayontology.org/bat#Missing","valueLabel":"missing","valueAbbrev":"bat:Missing","valueDescr":"The information is missing from the source data, presumed to be a communication error.","groupNest":[],"groupLabel":[],"valueHier":[],"labelHier":[]},{"propURI":"http://www.bioassayontology.org/bao#BAO_0002921","propLabel":"organism","propAbbrev":"bao:BAO_0002921","valueURI":"http://purl.obolibrary.org/obo/NCBITaxon_9606","valueLabel":"Homo sapiens","valueAbbrev":"obo:NCBITaxon_9606","valueDescr":"","groupNest":[],"groupLabel":[],"altLabels":["Homo spiens","Homo sapience","Homo sapien","human","Homo spaiens","Homo sapians","man","Humo sapiens","Home sapiens","Homo sapiense","Homo sampiens","Homo sapeins","Homo sapines","Homo sapian","Homo sapients"],"valueHier":["http://www.bioassayontology.org/bao#BAO_0000362","http://www.bioassayontology.org/bao#BAO_0000510","http://www.bioassayontology.org/bao#BAO_0000659","http://www.bioassayontology.org/bao#BAO_0000509","http://www.bioassayontology.org/bao#BAO_0000658","http://www.bioassayontology.org/bao#BAO_0000551"],"labelHier":["mammalian","vertebrate","metazoa","eukaryote","cellular organisms","organism"]},{"propURI":"http://www.bioassayontology.org/bao#BAO_0002009","propLabel":"biological process","propAbbrev":"bao:BAO_0002009","valueURI":"http://purl.obolibrary.org/obo/GO_0007186","valueLabel":"G-protein coupled receptor signaling pathway","valueAbbrev":"obo:GO_0007186","valueDescr":"A series of molecular signals that proceeds with an activated receptor promoting the exchange of GDP for GTP on the alpha-subunit of an associated heterotrimeric G-protein complex. The GTP-bound activated alpha-G-protein then dissociates from the beta- and gamma-subunits to further transmit the signal within the cell. The pathway begins with receptor-ligand interaction, or for basal GPCR signaling the pathway begins with the receptor activating its G protein in the absence of an agonist, and ends with regulation of a downstream cellular process, e.g. transcription.  The pathway can start from the plasma membrane, Golgi or nuclear membrane (PMID:24568158 and PMID:16902576).","groupNest":[],"groupLabel":[],"valueHier":["http://purl.obolibrary.org/obo/GO_0008150","http://www.bioassayontology.org/bao#BAO_0003114"],"labelHier":["biological process","assay biology component"]},{"propURI":"http://www.bioassayontology.org/bao#BAO_0002009","propLabel":"biological process","propAbbrev":"bao:BAO_0002009","valueURI":"http://purl.obolibrary.org/obo/GO_0002376","valueLabel":"immune system process","valueAbbrev":"obo:GO_0002376","valueDescr":"Any process involved in the development or functioning of the immune system, an organismal system for calibrated responses to potential internal or invasive threats.","groupNest":[],"groupLabel":[],"valueHier":["http://purl.obolibrary.org/obo/GO_0008150","http://www.bioassayontology.org/bao#BAO_0003114"],"labelHier":["biological process","assay biology component"]},{"propURI":"http://www.bioassayontology.org/bao#BAO_0002009","propLabel":"biological process","propAbbrev":"bao:BAO_0002009","valueURI":"http://purl.obolibrary.org/obo/GO_0002764","valueLabel":"immune response-regulating signaling pathway","valueAbbrev":"obo:GO_0002764","valueDescr":"The cascade of processes by which a signal interacts with a receptor, causing a change in the level or activity of a second messenger or other downstream target, and ultimately leading to the activation, perpetuation, or inhibition of an immune response.","groupNest":[],"groupLabel":[],"valueHier":["http://purl.obolibrary.org/obo/GO_0050776","http://purl.obolibrary.org/obo/GO_0002682","http://purl.obolibrary.org/obo/GO_0050789","http://purl.obolibrary.org/obo/GO_0065007","http://purl.obolibrary.org/obo/GO_0008150","http://www.bioassayontology.org/bao#BAO_0003114"],"labelHier":["regulation of immune response","regulation of immune system process","regulation of biological process","biological regulation","biological process","assay biology component"]},{"propURI":"http://www.bioassayontology.org/bao#BAO_0000211","propLabel":"target","propAbbrev":"bao:BAO_0000211","valueURI":"http://www.drugtargetontology.org/dto/DTO_02100169","valueLabel":"G-protein coupled receptor 183","valueAbbrev":"dto:DTO_02100169","valueDescr":"","groupNest":[],"groupLabel":[],"valueHier":["http://www.drugtargetontology.org/dto/DTO_02300002","http://www.drugtargetontology.org/dto/DTO_02300001","http://www.drugtargetontology.org/dto/DTO_00100000"],"labelHier":["Class A rhodopsin like","GPCR","Protein"]},{"propURI":"http://www.bioassayontology.org/bao#BAO_0000196","propLabel":"assay mode of action","propAbbrev":"bao:BAO_0000196","valueURI":"http://www.bioassayontology.org/bao#BAO_0002903","valueLabel":"antagonism","valueAbbrev":"bao:BAO_0002903","valueDescr":"","groupNest":[],"groupLabel":[],"valueHier":["http://www.bioassayontology.org/bao#BAO_0000084","http://www.bioassayontology.org/bao#BAO_0000074"],"labelHier":["ligand function mode of action","mode of action"]},{"propURI":"http://www.bioassayontology.org/bao#BAO_0000208","propLabel":"result","propAbbrev":"bao:BAO_0000208","valueURI":"http://www.bioassayontology.org/bao#BAO_0000190","valueLabel":"IC50","valueAbbrev":"bao:BAO_0000190","valueDescr":"The effective concentration of an inhibitor, which produces 50% of the maximum possible response for that inhibitor.","groupNest":[],"groupLabel":[],"valueHier":["http://www.bioassayontology.org/bao#BAO_0002162","http://www.bioassayontology.org/bao#BAO_0000180","http://www.bioassayontology.org/bao#BAO_0000179"],"labelHier":["concentration response endpoint","concentration endpoint","endpoint"]},{"propURI":"http://www.bioassayontology.org/bao#BAO_0002874","propLabel":"units","propAbbrev":"bao:BAO_0002874","valueURI":"http://purl.obolibrary.org/obo/UO_0000064","valueLabel":"micromolar","valueAbbrev":"obo:UO_0000064","valueDescr":"A unit of molarity which is equal to one millionth of a molar or 10^[-6] M.","groupNest":["http://www.bioassayontology.org/bao#BAX_0000017"],"groupLabel":["measurement"],"valueHier":["http://purl.obolibrary.org/obo/UO_0000061","http://purl.obolibrary.org/obo/UO_0000051","http://purl.obolibrary.org/obo/UO_0000000"],"labelHier":["unit of molarity","concentration unit","unit"]},{"propURI":"http://www.bioassayontology.org/bao#BAO_0000207","propLabel":"physical detection method","propAbbrev":"bao:BAO_0000207","valueURI":"http://www.bioassayontology.org/bao#BAO_0000051","valueLabel":"chemiluminescence","valueAbbrev":"bao:BAO_0000051","valueDescr":"Chemiluminescence is the generation of light as a result of a chemical reaction using synthetic compounds and usually involving a highly oxidized species such as peroxide.","groupNest":[],"groupLabel":[],"valueHier":["http://www.bioassayontology.org/bao#BAO_0000045","http://www.bioassayontology.org/bao#BAO_0000035"],"labelHier":["luminescence method","physical detection method"]},{"propURI":"http://www.bioassayontology.org/bao#BAO_0002865","propLabel":"detection instrument","propAbbrev":"bao:BAO_0002865","valueURI":"http://www.bioassayontology.org/bao#BAO_0000691","valueLabel":"ViewLux ultraHTS Microplate Imager","valueAbbrev":"bao:BAO_0000691","valueDescr":"","groupNest":[],"groupLabel":[],"valueHier":["http://www.bioassayontology.org/bao#BAO_0000697"],"labelHier":["detection instrument"]},{"propURI":"http://www.bioassayontology.org/bao#BAO_0002865","propLabel":"detection instrument","propAbbrev":"bao:BAO_0002865","valueURI":"http://www.bioassayontology.org/bao#BAO_0000701","valueLabel":"EnVision Multilabel Reader","valueAbbrev":"bao:BAO_0000701","valueDescr":"","groupNest":[],"groupLabel":[],"valueHier":["http://www.bioassayontology.org/bao#BAO_0000697"],"labelHier":["detection instrument"]},{"propURI":"http://www.bioassayontology.org/bao#BAO_0000185","propLabel":"perturbagen type","propAbbrev":"bao:BAO_0000185","valueURI":"http://www.bioassayontology.org/bao#BAO_0000733","valueLabel":"MLSMR library","valueAbbrev":"bao:BAO_0000733","valueDescr":"","groupNest":[],"groupLabel":[],"valueHier":["http://www.bioassayontology.org/bao#BAO_0000648","http://www.bioassayontology.org/bao#BAO_0000661","http://www.bioassayontology.org/bao#BAO_0003120"],"labelHier":["compound library","perturbagen library","assay screened entity component"]},{"propURI":"http://www.bioassayontology.org/bao#BAX_0000011","propLabel":"gene identity","propAbbrev":"bao:BAX_0000011","valueURI":"http://www.bioassayontology.org/geneid#1880","valueLabel":"GPR183: G protein-coupled receptor 183","valueAbbrev":"geneid:1880","valueDescr":"","groupNest":[],"groupLabel":[],"altLabels":["EBI2 , hEBI2"],"externalURLs":["https://www.ncbi.nlm.nih.gov/gene/1880"],"valueHier":["http://www.bioassayontology.org/geneid#Homo_sapiens","http://www.bioassayontology.org/geneid#Mammalia","http://www.bioassayontology.org/geneid#Root"],"labelHier":["Homo sapiens","Mammalia","Faux GeneID"]},{"propURI":"http://www.bioassayontology.org/bao#BAX_0000012","propLabel":"protein identity","propAbbrev":"bao:BAX_0000012","valueURI":"http://www.bioassayontology.org/protein#4826706","valueLabel":"G-protein coupled receptor 183 [Homo sapiens]","valueAbbrev":"protein:4826706","valueDescr":"Protein: G-protein coupled receptor 183 [Homo sapiens], Organism: Homo sapiens","groupNest":[],"groupLabel":[],"externalURLs":["https://www.ncbi.nlm.nih.gov/protein/4826706"],"valueHier":["http://www.bioassayontology.org/taxon#9606","http://www.bioassayontology.org/taxon#9605","http://www.bioassayontology.org/taxon#314295","http://www.bioassayontology.org/taxon#9526","http://www.bioassayontology.org/taxon#9443","http://www.bioassayontology.org/taxon#314146","http://www.bioassayontology.org/taxon#40674","http://www.bioassayontology.org/taxon#32524","http://www.bioassayontology.org/taxon#8287","http://www.bioassayontology.org/taxon#117570","http://www.bioassayontology.org/taxon#7711","http://www.bioassayontology.org/taxon#33511","http://www.bioassayontology.org/taxon#33213","http://www.bioassayontology.org/taxon#33208","http://www.bioassayontology.org/taxon#33154","http://www.bioassayontology.org/taxon#2759","http://www.bioassayontology.org/taxon#131567","http://www.bioassayontology.org/taxon#Root"],"labelHier":["Homo sapiens","Homo","Hominoidea / Hominidae / Homininae","Catarrhini","Primates / Haplorrhini / Simiiformes","Euarchontoglires","Mammalia / Theria / Eutheria / Boreoeutheria","Amniota","Sarcopterygii / Dipnotetrapodomorpha / Tetrapoda","Teleostomi / Euteleostomi","Chordata / Craniata / Vertebrata / Gnathostomata","Deuterostomia","Bilateria","Metazoa / Eumetazoa","Opisthokonta","Eukaryota","cellular organisms","Faux ProteinID"]},{"propURI":"http://www.bioassayontology.org/bao#BAO_0095010","propLabel":"assay supporting method","propAbbrev":"bao:BAO_0095010","valueURI":"http://www.bioassayontology.org/bao#BAO_0000574","valueLabel":"single perturbagen","valueAbbrev":"bao:BAO_0000574","valueDescr":"The perturbagens are tested individually in an assay","groupNest":[],"groupLabel":[],"valueHier":["http://www.bioassayontology.org/bao#BAO_0000573","http://www.bioassayontology.org/bao#BAO_0002198","http://www.bioassayontology.org/bao#BAO_0002429"],"labelHier":["perturbagen delivery method","delivery method","assay supporting method"]},{"propURI":"http://www.bioassayontology.org/bao#BAX_0000016","propLabel":"operator","propAbbrev":"bao:BAX_0000016","valueURI":"http://purl.obolibrary.org/obo/GENEPIO_0001002","valueLabel":"less than (<)","valueAbbrev":"obo:GENEPIO_0001002","valueDescr":"","groupNest":["http://www.bioassayontology.org/bao#BAX_0000017"],"groupLabel":["measurement"],"valueHier":["http://purl.obolibrary.org/obo/GENEPIO_0001001"],"labelHier":["threshold comparisons"]},{"propURI":"http://www.bioassayontology.org/bao#BAO_0002852","propLabel":"assay sources","propAbbrev":"bao:BAO_0002852","valueURI":"http://www.bioassayexpress.org/sources#SRC_0000002","valueLabel":"Center for Chemical Genomics (Sanford-Burnham)","valueAbbrev":"src:SRC_0000002","valueDescr":"Sanford-Burnham Center for Chemical Genomics.","groupNest":[],"groupLabel":[],"externalURLs":["http://cpccg.sanfordburnham.org"],"valueHier":["http://www.bioassayexpress.org/sources#pubchem_sources","http://www.bioassayontology.org/bao#BAO_0002934"],"labelHier":["PubChem Sources","organization"]},{"propURI":"http://www.bioassayontology.org/bao#BAO_0000211","propLabel":"target","propAbbrev":"bao:BAO_0000211","valueURI":"http://purl.obolibrary.org/obo/PR_P32249","valueLabel":"G-protein coupled receptor 183 (human)","valueAbbrev":"obo:PR_P32249","valueDescr":"A G-protein coupled receptor 183 that is encoded in the genome of human.","groupNest":[],"groupLabel":[],"altLabels":["epstein-Barr virus-induced G-protein coupled receptor 2 (human)","hGPR183","EBV-induced G-protein coupled receptor 2 (human)","hEBI2"],"valueHier":["http://purl.obolibrary.org/obo/PR_000029067","http://purl.obolibrary.org/obo/PR_000036194","http://purl.obolibrary.org/obo/PR_000000001"],"labelHier":["Homo sapiens protein","eukaryotic protein","protein"]},{"propURI":"http://www.bioassayontology.org/bao#BAX_0000015","valueLabel":"IC50_EBI2 (antagonists)_Mean","propAbbrev":"bao:BAX_0000015","groupNest":["http://www.bioassayontology.org/bao#BAX_0000017"],"propLabel":"field","groupLabel":["measurement"]},{"propURI":"http://www.bioassayontology.org/bao#BAO_0002916","valueLabel":"1.0","propAbbrev":"bao:BAO_0002916","groupNest":["http://www.bioassayontology.org/bao#BAX_0000017"],"propLabel":"threshold","groupLabel":["measurement"]},{"propURI":"http://www.bioassayontology.org/bao#BAO_0000539","valueLabel":"pubchemAID:493098","propAbbrev":"bao:BAO_0000539","groupNest":[],"propLabel":"related assays","groupLabel":[]},{"propURI":"http://www.bioassayontology.org/bao#BAO_0000539","valueLabel":"pubchemAID:651636","propAbbrev":"bao:BAO_0000539","groupNest":[],"propLabel":"related assays","groupLabel":[]},{"propURI":"http://www.bioassayontology.org/bao#BAO_0000539","valueLabel":"pubchemAID:652176","propAbbrev":"bao:BAO_0000539","groupNest":[],"propLabel":"related assays","groupLabel":[]},{"propURI":"http://www.bioassayontology.org/bao#BAO_0000539","valueLabel":"pubchemAID:652193","propAbbrev":"bao:BAO_0000539","groupNest":[],"propLabel":"related assays","groupLabel":[]},{"propURI":"http://www.bioassayontology.org/bao#BAO_0002853","valueLabel":"SAR confirmation of small molecule antagonists of the EBI2 receptor via a luminescent beta-arrestin assa","propAbbrev":"bao:BAO_0002853","groupNest":[],"propLabel":"assay title","groupLabel":[]}],"pubchemXRef":[{"type":"aid","id":"493098","comment":""},{"type":"aid","id":"651636","comment":""},{"type":"aid","id":"652176","comment":""},{"type":"aid","id":"652193","comment":""},{"type":"gene","id":"1880","comment":"GPR183 G protein-coupled receptor 183 [ Homo sapiens ]"},{"type":"taxonomy","id":"9606","comment":"Homo sapiens"},{"type":"dburl","id":"http://cpccg.sanfordburnham.org","comment":""},{"type":"pmid","id":"19597478","comment":""},{"type":"pmid","id":"19615922","comment":""},{"type":"pmid","id":"20727031","comment":""},{"type":"pmid","id":"21796211","comment":""},{"type":"pmid","id":"21796212","comment":""},{"type":"protein_gi","id":"4826706","comment":"G-protein coupled receptor 183 [Homo sapiens]"}],"curationTime":1584620548213,"curatorID":"google:108375455890260223170","curatorName":"","curatorEmail":"aclark.xyz@gmail.com","history":[{"curationTime":1482203872349,"curatorID":"orcid:0000-0002-3395-4666","curatorName":"Alex M. Clark","curatorEmail":"","annotsAdded":[{"propURI":"http://www.bioassayontology.org/bao#BAX_0000013","propAbbrev":"bao:BAX_0000013","valueURI":"http://www.bioassayontology.org/bao#BAO_0000574","valueLabel":"single perturbagen","valueAbbrev":"bao:BAO_0000574","valueDescr":"The perturbagens are tested individually in an assay","valueHier":[],"labelHier":[],"outOfSchema":true}],"annotsRemoved":[{"propURI":"http://www.bioassayontology.org/bao#BAX_0000003","propAbbrev":"bao:BAX_0000003","valueURI":"http://www.bioassayontology.org/bao#BAO_0000574","valueLabel":"single perturbagen","valueAbbrev":"bao:BAO_0000574","valueDescr":"The perturbagens are tested individually in an assay","valueHier":[],"labelHier":[],"outOfSchema":true}],"labelsAdded":[{"propURI":"http://www.bioassayontology.org/bao#BAX_0000013","valueLabel":"single perturbagen","propAbbrev":"bao:BAX_0000013"}],"labelsRemoved":[{"propURI":"http://www.bioassayontology.org/bao#BAX_0000003","valueLabel":"single perturbagen","propAbbrev":"bao:BAX_0000003"}]},{"curationTime":1482447675564,"curatorID":"orcid:0000-0003-2629-5583","annotsAdded":[],"annotsRemoved":[{"propURI":"http://www.bioassayontology.org/bao#BAO_0000196","propLabel":"assay mode of action","propAbbrev":"bao:BAO_0000196","valueURI":"http://purl.obolibrary.org/obo/GO_0005488","valueLabel":"binding","valueAbbrev":"obo:GO_0005488","valueDescr":"The selective, non-covalent, often stoichiometric, interaction of a molecule with one or more specific sites on another molecule.","valueHier":[],"labelHier":[],"outOfSchema":true}],"labelsAdded":[],"labelsRemoved":[{"propURI":"http://www.bioassayontology.org/bao#BAO_0000196","valueLabel":"binding","propAbbrev":"bao:BAO_0000196","propLabel":"assay mode of action"}]},{"curationTime":1492468130874,"curatorID":"admin","annotsAdded":[{"propURI":"http://www.bioassayontology.org/bao#BAO_0002854","propLabel":"bioassay type","propAbbrev":"bao:BAO_0002854","valueURI":"http://www.bioassayontology.org/bao#BAO_0000010","valueLabel":"functional","valueAbbrev":"bao:BAO_0000010","valueDescr":"An assay where the measured signal corresponds to a complex response such as cell survival, proliferation, localization of a protein, nuclear translocation etc. The molecular target is not assumed.","valueHier":["http://www.bioassayontology.org/bao#BAO_0000008"],"labelHier":["bioassay type"]}],"annotsRemoved":[{"propURI":"http://www.bioassayontology.org/bao#BAX_0000002","propLabel":"has bioassay type","propAbbrev":"bao:BAX_0000002","valueURI":"http://www.bioassayontology.org/bao#BAO_0000010","valueLabel":"functional","valueAbbrev":"bao:BAO_0000010","valueDescr":"An assay where the measured signal corresponds to a complex response such as cell survival, proliferation, localization of a protein, nuclear translocation etc. The molecular target is not assumed.","valueHier":[],"labelHier":[],"outOfSchema":true}],"labelsAdded":[{"propURI":"http://www.bioassayontology.org/bao#BAO_0002854","valueLabel":"functional","propAbbrev":"bao:BAO_0002854","propLabel":"bioassay type"}],"labelsRemoved":[{"propURI":"http://www.bioassayontology.org/bao#BAX_0000002","valueLabel":"functional","propAbbrev":"bao:BAX_0000002","propLabel":"has bioassay type"}]},{"curationTime":1492468130874,"curatorID":"admin","annotsAdded":[{"propURI":"http://www.bioassayontology.org/bao#BAO_0002009","propLabel":"biological process","propAbbrev":"bao:BAO_0002009","valueURI":"http://purl.obolibrary.org/obo/GO_0002376","valueLabel":"immune system process","valueAbbrev":"obo:GO_0002376","valueDescr":"Any process involved in the development or functioning of the immune system, an organismal system for calibrated responses to potential internal or invasive threats.","valueHier":["http://purl.obolibrary.org/obo/GO_0008150","http://www.bioassayontology.org/bao#BAO_0003114"],"labelHier":["biological process","assay biology component"]},{"propURI":"http://www.bioassayontology.org/bao#BAO_0002009","propLabel":"biological process","propAbbrev":"bao:BAO_0002009","valueURI":"http://purl.obolibrary.org/obo/GO_0007186","valueLabel":"G-protein coupled receptor signaling pathway","valueAbbrev":"obo:GO_0007186","valueDescr":"A series of molecular signals that proceeds with an activated receptor promoting the exchange of GDP for GTP on the alpha-subunit of an associated heterotrimeric G-protein complex. The GTP-bound activated alpha-G-protein then dissociates from the beta- and gamma-subunits to further transmit the signal within the cell. The pathway begins with receptor-ligand interaction, or for basal GPCR signaling the pathway begins with the receptor activating its G protein in the absence of an agonist, and ends with regulation of a downstream cellular process, e.g. transcription.  The pathway can start from the plasma membrane, Golgi or nuclear membrane (PMID:24568158 and PMID:16902576).","valueHier":["http://purl.obolibrary.org/obo/GO_0008150","http://www.bioassayontology.org/bao#BAO_0003114"],"labelHier":["biological process","assay biology component"]},{"propURI":"http://www.bioassayontology.org/bao#BAO_0002009","propLabel":"biological process","propAbbrev":"bao:BAO_0002009","valueURI":"http://purl.obolibrary.org/obo/GO_0002764","valueLabel":"immune response-regulating signaling pathway","valueAbbrev":"obo:GO_0002764","valueDescr":"The cascade of processes by which a signal interacts with a receptor, causing a change in the level or activity of a second messenger or other downstream target, and ultimately leading to the activation, perpetuation, or inhibition of an immune response.","valueHier":["http://purl.obolibrary.org/obo/GO_0050776","http://purl.obolibrary.org/obo/GO_0002682","http://purl.obolibrary.org/obo/GO_0050789","http://purl.obolibrary.org/obo/GO_0065007","http://purl.obolibrary.org/obo/GO_0008150","http://www.bioassayontology.org/bao#BAO_0003114"],"labelHier":["regulation of immune response","regulation of immune system process","regulation of biological process","biological regulation","biological process","assay biology component"]}],"annotsRemoved":[{"propURI":"http://www.bioassayontology.org/bao#BAX_0000004","propAbbrev":"bao:BAX_0000004","valueURI":"http://purl.obolibrary.org/obo/GO_0002376","valueLabel":"immune system process","valueAbbrev":"obo:GO_0002376","valueDescr":"Any process involved in the development or functioning of the immune system, an organismal system for calibrated responses to potential internal or invasive threats.","valueHier":[],"labelHier":[],"outOfSchema":true},{"propURI":"http://www.bioassayontology.org/bao#BAX_0000004","propAbbrev":"bao:BAX_0000004","valueURI":"http://purl.obolibrary.org/obo/GO_0007186","valueLabel":"G-protein coupled receptor signaling pathway","valueAbbrev":"obo:GO_0007186","valueDescr":"A series of molecular signals that proceeds with an activated receptor promoting the exchange of GDP for GTP on the alpha-subunit of an associated heterotrimeric G-protein complex. The GTP-bound activated alpha-G-protein then dissociates from the beta- and gamma-subunits to further transmit the signal within the cell. The pathway begins with receptor-ligand interaction, or for basal GPCR signaling the pathway begins with the receptor activating its G protein in the absence of an agonist, and ends with regulation of a downstream cellular process, e.g. transcription.  The pathway can start from the plasma membrane, Golgi or nuclear membrane (PMID:24568158 and PMID:16902576).","valueHier":[],"labelHier":[],"outOfSchema":true},{"propURI":"http://www.bioassayontology.org/bao#BAX_0000004","propAbbrev":"bao:BAX_0000004","valueURI":"http://purl.obolibrary.org/obo/GO_0002764","valueLabel":"immune response-regulating signaling pathway","valueAbbrev":"obo:GO_0002764","valueDescr":"The cascade of processes by which a signal interacts with a receptor, causing a change in the level or activity of a second messenger or other downstream target, and ultimately leading to the activation, perpetuation, or inhibition of an immune response.","valueHier":[],"labelHier":[],"outOfSchema":true}],"labelsAdded":[{"propURI":"http://www.bioassayontology.org/bao#BAO_0002009","valueLabel":"immune system process","propAbbrev":"bao:BAO_0002009","propLabel":"biological process"},{"propURI":"http://www.bioassayontology.org/bao#BAO_0002009","valueLabel":"G-protein coupled receptor signaling pathway","propAbbrev":"bao:BAO_0002009","propLabel":"biological process"},{"propURI":"http://www.bioassayontology.org/bao#BAO_0002009","valueLabel":"immune response-regulating signaling pathway","propAbbrev":"bao:BAO_0002009","propLabel":"biological process"}],"labelsRemoved":[{"propURI":"http://www.bioassayontology.org/bao#BAX_0000004","valueLabel":"immune system process","propAbbrev":"bao:BAX_0000004"},{"propURI":"http://www.bioassayontology.org/bao#BAX_0000004","valueLabel":"G-protein coupled receptor signaling pathway","propAbbrev":"bao:BAX_0000004"},{"propURI":"http://www.bioassayontology.org/bao#BAX_0000004","valueLabel":"immune response-regulating signaling pathway","propAbbrev":"bao:BAX_0000004"}]},{"curationTime":1492468130874,"curatorID":"admin","annotsAdded":[{"propURI":"http://www.bioassayontology.org/bao#BAO_0000208","propLabel":"result","propAbbrev":"bao:BAO_0000208","valueURI":"http://www.bioassayontology.org/bao#BAO_0000190","valueLabel":"IC50","valueAbbrev":"bao:BAO_0000190","valueDescr":"The effective concentration of an inhibitor, which produces 50% of the maximum possible response for that inhibitor.","valueHier":["http://www.bioassayontology.org/bao#BAO_0002162","http://www.bioassayontology.org/bao#BAO_0000180","http://www.bioassayontology.org/bao#BAO_0000179"],"labelHier":["concentration response endpoint","concentration endpoint","endpoint"]}],"annotsRemoved":[{"propURI":"http://www.bioassayontology.org/bao#BAX_0000006","propAbbrev":"bao:BAX_0000006","valueURI":"http://www.bioassayontology.org/bao#BAO_0000190","valueLabel":"IC50","valueAbbrev":"bao:BAO_0000190","valueDescr":"The effective concentration of an inhibitor, which produces 50% of the maximum possible response for that inhibitor.","valueHier":[],"labelHier":[],"outOfSchema":true}],"labelsAdded":[{"propURI":"http://www.bioassayontology.org/bao#BAO_0000208","valueLabel":"IC50","propAbbrev":"bao:BAO_0000208","propLabel":"result"}],"labelsRemoved":[{"propURI":"http://www.bioassayontology.org/bao#BAX_0000006","valueLabel":"IC50","propAbbrev":"bao:BAX_0000006"}]},{"curationTime":1492468130874,"curatorID":"admin","annotsAdded":[{"propURI":"http://www.bioassayontology.org/bao#BAO_0002874","propLabel":"units","propAbbrev":"bao:BAO_0002874","valueURI":"http://purl.org/obo/owl/UO#UO_0000064","valueLabel":"micromolar","valueAbbrev":"uo:UO_0000064","valueDescr":"","valueHier":[],"labelHier":[],"outOfSchema":true}],"annotsRemoved":[{"propURI":"http://www.bioassayontology.org/bao#BAX_0000007","propAbbrev":"bao:BAX_0000007","valueURI":"http://purl.org/obo/owl/UO#UO_0000064","valueLabel":"micromolar","valueAbbrev":"uo:UO_0000064","valueDescr":"","valueHier":[],"labelHier":[],"outOfSchema":true}],"labelsAdded":[{"propURI":"http://www.bioassayontology.org/bao#BAO_0002874","valueLabel":"micromolar","propAbbrev":"bao:BAO_0002874","propLabel":"units"}],"labelsRemoved":[{"propURI":"http://www.bioassayontology.org/bao#BAX_0000007","valueLabel":"micromolar","propAbbrev":"bao:BAX_0000007"}]},{"curationTime":1492468130874,"curatorID":"admin","annotsAdded":[{"propURI":"http://www.bioassayontology.org/bao#BAO_0095009","propLabel":"assay design method","propAbbrev":"bao:BAO_0095009","valueURI":"http://www.bioassayontology.org/bao#BAO_0000406","valueLabel":"protein fragment complementation method","valueAbbrev":"bao:BAO_0000406","valueDescr":"This is used to study the interaction of two proteins. An enzyme or fluorescent protein is rationally dissected into two fragments and fused to two test proteins, whose interaction is being studied. Binding of the two test proteins results in the reconstitution of the enzyme or fluorescent protein from the two fragments, which can be measured.","valueHier":["http://www.bioassayontology.org/bao#BAO_0000123","http://www.bioassayontology.org/bao#BAO_0002202"],"labelHier":["binding assessment method","assay design method"]},{"propURI":"http://www.bioassayontology.org/bao#BAO_0095009","propLabel":"assay design method","propAbbrev":"bao:BAO_0095009","valueURI":"http://www.bioassayontology.org/bao#BAO_0000123","valueLabel":"binding assessment method","valueAbbrev":"bao:BAO_0000123","valueDescr":"Binding reporter technology is used to quantitate the interactions between two molecules, e.g. perturbagen-protein, protein-protein, protein-DNA, etc.\nThe technologies used are radioligand binding, resonance energy transfer, fluorescence polarization, protein fragment complementation assay, and several label-free methods, including surface plasmon resonance, impedance, nuclear magnetic resonance, X-ray diffraction, isothermal titration calorimetry, mass spectrometry, etc.\n","valueHier":["http://www.bioassayontology.org/bao#BAO_0002202"],"labelHier":["assay design method"]}],"annotsRemoved":[{"propURI":"http://www.bioassayontology.org/bao#BAX_0000003","propAbbrev":"bao:BAX_0000003","valueURI":"http://www.bioassayontology.org/bao#BAO_0000406","valueLabel":"protein fragment complementation method","valueAbbrev":"bao:BAO_0000406","valueDescr":"This is used to study the interaction of two proteins. An enzyme or fluorescent protein is rationally dissected into two fragments and fused to two test proteins, whose interaction is being studied. Binding of the two test proteins results in the reconstitution of the enzyme or fluorescent protein from the two fragments, which can be measured.","valueHier":[],"labelHier":[],"outOfSchema":true},{"propURI":"http://www.bioassayontology.org/bao#BAX_0000003","propAbbrev":"bao:BAX_0000003","valueURI":"http://www.bioassayontology.org/bao#BAO_0000123","valueLabel":"binding assessment method","valueAbbrev":"bao:BAO_0000123","valueDescr":"Binding reporter technology is used to quantitate the interactions between two molecules, e.g. perturbagen-protein, protein-protein, protein-DNA, etc.\nThe technologies used are radioligand binding, resonance energy transfer, fluorescence polarization, protein fragment complementation assay, and several label-free methods, including surface plasmon resonance, impedance, nuclear magnetic resonance, X-ray diffraction, isothermal titration calorimetry, mass spectrometry, etc.\n","valueHier":[],"labelHier":[],"outOfSchema":true}],"labelsAdded":[{"propURI":"http://www.bioassayontology.org/bao#BAO_0095009","valueLabel":"protein fragment complementation method","propAbbrev":"bao:BAO_0095009","propLabel":"assay design method"},{"propURI":"http://www.bioassayontology.org/bao#BAO_0095009","valueLabel":"binding assessment method","propAbbrev":"bao:BAO_0095009","propLabel":"assay design method"}],"labelsRemoved":[{"propURI":"http://www.bioassayontology.org/bao#BAX_0000003","valueLabel":"protein fragment complementation method","propAbbrev":"bao:BAX_0000003"},{"propURI":"http://www.bioassayontology.org/bao#BAX_0000003","valueLabel":"binding assessment method","propAbbrev":"bao:BAX_0000003"}]},{"curationTime":1492468130874,"curatorID":"admin","annotsAdded":[{"propURI":"http://www.bioassayontology.org/bao#BAO_0095010","propLabel":"assay supporting method","propAbbrev":"bao:BAO_0095010","valueURI":"http://www.bioassayontology.org/bao#BAO_0000574","valueLabel":"single perturbagen","valueAbbrev":"bao:BAO_0000574","valueDescr":"The perturbagens are tested individually in an assay","valueHier":["http://www.bioassayontology.org/bao#BAO_0000573","http://www.bioassayontology.org/bao#BAO_0002198","http://www.bioassayontology.org/bao#BAO_0002429"],"labelHier":["perturbagen delivery method","delivery method","assay supporting method"]}],"annotsRemoved":[{"propURI":"http://www.bioassayontology.org/bao#BAX_0000013","propAbbrev":"bao:BAX_0000013","valueURI":"http://www.bioassayontology.org/bao#BAO_0000574","valueLabel":"single perturbagen","valueAbbrev":"bao:BAO_0000574","valueDescr":"The perturbagens are tested individually in an assay","valueHier":[],"labelHier":[],"outOfSchema":true}],"labelsAdded":[{"propURI":"http://www.bioassayontology.org/bao#BAO_0095010","valueLabel":"single perturbagen","propAbbrev":"bao:BAO_0095010","propLabel":"assay supporting method"}],"labelsRemoved":[{"propURI":"http://www.bioassayontology.org/bao#BAX_0000013","valueLabel":"single perturbagen","propAbbrev":"bao:BAX_0000013"}]},{"curationTime":1492468130874,"curatorID":"admin","annotsAdded":[{"propURI":"http://www.bioassayontology.org/bao#BAO_0000211","propLabel":"target","propAbbrev":"bao:BAO_0000211","valueURI":"http://www.drugtargetontology.org/dto/DTO_02100169","valueLabel":"G-protein coupled receptor 183","valueAbbrev":"dto:DTO_02100169","valueDescr":"","valueHier":["http://www.drugtargetontology.org/dto/DTO_02300002","http://www.drugtargetontology.org/dto/DTO_02300001","http://www.drugtargetontology.org/dto/DTO_00100000"],"labelHier":["Class A rhodopsin like","GPCR","Protein"]}],"annotsRemoved":[{"propURI":"http://www.bioassayontology.org/bao#BAX_0000005","propAbbrev":"bao:BAX_0000005","valueURI":"http://www.drugtargetontology.org/dto/DTO_02100169","valueLabel":"G-protein coupled receptor 183","valueAbbrev":"dto:DTO_02100169","valueDescr":"","valueHier":[],"labelHier":[],"outOfSchema":true}],"labelsAdded":[{"propURI":"http://www.bioassayontology.org/bao#BAO_0000211","valueLabel":"G-protein coupled receptor 183","propAbbrev":"bao:BAO_0000211","propLabel":"target"}],"labelsRemoved":[{"propURI":"http://www.bioassayontology.org/bao#BAX_0000005","valueLabel":"G-protein coupled receptor 183","propAbbrev":"bao:BAX_0000005"}]},{"curationTime":1492468130874,"curatorID":"admin","annotsAdded":[{"propURI":"http://www.bioassayontology.org/bao#BAO_0002855","propLabel":"bioassay","propAbbrev":"bao:BAO_0002855","valueURI":"http://www.bioassayontology.org/bao#BAO_0002777","valueLabel":"beta galactosidase enzyme activity assay","valueAbbrev":"bao:BAO_0002777","valueDescr":"","valueHier":["http://www.bioassayontology.org/bao#BAO_0002806","http://www.bioassayontology.org/bao#BAO_0002790","http://www.bioassayontology.org/bao#BAO_0002994","http://www.bioassayontology.org/bao#BAO_0000015"],"labelHier":["generic hydrolase enzyme activity assay","hydrolase activity assay","enzyme activity assay","bioassay"]},{"propURI":"http://www.bioassayontology.org/bao#BAO_0002855","propLabel":"bioassay","propAbbrev":"bao:BAO_0002855","valueURI":"http://www.bioassayontology.org/bao#BAO_0000110","valueLabel":"protein-small molecule interaction assay","valueAbbrev":"bao:BAO_0000110","valueDescr":"It is an interaction between a protein (e.g., receptor, transcription factor) and small molecule (e.g., hormone, organic compound with a low molecular weight (<800 Da)).","valueHier":["http://www.bioassayontology.org/bao#BAO_0002989","http://www.bioassayontology.org/bao#BAO_0000015"],"labelHier":["binding assay","bioassay"]}],"annotsRemoved":[{"propURI":"http://www.bioassayontology.org/bao#BAX_0000002","propLabel":"has bioassay type","propAbbrev":"bao:BAX_0000002","valueURI":"http://www.bioassayontology.org/bao#BAO_0002777","valueLabel":"beta galactosidase enzyme activity assay","valueAbbrev":"bao:BAO_0002777","valueDescr":"","valueHier":[],"labelHier":[],"outOfSchema":true},{"propURI":"http://www.bioassayontology.org/bao#BAX_0000002","propLabel":"has bioassay type","propAbbrev":"bao:BAX_0000002","valueURI":"http://www.bioassayontology.org/bao#BAO_0000110","valueLabel":"protein-small molecule interaction assay","valueAbbrev":"bao:BAO_0000110","valueDescr":"It is an interaction between a protein (e.g., receptor, transcription factor) and small molecule (e.g., hormone, organic compound with a low molecular weight (<800 Da)).","valueHier":[],"labelHier":[],"outOfSchema":true}],"labelsAdded":[{"propURI":"http://www.bioassayontology.org/bao#BAO_0002855","valueLabel":"beta galactosidase enzyme activity assay","propAbbrev":"bao:BAO_0002855","propLabel":"bioassay"},{"propURI":"http://www.bioassayontology.org/bao#BAO_0002855","valueLabel":"protein-small molecule interaction assay","propAbbrev":"bao:BAO_0002855","propLabel":"bioassay"}],"labelsRemoved":[{"propURI":"http://www.bioassayontology.org/bao#BAX_0000002","valueLabel":"beta galactosidase enzyme activity assay","propAbbrev":"bao:BAX_0000002","propLabel":"has bioassay type"},{"propURI":"http://www.bioassayontology.org/bao#BAX_0000002","valueLabel":"protein-small molecule interaction assay","propAbbrev":"bao:BAX_0000002","propLabel":"has bioassay type"}]},{"curationTime":1492468130874,"curatorID":"admin","annotsAdded":[{"propURI":"http://www.bioassayontology.org/bao#BAO_0002874","propLabel":"units","propAbbrev":"bao:BAO_0002874","valueURI":"http://purl.obolibrary.org/obo/UO_0000064","valueLabel":"micromolar","valueAbbrev":"obo:UO_0000064","valueDescr":"A unit of molarity which is equal to one millionth of a molar or 10^[-6] M.","valueHier":["http://purl.obolibrary.org/obo/UO_0000061","http://purl.obolibrary.org/obo/UO_0000051","http://purl.obolibrary.org/obo/UO_0000000"],"labelHier":["unit of molarity","concentration unit","unit"]}],"annotsRemoved":[{"propURI":"http://www.bioassayontology.org/bao#BAO_0002874","propLabel":"units","propAbbrev":"bao:BAO_0002874","valueURI":"http://purl.org/obo/owl/UO#UO_0000064","valueLabel":"micromolar","valueAbbrev":"uo:UO_0000064","valueDescr":"","valueHier":[],"labelHier":[],"outOfSchema":true}],"labelsAdded":[{"propURI":"http://www.bioassayontology.org/bao#BAO_0002874","valueLabel":"micromolar","propAbbrev":"bao:BAO_0002874","propLabel":"units"}],"labelsRemoved":[{"propURI":"http://www.bioassayontology.org/bao#BAO_0002874","valueLabel":"micromolar","propAbbrev":"bao:BAO_0002874","propLabel":"units"}]},{"curationTime":1492468130874,"curatorID":"admin","annotsAdded":[{"propURI":"http://www.bioassayontology.org/bao#BAX_0000016","propLabel":"operator","propAbbrev":"bao:BAX_0000016","valueURI":"http://purl.obolibrary.org/obo/GENEPIO_0001002","valueLabel":"less than (<)","valueAbbrev":"obo:GENEPIO_0001002","valueDescr":"","groupNest":["http://www.bioassayontology.org/bao#BAX_0000017"],"groupLabel":["measurement"],"valueHier":["http://purl.obolibrary.org/obo/GENEPIO_0001001"],"labelHier":["threshold comparisons"]}],"annotsRemoved":[],"labelsAdded":[{"propURI":"http://www.bioassayontology.org/bao#BAX_0000016","valueLabel":"less than (<)","propAbbrev":"bao:BAX_0000016","groupNest":["http://www.bioassayontology.org/bao#BAX_0000017"],"propLabel":"operator","groupLabel":["measurement"]}],"labelsRemoved":[]},{"curationTime":1584620548213,"curatorID":"google:108375455890260223170","curatorName":"","curatorEmail":"aclark.xyz@gmail.com","annotsAdded":[{"propURI":"http://www.bioassayontology.org/bao#BAO_0000211","propLabel":"target","propAbbrev":"bao:BAO_0000211","valueURI":"http://purl.obolibrary.org/obo/PR_P32249","valueLabel":"G-protein coupled receptor 183 (human)","valueAbbrev":"obo:PR_P32249","valueDescr":"A G-protein coupled receptor 183 that is encoded in the genome of human.","altLabels":["epstein-Barr virus-induced G-protein coupled receptor 2 (human)","hGPR183","EBV-induced G-protein coupled receptor 2 (human)","hEBI2"],"valueHier":["http://purl.obolibrary.org/obo/PR_000029067","http://purl.obolibrary.org/obo/PR_000036194","http://purl.obolibrary.org/obo/PR_000000001"],"labelHier":["Homo sapiens protein","eukaryotic protein","protein"]}],"annotsRemoved":[],"labelsAdded":[],"labelsRemoved":[]}],"holdingIDList":[]}