{"assayID":2657,"uniqueID":"pubchemAID:485368","text":"qHTS Validation Assay to Find Inhibitors of T. brucei phosphofructokinase\n\nNCGC Assay Overview:\n\nVarious species of the protozoan family Trypanosomatidae are responsible for a range of serious human diseases in tropical and subtropical areas of the world. The subspecies Trypanosoma brucei is one of three known to cause sleeping sickness in sub-Saharan Africa, significantly contributing to the millions of people worldwide who are infected by these parasites and endangering hundreds of millions more. Many of the disorders caused by trypanosomatids are fatal if left untreated, but most currently used drugs are inefficient and toxic.\nOf many possible drug targets in trypanosomatid parasites, the carbohydrate metabolism pathway is seen as potentially one of the most selective, as T. brucei, when in the bloodstream of its mammalian host, is entirely dependent on the conversion of the blood sugar glucose into pyruvate for its ATP supply [1]. Oxidative metabolism involving the mitochondrial tricarboxylic acid cycle and oxidative phosphorylation are repressed in these parasites, and recent RNA interference (RNAi) experiments have shown that even partial depletion of certain individual glycolytic enzymes can lead to the death of cultured parasites [2]. One such glycolytic enzyme, phosphofructokinase (PFK), catalyzes the formation of fructose-1,6-bisphosphate (F1,6BP) and ADP from fructose-6-phosphate (F6P) and ATP, and in many metabolic circumstances makes an important contribution to the control of flux through the glycolytic pathway. As a specific glycolytic target, PFK is particularly attractive as it catalyzes the first irreversible step in glycolysis, and structural and kinetic studies have shown very substantial and essential differences from corresponding host enzymes [3], allowing for the discovery of parasite-selective inhibitors. \nThe goal of this screen is to find small-molecule inhibitors of T. brucei PFK using a biochemical assay that measures PFK activity as a function of ADP production.  A luminescence-based assay for T. brucei PFK activity has been developed which uses luciferase to detect production of ADP. Traditional luciferase-based nucleotide detection reagents rely on ATP production as a direct substrate for the luciferase reaction; however, PFK catalyzes the transfer of a phosphate from ATP to F6P, resulting in the net depletion of ATP. To directly measure the ADP product of the PFK reaction, we used the ADP-Glo detection kit (Promega), which utilizes two separate reactions to 1) deplete all remaining uncatalyzed ATP and 2) convert all remaining ADP to ATP, which is then detected through a traditional luciferase-coupled reaction.  Compounds were screened as a concentration-titration series that ranged from 57 uM to 0.7 nM.\n\nNCGC Assay Protocol Summary:\n\nSubstrate buffer was dispensed into white, solid 1536-well plates at 3uL/well in 0.1M triethanolamine (TEA) buffer, pH 8.0, containing final concentrations of 5 mM MgCl2, 0.01% Tween20, 0.5 mM fructose-6-phosphate (F6P) and 0.1mM ATP. Then, 23 nL of compounds or DMSO were delivered to each well using a pin tool.  One uL T. brucei PFK (0.1M TEA, 0.01% Tween20, 0.1% bovine serum albumin (BSA) and 1.25nM PFK, final concentrations) was then dispensed, and plates were incubated at room temperature for 45 min. The luminescent detection reagent, ADP-Glo (Promega), was then added in two steps: the first reagent, ADP-Glo (which converts remaining uncatalyzed ATP), was added at 2.5uL/well and incubated for ten minutes at room temperature, and the second component, Kinase Detection reagent (which converts ADP to ATP as a substrate for luciferase-based luminescence), was added immediately after at 5uL/well, followed by one final ten minute room temperature incubation.  The plates were measured on a ViewLux plate reader for luminescent signal using a clear filter with a one second exposure. The %Activity was determined from the corrected luminescence values. As no specific T. brucei PFK inhibitors have been identified in the literature, 1x (1.25nM) and 0x PFK enzyme controls (untreated) were included to normalize %Activity of identified inhibitors; 0x enzyme values corresponded to 100%Activity (full inhibition), while 1x PFK enzyme values were used to normalize 0%Activity (no inhibition). \n\nConcentration-response curves were fitted to the signals arising from the resulting luminescence. The concentration-effect curves were then classified based on curve quality (r2), response magnitude and degree of measured activity, and compounds were subsequently categorized based on their curve class. Active inhibitors showed concentration-dependent decreases in luminescence, concordant with a decrease in PFK activity and ADP production. Inversely, active activators showed a concentration-dependent increase in luminescence signal above 1x PFK control levels, suggestive of an increase in ADP production.  Inactive compounds showed no effect on luminescence signal.","schemaURI":"http://www.bioassayontology.org/bas#","annotations":[{"propURI":"http://www.bioassayontology.org/bao#BAO_0002854","propLabel":"bioassay type","propAbbrev":"bao:BAO_0002854","valueURI":"http://www.bioassayontology.org/bao#BAO_0000010","valueLabel":"functional","valueAbbrev":"bao:BAO_0000010","valueDescr":"An assay where the measured signal corresponds to a complex response such as cell survival, proliferation, localization of a protein, nuclear translocation etc. The molecular target is not assumed.","groupNest":[],"groupLabel":[],"valueHier":["http://www.bioassayontology.org/bao#BAO_0000008"],"labelHier":["bioassay type"]},{"propURI":"http://www.bioassayontology.org/bao#BAO_0000205","propLabel":"assay format","propAbbrev":"bao:BAO_0000205","valueURI":"http://www.bioassayontology.org/bao#BAO_0000217","valueLabel":"biochemical format","valueAbbrev":"bao:BAO_0000217","valueDescr":"It is an in vitro format used to measure the activity of a biological macromolecule, either a purified protein or a nucleic acid. It is most often a homogeneous assay type, but can be heterogeneous if a solid phase such as beads is used to immobilize the macromolecule.","groupNest":[],"groupLabel":[],"valueHier":["http://www.bioassayontology.org/bao#BAO_0000019"],"labelHier":["assay format"]},{"propURI":"http://www.bioassayontology.org/bao#BAO_0000205","propLabel":"assay format","propAbbrev":"bao:BAO_0000205","valueURI":"http://www.bioassayontology.org/bao#BAO_0000224","valueLabel":"protein format","valueAbbrev":"bao:BAO_0000224","valueDescr":"In this format, the perturbagen targets a protein to regulate its function.  ","groupNest":[],"groupLabel":[],"valueHier":["http://www.bioassayontology.org/bao#BAO_0000217","http://www.bioassayontology.org/bao#BAO_0000019"],"labelHier":["biochemical format","assay format"]},{"propURI":"http://www.bioassayontology.org/bao#BAO_0002855","propLabel":"bioassay","propAbbrev":"bao:BAO_0002855","valueURI":"http://www.bioassayontology.org/bao#BAO_0002994","valueLabel":"enzyme activity assay","valueAbbrev":"bao:BAO_0002994","valueDescr":"It is used to measure the effect of a perturbagen on the enzyme activity, which can be measured either directly or coupled to a secondary signal. ","groupNest":[],"groupLabel":[],"valueHier":["http://www.bioassayontology.org/bao#BAO_0000015"],"labelHier":["bioassay"]},{"propURI":"http://www.bioassayontology.org/bao#BAO_0002855","propLabel":"bioassay","propAbbrev":"bao:BAO_0002855","valueURI":"http://www.bioassayontology.org/bao#BAO_0000110","valueLabel":"protein-small molecule interaction assay","valueAbbrev":"bao:BAO_0000110","valueDescr":"It is an interaction between a protein (e.g., receptor, transcription factor) and small molecule (e.g., hormone, organic compound with a low molecular weight (<800 Da)).","groupNest":[],"groupLabel":[],"valueHier":["http://www.bioassayontology.org/bao#BAO_0002989","http://www.bioassayontology.org/bao#BAO_0000015"],"labelHier":["binding assay","bioassay"]},{"propURI":"http://www.bioassayontology.org/bao#BAO_0095009","propLabel":"assay design method","propAbbrev":"bao:BAO_0095009","valueURI":"http://www.bioassayontology.org/bao#BAO_0000124","valueLabel":"enzyme activity measurement method","valueAbbrev":"bao:BAO_0000124","valueDescr":"It describes the different methods by which an enzyme activity can be measured and the ways it is expressed. This can be measured either directly or coupled to a secondary signal.","groupNest":[],"groupLabel":[],"valueHier":["http://www.bioassayontology.org/bao#BAO_0002202"],"labelHier":["assay design method"]},{"propURI":"http://www.bioassayontology.org/bao#BAO_0095009","propLabel":"assay design method","propAbbrev":"bao:BAO_0095009","valueURI":"http://www.bioassayontology.org/bao#BAO_0002079","valueLabel":"ATP quantitation using luciferase","valueAbbrev":"bao:BAO_0002079","valueDescr":"","groupNest":[],"groupLabel":[],"valueHier":["http://www.bioassayontology.org/bao#BAO_0000164","http://www.bioassayontology.org/bao#BAO_0000127","http://www.bioassayontology.org/bao#BAO_0002202"],"labelHier":["ATP quantitation","viability measurement method","assay design method"]},{"propURI":"http://www.bioassayontology.org/bao#BAO_0002800","propLabel":"assay cell line","propAbbrev":"bao:BAO_0002800","valueURI":"http://www.bioassayontology.org/bat#NotApplicable","valueLabel":"not applicable","valueAbbrev":"bat:NotApplicable","valueDescr":"This property does not apply to this assay.","groupNest":[],"groupLabel":[],"valueHier":[],"labelHier":[]},{"propURI":"http://www.bioassayontology.org/bao#BAO_0002921","propLabel":"organism","propAbbrev":"bao:BAO_0002921","valueURI":"http://purl.obolibrary.org/obo/NCBITaxon_5691","valueLabel":"Trypanosoma brucei","valueAbbrev":"obo:NCBITaxon_5691","valueDescr":"","groupNest":[],"groupLabel":[],"altLabels":["Trypanosoma brucei subgroup","Trypanosoma (Trypanozoon) brucei"],"valueHier":["http://www.bioassayontology.org/bao#BAO_0000662","http://www.bioassayontology.org/bao#BAO_0000509","http://www.bioassayontology.org/bao#BAO_0000658","http://www.bioassayontology.org/bao#BAO_0000551"],"labelHier":["protozoan","eukaryote","cellular organisms","organism"]},{"propURI":"http://www.bioassayontology.org/bao#BAO_0000211","propLabel":"target","propAbbrev":"bao:BAO_0000211","valueURI":"http://www.drugtargetontology.org/dto/DTO_03391002","valueLabel":"ATP-dependent PFK group I subfamily","valueAbbrev":"dto:DTO_03391002","valueDescr":"","groupNest":[],"groupLabel":[],"valueHier":["http://www.drugtargetontology.org/dto/DTO_03391016","http://www.drugtargetontology.org/dto/DTO_03300325","http://www.drugtargetontology.org/dto/DTO_03300103","http://www.drugtargetontology.org/dto/DTO_03300101","http://www.drugtargetontology.org/dto/DTO_00100000"],"labelHier":["Phosphofructokinase type A (PFKA) family","Carbohydrate kinase","Non-protein kinase","Kinase","Protein"]},{"propURI":"http://www.bioassayontology.org/bao#BAO_0000211","propLabel":"target","propAbbrev":"bao:BAO_0000211","valueURI":"http://www.bioassayontology.org/bat#SeeGeneID","valueLabel":"see Gene ID","valueAbbrev":"bat:SeeGeneID","valueDescr":"The target is present in the Gene ID section, but needs to be mapped to a formal ontology.","groupNest":[],"groupLabel":[],"valueHier":["http://www.bioassayontology.org/bat#SeeAlso"],"labelHier":["see also"]},{"propURI":"http://www.bioassayontology.org/bao#BAO_0002848","propLabel":"applies to disease","propAbbrev":"bao:BAO_0002848","valueURI":"http://purl.obolibrary.org/obo/DOID_10112","valueLabel":"sleeping sickness","valueAbbrev":"obo:DOID_10112","valueDescr":"\nA trypanosomiasis that results from infection by Trypanosoma brucei and gambiense, which is transmitted by the bite of an infected tsetse fly (Glossina spp). The symptoms include fever, headache, joint pain, itching, confusion, sensory disturbances, poor coordination and sleep disturbances.\n","groupNest":[],"groupLabel":[],"valueHier":["http://purl.obolibrary.org/obo/DOID_10113","http://purl.obolibrary.org/obo/DOID_2789","http://purl.obolibrary.org/obo/DOID_1398","http://purl.obolibrary.org/obo/DOID_0050117","http://purl.obolibrary.org/obo/DOID_4"],"labelHier":["trypanosomiasis","parasitic protozoa infectious disease","parasitic infectious disease","disease by infectious agent","Disease"]},{"propURI":"http://www.bioassayontology.org/bao#BAO_0002848","propLabel":"applies to disease","propAbbrev":"bao:BAO_0002848","valueURI":"http://purl.obolibrary.org/obo/DOID_0050117","valueLabel":"disease by infectious agent","valueAbbrev":"obo:DOID_0050117","valueDescr":"\nA disease that is the consequence of the presence of pathogenic microbial agents, including pathogenic viruses, pathogenic bacteria, fungi, protozoa, multicellular parasites, and aberrant proteins known as prions.\n","groupNest":[],"groupLabel":[],"valueHier":["http://purl.obolibrary.org/obo/DOID_4"],"labelHier":["Disease"]},{"propURI":"http://www.bioassayontology.org/bao#BAO_0000196","propLabel":"assay mode of action","propAbbrev":"bao:BAO_0000196","valueURI":"http://www.bioassayontology.org/bao#BAO_0000091","valueLabel":"inhibition","valueAbbrev":"bao:BAO_0000091","valueDescr":"Reduction of a predefined stimulus. Unit of Measure is always % when normalized to the dynamic range of the assay.","groupNest":[],"groupLabel":[],"valueHier":["http://www.bioassayontology.org/bao#BAO_0000084","http://www.bioassayontology.org/bao#BAO_0000074"],"labelHier":["ligand function mode of action","mode of action"]},{"propURI":"http://www.bioassayontology.org/bao#BAO_0002009","propLabel":"biological process","propAbbrev":"bao:BAO_0002009","valueURI":"http://purl.obolibrary.org/obo/GO_0006109","valueLabel":"regulation of carbohydrate metabolic process","valueAbbrev":"obo:GO_0006109","valueDescr":"Any process that modulates the frequency, rate or extent of the chemical reactions and pathways involving carbohydrates.","groupNest":[],"groupLabel":[],"valueHier":["http://purl.obolibrary.org/obo/GO_0080090","http://purl.obolibrary.org/obo/GO_0019222","http://purl.obolibrary.org/obo/GO_0050789","http://purl.obolibrary.org/obo/GO_0065007","http://purl.obolibrary.org/obo/GO_0008150","http://www.bioassayontology.org/bao#BAO_0003114"],"labelHier":["regulation of primary metabolic process","regulation of metabolic process","regulation of biological process","biological regulation","biological process","assay biology component"]},{"propURI":"http://www.bioassayontology.org/bao#BAO_0002009","propLabel":"biological process","propAbbrev":"bao:BAO_0002009","valueURI":"http://purl.obolibrary.org/obo/GO_0061615","valueLabel":"glycolytic process through fructose-6-phosphate","valueAbbrev":"obo:GO_0061615","valueDescr":"The chemical reactions and pathways resulting in the breakdown of a monosaccharide into pyruvate, occurring through a fructose-6-phosphate intermediate, with the concomitant production of ATP and NADH.","groupNest":[],"groupLabel":[],"valueHier":["http://purl.obolibrary.org/obo/GO_0006096","http://purl.obolibrary.org/obo/GO_0006090","http://purl.obolibrary.org/obo/GO_0032787","http://purl.obolibrary.org/obo/GO_0019752","http://purl.obolibrary.org/obo/GO_0043436","http://purl.obolibrary.org/obo/GO_0006082","http://purl.obolibrary.org/obo/GO_0044237","http://purl.obolibrary.org/obo/GO_0009987","http://purl.obolibrary.org/obo/GO_0008150","http://www.bioassayontology.org/bao#BAO_0003114"],"labelHier":["glycolytic process","pyruvate metabolic process","monocarboxylic acid metabolic process","carboxylic acid metabolic process","oxoacid metabolic process","organic acid metabolic process","cellular metabolic process","cellular process","biological process","assay biology component"]},{"propURI":"http://www.bioassayontology.org/bao#BAO_0000208","propLabel":"result","propAbbrev":"bao:BAO_0000208","valueURI":"http://www.bioassayontology.org/bao#BAO_0000181","valueLabel":"response endpoint","valueAbbrev":"bao:BAO_0000181","valueDescr":"Reporting the extent / magnitude of the perturbation (induced by the perturbagen) such as percent inhibition. Response-type endpoints would typically be obtained from a single concentration perturbagen measurement.","groupNest":[],"groupLabel":[],"valueHier":["http://www.bioassayontology.org/bao#BAO_0000179"],"labelHier":["endpoint"]},{"propURI":"http://www.bioassayontology.org/bao#BAO_0002867","propLabel":"assay footprint","propAbbrev":"bao:BAO_0002867","valueURI":"http://www.bioassayontology.org/bao#BAO_0000516","valueLabel":"1536 well plate","valueAbbrev":"bao:BAO_0000516","valueDescr":"This microplate contains 1536 wells. It is highly miniaturized to accommodate more wells on one plate which reduces the plate handling time and allows working with very small volumes (few microliters) that reduces the cost of an assay.","groupNest":[],"groupLabel":[],"valueHier":["http://www.bioassayontology.org/bao#BAO_0000508","http://www.bioassayontology.org/bao#BAO_0000512"],"labelHier":["microplate","assay footprint"]},{"propURI":"http://www.bioassayontology.org/bao#BAO_0000207","propLabel":"physical detection method","propAbbrev":"bao:BAO_0000207","valueURI":"http://www.bioassayontology.org/bao#BAO_0000050","valueLabel":"bioluminescence","valueAbbrev":"bao:BAO_0000050","valueDescr":"Bioluminescence refers to the production and emission of light by a living organism. Bioluminescence is a naturally occurring form of chemiluminescence whereby energy is released by a chemical reaction in the form of light emission. The chemical reaction can occur either inside or outside the cell, and can be detected using a plate reader or a charge-coupled device (CCD) camera.","groupNest":[],"groupLabel":[],"valueHier":["http://www.bioassayontology.org/bao#BAO_0000045","http://www.bioassayontology.org/bao#BAO_0000035"],"labelHier":["luminescence method","physical detection method"]},{"propURI":"http://www.bioassayontology.org/bao#BAO_0002865","propLabel":"detection instrument","propAbbrev":"bao:BAO_0002865","valueURI":"http://www.bioassayontology.org/bao#BAO_0000691","valueLabel":"ViewLux ultraHTS Microplate Imager","valueAbbrev":"bao:BAO_0000691","valueDescr":"","groupNest":[],"groupLabel":[],"valueHier":["http://www.bioassayontology.org/bao#BAO_0000697"],"labelHier":["detection instrument"]},{"propURI":"http://www.bioassayontology.org/bao#BAO_0000185","propLabel":"perturbagen type","propAbbrev":"bao:BAO_0000185","valueURI":"http://www.bioassayontology.org/bao#BAO_0000733","valueLabel":"MLSMR library","valueAbbrev":"bao:BAO_0000733","valueDescr":"","groupNest":[],"groupLabel":[],"valueHier":["http://www.bioassayontology.org/bao#BAO_0000648","http://www.bioassayontology.org/bao#BAO_0000661","http://www.bioassayontology.org/bao#BAO_0003120"],"labelHier":["compound library","perturbagen library","assay screened entity component"]},{"propURI":"http://www.bioassayontology.org/bao#BAO_0002874","propLabel":"units","propAbbrev":"bao:BAO_0002874","valueURI":"http://purl.obolibrary.org/obo/UO_0000064","valueLabel":"micromolar","valueAbbrev":"obo:UO_0000064","valueDescr":"A unit of molarity which is equal to one millionth of a molar or 10^[-6] M.","groupNest":["http://www.bioassayontology.org/bao#BAX_0000017"],"groupLabel":["measurement"],"valueHier":["http://purl.obolibrary.org/obo/UO_0000061","http://purl.obolibrary.org/obo/UO_0000051","http://purl.obolibrary.org/obo/UO_0000000"],"labelHier":["unit of molarity","concentration unit","unit"]},{"propURI":"http://www.bioassayontology.org/bao#BAO_0002663","propLabel":"assay kit","propAbbrev":"bao:BAO_0002663","valueURI":"http://www.bioassayontology.org/bao#BAO_0000690","valueLabel":"ADP Glo Kinase Assay","valueAbbrev":"bao:BAO_0000690","valueDescr":"","groupNest":[],"groupLabel":[],"valueHier":["http://www.bioassayontology.org/bao#BAO_0140017","http://www.bioassayontology.org/bao#BAO_0000248"],"labelHier":["Luciferase-based ('Glo') Assay System (Promega)","assay kit"]},{"propURI":"http://www.bioassayontology.org/bao#BAX_0000011","propLabel":"gene identity","propAbbrev":"bao:BAX_0000011","valueURI":"http://www.bioassayontology.org/geneid#3656265","valueLabel":"Tb927.3.3270: ATP-dependent phosphofructokinase","valueAbbrev":"geneid:3656265","valueDescr":"","groupNest":[],"groupLabel":[],"altLabels":["Tb03.3K10.320"],"externalURLs":["https://www.ncbi.nlm.nih.gov/gene/3656265"],"valueHier":["http://www.bioassayontology.org/geneid#Other","http://www.bioassayontology.org/geneid#Plants","http://www.bioassayontology.org/geneid#Root"],"labelHier":["Other","Plants","Faux GeneID"]},{"propURI":"http://www.bioassayontology.org/bao#BAX_0000012","propLabel":"protein identity","propAbbrev":"bao:BAX_0000012","valueURI":"http://www.bioassayontology.org/protein#72386991","valueLabel":"ATP-dependent phosphofructokinase [Trypanosoma brucei brucei TREU927]","valueAbbrev":"protein:72386991","valueDescr":"Protein: ATP-dependent phosphofructokinase [Trypanosoma brucei brucei TREU927], Organism: Trypanosoma brucei brucei TREU927","groupNest":[],"groupLabel":[],"externalURLs":["https://www.ncbi.nlm.nih.gov/protein/72386991"],"valueHier":["http://www.bioassayontology.org/taxon#185431","http://www.bioassayontology.org/taxon#5702","http://www.bioassayontology.org/taxon#5691","http://www.bioassayontology.org/taxon#39700","http://www.bioassayontology.org/taxon#5690","http://www.bioassayontology.org/taxon#33682","http://www.bioassayontology.org/taxon#2759","http://www.bioassayontology.org/taxon#131567","http://www.bioassayontology.org/taxon#Root"],"labelHier":["Trypanosoma brucei brucei TREU927","Trypanosoma brucei brucei","Trypanosoma brucei","Trypanozoon","Trypanosoma","Euglenozoa / Kinetoplastida / Trypanosomatidae","Eukaryota","cellular organisms","Faux ProteinID"]},{"propURI":"http://www.bioassayontology.org/bao#BAO_0000210","propLabel":"screening campaign stage","propAbbrev":"bao:BAO_0000210","valueURI":"http://www.bioassayontology.org/bao#BAO_0000030","valueLabel":"confirmatory assay","valueAbbrev":"bao:BAO_0000030","valueDescr":"Assay performed to confirm activity of compounds identified in the primary screen.  It can be performed as replicate measurements at a single screening concentration or as concentration-response assay.","groupNest":[],"groupLabel":[],"valueHier":["http://www.bioassayontology.org/bao#BAO_0000029"],"labelHier":["assay screening campaign stage"]},{"propURI":"http://www.bioassayontology.org/bao#BAO_0002852","propLabel":"assay sources","propAbbrev":"bao:BAO_0002852","valueURI":"http://www.bioassayexpress.org/sources#SRC_0000015","valueLabel":"NCATS Chemical Genomics Center (NCGC)","valueAbbrev":"src:SRC_0000015","valueDescr":"The NCATS Chemical Genomics Center (NCGC), formerly known as the NIH Chemical Genomics Center, was created in 2008 as a comprehensive screening center in the Molecular Libraries Probe Production Centers Network, part of the NIH Common Fund's Molecular Libraries Program. The NCGC's goal is to uncover new small molecule therapeutics and advance the process of therapeutic development through a model of collaborative research.","groupNest":[],"groupLabel":[],"externalURLs":["https://ncats.nih.gov/ncgc"],"valueHier":["http://www.bioassayexpress.org/sources#pubchem_sources","http://www.bioassayontology.org/bao#BAO_0002934"],"labelHier":["PubChem Sources","organization"]},{"propURI":"http://www.bioassayontology.org/bao#BAO_0002853","valueLabel":"qHTS Validation Assay to Find Inhibitors of T. brucei phosphofructokinase","propAbbrev":"bao:BAO_0002853","groupNest":[],"propLabel":"assay title","groupLabel":[]}],"pubchemXRef":[{"type":"dburl","id":"http://www.ncgc.nih.gov","comment":""},{"type":"pmid","id":"11512153","comment":""},{"type":"pmid","id":"15955817","comment":""},{"type":"pmid","id":"19084537","comment":""},{"type":"gene","id":"3656265","comment":"Tb927.3.3270 ATP-dependent phosphofructokinase [ Trypanosoma brucei TREU927 ]"},{"type":"protein_gi","id":"72386991","comment":"ATP-dependent phosphofructokinase [Trypanosoma brucei]"}],"curationTime":1492468126745,"curatorID":"admin","history":[{"curationTime":1492468126745,"curatorID":"admin","annotsAdded":[{"propURI":"http://www.bioassayontology.org/bao#BAO_0002854","propLabel":"bioassay type","propAbbrev":"bao:BAO_0002854","valueURI":"http://www.bioassayontology.org/bao#BAO_0000010","valueLabel":"functional","valueAbbrev":"bao:BAO_0000010","valueDescr":"An assay where the measured signal corresponds to a complex response such as cell survival, proliferation, localization of a protein, nuclear translocation etc. The molecular target is not assumed.","valueHier":["http://www.bioassayontology.org/bao#BAO_0000008"],"labelHier":["bioassay type"]}],"annotsRemoved":[{"propURI":"http://www.bioassayontology.org/bao#BAX_0000002","propLabel":"has bioassay type","propAbbrev":"bao:BAX_0000002","valueURI":"http://www.bioassayontology.org/bao#BAO_0000010","valueLabel":"functional","valueAbbrev":"bao:BAO_0000010","valueDescr":"An assay where the measured signal corresponds to a complex response such as cell survival, proliferation, localization of a protein, nuclear translocation etc. The molecular target is not assumed.","valueHier":[],"labelHier":[],"outOfSchema":true}],"labelsAdded":[{"propURI":"http://www.bioassayontology.org/bao#BAO_0002854","valueLabel":"functional","propAbbrev":"bao:BAO_0002854","propLabel":"bioassay type"}],"labelsRemoved":[{"propURI":"http://www.bioassayontology.org/bao#BAX_0000002","valueLabel":"functional","propAbbrev":"bao:BAX_0000002","propLabel":"has bioassay type"}]},{"curationTime":1492468126745,"curatorID":"admin","annotsAdded":[{"propURI":"http://www.bioassayontology.org/bao#BAO_0002009","propLabel":"biological process","propAbbrev":"bao:BAO_0002009","valueURI":"http://purl.obolibrary.org/obo/GO_0061615","valueLabel":"glycolytic process through fructose-6-phosphate","valueAbbrev":"obo:GO_0061615","valueDescr":"The chemical reactions and pathways resulting in the breakdown of a monosaccharide into pyruvate, occurring through a fructose-6-phosphate intermediate, with the concomitant production of ATP and NADH.","valueHier":["http://purl.obolibrary.org/obo/GO_0006096","http://purl.obolibrary.org/obo/GO_0006090","http://purl.obolibrary.org/obo/GO_0032787","http://purl.obolibrary.org/obo/GO_0019752","http://purl.obolibrary.org/obo/GO_0043436","http://purl.obolibrary.org/obo/GO_0006082","http://purl.obolibrary.org/obo/GO_0044237","http://purl.obolibrary.org/obo/GO_0009987","http://purl.obolibrary.org/obo/GO_0008150","http://www.bioassayontology.org/bao#BAO_0003114"],"labelHier":["glycolytic process","pyruvate metabolic process","monocarboxylic acid metabolic process","carboxylic acid metabolic process","oxoacid metabolic process","organic acid metabolic process","cellular metabolic process","cellular process","biological process","assay biology component"]},{"propURI":"http://www.bioassayontology.org/bao#BAO_0002009","propLabel":"biological process","propAbbrev":"bao:BAO_0002009","valueURI":"http://purl.obolibrary.org/obo/GO_0006109","valueLabel":"regulation of carbohydrate metabolic process","valueAbbrev":"obo:GO_0006109","valueDescr":"Any process that modulates the frequency, rate or extent of the chemical reactions and pathways involving carbohydrates.","valueHier":["http://purl.obolibrary.org/obo/GO_0080090","http://purl.obolibrary.org/obo/GO_0019222","http://purl.obolibrary.org/obo/GO_0050789","http://purl.obolibrary.org/obo/GO_0065007","http://purl.obolibrary.org/obo/GO_0008150","http://www.bioassayontology.org/bao#BAO_0003114"],"labelHier":["regulation of primary metabolic process","regulation of metabolic process","regulation of biological process","biological regulation","biological process","assay biology component"]}],"annotsRemoved":[{"propURI":"http://www.bioassayontology.org/bao#BAX_0000004","propAbbrev":"bao:BAX_0000004","valueURI":"http://purl.obolibrary.org/obo/GO_0061615","valueLabel":"glycolytic process through fructose-6-phosphate","valueAbbrev":"obo:GO_0061615","valueDescr":"The chemical reactions and pathways resulting in the breakdown of a monosaccharide into pyruvate, occurring through a fructose-6-phosphate intermediate, with the concomitant production of ATP and NADH.","valueHier":[],"labelHier":[],"outOfSchema":true},{"propURI":"http://www.bioassayontology.org/bao#BAX_0000004","propAbbrev":"bao:BAX_0000004","valueURI":"http://purl.obolibrary.org/obo/GO_0006109","valueLabel":"regulation of carbohydrate metabolic process","valueAbbrev":"obo:GO_0006109","valueDescr":"Any process that modulates the frequency, rate or extent of the chemical reactions and pathways involving carbohydrates.","valueHier":[],"labelHier":[],"outOfSchema":true}],"labelsAdded":[{"propURI":"http://www.bioassayontology.org/bao#BAO_0002009","valueLabel":"glycolytic process through fructose-6-phosphate","propAbbrev":"bao:BAO_0002009","propLabel":"biological process"},{"propURI":"http://www.bioassayontology.org/bao#BAO_0002009","valueLabel":"regulation of carbohydrate metabolic process","propAbbrev":"bao:BAO_0002009","propLabel":"biological process"}],"labelsRemoved":[{"propURI":"http://www.bioassayontology.org/bao#BAX_0000004","valueLabel":"glycolytic process through fructose-6-phosphate","propAbbrev":"bao:BAX_0000004"},{"propURI":"http://www.bioassayontology.org/bao#BAX_0000004","valueLabel":"regulation of carbohydrate metabolic process","propAbbrev":"bao:BAX_0000004"}]},{"curationTime":1492468126745,"curatorID":"admin","annotsAdded":[{"propURI":"http://www.bioassayontology.org/bao#BAO_0002848","propLabel":"applies to disease","propAbbrev":"bao:BAO_0002848","valueURI":"http://purl.obolibrary.org/obo/DOID_10112","valueLabel":"sleeping sickness","valueAbbrev":"obo:DOID_10112","valueDescr":"\nA trypanosomiasis that results from infection by Trypanosoma brucei and gambiense, which is transmitted by the bite of an infected tsetse fly (Glossina spp). The symptoms include fever, headache, joint pain, itching, confusion, sensory disturbances, poor coordination and sleep disturbances.\n","valueHier":["http://purl.obolibrary.org/obo/DOID_10113","http://purl.obolibrary.org/obo/DOID_2789","http://purl.obolibrary.org/obo/DOID_1398","http://purl.obolibrary.org/obo/DOID_0050117","http://purl.obolibrary.org/obo/DOID_4"],"labelHier":["trypanosomiasis","parasitic protozoa infectious disease","parasitic infectious disease","disease by infectious agent","Disease"]},{"propURI":"http://www.bioassayontology.org/bao#BAO_0002848","propLabel":"applies to disease","propAbbrev":"bao:BAO_0002848","valueURI":"http://purl.obolibrary.org/obo/DOID_0050117","valueLabel":"disease by infectious agent","valueAbbrev":"obo:DOID_0050117","valueDescr":"\nA disease that is the consequence of the presence of pathogenic microbial agents, including pathogenic viruses, pathogenic bacteria, fungi, protozoa, multicellular parasites, and aberrant proteins known as prions.\n","valueHier":["http://purl.obolibrary.org/obo/DOID_4"],"labelHier":["Disease"]}],"annotsRemoved":[{"propURI":"http://www.bioassayontology.org/bao#BAX_0000010","propAbbrev":"bao:BAX_0000010","valueURI":"http://purl.obolibrary.org/obo/DOID_10112","valueLabel":"sleeping sickness","valueAbbrev":"obo:DOID_10112","valueDescr":"\nA trypanosomiasis that results from infection by Trypanosoma brucei and gambiense, which is transmitted by the bite of an infected tsetse fly (Glossina spp). The symptoms include fever, headache, joint pain, itching, confusion, sensory disturbances, poor coordination and sleep disturbances.\n","valueHier":[],"labelHier":[],"outOfSchema":true},{"propURI":"http://www.bioassayontology.org/bao#BAX_0000010","propAbbrev":"bao:BAX_0000010","valueURI":"http://purl.obolibrary.org/obo/DOID_0050117","valueLabel":"disease by infectious agent","valueAbbrev":"obo:DOID_0050117","valueDescr":"\nA disease that is the consequence of the presence of pathogenic microbial agents, including pathogenic viruses, pathogenic bacteria, fungi, protozoa, multicellular parasites, and aberrant proteins known as prions.\n","valueHier":[],"labelHier":[],"outOfSchema":true}],"labelsAdded":[{"propURI":"http://www.bioassayontology.org/bao#BAO_0002848","valueLabel":"sleeping sickness","propAbbrev":"bao:BAO_0002848","propLabel":"applies to disease"},{"propURI":"http://www.bioassayontology.org/bao#BAO_0002848","valueLabel":"disease by infectious agent","propAbbrev":"bao:BAO_0002848","propLabel":"applies to disease"}],"labelsRemoved":[{"propURI":"http://www.bioassayontology.org/bao#BAX_0000010","valueLabel":"sleeping sickness","propAbbrev":"bao:BAX_0000010"},{"propURI":"http://www.bioassayontology.org/bao#BAX_0000010","valueLabel":"disease by infectious agent","propAbbrev":"bao:BAX_0000010"}]},{"curationTime":1492468126745,"curatorID":"admin","annotsAdded":[{"propURI":"http://www.bioassayontology.org/bao#BAO_0000208","propLabel":"result","propAbbrev":"bao:BAO_0000208","valueURI":"http://www.bioassayontology.org/bao#BAO_0000181","valueLabel":"response endpoint","valueAbbrev":"bao:BAO_0000181","valueDescr":"Reporting the extent / magnitude of the perturbation (induced by the perturbagen) such as percent inhibition. Response-type endpoints would typically be obtained from a single concentration perturbagen measurement.","valueHier":["http://www.bioassayontology.org/bao#BAO_0000179"],"labelHier":["endpoint"]}],"annotsRemoved":[{"propURI":"http://www.bioassayontology.org/bao#BAX_0000006","propAbbrev":"bao:BAX_0000006","valueURI":"http://www.bioassayontology.org/bao#BAO_0000181","valueLabel":"response endpoint","valueAbbrev":"bao:BAO_0000181","valueDescr":"Reporting the extent / magnitude of the perturbation (induced by the perturbagen) such as percent inhibition. Response-type endpoints would typically be obtained from a single concentration perturbagen measurement.","valueHier":[],"labelHier":[],"outOfSchema":true}],"labelsAdded":[{"propURI":"http://www.bioassayontology.org/bao#BAO_0000208","valueLabel":"response endpoint","propAbbrev":"bao:BAO_0000208","propLabel":"result"}],"labelsRemoved":[{"propURI":"http://www.bioassayontology.org/bao#BAX_0000006","valueLabel":"response endpoint","propAbbrev":"bao:BAX_0000006"}]},{"curationTime":1492468126745,"curatorID":"admin","annotsAdded":[{"propURI":"http://www.bioassayontology.org/bao#BAO_0002874","propLabel":"units","propAbbrev":"bao:BAO_0002874","valueURI":"http://purl.org/obo/owl/UO#UO_0000064","valueLabel":"micromolar","valueAbbrev":"uo:UO_0000064","valueDescr":"","valueHier":[],"labelHier":[],"outOfSchema":true}],"annotsRemoved":[{"propURI":"http://www.bioassayontology.org/bao#BAX_0000007","propAbbrev":"bao:BAX_0000007","valueURI":"http://purl.org/obo/owl/UO#UO_0000064","valueLabel":"micromolar","valueAbbrev":"uo:UO_0000064","valueDescr":"","valueHier":[],"labelHier":[],"outOfSchema":true}],"labelsAdded":[{"propURI":"http://www.bioassayontology.org/bao#BAO_0002874","valueLabel":"micromolar","propAbbrev":"bao:BAO_0002874","propLabel":"units"}],"labelsRemoved":[{"propURI":"http://www.bioassayontology.org/bao#BAX_0000007","valueLabel":"micromolar","propAbbrev":"bao:BAX_0000007"}]},{"curationTime":1492468126745,"curatorID":"admin","annotsAdded":[{"propURI":"http://www.bioassayontology.org/bao#BAO_0095009","propLabel":"assay design method","propAbbrev":"bao:BAO_0095009","valueURI":"http://www.bioassayontology.org/bao#BAO_0000124","valueLabel":"enzyme activity measurement method","valueAbbrev":"bao:BAO_0000124","valueDescr":"It describes the different methods by which an enzyme activity can be measured and the ways it is expressed. This can be measured either directly or coupled to a secondary signal.","valueHier":["http://www.bioassayontology.org/bao#BAO_0002202"],"labelHier":["assay design method"]},{"propURI":"http://www.bioassayontology.org/bao#BAO_0095009","propLabel":"assay design method","propAbbrev":"bao:BAO_0095009","valueURI":"http://www.bioassayontology.org/bao#BAO_0002079","valueLabel":"ATP quantitation using luciferase","valueAbbrev":"bao:BAO_0002079","valueDescr":"","valueHier":["http://www.bioassayontology.org/bao#BAO_0000164","http://www.bioassayontology.org/bao#BAO_0000127","http://www.bioassayontology.org/bao#BAO_0002202"],"labelHier":["ATP quantitation","viability measurement method","assay design method"]}],"annotsRemoved":[{"propURI":"http://www.bioassayontology.org/bao#BAX_0000003","propAbbrev":"bao:BAX_0000003","valueURI":"http://www.bioassayontology.org/bao#BAO_0000124","valueLabel":"enzyme activity measurement method","valueAbbrev":"bao:BAO_0000124","valueDescr":"It describes the different methods by which an enzyme activity can be measured and the ways it is expressed. This can be measured either directly or coupled to a secondary signal.","valueHier":[],"labelHier":[],"outOfSchema":true},{"propURI":"http://www.bioassayontology.org/bao#BAX_0000003","propAbbrev":"bao:BAX_0000003","valueURI":"http://www.bioassayontology.org/bao#BAO_0002079","valueLabel":"ATP quantitation using luciferase","valueAbbrev":"bao:BAO_0002079","valueDescr":"","valueHier":[],"labelHier":[],"outOfSchema":true}],"labelsAdded":[{"propURI":"http://www.bioassayontology.org/bao#BAO_0095009","valueLabel":"enzyme activity measurement method","propAbbrev":"bao:BAO_0095009","propLabel":"assay design method"},{"propURI":"http://www.bioassayontology.org/bao#BAO_0095009","valueLabel":"ATP quantitation using luciferase","propAbbrev":"bao:BAO_0095009","propLabel":"assay design method"}],"labelsRemoved":[{"propURI":"http://www.bioassayontology.org/bao#BAX_0000003","valueLabel":"enzyme activity measurement method","propAbbrev":"bao:BAX_0000003"},{"propURI":"http://www.bioassayontology.org/bao#BAX_0000003","valueLabel":"ATP quantitation using luciferase","propAbbrev":"bao:BAX_0000003"}]},{"curationTime":1492468126745,"curatorID":"admin","annotsAdded":[{"propURI":"http://www.bioassayontology.org/bao#BAO_0000211","propLabel":"target","propAbbrev":"bao:BAO_0000211","valueURI":"http://www.drugtargetontology.org/dto/DTO_03391002","valueLabel":"ATP-dependent PFK group I subfamily","valueAbbrev":"dto:DTO_03391002","valueDescr":"","valueHier":["http://www.drugtargetontology.org/dto/DTO_03391016","http://www.drugtargetontology.org/dto/DTO_03300325","http://www.drugtargetontology.org/dto/DTO_03300103","http://www.drugtargetontology.org/dto/DTO_03300101","http://www.drugtargetontology.org/dto/DTO_00100000"],"labelHier":["Phosphofructokinase type A (PFKA) family","Carbohydrate kinase","Non-protein kinase","Kinase","Protein"]},{"propURI":"http://www.bioassayontology.org/bao#BAO_0000211","propLabel":"target","propAbbrev":"bao:BAO_0000211","valueURI":"http://www.bioassayontology.org/bat#SeeGeneID","valueLabel":"see Gene ID","valueAbbrev":"bat:SeeGeneID","valueDescr":"The target is present in the Gene ID section, but needs to be mapped to a formal ontology.","valueHier":["http://www.bioassayontology.org/bat#SeeAlso"],"labelHier":["see also"]}],"annotsRemoved":[{"propURI":"http://www.bioassayontology.org/bao#BAX_0000005","propAbbrev":"bao:BAX_0000005","valueURI":"http://www.bioassayontology.org/bat#SeeGeneID","valueLabel":"see Gene ID","valueAbbrev":"bat:SeeGeneID","valueDescr":"The target is present in the Gene ID section, but needs to be mapped to a formal ontology.","valueHier":[],"labelHier":[],"outOfSchema":true},{"propURI":"http://www.bioassayontology.org/bao#BAX_0000005","propAbbrev":"bao:BAX_0000005","valueURI":"http://www.drugtargetontology.org/dto/DTO_03391002","valueLabel":"ATP-dependent PFK group I subfamily","valueAbbrev":"dto:DTO_03391002","valueDescr":"","valueHier":[],"labelHier":[],"outOfSchema":true}],"labelsAdded":[{"propURI":"http://www.bioassayontology.org/bao#BAO_0000211","valueLabel":"ATP-dependent PFK group I subfamily","propAbbrev":"bao:BAO_0000211","propLabel":"target"},{"propURI":"http://www.bioassayontology.org/bao#BAO_0000211","valueLabel":"see Gene ID","propAbbrev":"bao:BAO_0000211","propLabel":"target"}],"labelsRemoved":[{"propURI":"http://www.bioassayontology.org/bao#BAX_0000005","valueLabel":"see Gene ID","propAbbrev":"bao:BAX_0000005"},{"propURI":"http://www.bioassayontology.org/bao#BAX_0000005","valueLabel":"ATP-dependent PFK group I subfamily","propAbbrev":"bao:BAX_0000005"}]},{"curationTime":1492468126745,"curatorID":"admin","annotsAdded":[{"propURI":"http://www.bioassayontology.org/bao#BAO_0002855","propLabel":"bioassay","propAbbrev":"bao:BAO_0002855","valueURI":"http://www.bioassayontology.org/bao#BAO_0002994","valueLabel":"enzyme activity assay","valueAbbrev":"bao:BAO_0002994","valueDescr":"It is used to measure the effect of a perturbagen on the enzyme activity, which can be measured either directly or coupled to a secondary signal. ","valueHier":["http://www.bioassayontology.org/bao#BAO_0000015"],"labelHier":["bioassay"]},{"propURI":"http://www.bioassayontology.org/bao#BAO_0002855","propLabel":"bioassay","propAbbrev":"bao:BAO_0002855","valueURI":"http://www.bioassayontology.org/bao#BAO_0000110","valueLabel":"protein-small molecule interaction assay","valueAbbrev":"bao:BAO_0000110","valueDescr":"It is an interaction between a protein (e.g., receptor, transcription factor) and small molecule (e.g., hormone, organic compound with a low molecular weight (<800 Da)).","valueHier":["http://www.bioassayontology.org/bao#BAO_0002989","http://www.bioassayontology.org/bao#BAO_0000015"],"labelHier":["binding assay","bioassay"]}],"annotsRemoved":[{"propURI":"http://www.bioassayontology.org/bao#BAX_0000002","propLabel":"has bioassay type","propAbbrev":"bao:BAX_0000002","valueURI":"http://www.bioassayontology.org/bao#BAO_0002994","valueLabel":"enzyme activity assay","valueAbbrev":"bao:BAO_0002994","valueDescr":"It is used to measure the effect of a perturbagen on the enzyme activity, which can be measured either directly or coupled to a secondary signal. ","valueHier":[],"labelHier":[],"outOfSchema":true},{"propURI":"http://www.bioassayontology.org/bao#BAX_0000002","propLabel":"has bioassay type","propAbbrev":"bao:BAX_0000002","valueURI":"http://www.bioassayontology.org/bao#BAO_0000110","valueLabel":"protein-small molecule interaction assay","valueAbbrev":"bao:BAO_0000110","valueDescr":"It is an interaction between a protein (e.g., receptor, transcription factor) and small molecule (e.g., hormone, organic compound with a low molecular weight (<800 Da)).","valueHier":[],"labelHier":[],"outOfSchema":true}],"labelsAdded":[{"propURI":"http://www.bioassayontology.org/bao#BAO_0002855","valueLabel":"enzyme activity assay","propAbbrev":"bao:BAO_0002855","propLabel":"bioassay"},{"propURI":"http://www.bioassayontology.org/bao#BAO_0002855","valueLabel":"protein-small molecule interaction assay","propAbbrev":"bao:BAO_0002855","propLabel":"bioassay"}],"labelsRemoved":[{"propURI":"http://www.bioassayontology.org/bao#BAX_0000002","valueLabel":"enzyme activity assay","propAbbrev":"bao:BAX_0000002","propLabel":"has bioassay type"},{"propURI":"http://www.bioassayontology.org/bao#BAX_0000002","valueLabel":"protein-small molecule interaction assay","propAbbrev":"bao:BAX_0000002","propLabel":"has bioassay type"}]},{"curationTime":1492468126745,"curatorID":"admin","annotsAdded":[{"propURI":"http://www.bioassayontology.org/bao#BAO_0002874","propLabel":"units","propAbbrev":"bao:BAO_0002874","valueURI":"http://purl.obolibrary.org/obo/UO_0000064","valueLabel":"micromolar","valueAbbrev":"obo:UO_0000064","valueDescr":"A unit of molarity which is equal to one millionth of a molar or 10^[-6] M.","valueHier":["http://purl.obolibrary.org/obo/UO_0000061","http://purl.obolibrary.org/obo/UO_0000051","http://purl.obolibrary.org/obo/UO_0000000"],"labelHier":["unit of molarity","concentration unit","unit"]}],"annotsRemoved":[{"propURI":"http://www.bioassayontology.org/bao#BAO_0002874","propLabel":"units","propAbbrev":"bao:BAO_0002874","valueURI":"http://purl.org/obo/owl/UO#UO_0000064","valueLabel":"micromolar","valueAbbrev":"uo:UO_0000064","valueDescr":"","valueHier":[],"labelHier":[],"outOfSchema":true}],"labelsAdded":[{"propURI":"http://www.bioassayontology.org/bao#BAO_0002874","valueLabel":"micromolar","propAbbrev":"bao:BAO_0002874","propLabel":"units"}],"labelsRemoved":[{"propURI":"http://www.bioassayontology.org/bao#BAO_0002874","valueLabel":"micromolar","propAbbrev":"bao:BAO_0002874","propLabel":"units"}]}],"holdingIDList":[]}