{"assayID":2100,"uniqueID":"pubchemAID:2665","text":"Discovery of Novel Allosteric Modulators of the Muscarinic Receptor M5: SAR with Acetylcholine\n\nAssigned Assay Grant Number: MH077606-1\nScreening Center Name & PI: Vanderbilt Screening Center for GPCRs, Ion Channels and Transporters, C. David Weaver\nChemistry Center Name & PI: Vanderbilt Specialized Chemistry Center for Accelerated Probe Development, Craig W. Lindsley\nAssay Submitter & Institution: P. Jeffrey Conn, Vanderbilt University\n\n\nMuscarinic acetylcholine receptors are family A GPCRs comprised of five distinct mammalian subtypes (mAChR1-5 or M1-M5), which are expressed differentially throughout the body and play an important role in a variety of physiological processes. Among the mAChRs, M1 and M4 have been historically considered attractive targets for small molecule treatments of numerous CNS disorders such as Alzheimer's disease and schizophrenia due to their respective localization and involvement in regulation of certain aspects of learning, memory, sleep, motor control, reward, and pain, among others. However, discovery of subtype-selective small molecules has proven highly difficult due to the conservation of the orthosteric binding-site across the mAChRs. This has contributed to the failure of muscarinic agonists in clinical trials and has also hampered pharmacological investigation into the role(s) of each mAChR in basic neurobiology.\n\nAmong the mAChRs, M5 has remained perhaps the most challenging to investigate pharmacologically due in part to its extremely low expression level and a complete lack of M5-selective ligands. Interestingly, studies using M5-KO mice suggest that M5 is the sole mediator of acetylcholine-induced cerebrovasodilation, which has led to the hypothesis that an M5 activator would have therapeutic efficacy in treatment of cerebrovascular dementias and ischemic stroke. Furthermore, M5-KO mice show dramatically reduced reward responses to drugs of abuse, consistent with its putative localization on midbrain dopaminergic neurons of the nigrostriatal and mesolimbic pathways. This suggests that M5 antagonism or negative modulation may have utility in treatment of illicit drug addiction and withdrawal. Despite these and other related findings from M5-KO mice, there remains a strong need for small molecule tools to probe M5 function and test M5-related hypotheses in order to advance the state of the mAChR research field and provide critical proof-of-concept studies for drug discovery aims.\n\nCompounds were tested at 30uM (fixed) in the presence of a submaximal concentration of acetylcholine (ACh) (~EC10) and evaluated for their ability to elevate the response to ACh in rM1- or hM5-expressing CHO cells using the primary calcium assay.\n\nCompounds eliciting a response less than approximately 40 %ACh Max in either or both cell line were scored as inactive (0).  Compounds eliciting a response between approximately 40 and 60 %ACh Max in either or both cell lines were scored as partially active (50).  Compounds eliciting a response greater than approximately 60 %ACh Max in either or both cell lines were considered fully active (100).","schemaURI":"http://www.bioassayontology.org/bas#","annotations":[{"propURI":"http://www.bioassayontology.org/bao#BAO_0000205","propLabel":"assay format","propAbbrev":"bao:BAO_0000205","valueURI":"http://www.bioassayontology.org/bao#BAO_0000219","valueLabel":"cell based format","valueAbbrev":"bao:BAO_0000219","valueDescr":"Involves the use of living cells of eukaryotic origin, derived from a multicellular organism, and is a heterogeneous assay type. Typically, this refers to permanent (immortal) cell lines, or primary cells, or some form of stem cells. This is distinct from a single-celled organism-based format (classically bacteria or yeast).","groupNest":[],"groupLabel":[],"valueHier":["http://www.bioassayontology.org/bao#BAO_0000019"],"labelHier":["assay format"]},{"propURI":"http://www.bioassayontology.org/bao#BAO_0002855","propLabel":"bioassay","propAbbrev":"bao:BAO_0002855","valueURI":"http://www.bioassayontology.org/bao#BAO_0000649","valueLabel":"calcium redistribution assay","valueAbbrev":"bao:BAO_0000649","valueDescr":"Calcium functions as second messenger in cell signaling.","groupNest":[],"groupLabel":[],"valueHier":["http://www.bioassayontology.org/bao#BAO_0000819","http://www.bioassayontology.org/bao#BAO_0002999","http://www.bioassayontology.org/bao#BAO_0000015"],"labelHier":["ion redistribution assay","redistribution assay","bioassay"]},{"propURI":"http://www.bioassayontology.org/bao#BAO_0002854","propLabel":"bioassay type","propAbbrev":"bao:BAO_0002854","valueURI":"http://www.bioassayontology.org/bao#BAO_0000010","valueLabel":"functional","valueAbbrev":"bao:BAO_0000010","valueDescr":"An assay where the measured signal corresponds to a complex response such as cell survival, proliferation, localization of a protein, nuclear translocation etc. The molecular target is not assumed.","groupNest":[],"groupLabel":[],"valueHier":["http://www.bioassayontology.org/bao#BAO_0000008"],"labelHier":["bioassay type"]},{"propURI":"http://www.bioassayontology.org/bao#BAO_0002800","propLabel":"assay cell line","propAbbrev":"bao:BAO_0002800","valueURI":"http://purl.obolibrary.org/obo/CLO_0002421","valueLabel":"CHO cell","valueAbbrev":"obo:CLO_0002421","valueDescr":"Chinese hamster ovary cell line, that was initiated from an ovary biopsy of an adult Chinese hamster in 1957.","groupNest":[],"groupLabel":[],"altLabels":["Chinese Hamster Ovary cell","CHO","中国仓鼠卵巢细胞"],"valueHier":["http://purl.obolibrary.org/obo/CLO_0000243","http://purl.obolibrary.org/obo/CLO_0000019","http://purl.obolibrary.org/obo/CLO_0000001"],"labelHier":["immortal female gonad-derived cell line cell","immortal cell line cell","cell line cell"]},{"propURI":"http://www.bioassayontology.org/bao#BAO_0002921","propLabel":"organism","propAbbrev":"bao:BAO_0002921","valueURI":"http://purl.obolibrary.org/obo/NCBITaxon_9606","valueLabel":"Homo sapiens","valueAbbrev":"obo:NCBITaxon_9606","valueDescr":"","groupNest":[],"groupLabel":[],"altLabels":["Homo spiens","Homo sapience","Homo sapien","human","Homo spaiens","Homo sapians","man","Humo sapiens","Home sapiens","Homo sapiense","Homo sampiens","Homo sapeins","Homo sapines","Homo sapian","Homo sapients"],"valueHier":["http://www.bioassayontology.org/bao#BAO_0000362","http://www.bioassayontology.org/bao#BAO_0000510","http://www.bioassayontology.org/bao#BAO_0000659","http://www.bioassayontology.org/bao#BAO_0000509","http://www.bioassayontology.org/bao#BAO_0000658","http://www.bioassayontology.org/bao#BAO_0000551"],"labelHier":["mammalian","vertebrate","metazoa","eukaryote","cellular organisms","organism"]},{"propURI":"http://www.bioassayontology.org/bao#BAO_0000208","propLabel":"result","propAbbrev":"bao:BAO_0000208","valueURI":"http://www.bioassayontology.org/bao#BAO_0000805","valueLabel":"maximal activation","valueAbbrev":"bao:BAO_0000805","valueDescr":"The maximum percent activation of an agonist","groupNest":[],"groupLabel":[],"valueHier":["http://www.bioassayontology.org/bao#BAO_0000656","http://www.bioassayontology.org/bao#BAO_0000082","http://www.bioassayontology.org/bao#BAO_0000181","http://www.bioassayontology.org/bao#BAO_0000179"],"labelHier":["efficacy","percent response","response endpoint","endpoint"]},{"propURI":"http://www.bioassayontology.org/bao#BAO_0002874","propLabel":"units","propAbbrev":"bao:BAO_0002874","valueURI":"http://purl.obolibrary.org/obo/UO_0000187","valueLabel":"percent","valueAbbrev":"obo:UO_0000187","valueDescr":"A dimensionless ratio unit which denotes numbers as fractions of 100.","groupNest":["http://www.bioassayontology.org/bao#BAX_0000017"],"groupLabel":["measurement"],"valueHier":["http://purl.obolibrary.org/obo/UO_0000190","http://purl.obolibrary.org/obo/UO_0000186","http://purl.obolibrary.org/obo/UO_0000000"],"labelHier":["ratio","dimensionless unit","unit"]},{"propURI":"http://www.bioassayontology.org/bao#BAX_0000011","propLabel":"gene identity","propAbbrev":"bao:BAX_0000011","valueURI":"http://www.bioassayontology.org/geneid#1133","valueLabel":"CHRM5: cholinergic receptor muscarinic 5","valueAbbrev":"geneid:1133","valueDescr":"","groupNest":[],"groupLabel":[],"altLabels":["HM5"],"externalURLs":["https://www.ncbi.nlm.nih.gov/gene/1133"],"valueHier":["http://www.bioassayontology.org/geneid#Homo_sapiens","http://www.bioassayontology.org/geneid#Mammalia","http://www.bioassayontology.org/geneid#Root"],"labelHier":["Homo sapiens","Mammalia","Faux GeneID"]},{"propURI":"http://www.bioassayontology.org/bao#BAX_0000012","propLabel":"protein identity","propAbbrev":"bao:BAX_0000012","valueURI":"http://www.bioassayontology.org/protein#20373106","valueLabel":"muscarinic acetylcholine receptor M5 [Homo sapiens]","valueAbbrev":"protein:20373106","valueDescr":"Protein: muscarinic acetylcholine receptor M5 [Homo sapiens], Organism: Homo sapiens","groupNest":[],"groupLabel":[],"externalURLs":["https://www.ncbi.nlm.nih.gov/protein/20373106"],"valueHier":["http://www.bioassayontology.org/taxon#9606","http://www.bioassayontology.org/taxon#9605","http://www.bioassayontology.org/taxon#314295","http://www.bioassayontology.org/taxon#9526","http://www.bioassayontology.org/taxon#9443","http://www.bioassayontology.org/taxon#314146","http://www.bioassayontology.org/taxon#40674","http://www.bioassayontology.org/taxon#32524","http://www.bioassayontology.org/taxon#8287","http://www.bioassayontology.org/taxon#117570","http://www.bioassayontology.org/taxon#7711","http://www.bioassayontology.org/taxon#33511","http://www.bioassayontology.org/taxon#33213","http://www.bioassayontology.org/taxon#33208","http://www.bioassayontology.org/taxon#33154","http://www.bioassayontology.org/taxon#2759","http://www.bioassayontology.org/taxon#131567","http://www.bioassayontology.org/taxon#Root"],"labelHier":["Homo sapiens","Homo","Hominoidea / Hominidae / Homininae","Catarrhini","Primates / Haplorrhini / Simiiformes","Euarchontoglires","Mammalia / Theria / Eutheria / Boreoeutheria","Amniota","Sarcopterygii / Dipnotetrapodomorpha / Tetrapoda","Teleostomi / Euteleostomi","Chordata / Craniata / Vertebrata / Gnathostomata","Deuterostomia","Bilateria","Metazoa / Eumetazoa","Opisthokonta","Eukaryota","cellular organisms","Faux ProteinID"]},{"propURI":"http://www.bioassayontology.org/bao#BAO_0095010","propLabel":"assay supporting method","propAbbrev":"bao:BAO_0095010","valueURI":"http://www.bioassayontology.org/bao#BAO_0000574","valueLabel":"single perturbagen","valueAbbrev":"bao:BAO_0000574","valueDescr":"The perturbagens are tested individually in an assay","groupNest":[],"groupLabel":[],"valueHier":["http://www.bioassayontology.org/bao#BAO_0000573","http://www.bioassayontology.org/bao#BAO_0002198","http://www.bioassayontology.org/bao#BAO_0002429"],"labelHier":["perturbagen delivery method","delivery method","assay supporting method"]},{"propURI":"http://www.bioassayontology.org/bao#BAO_0095010","propLabel":"assay supporting method","propAbbrev":"bao:BAO_0095010","valueURI":"http://www.bioassayontology.org/bao#BAO_0000246","valueLabel":"stable transfection","valueAbbrev":"bao:BAO_0000246","valueDescr":"In this method, the introduced plasmid construct is stably integrated in the cellular genome, and is hence a permanent modification of the cells. This is achieved by selecting for cells which express a plasmid-encoded selectable marker, which is commonly an antibiotic resistance protein.","groupNest":[],"groupLabel":[],"valueHier":["http://www.bioassayontology.org/bao#BAO_0000245","http://www.bioassayontology.org/bao#BAO_0002155","http://www.bioassayontology.org/bao#BAO_0002198","http://www.bioassayontology.org/bao#BAO_0002429"],"labelHier":["transfection method","silencing RNA delivery method","delivery method","assay supporting method"]},{"propURI":"http://www.bioassayontology.org/bao#BAO_0002855","propLabel":"bioassay","propAbbrev":"bao:BAO_0002855","valueURI":"http://www.bioassayontology.org/bao#BAO_0002997","valueLabel":"ion channel assay","valueAbbrev":"bao:BAO_0002997","valueDescr":"Ion channel assays are performed in electrically active cells: neurons, muscle, and endocrine cells.","groupNest":[],"groupLabel":[],"valueHier":["http://www.bioassayontology.org/bao#BAO_0000015"],"labelHier":["bioassay"]},{"propURI":"http://www.bioassayontology.org/bao#BAO_0095009","propLabel":"assay design method","propAbbrev":"bao:BAO_0095009","valueURI":"http://www.bioassayontology.org/bao#BAO_0002888","valueLabel":"ion redistribution determination method","valueAbbrev":"bao:BAO_0002888","valueDescr":"","groupNest":[],"groupLabel":[],"valueHier":["http://www.bioassayontology.org/bao#BAO_0000126","http://www.bioassayontology.org/bao#BAO_0002202"],"labelHier":["molecular redistribution determination method","assay design method"]},{"propURI":"http://www.bioassayontology.org/bao#BAO_0002848","propLabel":"applies to disease","propAbbrev":"bao:BAO_0002848","valueURI":"http://purl.obolibrary.org/obo/DOID_303","valueLabel":"substance-related disorder","valueAbbrev":"obo:DOID_303","valueDescr":"\nA disease of mental health involving the abuse or dependence on a substance that is ingested in order to produce a high, alter one's senses, or otherwise affect functioning.\n","groupNest":[],"groupLabel":[],"valueHier":["http://purl.obolibrary.org/obo/DOID_150","http://purl.obolibrary.org/obo/DOID_4"],"labelHier":["disease of mental health","Disease"]},{"propURI":"http://www.bioassayontology.org/bao#BAO_0002848","propLabel":"applies to disease","propAbbrev":"bao:BAO_0002848","valueURI":"http://purl.obolibrary.org/obo/DOID_2316","valueLabel":"brain ischemia","valueAbbrev":"obo:DOID_2316","valueDescr":"An ischemia that is characterized by insufficient blood flow to the brain to meet metabolic demand.","groupNest":[],"groupLabel":[],"valueHier":["http://purl.obolibrary.org/obo/DOID_326","http://purl.obolibrary.org/obo/DOID_178","http://purl.obolibrary.org/obo/DOID_1287","http://purl.obolibrary.org/obo/DOID_7","http://purl.obolibrary.org/obo/DOID_4"],"labelHier":["ischemia","vascular disease","cardiovascular system disease","disease of anatomical entity","Disease"]},{"propURI":"http://www.bioassayontology.org/bao#BAO_0002848","propLabel":"applies to disease","propAbbrev":"bao:BAO_0002848","valueURI":"http://purl.obolibrary.org/obo/DOID_8725","valueLabel":"vascular dementia","valueAbbrev":"obo:DOID_8725","valueDescr":"\nA dementia that involves impairments in cognitive function caused by problems in blood vessels that feed the brain.\n","groupNest":[],"groupLabel":[],"valueHier":["http://purl.obolibrary.org/obo/DOID_1307","http://purl.obolibrary.org/obo/DOID_1561","http://purl.obolibrary.org/obo/DOID_150","http://purl.obolibrary.org/obo/DOID_4"],"labelHier":["dementia","cognitive disorder","disease of mental health","Disease"]},{"propURI":"http://www.bioassayontology.org/bao#BAO_0000211","propLabel":"target","propAbbrev":"bao:BAO_0000211","valueURI":"http://www.drugtargetontology.org/dto/DTO_02100025","valueLabel":"Muscarinic acetylcholine receptor M5","valueAbbrev":"dto:DTO_02100025","valueDescr":"","groupNest":[],"groupLabel":[],"valueHier":["http://www.drugtargetontology.org/dto/DTO_02300020","http://www.drugtargetontology.org/dto/DTO_02300002","http://www.drugtargetontology.org/dto/DTO_02300001","http://www.drugtargetontology.org/dto/DTO_00100000"],"labelHier":["Acetylcholine receptor (muscarinic)","Class A rhodopsin like","GPCR","Protein"]},{"propURI":"http://www.bioassayontology.org/bao#BAO_0002009","propLabel":"biological process","propAbbrev":"bao:BAO_0002009","valueURI":"http://purl.obolibrary.org/obo/GO_0007213","valueLabel":"G-protein coupled acetylcholine receptor signaling pathway","valueAbbrev":"obo:GO_0007213","valueDescr":"Any series of molecular signals initiated by an acetylcholine receptor on the surface of the target cell binding to one of its physiological ligands, and proceeding with the activated receptor promoting the exchange of GDP for GTP on the alpha-subunit of an associated heterotrimeric G-protein complex. The GTP-bound activated alpha-G-protein then dissociates from the beta- and gamma-subunits to further transmit the signal within the cell. The pathway begins with receptor-ligand interaction and ends with regulation of a downstream cellular process, e.g. transcription.","groupNest":[],"groupLabel":[],"valueHier":["http://purl.obolibrary.org/obo/GO_0007186","http://purl.obolibrary.org/obo/GO_0008150","http://www.bioassayontology.org/bao#BAO_0003114"],"labelHier":["G-protein coupled receptor signaling pathway","biological process","assay biology component"]},{"propURI":"http://www.bioassayontology.org/bao#BAO_0000196","propLabel":"assay mode of action","propAbbrev":"bao:BAO_0000196","valueURI":"http://www.bioassayontology.org/bao#BAO_0002909","valueLabel":"modulation","valueAbbrev":"bao:BAO_0002909","valueDescr":"","groupNest":[],"groupLabel":[],"valueHier":["http://www.bioassayontology.org/bao#BAO_0000084","http://www.bioassayontology.org/bao#BAO_0000074"],"labelHier":["ligand function mode of action","mode of action"]},{"propURI":"http://www.bioassayontology.org/bao#BAO_0000196","propLabel":"assay mode of action","propAbbrev":"bao:BAO_0000196","valueURI":"http://www.bioassayontology.org/bao#BAO_0000489","valueLabel":"allosteric modulation","valueAbbrev":"bao:BAO_0000489","valueDescr":"An allosteric effector operates to enhance active site substrate affinity and/or catalysis.\nAn allosteric inhibitor decreases activity by binding to an allosteric site, other than or in addition to the active site on the target. This interaction is characterized by a conformational change in the target enzyme that is required for inhibition.","groupNest":[],"groupLabel":[],"valueHier":["http://www.bioassayontology.org/bao#BAO_0002909","http://www.bioassayontology.org/bao#BAO_0000084","http://www.bioassayontology.org/bao#BAO_0000074"],"labelHier":["modulation","ligand function mode of action","mode of action"]},{"propURI":"http://www.bioassayontology.org/bao#BAO_0000208","propLabel":"result","propAbbrev":"bao:BAO_0000208","valueURI":"http://www.bioassayontology.org/bao#BAO_0080024","valueLabel":"binary endpoint","valueAbbrev":"bao:BAO_0080024","valueDescr":"Any result reported as a simple binary assessment, such as 'active/ inactive', 'true/ false', etc.","groupNest":[],"groupLabel":[],"valueHier":["http://www.bioassayontology.org/bao#BAO_0000179"],"labelHier":["endpoint"]},{"propURI":"http://www.bioassayontology.org/bao#BAO_0002874","propLabel":"units","propAbbrev":"bao:BAO_0002874","valueURI":"http://www.bioassayontology.org/bao#BAO_0080023","valueLabel":"binary unit","valueAbbrev":"bao:BAO_0080023","valueDescr":"A simple binary assessment, such as 'active/ inactive', 'true/ false', etc.","groupNest":["http://www.bioassayontology.org/bao#BAX_0000017"],"groupLabel":["measurement"],"valueHier":["http://purl.obolibrary.org/obo/UO_0000186","http://purl.obolibrary.org/obo/UO_0000000"],"labelHier":["dimensionless unit","unit"]},{"propURI":"http://www.bioassayontology.org/bao#BAO_0000210","propLabel":"screening campaign stage","propAbbrev":"bao:BAO_0000210","valueURI":"http://www.bioassayontology.org/bao#BAO_0000538","valueLabel":"lead optimization assay","valueAbbrev":"bao:BAO_0000538","valueDescr":"Assays performed in the lead optimization stage. They are typically concentration-response high quality assays. They can involve a number of different assays depending on the required profile of the desired lead compound.","groupNest":[],"groupLabel":[],"valueHier":["http://www.bioassayontology.org/bao#BAO_0000029"],"labelHier":["assay screening campaign stage"]},{"propURI":"http://www.bioassayontology.org/bao#BAO_0002867","propLabel":"assay footprint","propAbbrev":"bao:BAO_0002867","valueURI":"http://www.bioassayontology.org/bat#Missing","valueLabel":"missing","valueAbbrev":"bat:Missing","valueDescr":"The information is missing from the source data, presumed to be a communication error.","groupNest":[],"groupLabel":[],"valueHier":[],"labelHier":[]},{"propURI":"http://www.bioassayontology.org/bao#BAO_0002663","propLabel":"assay kit","propAbbrev":"bao:BAO_0002663","valueURI":"http://www.bioassayontology.org/bat#Missing","valueLabel":"missing","valueAbbrev":"bat:Missing","valueDescr":"The information is missing from the source data, presumed to be a communication error.","groupNest":[],"groupLabel":[],"valueHier":[],"labelHier":[]},{"propURI":"http://www.bioassayontology.org/bao#BAO_0000207","propLabel":"physical detection method","propAbbrev":"bao:BAO_0000207","valueURI":"http://www.bioassayontology.org/bao#BAO_0000363","valueLabel":"fluorescence intensity","valueAbbrev":"bao:BAO_0000363","valueDescr":"Fluorescence intensity is the measure of fluorescence from a sample.","groupNest":[],"groupLabel":[],"valueHier":["http://www.bioassayontology.org/bao#BAO_0000046","http://www.bioassayontology.org/bao#BAO_0000035"],"labelHier":["fluorescence method","physical detection method"]},{"propURI":"http://www.bioassayontology.org/bao#BAO_0002865","propLabel":"detection instrument","propAbbrev":"bao:BAO_0002865","valueURI":"http://www.bioassayontology.org/bat#Missing","valueLabel":"missing","valueAbbrev":"bat:Missing","valueDescr":"The information is missing from the source data, presumed to be a communication error.","groupNest":[],"groupLabel":[],"valueHier":[],"labelHier":[]},{"propURI":"http://www.bioassayontology.org/bao#BAO_0000185","propLabel":"perturbagen type","propAbbrev":"bao:BAO_0000185","valueURI":"http://www.bioassayontology.org/bao#BAO_0000176","valueLabel":"small molecule","valueAbbrev":"bao:BAO_0000176","valueDescr":"Small molecule is an organic compound with a low molecular weight (<800 Da) which is used to screen against a biological target, e.g. protein, nucleic acid, cell or organism  to test its ability to bind it and bring about a change in activity. It is either isolated from a natural source or is synthesized.","groupNest":[],"groupLabel":[],"valueHier":["http://www.bioassayontology.org/bao#BAO_0000076","http://www.bioassayontology.org/bao#BAO_0003120"],"labelHier":["screened entity","assay screened entity component"]},{"propURI":"http://www.bioassayontology.org/bao#BAO_0002852","propLabel":"assay sources","propAbbrev":"bao:BAO_0002852","valueURI":"http://www.bioassayexpress.org/sources#SRC_0000030","valueLabel":"Screening Center for GPCRs, Ion Channels and Transporters (Vanderbilt)","valueAbbrev":"src:SRC_0000030","valueDescr":"The Vanderbilt High-Throughput Screening (HTS) facility provides screening-based services to aide research investigators in the identification and investigation of new compounds for basic research and pharmacological discovery.","groupNest":[],"groupLabel":[],"externalURLs":["http://www.vanderbilt.edu/hts"],"valueHier":["http://www.bioassayexpress.org/sources#pubchem_sources","http://www.bioassayontology.org/bao#BAO_0002934"],"labelHier":["PubChem Sources","organization"]},{"propURI":"http://www.bioassayontology.org/bao#BAO_0000211","propLabel":"target","propAbbrev":"bao:BAO_0000211","valueURI":"http://purl.obolibrary.org/obo/PR_P08912","valueLabel":"muscarinic acetylcholine receptor M5 (human)","valueAbbrev":"obo:PR_P08912","valueDescr":"A muscarinic acetylcholine receptor M5 that is encoded in the genome of human.","groupNest":[],"groupLabel":[],"altLabels":["hCHRM5"],"valueHier":["http://purl.obolibrary.org/obo/PR_000001617","http://purl.obolibrary.org/obo/PR_000001488","http://purl.obolibrary.org/obo/PR_000001094","http://purl.obolibrary.org/obo/PR_000030035","http://purl.obolibrary.org/obo/PR_000000001"],"labelHier":["muscarinic acetylcholine receptor M5","muscarinic acetylcholine receptor","rhodopsin-like G-protein coupled receptor","G-protein coupled receptor","protein"]},{"propURI":"http://www.bioassayontology.org/bao#BAO_0000539","valueLabel":"pubchemAID:2186","propAbbrev":"bao:BAO_0000539","groupNest":[],"propLabel":"related assays","groupLabel":[]},{"propURI":"http://www.bioassayontology.org/bao#BAO_0000539","valueLabel":"pubchemAID:2192","propAbbrev":"bao:BAO_0000539","groupNest":[],"propLabel":"related assays","groupLabel":[]},{"propURI":"http://www.bioassayontology.org/bao#BAO_0000539","valueLabel":"pubchemAID:2194","propAbbrev":"bao:BAO_0000539","groupNest":[],"propLabel":"related assays","groupLabel":[]},{"propURI":"http://www.bioassayontology.org/bao#BAO_0000539","valueLabel":"pubchemAID:2198","propAbbrev":"bao:BAO_0000539","groupNest":[],"propLabel":"related assays","groupLabel":[]},{"propURI":"http://www.bioassayontology.org/bao#BAO_0000539","valueLabel":"pubchemAID:2204","propAbbrev":"bao:BAO_0000539","groupNest":[],"propLabel":"related assays","groupLabel":[]},{"propURI":"http://www.bioassayontology.org/bao#BAO_0000539","valueLabel":"pubchemAID:2206","propAbbrev":"bao:BAO_0000539","groupNest":[],"propLabel":"related assays","groupLabel":[]},{"propURI":"http://www.bioassayontology.org/bao#BAO_0002853","valueLabel":"Discovery of Novel Allosteric Modulators of the Muscarinic Receptor M5: SAR with Acetylcholine","propAbbrev":"bao:BAO_0002853","groupNest":[],"propLabel":"assay title","groupLabel":[]}],"pubchemXRef":[{"type":"aid","id":"2186","comment":""},{"type":"aid","id":"2192","comment":""},{"type":"aid","id":"2194","comment":""},{"type":"aid","id":"2198","comment":""},{"type":"aid","id":"2204","comment":""},{"type":"aid","id":"2206","comment":""},{"type":"gene","id":"1133","comment":"CHRM5 cholinergic receptor, muscarinic 5 [ Homo sapiens ] "},{"type":"taxonomy","id":"9606","comment":""},{"type":"protein_gi","id":"20373106","comment":"muscarinic acetylcholine receptor M5 [Homo sapiens]"}],"curationTime":1584620525302,"curatorID":"google:108375455890260223170","curatorName":"","curatorEmail":"aclark.xyz@gmail.com","history":[{"curationTime":1483570325151,"curatorID":"orcid:0000-0003-2629-5583","annotsAdded":[{"propURI":"http://www.bioassayontology.org/bao#BAX_0000003","propAbbrev":"bao:BAX_0000003","valueURI":"http://www.bioassayontology.org/bao#BAO_0002888","valueLabel":"ion redistribution determination method","valueAbbrev":"bao:BAO_0002888","valueDescr":"","valueHier":[],"labelHier":[],"outOfSchema":true},{"propURI":"http://www.bioassayontology.org/bao#BAX_0000004","propAbbrev":"bao:BAX_0000004","valueURI":"http://purl.obolibrary.org/obo/GO_0007213","valueLabel":"G-protein coupled acetylcholine receptor signaling pathway","valueAbbrev":"obo:GO_0007213","valueDescr":"Any series of molecular signals initiated by an acetylcholine receptor on the surface of the target cell binding to one of its physiological ligands, and proceeding with the activated receptor promoting the exchange of GDP for GTP on the alpha-subunit of an associated heterotrimeric G-protein complex. The GTP-bound activated alpha-G-protein then dissociates from the beta- and gamma-subunits to further transmit the signal within the cell. The pathway begins with receptor-ligand interaction and ends with regulation of a downstream cellular process, e.g. transcription.","valueHier":[],"labelHier":[],"outOfSchema":true},{"propURI":"http://www.bioassayontology.org/bao#BAO_0000185","propLabel":"perturbagen type","propAbbrev":"bao:BAO_0000185","valueURI":"http://www.bioassayontology.org/bao#BAO_0000176","valueLabel":"small molecule","valueAbbrev":"bao:BAO_0000176","valueDescr":"Small molecule is an organic compound with a low molecular weight (<800 Da) which is used to screen against a biological target, e.g. protein, nucleic acid, cell or organism  to test its ability to bind it and bring about a change in activity. It is either isolated from a natural source or is synthesized.","valueHier":["http://www.bioassayontology.org/bao#BAO_0000076","http://www.bioassayontology.org/bao#BAO_0003120"],"labelHier":["screened entity","assay screened entity component"]},{"propURI":"http://www.bioassayontology.org/bao#BAO_0000210","propLabel":"screening campaign stage","propAbbrev":"bao:BAO_0000210","valueURI":"http://www.bioassayontology.org/bao#BAO_0000538","valueLabel":"lead optimization assay","valueAbbrev":"bao:BAO_0000538","valueDescr":"Assays performed in the lead optimization stage. They are typically concentration-response high quality assays. They can involve a number of different assays depending on the required profile of the desired lead compound.","valueHier":["http://www.bioassayontology.org/bao#BAO_0000029"],"labelHier":["assay screening campaign stage"]},{"propURI":"http://www.bioassayontology.org/bao#BAX_0000010","propAbbrev":"bao:BAX_0000010","valueURI":"http://purl.obolibrary.org/obo/DOID_303","valueLabel":"substance-related disorder","valueAbbrev":"obo:DOID_303","valueDescr":"\nA disease of mental health involving the abuse or dependence on a substance that is ingested in order to produce a high, alter one's senses, or otherwise affect functioning.\n","valueHier":[],"labelHier":[],"outOfSchema":true},{"propURI":"http://www.bioassayontology.org/bao#BAX_0000013","propAbbrev":"bao:BAX_0000013","valueURI":"http://www.bioassayontology.org/bao#BAO_0000574","valueLabel":"single perturbagen","valueAbbrev":"bao:BAO_0000574","valueDescr":"The perturbagens are tested individually in an assay","valueHier":[],"labelHier":[],"outOfSchema":true},{"propURI":"http://www.bioassayontology.org/bao#BAX_0000010","propAbbrev":"bao:BAX_0000010","valueURI":"http://purl.obolibrary.org/obo/DOID_8725","valueLabel":"vascular dementia","valueAbbrev":"obo:DOID_8725","valueDescr":"\nA dementia that involves impairments in cognitive function caused by problems in blood vessels that feed the brain.\n","valueHier":[],"labelHier":[],"outOfSchema":true},{"propURI":"http://www.bioassayontology.org/bao#BAO_0002867","propLabel":"assay footprint","propAbbrev":"bao:BAO_0002867","valueURI":"http://www.bioassayontology.org/bat#Missing","valueLabel":"missing","valueAbbrev":"bat:Missing","valueDescr":"The information is missing from the source data, presumed to be a communication error.","valueHier":[],"labelHier":[]},{"propURI":"http://www.bioassayontology.org/bao#BAO_0000207","propLabel":"physical detection method","propAbbrev":"bao:BAO_0000207","valueURI":"http://www.bioassayontology.org/bao#BAO_0000363","valueLabel":"fluorescence intensity","valueAbbrev":"bao:BAO_0000363","valueDescr":"Fluorescence intensity is the measure of fluorescence from a sample.","valueHier":["http://www.bioassayontology.org/bao#BAO_0000046","http://www.bioassayontology.org/bao#BAO_0000035"],"labelHier":["fluorescence method","physical detection method"]},{"propURI":"http://www.bioassayontology.org/bao#BAO_0000196","propLabel":"assay mode of action","propAbbrev":"bao:BAO_0000196","valueURI":"http://www.bioassayontology.org/bao#BAO_0002909","valueLabel":"modulation","valueAbbrev":"bao:BAO_0002909","valueDescr":"","valueHier":["http://www.bioassayontology.org/bao#BAO_0000084","http://www.bioassayontology.org/bao#BAO_0000074"],"labelHier":["ligand function mode of action","mode of action"]},{"propURI":"http://www.bioassayontology.org/bao#BAX_0000010","propAbbrev":"bao:BAX_0000010","valueURI":"http://purl.obolibrary.org/obo/DOID_2316","valueLabel":"brain ischemia","valueAbbrev":"obo:DOID_2316","valueDescr":"An ischemia that is characterized by insufficient blood flow to the brain to meet metabolic demand.","valueHier":[],"labelHier":[],"outOfSchema":true},{"propURI":"http://www.bioassayontology.org/bao#BAO_0002865","propLabel":"detection instrument","propAbbrev":"bao:BAO_0002865","valueURI":"http://www.bioassayontology.org/bat#Missing","valueLabel":"missing","valueAbbrev":"bat:Missing","valueDescr":"The information is missing from the source data, presumed to be a communication error.","valueHier":[],"labelHier":[]},{"propURI":"http://www.bioassayontology.org/bao#BAX_0000005","propAbbrev":"bao:BAX_0000005","valueURI":"http://www.drugtargetontology.org/dto/DTO_02100025","valueLabel":"Muscarinic acetylcholine receptor M5","valueAbbrev":"dto:DTO_02100025","valueDescr":"","valueHier":[],"labelHier":[],"outOfSchema":true},{"propURI":"http://www.bioassayontology.org/bao#BAX_0000002","propLabel":"has bioassay type","propAbbrev":"bao:BAX_0000002","valueURI":"http://www.bioassayontology.org/bao#BAO_0002997","valueLabel":"ion channel assay","valueAbbrev":"bao:BAO_0002997","valueDescr":"Ion channel assays are performed in electrically active cells: neurons, muscle, and endocrine cells.","valueHier":[],"labelHier":[],"outOfSchema":true},{"propURI":"http://www.bioassayontology.org/bao#BAX_0000007","propAbbrev":"bao:BAX_0000007","valueURI":"http://www.bioassayontology.org/bao#BAO_0080023","valueLabel":"binary unit","valueAbbrev":"bao:BAO_0080023","valueDescr":"A simple binary assessment, such as 'active/ inactive', 'true/ false', etc.","valueHier":[],"labelHier":[],"outOfSchema":true},{"propURI":"http://www.bioassayontology.org/bao#BAO_0002663","propLabel":"assay kit","propAbbrev":"bao:BAO_0002663","valueURI":"http://www.bioassayontology.org/bat#Missing","valueLabel":"missing","valueAbbrev":"bat:Missing","valueDescr":"The information is missing from the source data, presumed to be a communication error.","valueHier":[],"labelHier":[]},{"propURI":"http://www.bioassayontology.org/bao#BAX_0000013","propAbbrev":"bao:BAX_0000013","valueURI":"http://www.bioassayontology.org/bao#BAO_0000246","valueLabel":"stable transfection","valueAbbrev":"bao:BAO_0000246","valueDescr":"In this method, the introduced plasmid construct is stably integrated in the cellular genome, and is hence a permanent modification of the cells. This is achieved by selecting for cells which express a plasmid-encoded selectable marker, which is commonly an antibiotic resistance protein.","valueHier":[],"labelHier":[],"outOfSchema":true},{"propURI":"http://www.bioassayontology.org/bao#BAO_0000196","propLabel":"assay mode of action","propAbbrev":"bao:BAO_0000196","valueURI":"http://www.bioassayontology.org/bao#BAO_0000489","valueLabel":"allosteric modulation","valueAbbrev":"bao:BAO_0000489","valueDescr":"An allosteric effector operates to enhance active site substrate affinity and/or catalysis.\nAn allosteric inhibitor decreases activity by binding to an allosteric site, other than or in addition to the active site on the target. This interaction is characterized by a conformational change in the target enzyme that is required for inhibition.","valueHier":["http://www.bioassayontology.org/bao#BAO_0002909","http://www.bioassayontology.org/bao#BAO_0000084","http://www.bioassayontology.org/bao#BAO_0000074"],"labelHier":["modulation","ligand function mode of action","mode of action"]},{"propURI":"http://www.bioassayontology.org/bao#BAX_0000006","propAbbrev":"bao:BAX_0000006","valueURI":"http://www.bioassayontology.org/bao#BAO_0080024","valueLabel":"binary endpoint","valueAbbrev":"bao:BAO_0080024","valueDescr":"Any result reported as a simple binary assessment, such as 'active/ inactive', 'true/ false', etc.","valueHier":[],"labelHier":[],"outOfSchema":true}],"annotsRemoved":[{"propURI":"http://www.bioassayontology.org/bao#BAX_0000003","propAbbrev":"bao:BAX_0000003","valueURI":"http://www.bioassayontology.org/bao#BAO_0000246","valueLabel":"stable transfection","valueAbbrev":"bao:BAO_0000246","valueDescr":"In this method, the introduced plasmid construct is stably integrated in the cellular genome, and is hence a permanent modification of the cells. This is achieved by selecting for cells which express a plasmid-encoded selectable marker, which is commonly an antibiotic resistance protein.","valueHier":[],"labelHier":[],"outOfSchema":true},{"propURI":"http://www.bioassayontology.org/bao#BAX_0000003","propAbbrev":"bao:BAX_0000003","valueURI":"http://www.bioassayontology.org/bao#BAO_0000126","valueLabel":"molecular redistribution determination method","valueAbbrev":"bao:BAO_0000126","valueDescr":"The technologies used to measure the distribution of organelles and molecules within the cell (proteins, second messengers, metal ions, dyes, etc). This is generally visualized by microscopy.","valueHier":[],"labelHier":[],"outOfSchema":true},{"propURI":"http://www.bioassayontology.org/bao#BAX_0000007","propAbbrev":"bao:BAX_0000007","valueURI":"http://purl.org/obo/owl/UO#UO_0000064","valueLabel":"micromolar","valueAbbrev":"uo:UO_0000064","valueDescr":"","valueHier":[],"labelHier":[],"outOfSchema":true},{"propURI":"http://www.bioassayontology.org/bao#BAO_0002865","propLabel":"detection instrument","propAbbrev":"bao:BAO_0002865","valueURI":"http://www.bioassayontology.org/bao#BAO_0000363","valueLabel":"fluorescence intensity","valueAbbrev":"bao:BAO_0000363","valueDescr":"Fluorescence intensity is the measure of fluorescence from a sample.","valueHier":[],"labelHier":[],"outOfSchema":true},{"propURI":"http://www.bioassayontology.org/bao#BAX_0000003","propAbbrev":"bao:BAX_0000003","valueURI":"http://www.bioassayontology.org/bao#BAO_0000574","valueLabel":"single perturbagen","valueAbbrev":"bao:BAO_0000574","valueDescr":"The perturbagens are tested individually in an assay","valueHier":[],"labelHier":[],"outOfSchema":true},{"propURI":"http://www.bioassayontology.org/bao#BAO_0000196","propLabel":"assay mode of action","propAbbrev":"bao:BAO_0000196","valueURI":"http://www.bioassayontology.org/bao#BAO_0000537","valueAbbrev":"bao:BAO_0000537","valueHier":[],"labelHier":[],"outOfSchema":true}],"labelsAdded":[{"propURI":"http://www.bioassayontology.org/bao#BAX_0000003","valueLabel":"ion redistribution determination method","propAbbrev":"bao:BAX_0000003"},{"propURI":"http://www.bioassayontology.org/bao#BAX_0000004","valueLabel":"G-protein coupled acetylcholine receptor signaling pathway","propAbbrev":"bao:BAX_0000004"},{"propURI":"http://www.bioassayontology.org/bao#BAO_0000185","valueLabel":"small molecule","propAbbrev":"bao:BAO_0000185","propLabel":"perturbagen type"},{"propURI":"http://www.bioassayontology.org/bao#BAO_0000210","valueLabel":"lead optimization assay","propAbbrev":"bao:BAO_0000210","propLabel":"screening campaign stage"},{"propURI":"http://www.bioassayontology.org/bao#BAX_0000010","valueLabel":"substance-related disorder","propAbbrev":"bao:BAX_0000010"},{"propURI":"http://www.bioassayontology.org/bao#BAX_0000013","valueLabel":"single perturbagen","propAbbrev":"bao:BAX_0000013"},{"propURI":"http://www.bioassayontology.org/bao#BAX_0000010","valueLabel":"vascular dementia","propAbbrev":"bao:BAX_0000010"},{"propURI":"http://www.bioassayontology.org/bao#BAO_0002867","valueLabel":"missing","propAbbrev":"bao:BAO_0002867","propLabel":"assay footprint"},{"propURI":"http://www.bioassayontology.org/bao#BAO_0000207","valueLabel":"fluorescence intensity","propAbbrev":"bao:BAO_0000207","propLabel":"physical detection method"},{"propURI":"http://www.bioassayontology.org/bao#BAO_0000196","valueLabel":"modulation","propAbbrev":"bao:BAO_0000196","propLabel":"assay mode of action"},{"propURI":"http://www.bioassayontology.org/bao#BAX_0000010","valueLabel":"brain ischemia","propAbbrev":"bao:BAX_0000010"},{"propURI":"http://www.bioassayontology.org/bao#BAO_0002865","valueLabel":"missing","propAbbrev":"bao:BAO_0002865","propLabel":"detection instrument"},{"propURI":"http://www.bioassayontology.org/bao#BAX_0000005","valueLabel":"Muscarinic acetylcholine receptor M5","propAbbrev":"bao:BAX_0000005"},{"propURI":"http://www.bioassayontology.org/bao#BAX_0000002","valueLabel":"ion channel assay","propAbbrev":"bao:BAX_0000002","propLabel":"has bioassay type"},{"propURI":"http://www.bioassayontology.org/bao#BAX_0000007","valueLabel":"binary unit","propAbbrev":"bao:BAX_0000007"},{"propURI":"http://www.bioassayontology.org/bao#BAO_0002663","valueLabel":"missing","propAbbrev":"bao:BAO_0002663","propLabel":"assay kit"},{"propURI":"http://www.bioassayontology.org/bao#BAX_0000013","valueLabel":"stable transfection","propAbbrev":"bao:BAX_0000013"},{"propURI":"http://www.bioassayontology.org/bao#BAO_0000196","valueLabel":"allosteric modulation","propAbbrev":"bao:BAO_0000196","propLabel":"assay mode of action"},{"propURI":"http://www.bioassayontology.org/bao#BAX_0000006","valueLabel":"binary endpoint","propAbbrev":"bao:BAX_0000006"}],"labelsRemoved":[{"propURI":"http://www.bioassayontology.org/bao#BAX_0000003","valueLabel":"stable transfection","propAbbrev":"bao:BAX_0000003"},{"propURI":"http://www.bioassayontology.org/bao#BAX_0000003","valueLabel":"molecular redistribution determination method","propAbbrev":"bao:BAX_0000003"},{"propURI":"http://www.bioassayontology.org/bao#BAX_0000007","valueLabel":"micromolar","propAbbrev":"bao:BAX_0000007"},{"propURI":"http://www.bioassayontology.org/bao#BAO_0002865","valueLabel":"fluorescence intensity","propAbbrev":"bao:BAO_0002865","propLabel":"detection instrument"},{"propURI":"http://www.bioassayontology.org/bao#BAX_0000003","valueLabel":"single perturbagen","propAbbrev":"bao:BAX_0000003"},{"propURI":"http://www.bioassayontology.org/bao#BAO_0000196","valueLabel":"","propAbbrev":"bao:BAO_0000196","propLabel":"assay mode of action"}]},{"curationTime":1492468124890,"curatorID":"admin","annotsAdded":[{"propURI":"http://www.bioassayontology.org/bao#BAO_0002854","propLabel":"bioassay type","propAbbrev":"bao:BAO_0002854","valueURI":"http://www.bioassayontology.org/bao#BAO_0000010","valueLabel":"functional","valueAbbrev":"bao:BAO_0000010","valueDescr":"An assay where the measured signal corresponds to a complex response such as cell survival, proliferation, localization of a protein, nuclear translocation etc. The molecular target is not assumed.","valueHier":["http://www.bioassayontology.org/bao#BAO_0000008"],"labelHier":["bioassay type"]}],"annotsRemoved":[{"propURI":"http://www.bioassayontology.org/bao#BAX_0000002","propLabel":"has bioassay type","propAbbrev":"bao:BAX_0000002","valueURI":"http://www.bioassayontology.org/bao#BAO_0000010","valueLabel":"functional","valueAbbrev":"bao:BAO_0000010","valueDescr":"An assay where the measured signal corresponds to a complex response such as cell survival, proliferation, localization of a protein, nuclear translocation etc. The molecular target is not assumed.","valueHier":[],"labelHier":[],"outOfSchema":true}],"labelsAdded":[{"propURI":"http://www.bioassayontology.org/bao#BAO_0002854","valueLabel":"functional","propAbbrev":"bao:BAO_0002854","propLabel":"bioassay type"}],"labelsRemoved":[{"propURI":"http://www.bioassayontology.org/bao#BAX_0000002","valueLabel":"functional","propAbbrev":"bao:BAX_0000002","propLabel":"has bioassay type"}]},{"curationTime":1492468124890,"curatorID":"admin","annotsAdded":[{"propURI":"http://www.bioassayontology.org/bao#BAO_0002009","propLabel":"biological process","propAbbrev":"bao:BAO_0002009","valueURI":"http://purl.obolibrary.org/obo/GO_0007213","valueLabel":"G-protein coupled acetylcholine receptor signaling pathway","valueAbbrev":"obo:GO_0007213","valueDescr":"Any series of molecular signals initiated by an acetylcholine receptor on the surface of the target cell binding to one of its physiological ligands, and proceeding with the activated receptor promoting the exchange of GDP for GTP on the alpha-subunit of an associated heterotrimeric G-protein complex. The GTP-bound activated alpha-G-protein then dissociates from the beta- and gamma-subunits to further transmit the signal within the cell. The pathway begins with receptor-ligand interaction and ends with regulation of a downstream cellular process, e.g. transcription.","valueHier":["http://purl.obolibrary.org/obo/GO_0007186","http://purl.obolibrary.org/obo/GO_0008150","http://www.bioassayontology.org/bao#BAO_0003114"],"labelHier":["G-protein coupled receptor signaling pathway","biological process","assay biology component"]}],"annotsRemoved":[{"propURI":"http://www.bioassayontology.org/bao#BAX_0000004","propAbbrev":"bao:BAX_0000004","valueURI":"http://purl.obolibrary.org/obo/GO_0007213","valueLabel":"G-protein coupled acetylcholine receptor signaling pathway","valueAbbrev":"obo:GO_0007213","valueDescr":"Any series of molecular signals initiated by an acetylcholine receptor on the surface of the target cell binding to one of its physiological ligands, and proceeding with the activated receptor promoting the exchange of GDP for GTP on the alpha-subunit of an associated heterotrimeric G-protein complex. The GTP-bound activated alpha-G-protein then dissociates from the beta- and gamma-subunits to further transmit the signal within the cell. The pathway begins with receptor-ligand interaction and ends with regulation of a downstream cellular process, e.g. transcription.","valueHier":[],"labelHier":[],"outOfSchema":true}],"labelsAdded":[{"propURI":"http://www.bioassayontology.org/bao#BAO_0002009","valueLabel":"G-protein coupled acetylcholine receptor signaling pathway","propAbbrev":"bao:BAO_0002009","propLabel":"biological process"}],"labelsRemoved":[{"propURI":"http://www.bioassayontology.org/bao#BAX_0000004","valueLabel":"G-protein coupled acetylcholine receptor signaling pathway","propAbbrev":"bao:BAX_0000004"}]},{"curationTime":1492468124890,"curatorID":"admin","annotsAdded":[{"propURI":"http://www.bioassayontology.org/bao#BAO_0002848","propLabel":"applies to disease","propAbbrev":"bao:BAO_0002848","valueURI":"http://purl.obolibrary.org/obo/DOID_303","valueLabel":"substance-related disorder","valueAbbrev":"obo:DOID_303","valueDescr":"\nA disease of mental health involving the abuse or dependence on a substance that is ingested in order to produce a high, alter one's senses, or otherwise affect functioning.\n","valueHier":["http://purl.obolibrary.org/obo/DOID_150","http://purl.obolibrary.org/obo/DOID_4"],"labelHier":["disease of mental health","Disease"]},{"propURI":"http://www.bioassayontology.org/bao#BAO_0002848","propLabel":"applies to disease","propAbbrev":"bao:BAO_0002848","valueURI":"http://purl.obolibrary.org/obo/DOID_8725","valueLabel":"vascular dementia","valueAbbrev":"obo:DOID_8725","valueDescr":"\nA dementia that involves impairments in cognitive function caused by problems in blood vessels that feed the brain.\n","valueHier":["http://purl.obolibrary.org/obo/DOID_1307","http://purl.obolibrary.org/obo/DOID_1561","http://purl.obolibrary.org/obo/DOID_150","http://purl.obolibrary.org/obo/DOID_4"],"labelHier":["dementia","cognitive disorder","disease of mental health","Disease"]},{"propURI":"http://www.bioassayontology.org/bao#BAO_0002848","propLabel":"applies to disease","propAbbrev":"bao:BAO_0002848","valueURI":"http://purl.obolibrary.org/obo/DOID_2316","valueLabel":"brain ischemia","valueAbbrev":"obo:DOID_2316","valueDescr":"An ischemia that is characterized by insufficient blood flow to the brain to meet metabolic demand.","valueHier":["http://purl.obolibrary.org/obo/DOID_326","http://purl.obolibrary.org/obo/DOID_178","http://purl.obolibrary.org/obo/DOID_1287","http://purl.obolibrary.org/obo/DOID_7","http://purl.obolibrary.org/obo/DOID_4"],"labelHier":["ischemia","vascular disease","cardiovascular system disease","disease of anatomical entity","Disease"]}],"annotsRemoved":[{"propURI":"http://www.bioassayontology.org/bao#BAX_0000010","propAbbrev":"bao:BAX_0000010","valueURI":"http://purl.obolibrary.org/obo/DOID_303","valueLabel":"substance-related disorder","valueAbbrev":"obo:DOID_303","valueDescr":"\nA disease of mental health involving the abuse or dependence on a substance that is ingested in order to produce a high, alter one's senses, or otherwise affect functioning.\n","valueHier":[],"labelHier":[],"outOfSchema":true},{"propURI":"http://www.bioassayontology.org/bao#BAX_0000010","propAbbrev":"bao:BAX_0000010","valueURI":"http://purl.obolibrary.org/obo/DOID_8725","valueLabel":"vascular dementia","valueAbbrev":"obo:DOID_8725","valueDescr":"\nA dementia that involves impairments in cognitive function caused by problems in blood vessels that feed the brain.\n","valueHier":[],"labelHier":[],"outOfSchema":true},{"propURI":"http://www.bioassayontology.org/bao#BAX_0000010","propAbbrev":"bao:BAX_0000010","valueURI":"http://purl.obolibrary.org/obo/DOID_2316","valueLabel":"brain ischemia","valueAbbrev":"obo:DOID_2316","valueDescr":"An ischemia that is characterized by insufficient blood flow to the brain to meet metabolic demand.","valueHier":[],"labelHier":[],"outOfSchema":true}],"labelsAdded":[{"propURI":"http://www.bioassayontology.org/bao#BAO_0002848","valueLabel":"substance-related disorder","propAbbrev":"bao:BAO_0002848","propLabel":"applies to disease"},{"propURI":"http://www.bioassayontology.org/bao#BAO_0002848","valueLabel":"vascular dementia","propAbbrev":"bao:BAO_0002848","propLabel":"applies to disease"},{"propURI":"http://www.bioassayontology.org/bao#BAO_0002848","valueLabel":"brain ischemia","propAbbrev":"bao:BAO_0002848","propLabel":"applies to disease"}],"labelsRemoved":[{"propURI":"http://www.bioassayontology.org/bao#BAX_0000010","valueLabel":"substance-related disorder","propAbbrev":"bao:BAX_0000010"},{"propURI":"http://www.bioassayontology.org/bao#BAX_0000010","valueLabel":"vascular dementia","propAbbrev":"bao:BAX_0000010"},{"propURI":"http://www.bioassayontology.org/bao#BAX_0000010","valueLabel":"brain ischemia","propAbbrev":"bao:BAX_0000010"}]},{"curationTime":1492468124890,"curatorID":"admin","annotsAdded":[{"propURI":"http://www.bioassayontology.org/bao#BAO_0000208","propLabel":"result","propAbbrev":"bao:BAO_0000208","valueURI":"http://www.bioassayontology.org/bao#BAO_0080024","valueLabel":"binary endpoint","valueAbbrev":"bao:BAO_0080024","valueDescr":"Any result reported as a simple binary assessment, such as 'active/ inactive', 'true/ false', etc.","valueHier":["http://www.bioassayontology.org/bao#BAO_0000179"],"labelHier":["endpoint"]},{"propURI":"http://www.bioassayontology.org/bao#BAO_0000208","propLabel":"result","propAbbrev":"bao:BAO_0000208","valueURI":"http://www.bioassayontology.org/bao#BAO_0000805","valueLabel":"maximal activation","valueAbbrev":"bao:BAO_0000805","valueDescr":"The maximum percent activation of an agonist","valueHier":["http://www.bioassayontology.org/bao#BAO_0000656","http://www.bioassayontology.org/bao#BAO_0000082","http://www.bioassayontology.org/bao#BAO_0000181","http://www.bioassayontology.org/bao#BAO_0000179"],"labelHier":["efficacy","percent response","response endpoint","endpoint"]}],"annotsRemoved":[{"propURI":"http://www.bioassayontology.org/bao#BAX_0000006","propAbbrev":"bao:BAX_0000006","valueURI":"http://www.bioassayontology.org/bao#BAO_0000805","valueLabel":"maximal activation","valueAbbrev":"bao:BAO_0000805","valueDescr":"The maximum percent activation of an agonist","valueHier":[],"labelHier":[],"outOfSchema":true},{"propURI":"http://www.bioassayontology.org/bao#BAX_0000006","propAbbrev":"bao:BAX_0000006","valueURI":"http://www.bioassayontology.org/bao#BAO_0080024","valueLabel":"binary endpoint","valueAbbrev":"bao:BAO_0080024","valueDescr":"Any result reported as a simple binary assessment, such as 'active/ inactive', 'true/ false', etc.","valueHier":[],"labelHier":[],"outOfSchema":true}],"labelsAdded":[{"propURI":"http://www.bioassayontology.org/bao#BAO_0000208","valueLabel":"binary endpoint","propAbbrev":"bao:BAO_0000208","propLabel":"result"},{"propURI":"http://www.bioassayontology.org/bao#BAO_0000208","valueLabel":"maximal activation","propAbbrev":"bao:BAO_0000208","propLabel":"result"}],"labelsRemoved":[{"propURI":"http://www.bioassayontology.org/bao#BAX_0000006","valueLabel":"maximal activation","propAbbrev":"bao:BAX_0000006"},{"propURI":"http://www.bioassayontology.org/bao#BAX_0000006","valueLabel":"binary endpoint","propAbbrev":"bao:BAX_0000006"}]},{"curationTime":1492468124890,"curatorID":"admin","annotsAdded":[{"propURI":"http://www.bioassayontology.org/bao#BAO_0002874","propLabel":"units","propAbbrev":"bao:BAO_0002874","valueURI":"http://www.bioassayontology.org/bao#BAO_0080023","valueLabel":"binary unit","valueAbbrev":"bao:BAO_0080023","valueDescr":"A simple binary assessment, such as 'active/ inactive', 'true/ false', etc.","valueHier":["http://purl.obolibrary.org/obo/UO_0000186","http://purl.obolibrary.org/obo/UO_0000000"],"labelHier":["dimensionless unit","unit"]},{"propURI":"http://www.bioassayontology.org/bao#BAO_0002874","propLabel":"units","propAbbrev":"bao:BAO_0002874","valueURI":"http://purl.org/obo/owl/UO#UO_0000187","valueLabel":"percent","valueAbbrev":"uo:UO_0000187","valueDescr":"","valueHier":[],"labelHier":[],"outOfSchema":true}],"annotsRemoved":[{"propURI":"http://www.bioassayontology.org/bao#BAX_0000007","propAbbrev":"bao:BAX_0000007","valueURI":"http://purl.org/obo/owl/UO#UO_0000187","valueLabel":"percent","valueAbbrev":"uo:UO_0000187","valueDescr":"","valueHier":[],"labelHier":[],"outOfSchema":true},{"propURI":"http://www.bioassayontology.org/bao#BAX_0000007","propAbbrev":"bao:BAX_0000007","valueURI":"http://www.bioassayontology.org/bao#BAO_0080023","valueLabel":"binary unit","valueAbbrev":"bao:BAO_0080023","valueDescr":"A simple binary assessment, such as 'active/ inactive', 'true/ false', etc.","valueHier":[],"labelHier":[],"outOfSchema":true}],"labelsAdded":[{"propURI":"http://www.bioassayontology.org/bao#BAO_0002874","valueLabel":"binary unit","propAbbrev":"bao:BAO_0002874","propLabel":"units"},{"propURI":"http://www.bioassayontology.org/bao#BAO_0002874","valueLabel":"percent","propAbbrev":"bao:BAO_0002874","propLabel":"units"}],"labelsRemoved":[{"propURI":"http://www.bioassayontology.org/bao#BAX_0000007","valueLabel":"percent","propAbbrev":"bao:BAX_0000007"},{"propURI":"http://www.bioassayontology.org/bao#BAX_0000007","valueLabel":"binary unit","propAbbrev":"bao:BAX_0000007"}]},{"curationTime":1492468124890,"curatorID":"admin","annotsAdded":[{"propURI":"http://www.bioassayontology.org/bao#BAO_0095009","propLabel":"assay design method","propAbbrev":"bao:BAO_0095009","valueURI":"http://www.bioassayontology.org/bao#BAO_0002888","valueLabel":"ion redistribution determination method","valueAbbrev":"bao:BAO_0002888","valueDescr":"","valueHier":["http://www.bioassayontology.org/bao#BAO_0000126","http://www.bioassayontology.org/bao#BAO_0002202"],"labelHier":["molecular redistribution determination method","assay design method"]}],"annotsRemoved":[{"propURI":"http://www.bioassayontology.org/bao#BAX_0000003","propAbbrev":"bao:BAX_0000003","valueURI":"http://www.bioassayontology.org/bao#BAO_0002888","valueLabel":"ion redistribution determination method","valueAbbrev":"bao:BAO_0002888","valueDescr":"","valueHier":[],"labelHier":[],"outOfSchema":true}],"labelsAdded":[{"propURI":"http://www.bioassayontology.org/bao#BAO_0095009","valueLabel":"ion redistribution determination method","propAbbrev":"bao:BAO_0095009","propLabel":"assay design method"}],"labelsRemoved":[{"propURI":"http://www.bioassayontology.org/bao#BAX_0000003","valueLabel":"ion redistribution determination method","propAbbrev":"bao:BAX_0000003"}]},{"curationTime":1492468124890,"curatorID":"admin","annotsAdded":[{"propURI":"http://www.bioassayontology.org/bao#BAO_0095010","propLabel":"assay supporting method","propAbbrev":"bao:BAO_0095010","valueURI":"http://www.bioassayontology.org/bao#BAO_0000246","valueLabel":"stable transfection","valueAbbrev":"bao:BAO_0000246","valueDescr":"In this method, the introduced plasmid construct is stably integrated in the cellular genome, and is hence a permanent modification of the cells. This is achieved by selecting for cells which express a plasmid-encoded selectable marker, which is commonly an antibiotic resistance protein.","valueHier":["http://www.bioassayontology.org/bao#BAO_0000245","http://www.bioassayontology.org/bao#BAO_0002155","http://www.bioassayontology.org/bao#BAO_0002198","http://www.bioassayontology.org/bao#BAO_0002429"],"labelHier":["transfection method","silencing RNA delivery method","delivery method","assay supporting method"]},{"propURI":"http://www.bioassayontology.org/bao#BAO_0095010","propLabel":"assay supporting method","propAbbrev":"bao:BAO_0095010","valueURI":"http://www.bioassayontology.org/bao#BAO_0000574","valueLabel":"single perturbagen","valueAbbrev":"bao:BAO_0000574","valueDescr":"The perturbagens are tested individually in an assay","valueHier":["http://www.bioassayontology.org/bao#BAO_0000573","http://www.bioassayontology.org/bao#BAO_0002198","http://www.bioassayontology.org/bao#BAO_0002429"],"labelHier":["perturbagen delivery method","delivery method","assay supporting method"]}],"annotsRemoved":[{"propURI":"http://www.bioassayontology.org/bao#BAX_0000013","propAbbrev":"bao:BAX_0000013","valueURI":"http://www.bioassayontology.org/bao#BAO_0000574","valueLabel":"single perturbagen","valueAbbrev":"bao:BAO_0000574","valueDescr":"The perturbagens are tested individually in an assay","valueHier":[],"labelHier":[],"outOfSchema":true},{"propURI":"http://www.bioassayontology.org/bao#BAX_0000013","propAbbrev":"bao:BAX_0000013","valueURI":"http://www.bioassayontology.org/bao#BAO_0000246","valueLabel":"stable transfection","valueAbbrev":"bao:BAO_0000246","valueDescr":"In this method, the introduced plasmid construct is stably integrated in the cellular genome, and is hence a permanent modification of the cells. This is achieved by selecting for cells which express a plasmid-encoded selectable marker, which is commonly an antibiotic resistance protein.","valueHier":[],"labelHier":[],"outOfSchema":true}],"labelsAdded":[{"propURI":"http://www.bioassayontology.org/bao#BAO_0095010","valueLabel":"stable transfection","propAbbrev":"bao:BAO_0095010","propLabel":"assay supporting method"},{"propURI":"http://www.bioassayontology.org/bao#BAO_0095010","valueLabel":"single perturbagen","propAbbrev":"bao:BAO_0095010","propLabel":"assay supporting method"}],"labelsRemoved":[{"propURI":"http://www.bioassayontology.org/bao#BAX_0000013","valueLabel":"single perturbagen","propAbbrev":"bao:BAX_0000013"},{"propURI":"http://www.bioassayontology.org/bao#BAX_0000013","valueLabel":"stable transfection","propAbbrev":"bao:BAX_0000013"}]},{"curationTime":1492468124890,"curatorID":"admin","annotsAdded":[{"propURI":"http://www.bioassayontology.org/bao#BAO_0000211","propLabel":"target","propAbbrev":"bao:BAO_0000211","valueURI":"http://www.drugtargetontology.org/dto/DTO_02100025","valueLabel":"Muscarinic acetylcholine receptor M5","valueAbbrev":"dto:DTO_02100025","valueDescr":"","valueHier":["http://www.drugtargetontology.org/dto/DTO_02300020","http://www.drugtargetontology.org/dto/DTO_02300002","http://www.drugtargetontology.org/dto/DTO_02300001","http://www.drugtargetontology.org/dto/DTO_00100000"],"labelHier":["Acetylcholine receptor (muscarinic)","Class A rhodopsin like","GPCR","Protein"]}],"annotsRemoved":[{"propURI":"http://www.bioassayontology.org/bao#BAX_0000005","propAbbrev":"bao:BAX_0000005","valueURI":"http://www.drugtargetontology.org/dto/DTO_02100025","valueLabel":"Muscarinic acetylcholine receptor M5","valueAbbrev":"dto:DTO_02100025","valueDescr":"","valueHier":[],"labelHier":[],"outOfSchema":true}],"labelsAdded":[{"propURI":"http://www.bioassayontology.org/bao#BAO_0000211","valueLabel":"Muscarinic acetylcholine receptor M5","propAbbrev":"bao:BAO_0000211","propLabel":"target"}],"labelsRemoved":[{"propURI":"http://www.bioassayontology.org/bao#BAX_0000005","valueLabel":"Muscarinic acetylcholine receptor M5","propAbbrev":"bao:BAX_0000005"}]},{"curationTime":1492468124890,"curatorID":"admin","annotsAdded":[{"propURI":"http://www.bioassayontology.org/bao#BAO_0002855","propLabel":"bioassay","propAbbrev":"bao:BAO_0002855","valueURI":"http://www.bioassayontology.org/bao#BAO_0000649","valueLabel":"calcium redistribution assay","valueAbbrev":"bao:BAO_0000649","valueDescr":"Calcium functions as second messenger in cell signaling.","valueHier":["http://www.bioassayontology.org/bao#BAO_0000819","http://www.bioassayontology.org/bao#BAO_0002999","http://www.bioassayontology.org/bao#BAO_0000015"],"labelHier":["ion redistribution assay","redistribution assay","bioassay"]},{"propURI":"http://www.bioassayontology.org/bao#BAO_0002855","propLabel":"bioassay","propAbbrev":"bao:BAO_0002855","valueURI":"http://www.bioassayontology.org/bao#BAO_0002997","valueLabel":"ion channel assay","valueAbbrev":"bao:BAO_0002997","valueDescr":"Ion channel assays are performed in electrically active cells: neurons, muscle, and endocrine cells.","valueHier":["http://www.bioassayontology.org/bao#BAO_0000015"],"labelHier":["bioassay"]}],"annotsRemoved":[{"propURI":"http://www.bioassayontology.org/bao#BAX_0000002","propLabel":"has bioassay type","propAbbrev":"bao:BAX_0000002","valueURI":"http://www.bioassayontology.org/bao#BAO_0000649","valueLabel":"calcium redistribution assay","valueAbbrev":"bao:BAO_0000649","valueDescr":"Calcium functions as second messenger in cell signaling.","valueHier":[],"labelHier":[],"outOfSchema":true},{"propURI":"http://www.bioassayontology.org/bao#BAX_0000002","propLabel":"has bioassay type","propAbbrev":"bao:BAX_0000002","valueURI":"http://www.bioassayontology.org/bao#BAO_0002997","valueLabel":"ion channel assay","valueAbbrev":"bao:BAO_0002997","valueDescr":"Ion channel assays are performed in electrically active cells: neurons, muscle, and endocrine cells.","valueHier":[],"labelHier":[],"outOfSchema":true}],"labelsAdded":[{"propURI":"http://www.bioassayontology.org/bao#BAO_0002855","valueLabel":"calcium redistribution assay","propAbbrev":"bao:BAO_0002855","propLabel":"bioassay"},{"propURI":"http://www.bioassayontology.org/bao#BAO_0002855","valueLabel":"ion channel assay","propAbbrev":"bao:BAO_0002855","propLabel":"bioassay"}],"labelsRemoved":[{"propURI":"http://www.bioassayontology.org/bao#BAX_0000002","valueLabel":"calcium redistribution assay","propAbbrev":"bao:BAX_0000002","propLabel":"has bioassay type"},{"propURI":"http://www.bioassayontology.org/bao#BAX_0000002","valueLabel":"ion channel assay","propAbbrev":"bao:BAX_0000002","propLabel":"has bioassay type"}]},{"curationTime":1492468124890,"curatorID":"admin","annotsAdded":[{"propURI":"http://www.bioassayontology.org/bao#BAO_0002874","propLabel":"units","propAbbrev":"bao:BAO_0002874","valueURI":"http://purl.obolibrary.org/obo/UO_0000187","valueLabel":"percent","valueAbbrev":"obo:UO_0000187","valueDescr":"A dimensionless ratio unit which denotes numbers as fractions of 100.","valueHier":["http://purl.obolibrary.org/obo/UO_0000190","http://purl.obolibrary.org/obo/UO_0000186","http://purl.obolibrary.org/obo/UO_0000000"],"labelHier":["ratio","dimensionless unit","unit"]}],"annotsRemoved":[{"propURI":"http://www.bioassayontology.org/bao#BAO_0002874","propLabel":"units","propAbbrev":"bao:BAO_0002874","valueURI":"http://purl.org/obo/owl/UO#UO_0000187","valueLabel":"percent","valueAbbrev":"uo:UO_0000187","valueDescr":"","valueHier":[],"labelHier":[],"outOfSchema":true}],"labelsAdded":[{"propURI":"http://www.bioassayontology.org/bao#BAO_0002874","valueLabel":"percent","propAbbrev":"bao:BAO_0002874","propLabel":"units"}],"labelsRemoved":[{"propURI":"http://www.bioassayontology.org/bao#BAO_0002874","valueLabel":"percent","propAbbrev":"bao:BAO_0002874","propLabel":"units"}]},{"curationTime":1520356862198,"curatorID":"google:108375455890260223170","curatorName":"","curatorEmail":"aclark.xyz@gmail.com","annotsAdded":[{"propURI":"http://www.bioassayontology.org/bao#BAO_0002800","propLabel":"assay cell line","propAbbrev":"bao:BAO_0002800","valueURI":"http://purl.obolibrary.org/obo/BTO_0000246","valueAbbrev":"obo:BTO_0000246","valueHier":[],"labelHier":[],"outOfSchema":true}],"annotsRemoved":[],"labelsAdded":[],"labelsRemoved":[]},{"curationTime":1584620525302,"curatorID":"google:108375455890260223170","curatorName":"","curatorEmail":"aclark.xyz@gmail.com","annotsAdded":[{"propURI":"http://www.bioassayontology.org/bao#BAO_0000211","propLabel":"target","propAbbrev":"bao:BAO_0000211","valueURI":"http://purl.obolibrary.org/obo/PR_P08912","valueLabel":"muscarinic acetylcholine receptor M5 (human)","valueAbbrev":"obo:PR_P08912","valueDescr":"A muscarinic acetylcholine receptor M5 that is encoded in the genome of human.","altLabels":["hCHRM5"],"valueHier":["http://purl.obolibrary.org/obo/PR_000001617","http://purl.obolibrary.org/obo/PR_000001488","http://purl.obolibrary.org/obo/PR_000001094","http://purl.obolibrary.org/obo/PR_000030035","http://purl.obolibrary.org/obo/PR_000000001"],"labelHier":["muscarinic acetylcholine receptor M5","muscarinic acetylcholine receptor","rhodopsin-like G-protein coupled receptor","G-protein coupled receptor","protein"]}],"annotsRemoved":[],"labelsAdded":[],"labelsRemoved":[]}],"holdingIDList":[]}